aptNm,aptSeq,buildYear,contractTerm,contractType,dealDay,dealMonth,dealYear,deposit,excluUseAr,floor,jibun,monthlyRent,preDeposit,preMonthlyRent,roadnm,roadnmbcd,roadnmbonbun,roadnmbubun,roadnmcd,roadnmseq,roadnmsggcd,sggCd,umdNm,useRRRight,gu_name,lawd_cd,housing_type,transaction_type,query_ym,source_api,offiNm,sggNm,houseType,totalFloorAr,mhouseNm,주소키,위도,경도,검색주소,카카오매칭주소,공식자치구,공식행정동,행정동코드,매핑상태,프로젝트자치구,프로젝트행정동,분석대상여부,공식지역,프로젝트지역,보증금_만원,월세_만원,전용면적_m2,주소_정규화,공공임대주소일치
AM-City하이클래스,29110-324,2014,25.08~26.02,신규,25,7,2025,300,17.67,15,154-1,43,,,금남로 185,0,00185,00000,3009019,1,12210,12210,금남로5가,,동구,12210,아파트,전월세,202507,아파트 전월세,,,,,,동구|금남로5가|154-1|금남로 185|00185|00000,35.1517659240292,126.913725421103,광주광역시 동구 금남로5가 154-1,전남광주통합특별시 동구 금남로 185,동구,충장동,1221052500,성공,동구,충장동,True,동구 충장동,동구 충장동,300,43,17.67,동구 금남로 185,True
AM-City하이클래스,29110-324,2014,25.08~26.02,신규,25,7,2025,300,17.67,6,154-1,43,,,금남로 185,0,00185,00000,3009019,1,12210,12210,금남로5가,,동구,12210,아파트,전월세,202507,아파트 전월세,,,,,,동구|금남로5가|154-1|금남로 185|00185|00000,35.1517659240292,126.913725421103,광주광역시 동구 금남로5가 154-1,전남광주통합특별시 동구 금남로 185,동구,충장동,1221052500,성공,동구,충장동,True,동구 충장동,동구 충장동,300,43,17.67,동구 금남로 185,True
AM-City하이클래스,29110-324,2014,25.08~26.01,신규,25,7,2025,300,15.1697,11,154-1,40,,,금남로 185,0,00185,00000,3009019,1,12210,12210,금남로5가,,동구,12210,아파트,전월세,202507,아파트 전월세,,,,,,동구|금남로5가|154-1|금남로 185|00185|00000,35.1517659240292,126.913725421103,광주광역시 동구 금남로5가 154-1,전남광주통합특별시 동구 금남로 185,동구,충장동,1221052500,성공,동구,충장동,True,동구 충장동,동구 충장동,300,40,15.1697,동구 금남로 185,True
AM-City하이클래스,29110-324,2014,25.08~25.12,신규,25,7,2025,300,15.1697,6,154-1,40,,,금남로 185,0,00185,00000,3009019,1,12210,12210,금남로5가,,동구,12210,아파트,전월세,202507,아파트 전월세,,,,,,동구|금남로5가|154-1|금남로 185|00185|00000,35.1517659240292,126.913725421103,광주광역시 동구 금남로5가 154-1,전남광주통합특별시 동구 금남로 185,동구,충장동,1221052500,성공,동구,충장동,True,동구 충장동,동구 충장동,300,40,15.1697,동구 금남로 185,True
AM-City하이클래스,29110-324,2014,25.08~26.08,신규,27,7,2025,500,17.67,13,154-1,38,,,금남로 185,0,00185,00000,3009019,1,12210,12210,금남로5가,,동구,12210,아파트,전월세,202507,아파트 전월세,,,,,,동구|금남로5가|154-1|금남로 185|00185|00000,35.1517659240292,126.913725421103,광주광역시 동구 금남로5가 154-1,전남광주통합특별시 동구 금남로 185,동구,충장동,1221052500,성공,동구,충장동,True,동구 충장동,동구 충장동,500,38,17.67,동구 금남로 185,True
AM-City하이클래스,29110-324,2014,25.08~26.08,신규,25,7,2025,300,15.1697,11,154-1,35,,,금남로 185,0,00185,00000,3009019,1,12210,12210,금남로5가,,동구,12210,아파트,전월세,202507,아파트 전월세,,,,,,동구|금남로5가|154-1|금남로 185|00185|00000,35.1517659240292,126.913725421103,광주광역시 동구 금남로5가 154-1,전남광주통합특별시 동구 금남로 185,동구,충장동,1221052500,성공,동구,충장동,True,동구 충장동,동구 충장동,300,35,15.1697,동구 금남로 185,True
충장고운라피네,29110-348,2017,25.08~27.07,갱신,18,7,2025,"12,257",49.831,13,34,0,"11,900",,충장로58번길 14,,00014,00000,4277237,0,12210,12210,충장로4가,,동구,12210,아파트,전월세,202507,아파트 전월세,,,,,,동구|충장로4가|34|충장로58번길 14|00014|00000,35.1493869644374,126.913097129313,광주광역시 동구 충장로4가 34,전남광주통합특별시 동구 충장로58번길 14,동구,충장동,1221052500,성공,동구,충장동,True,동구 충장동,동구 충장동,12257,0,49.831,동구 충장로58번길 14,True
충장고운라피네,29110-348,2017,25.08~26.08,신규,10,7,2025,"2,000",49.831,3,34,60,,,충장로58번길 14,,00014,00000,4277237,0,12210,12210,충장로4가,,동구,12210,아파트,전월세,202507,아파트 전월세,,,,,,동구|충장로4가|34|충장로58번길 14|00014|00000,35.1493869644374,126.913097129313,광주광역시 동구 충장로4가 34,전남광주통합특별시 동구 충장로58번길 14,동구,충장동,1221052500,성공,동구,충장동,True,동구 충장동,동구 충장동,2000,60,49.831,동구 충장로58번길 14,True
충장고운라피네,29110-348,2017,25.08~26.08,신규,2,7,2025,"1,000",49.831,8,34,70,,,충장로58번길 14,,00014,00000,4277237,0,12210,12210,충장로4가,,동구,12210,아파트,전월세,202507,아파트 전월세,,,,,,동구|충장로4가|34|충장로58번길 14|00014|00000,35.1493869644374,126.913097129313,광주광역시 동구 충장로4가 34,전남광주통합특별시 동구 충장로58번길 14,동구,충장동,1221052500,성공,동구,충장동,True,동구 충장동,동구 충장동,1000,70,49.831,동구 충장로58번길 14,True
농성동유탑유블레스,29140-335,2012,25.09~26.08,신규,31,7,2025,300,19.7906,12,112-1,36,,,경열로45번길 13,0,00013,00000,4280012,1,12240,12240,농성동,,서구,12240,아파트,전월세,202507,아파트 전월세,,,,,,서구|농성동|112-1|경열로45번길 13|00013|00000,35.1522648956668,126.891494681592,광주광역시 서구 농성동 112-1,전남광주통합특별시 서구 경열로45번길 13,서구,농성1동,1224065000,성공,서구,농성1동,True,서구 농성1동,서구 농성1동,300,36,19.7906,서구 경열로45번길 13,True
농성동유탑유블레스,29140-335,2012,25.08~26.02,신규,14,7,2025,300,19.7906,10,112-1,37,,,경열로45번길 13,0,00013,00000,4280012,1,12240,12240,농성동,,서구,12240,아파트,전월세,202507,아파트 전월세,,,,,,서구|농성동|112-1|경열로45번길 13|00013|00000,35.1522648956668,126.891494681592,광주광역시 서구 농성동 112-1,전남광주통합특별시 서구 경열로45번길 13,서구,농성1동,1224065000,성공,서구,농성1동,True,서구 농성1동,서구 농성1동,300,37,19.7906,서구 경열로45번길 13,True
농성동유탑유블레스,29140-335,2012,25.07~26.07,신규,19,7,2025,300,19.7906,11,112-1,35,,,경열로45번길 13,0,00013,00000,4280012,1,12240,12240,농성동,,서구,12240,아파트,전월세,202507,아파트 전월세,,,,,,서구|농성동|112-1|경열로45번길 13|00013|00000,35.1522648956668,126.891494681592,광주광역시 서구 농성동 112-1,전남광주통합특별시 서구 경열로45번길 13,서구,농성1동,1224065000,성공,서구,농성1동,True,서구 농성1동,서구 농성1동,300,35,19.7906,서구 경열로45번길 13,True
농성동유탑유블레스,29140-335,2012,25.08~26.08,신규,23,7,2025,300,19.7906,11,112-1,35,,,경열로45번길 13,0,00013,00000,4280012,1,12240,12240,농성동,,서구,12240,아파트,전월세,202507,아파트 전월세,,,,,,서구|농성동|112-1|경열로45번길 13|00013|00000,35.1522648956668,126.891494681592,광주광역시 서구 농성동 112-1,전남광주통합특별시 서구 경열로45번길 13,서구,농성1동,1224065000,성공,서구,농성1동,True,서구 농성1동,서구 농성1동,300,35,19.7906,서구 경열로45번길 13,True
농성동유탑유블레스,29140-335,2012,25.08~26.07,신규,11,7,2025,300,19.7906,11,112-1,37,,,경열로45번길 13,0,00013,00000,4280012,1,12240,12240,농성동,,서구,12240,아파트,전월세,202507,아파트 전월세,,,,,,서구|농성동|112-1|경열로45번길 13|00013|00000,35.1522648956668,126.891494681592,광주광역시 서구 농성동 112-1,전남광주통합특별시 서구 경열로45번길 13,서구,농성1동,1224065000,성공,서구,농성1동,True,서구 농성1동,서구 농성1동,300,37,19.7906,서구 경열로45번길 13,True
농성동유탑유블레스,29140-335,2012,25.08~26.07,신규,7,7,2025,300,19.7906,11,112-1,37,,,경열로45번길 13,0,00013,00000,4280012,1,12240,12240,농성동,,서구,12240,아파트,전월세,202507,아파트 전월세,,,,,,서구|농성동|112-1|경열로45번길 13|00013|00000,35.1522648956668,126.891494681592,광주광역시 서구 농성동 112-1,전남광주통합특별시 서구 경열로45번길 13,서구,농성1동,1224065000,성공,서구,농성1동,True,서구 농성1동,서구 농성1동,300,37,19.7906,서구 경열로45번길 13,True
농성동유탑유블레스,29140-335,2012,25.08~26.07,신규,15,7,2025,300,19.7906,9,112-1,35,,,경열로45번길 13,0,00013,00000,4280012,1,12240,12240,농성동,,서구,12240,아파트,전월세,202507,아파트 전월세,,,,,,서구|농성동|112-1|경열로45번길 13|00013|00000,35.1522648956668,126.891494681592,광주광역시 서구 농성동 112-1,전남광주통합특별시 서구 경열로45번길 13,서구,농성1동,1224065000,성공,서구,농성1동,True,서구 농성1동,서구 농성1동,300,35,19.7906,서구 경열로45번길 13,True
농성동유탑유블레스,29140-335,2012,25.07~27.07,갱신,1,7,2025,900,19.6832,2,112-1,35,600,38,경열로45번길 13,0,00013,00000,4280012,1,12240,12240,농성동,,서구,12240,아파트,전월세,202507,아파트 전월세,,,,,,서구|농성동|112-1|경열로45번길 13|00013|00000,35.1522648956668,126.891494681592,광주광역시 서구 농성동 112-1,전남광주통합특별시 서구 경열로45번길 13,서구,농성1동,1224065000,성공,서구,농성1동,True,서구 농성1동,서구 농성1동,900,35,19.6832,서구 경열로45번길 13,True
효천엘에이치천년나무7단지,29155-391,2017,25.08~27.07,갱신,24,7,2025,"3,597",26.54,10,713,7,"2,257",13,행암길 9,0,00009,00000,4283689,0,12270,12270,행암동,,남구,12270,아파트,전월세,202507,아파트 전월세,,,,,,남구|행암동|713|행암길 9|00009|00000,35.1026108867821,126.896298377775,광주광역시 남구 행암동 713,전남광주통합특별시 남구 행암길 9,남구,효덕동,1227071000,성공,남구,효덕동,True,남구 효덕동,남구 효덕동,3597,7,26.54,남구 행암길 9,True
무등산센트럴파크,29155-323,2009,25.10~27.10,갱신,25,7,2025,"20,000",51.85,2,562,0,"20,000",,방림로 31,0,00031,00000,3161004,1,12270,12270,방림동,사용,남구,12270,아파트,전월세,202507,아파트 전월세,,,,,,남구|방림동|562|방림로 31|00031|00000,35.1357426094961,126.919915877944,광주광역시 남구 방림동 562,전남광주통합특별시 남구 방림로 31,남구,방림1동,1227052000,성공,남구,방림1동,True,남구 방림1동,남구 방림1동,20000,0,51.85,남구 방림로 31,True
효천엘에이치천년나무7단지,29155-391,2017,25.07~27.08,신규,23,7,2025,"5,029",36.81,5,713,8,,,행암길 9,0,00009,00000,4283689,0,12270,12270,행암동,,남구,12270,아파트,전월세,202507,아파트 전월세,,,,,,남구|행암동|713|행암길 9|00009|00000,35.1026108867821,126.896298377775,광주광역시 남구 행암동 713,전남광주통합특별시 남구 행암길 9,남구,효덕동,1227071000,성공,남구,효덕동,True,남구 효덕동,남구 효덕동,5029,8,36.81,남구 행암길 9,True
효천엘에이치천년나무7단지,29155-391,2017,25.07~27.08,갱신,21,7,2025,"2,217",26.54,12,713,12,"1,380",8,행암길 9,0,00009,00000,4283689,0,12270,12270,행암동,,남구,12270,아파트,전월세,202507,아파트 전월세,,,,,,남구|행암동|713|행암길 9|00009|00000,35.1026108867821,126.896298377775,광주광역시 남구 행암동 713,전남광주통합특별시 남구 행암길 9,남구,효덕동,1227071000,성공,남구,효덕동,True,남구 효덕동,남구 효덕동,2217,12,26.54,남구 행암길 9,True
효천엘에이치천년나무7단지,29155-391,2017,25.07~27.08,신규,21,7,2025,"2,478",26.54,15,713,14,,,행암길 9,0,00009,00000,4283689,0,12270,12270,행암동,,남구,12270,아파트,전월세,202507,아파트 전월세,,,,,,남구|행암동|713|행암길 9|00009|00000,35.1026108867821,126.896298377775,광주광역시 남구 행암동 713,전남광주통합특별시 남구 행암길 9,남구,효덕동,1227071000,성공,남구,효덕동,True,남구 효덕동,남구 효덕동,2478,14,26.54,남구 행암길 9,True
효천엘에이치천년나무7단지,29155-391,2017,25.08~27.07,갱신,31,7,2025,"1,721",16.99,3,713,6,"1,387",8,행암길 9,0,00009,00000,4283689,0,12270,12270,행암동,,남구,12270,아파트,전월세,202507,아파트 전월세,,,,,,남구|행암동|713|행암길 9|00009|00000,35.1026108867821,126.896298377775,광주광역시 남구 행암동 713,전남광주통합특별시 남구 행암길 9,남구,효덕동,1227071000,성공,남구,효덕동,True,남구 효덕동,남구 효덕동,1721,6,16.99,남구 행암길 9,True
엘에이치송화마을8단지,29155-395,2018,25.08~27.07,갱신,30,7,2025,"4,816",36.72,2,825,7,"2,844",16,노대실로 9,0,00009,00000,3161003,0,12270,12270,노대동,,남구,12270,아파트,전월세,202507,아파트 전월세,,,,,,남구|노대동|825|노대실로 9|00009|00000,35.1088035081054,126.905394245253,광주광역시 남구 노대동 825,전남광주통합특별시 남구 노대실로 9,남구,효덕동,1227071000,성공,남구,효덕동,True,남구 효덕동,남구 효덕동,4816,7,36.72,남구 노대실로 9,True
엘에이치송화마을8단지,29155-395,2018,25.08~27.07,갱신,23,7,2025,"1,816",36.72,7,825,19,"2,686",15,노대실로 9,0,00009,00000,3161003,0,12270,12270,노대동,,남구,12270,아파트,전월세,202507,아파트 전월세,,,,,,남구|노대동|825|노대실로 9|00009|00000,35.1088035081054,126.905394245253,광주광역시 남구 노대동 825,전남광주통합특별시 남구 노대실로 9,남구,효덕동,1227071000,성공,남구,효덕동,True,남구 효덕동,남구 효덕동,1816,19,36.72,남구 노대실로 9,True
효천엘에이치천년나무7단지,29155-391,2017,25.08~27.07,갱신,30,7,2025,737,44.78,14,713,30,"12,237",6,행암길 9,0,00009,00000,4283689,0,12270,12270,행암동,,남구,12270,아파트,전월세,202507,아파트 전월세,,,,,,남구|행암동|713|행암길 9|00009|00000,35.1026108867821,126.896298377775,광주광역시 남구 행암동 713,전남광주통합특별시 남구 행암길 9,남구,효덕동,1227071000,성공,남구,효덕동,True,남구 효덕동,남구 효덕동,737,30,44.78,남구 행암길 9,True
효천엘에이치천년나무7단지,29155-391,2017,25.08~27.07,갱신,30,7,2025,"5,170",36.81,4,713,8,"3,078",17,행암길 9,0,00009,00000,4283689,0,12270,12270,행암동,,남구,12270,아파트,전월세,202507,아파트 전월세,,,,,,남구|행암동|713|행암길 9|00009|00000,35.1026108867821,126.896298377775,광주광역시 남구 행암동 713,전남광주통합특별시 남구 행암길 9,남구,효덕동,1227071000,성공,남구,효덕동,True,남구 효덕동,남구 효덕동,5170,8,36.81,남구 행암길 9,True
송화마을휴먼시아(진월4블럭주공),29155-305,2007,25.07~27.08,신규,23,7,2025,"3,058",39.75,5,734,7,,,효우로60번길 9,0,00009,00000,4283741,1,12270,12270,노대동,,남구,12270,아파트,전월세,202507,아파트 전월세,,,,,,남구|노대동|734|효우로60번길 9|00009|00000,35.1076086354032,126.903198596274,광주광역시 남구 노대동 734,전남광주통합특별시 남구 효우로60번길 9,남구,효덕동,1227071000,성공,남구,효덕동,True,남구 효덕동,남구 효덕동,3058,7,39.75,남구 효우로60번길 9,True
엘에이치송화마을8단지,29155-395,2018,25.08~27.07,갱신,29,7,2025,"1,364",16.85,5,825,8,"1,339",8,노대실로 9,0,00009,00000,3161003,0,12270,12270,노대동,,남구,12270,아파트,전월세,202507,아파트 전월세,,,,,,남구|노대동|825|노대실로 9|00009|00000,35.1088035081054,126.905394245253,광주광역시 남구 노대동 825,전남광주통합특별시 남구 노대실로 9,남구,효덕동,1227071000,성공,남구,효덕동,True,남구 효덕동,남구 효덕동,1364,8,16.85,남구 노대실로 9,True
엘에이치송화마을8단지,29155-395,2018,25.07~27.08,신규,23,7,2025,"2,988",36.72,8,825,17,,,노대실로 9,0,00009,00000,3161003,0,12270,12270,노대동,,남구,12270,아파트,전월세,202507,아파트 전월세,,,,,,남구|노대동|825|노대실로 9|00009|00000,35.1088035081054,126.905394245253,광주광역시 남구 노대동 825,전남광주통합특별시 남구 노대실로 9,남구,효덕동,1227071000,성공,남구,효덕동,True,남구 효덕동,남구 효덕동,2988,17,36.72,남구 노대실로 9,True
엘에이치송화마을8단지,29155-395,2018,25.07~27.07,갱신,28,7,2025,"4,688",36.72,12,825,7,"2,988",17,노대실로 9,0,00009,00000,3161003,0,12270,12270,노대동,,남구,12270,아파트,전월세,202507,아파트 전월세,,,,,,남구|노대동|825|노대실로 9|00009|00000,35.1088035081054,126.905394245253,광주광역시 남구 노대동 825,전남광주통합특별시 남구 노대실로 9,남구,효덕동,1227071000,성공,남구,효덕동,True,남구 효덕동,남구 효덕동,4688,7,36.72,남구 노대실로 9,True
효천엘에이치천년나무7단지,29155-391,2017,25.07~27.08,신규,21,7,2025,"1,421",16.99,10,713,8,,,행암길 9,0,00009,00000,4283689,0,12270,12270,행암동,,남구,12270,아파트,전월세,202507,아파트 전월세,,,,,,남구|행암동|713|행암길 9|00009|00000,35.1026108867821,126.896298377775,광주광역시 남구 행암동 713,전남광주통합특별시 남구 행암길 9,남구,효덕동,1227071000,성공,남구,효덕동,True,남구 효덕동,남구 효덕동,1421,8,16.99,남구 행암길 9,True
엘에이치송화마을8단지,29155-395,2018,25.08~27.07,신규,23,7,2025,"1,364",16.85,9,825,8,,,노대실로 9,0,00009,00000,3161003,0,12270,12270,노대동,,남구,12270,아파트,전월세,202507,아파트 전월세,,,,,,남구|노대동|825|노대실로 9|00009|00000,35.1088035081054,126.905394245253,광주광역시 남구 노대동 825,전남광주통합특별시 남구 노대실로 9,남구,효덕동,1227071000,성공,남구,효덕동,True,남구 효덕동,남구 효덕동,1364,8,16.85,남구 노대실로 9,True
효천엘에이치천년나무7단지,29155-391,2017,25.07~27.08,신규,21,7,2025,"3,050",36.81,7,713,17,,,행암길 9,0,00009,00000,4283689,0,12270,12270,행암동,,남구,12270,아파트,전월세,202507,아파트 전월세,,,,,,남구|행암동|713|행암길 9|00009|00000,35.1026108867821,126.896298377775,광주광역시 남구 행암동 713,전남광주통합특별시 남구 행암길 9,남구,효덕동,1227071000,성공,남구,효덕동,True,남구 효덕동,남구 효덕동,3050,17,36.81,남구 행암길 9,True
엘에이치송화마을8단지,29155-395,2018,25.06~27.07,갱신,25,7,2025,"4,688",36.72,10,825,7,"2,988",17,노대실로 9,0,00009,00000,3161003,0,12270,12270,노대동,,남구,12270,아파트,전월세,202507,아파트 전월세,,,,,,남구|노대동|825|노대실로 9|00009|00000,35.1088035081054,126.905394245253,광주광역시 남구 노대동 825,전남광주통합특별시 남구 노대실로 9,남구,효덕동,1227071000,성공,남구,효덕동,True,남구 효덕동,남구 효덕동,4688,7,36.72,남구 노대실로 9,True
효천엘에이치천년나무7단지,29155-391,2017,25.07~27.08,신규,22,7,2025,"3,217",26.54,18,713,7,,,행암길 9,0,00009,00000,4283689,0,12270,12270,행암동,,남구,12270,아파트,전월세,202507,아파트 전월세,,,,,,남구|행암동|713|행암길 9|00009|00000,35.1026108867821,126.896298377775,광주광역시 남구 행암동 713,전남광주통합특별시 남구 행암길 9,남구,효덕동,1227071000,성공,남구,효덕동,True,남구 효덕동,남구 효덕동,3217,7,26.54,남구 행암길 9,True
효천엘에이치천년나무7단지,29155-391,2017,25.08~27.07,갱신,23,7,2025,"1,869",16.99,12,713,6,"1,462",8,행암길 9,0,00009,00000,4283689,0,12270,12270,행암동,,남구,12270,아파트,전월세,202507,아파트 전월세,,,,,,남구|행암동|713|행암길 9|00009|00000,35.1026108867821,126.896298377775,광주광역시 남구 행암동 713,전남광주통합특별시 남구 행암길 9,남구,효덕동,1227071000,성공,남구,효덕동,True,남구 효덕동,남구 효덕동,1869,6,16.99,남구 행암길 9,True
송화마을휴먼시아(진월1블럭주공),29155-307,2007,25.07~27.08,신규,23,7,2025,"2,672",46.9,8,725,14,,,효우로60번길 50,0,00050,00000,4283741,1,12270,12270,노대동,,남구,12270,아파트,전월세,202507,아파트 전월세,,,,,,남구|노대동|725|효우로60번길 50|00050|00000,35.1093929954418,126.900214471772,광주광역시 남구 노대동 725,전남광주통합특별시 남구 효우로60번길 50,남구,효덕동,1227071000,성공,남구,효덕동,True,남구 효덕동,남구 효덕동,2672,14,46.9,남구 효우로60번길 50,True
송화마을휴먼시아(진월4블럭주공),29155-305,2007,25.08~27.07,갱신,14,7,2025,"2,575",39.72,1,734,9,"2,482",8,효우로60번길 9,0,00009,00000,4283741,1,12270,12270,노대동,,남구,12270,아파트,전월세,202507,아파트 전월세,,,,,,남구|노대동|734|효우로60번길 9|00009|00000,35.1076086354032,126.903198596274,광주광역시 남구 노대동 734,전남광주통합특별시 남구 효우로60번길 9,남구,효덕동,1227071000,성공,남구,효덕동,True,남구 효덕동,남구 효덕동,2575,9,39.72,남구 효우로60번길 9,True
효천엘에이치천년나무7단지,29155-391,2017,25.08~27.07,갱신,15,7,2025,"2,565",36.81,19,713,15,"2,535",14,행암길 9,0,00009,00000,4283689,0,12270,12270,행암동,,남구,12270,아파트,전월세,202507,아파트 전월세,,,,,,남구|행암동|713|행암길 9|00009|00000,35.1026108867821,126.896298377775,광주광역시 남구 행암동 713,전남광주통합특별시 남구 행암길 9,남구,효덕동,1227071000,성공,남구,효덕동,True,남구 효덕동,남구 효덕동,2565,15,36.81,남구 행암길 9,True
엘에이치송화마을8단지,29155-395,2018,25.08~27.07,신규,21,7,2025,"4,816",36.72,7,825,7,,,노대실로 9,0,00009,00000,3161003,0,12270,12270,노대동,,남구,12270,아파트,전월세,202507,아파트 전월세,,,,,,남구|노대동|825|노대실로 9|00009|00000,35.1088035081054,126.905394245253,광주광역시 남구 노대동 825,전남광주통합특별시 남구 노대실로 9,남구,효덕동,1227071000,성공,남구,효덕동,True,남구 효덕동,남구 효덕동,4816,7,36.72,남구 노대실로 9,True
효천엘에이치천년나무7단지,29155-391,2017,25.08~27.07,갱신,22,7,2025,321,16.99,15,713,10,"1,387",8,행암길 9,0,00009,00000,4283689,0,12270,12270,행암동,,남구,12270,아파트,전월세,202507,아파트 전월세,,,,,,남구|행암동|713|행암길 9|00009|00000,35.1026108867821,126.896298377775,광주광역시 남구 행암동 713,전남광주통합특별시 남구 행암길 9,남구,효덕동,1227071000,성공,남구,효덕동,True,남구 효덕동,남구 효덕동,321,10,16.99,남구 행암길 9,True
효천엘에이치천년나무7단지,29155-391,2017,25.07~27.08,신규,21,7,2025,"3,050",36.81,7,713,17,,,행암길 9,0,00009,00000,4283689,0,12270,12270,행암동,,남구,12270,아파트,전월세,202507,아파트 전월세,,,,,,남구|행암동|713|행암길 9|00009|00000,35.1026108867821,126.896298377775,광주광역시 남구 행암동 713,전남광주통합특별시 남구 행암길 9,남구,효덕동,1227071000,성공,남구,효덕동,True,남구 효덕동,남구 효덕동,3050,17,36.81,남구 행암길 9,True
효천엘에이치천년나무7단지,29155-391,2017,25.07~27.08,신규,21,7,2025,"2,326",26.54,12,713,13,,,행암길 9,0,00009,00000,4283689,0,12270,12270,행암동,,남구,12270,아파트,전월세,202507,아파트 전월세,,,,,,남구|행암동|713|행암길 9|00009|00000,35.1026108867821,126.896298377775,광주광역시 남구 행암동 713,전남광주통합특별시 남구 행암길 9,남구,효덕동,1227071000,성공,남구,효덕동,True,남구 효덕동,남구 효덕동,2326,13,26.54,남구 행암길 9,True
광주효천1엘에이치1단지,29155-421,2021,25.07~27.01,갱신,21,7,2025,"5,853",46.91,10,679,12,"5,253",15,효천로 176,0,00176,00000,3351956,1,12270,12270,임암동,,남구,12270,아파트,전월세,202507,아파트 전월세,,,,,,남구|임암동|679|효천로 176|00176|00000,35.1076021714696,126.863505319348,광주광역시 남구 임암동 679,전남광주통합특별시 남구 효천로 176,남구,송암동,1227072000,성공,남구,송암동,True,남구 송암동,남구 송암동,5853,12,46.91,남구 효천로 176,True
효천엘에이치천년나무7단지,29155-391,2017,25.07~27.08,신규,21,7,2025,"3,229",36.81,15,713,18,,,행암길 9,0,00009,00000,4283689,0,12270,12270,행암동,,남구,12270,아파트,전월세,202507,아파트 전월세,,,,,,남구|행암동|713|행암길 9|00009|00000,35.1026108867821,126.896298377775,광주광역시 남구 행암동 713,전남광주통합특별시 남구 행암길 9,남구,효덕동,1227071000,성공,남구,효덕동,True,남구 효덕동,남구 효덕동,3229,18,36.81,남구 행암길 9,True
효천엘에이치천년나무7단지,29155-391,2017,25.07~27.08,신규,21,7,2025,"3,229",36.81,3,713,18,,,행암길 9,0,00009,00000,4283689,0,12270,12270,행암동,,남구,12270,아파트,전월세,202507,아파트 전월세,,,,,,남구|행암동|713|행암길 9|00009|00000,35.1026108867821,126.896298377775,광주광역시 남구 행암동 713,전남광주통합특별시 남구 행암길 9,남구,효덕동,1227071000,성공,남구,효덕동,True,남구 효덕동,남구 효덕동,3229,18,36.81,남구 행암길 9,True
효천엘에이치천년나무7단지,29155-391,2017,25.08~27.07,갱신,16,7,2025,"6,864",44.78,9,713,10,"4,112",23,행암길 9,0,00009,00000,4283689,0,12270,12270,행암동,,남구,12270,아파트,전월세,202507,아파트 전월세,,,,,,남구|행암동|713|행암길 9|00009|00000,35.1026108867821,126.896298377775,광주광역시 남구 행암동 713,전남광주통합특별시 남구 행암길 9,남구,효덕동,1227071000,성공,남구,효덕동,True,남구 효덕동,남구 효덕동,6864,10,44.78,남구 행암길 9,True
송화마을휴먼시아(진월3블럭주공),29155-304,2007,25.07~27.08,갱신,18,7,2025,"2,606",51.93,3,731,20,"3,206",18,효우로60번길 10,0,00010,00000,4283741,1,12270,12270,노대동,,남구,12270,아파트,전월세,202507,아파트 전월세,,,,,,남구|노대동|731|효우로60번길 10|00010|00000,35.1097155897455,126.903323235324,광주광역시 남구 노대동 731,전남광주통합특별시 남구 효우로60번길 10,남구,효덕동,1227071000,성공,남구,효덕동,True,남구 효덕동,남구 효덕동,2606,20,51.93,남구 효우로60번길 10,True
효천엘에이치천년나무7단지,29155-391,2017,25.08~27.07,갱신,18,7,2025,"3,597",26.54,14,713,7,"2,257",13,행암길 9,0,00009,00000,4283689,0,12270,12270,행암동,,남구,12270,아파트,전월세,202507,아파트 전월세,,,,,,남구|행암동|713|행암길 9|00009|00000,35.1026108867821,126.896298377775,광주광역시 남구 행암동 713,전남광주통합특별시 남구 행암길 9,남구,효덕동,1227071000,성공,남구,효덕동,True,남구 효덕동,남구 효덕동,3597,7,26.54,남구 행암길 9,True
효천엘에이치천년나무7단지,29155-391,2017,25.08~27.07,갱신,16,7,2025,321,16.99,13,713,10,"1,387",8,행암길 9,0,00009,00000,4283689,0,12270,12270,행암동,,남구,12270,아파트,전월세,202507,아파트 전월세,,,,,,남구|행암동|713|행암길 9|00009|00000,35.1026108867821,126.896298377775,광주광역시 남구 행암동 713,전남광주통합특별시 남구 행암길 9,남구,효덕동,1227071000,성공,남구,효덕동,True,남구 효덕동,남구 효덕동,321,10,16.99,남구 행암길 9,True
효천엘에이치천년나무7단지,29155-391,2017,25.08~27.07,갱신,16,7,2025,"6,864",44.78,14,713,10,"4,112",23,행암길 9,0,00009,00000,4283689,0,12270,12270,행암동,,남구,12270,아파트,전월세,202507,아파트 전월세,,,,,,남구|행암동|713|행암길 9|00009|00000,35.1026108867821,126.896298377775,광주광역시 남구 행암동 713,전남광주통합특별시 남구 행암길 9,남구,효덕동,1227071000,성공,남구,효덕동,True,남구 효덕동,남구 효덕동,6864,10,44.78,남구 행암길 9,True
효천엘에이치천년나무7단지,29155-391,2017,25.08~27.07,갱신,16,7,2025,678,36.81,1,713,22,"3,042",17,행암길 9,0,00009,00000,4283689,0,12270,12270,행암동,,남구,12270,아파트,전월세,202507,아파트 전월세,,,,,,남구|행암동|713|행암길 9|00009|00000,35.1026108867821,126.896298377775,광주광역시 남구 행암동 713,전남광주통합특별시 남구 행암길 9,남구,효덕동,1227071000,성공,남구,효덕동,True,남구 효덕동,남구 효덕동,678,22,36.81,남구 행암길 9,True
효천엘에이치천년나무7단지,29155-391,2017,25.08~27.07,갱신,16,7,2025,"5,078",36.81,16,713,7,"3,042",17,행암길 9,0,00009,00000,4283689,0,12270,12270,행암동,,남구,12270,아파트,전월세,202507,아파트 전월세,,,,,,남구|행암동|713|행암길 9|00009|00000,35.1026108867821,126.896298377775,광주광역시 남구 행암동 713,전남광주통합특별시 남구 행암길 9,남구,효덕동,1227071000,성공,남구,효덕동,True,남구 효덕동,남구 효덕동,5078,7,36.81,남구 행암길 9,True
엘에이치송화마을8단지,29155-395,2018,25.08~27.07,갱신,16,7,2025,"2,916",36.72,11,825,17,"2,916",17,노대실로 9,0,00009,00000,3161003,0,12270,12270,노대동,,남구,12270,아파트,전월세,202507,아파트 전월세,,,,,,남구|노대동|825|노대실로 9|00009|00000,35.1088035081054,126.905394245253,광주광역시 남구 노대동 825,전남광주통합특별시 남구 노대실로 9,남구,효덕동,1227071000,성공,남구,효덕동,True,남구 효덕동,남구 효덕동,2916,17,36.72,남구 노대실로 9,True
송화마을휴먼시아(진월2블럭주공),29155-308,2007,25.08~27.07,갱신,7,7,2025,"2,075",39.85,3,726,12,"1,982",11,효우로60번길 37,0,00037,00000,4283741,1,12270,12270,노대동,,남구,12270,아파트,전월세,202507,아파트 전월세,,,,,,남구|노대동|726|효우로60번길 37|00037|00000,35.107422529071,126.900667795573,광주광역시 남구 노대동 726,전남광주통합특별시 남구 효우로60번길 37,남구,효덕동,1227071000,성공,남구,효덕동,True,남구 효덕동,남구 효덕동,2075,12,39.85,남구 효우로60번길 37,True
효천엘에이치천년나무7단지,29155-391,2017,25.08~27.07,갱신,10,7,2025,"3,526",26.54,12,713,7,"3,697",6,행암길 9,0,00009,00000,4283689,0,12270,12270,행암동,,남구,12270,아파트,전월세,202507,아파트 전월세,,,,,,남구|행암동|713|행암길 9|00009|00000,35.1026108867821,126.896298377775,광주광역시 남구 행암동 713,전남광주통합특별시 남구 행암길 9,남구,효덕동,1227071000,성공,남구,효덕동,True,남구 효덕동,남구 효덕동,3526,7,26.54,남구 행암길 9,True
광주효천1엘에이치3단지,29155-403,2020,25.08~27.07,갱신,3,7,2025,"5,834",44.97,17,731,8,"5,728",8,효천중앙로 35,0,00035,00000,3351961,0,12270,12270,임암동,,남구,12270,아파트,전월세,202507,아파트 전월세,,,,,,남구|임암동|731|효천중앙로 35|00035|00000,35.1035679937987,126.87276883408,광주광역시 남구 임암동 731,전남광주통합특별시 남구 효천중앙로 35,남구,송암동,1227072000,성공,남구,송암동,True,남구 송암동,남구 송암동,5834,8,44.97,남구 효천중앙로 35,True
효천엘에이치천년나무7단지,29155-391,2017,25.08~27.07,갱신,8,7,2025,"3,597",26.54,4,713,7,"3,557",6,행암길 9,0,00009,00000,4283689,0,12270,12270,행암동,,남구,12270,아파트,전월세,202507,아파트 전월세,,,,,,남구|행암동|713|행암길 9|00009|00000,35.1026108867821,126.896298377775,광주광역시 남구 행암동 713,전남광주통합특별시 남구 행암길 9,남구,효덕동,1227071000,성공,남구,효덕동,True,남구 효덕동,남구 효덕동,3597,7,26.54,남구 행암길 9,True
효천엘에이치천년나무7단지,29155-391,2017,25.08~27.07,갱신,8,7,2025,"1,358",26.54,4,713,17,"1,097",16,행암길 9,0,00009,00000,4283689,0,12270,12270,행암동,,남구,12270,아파트,전월세,202507,아파트 전월세,,,,,,남구|행암동|713|행암길 9|00009|00000,35.1026108867821,126.896298377775,광주광역시 남구 행암동 713,전남광주통합특별시 남구 행암길 9,남구,효덕동,1227071000,성공,남구,효덕동,True,남구 효덕동,남구 효덕동,1358,17,26.54,남구 행암길 9,True
엘에이치송화마을8단지,29155-395,2018,25.08~27.07,갱신,4,7,2025,"1,289",16.85,4,825,7,"1,275",7,노대실로 9,0,00009,00000,3161003,0,12270,12270,노대동,,남구,12270,아파트,전월세,202507,아파트 전월세,,,,,,남구|노대동|825|노대실로 9|00009|00000,35.1088035081054,126.905394245253,광주광역시 남구 노대동 825,전남광주통합특별시 남구 노대실로 9,남구,효덕동,1227071000,성공,남구,효덕동,True,남구 효덕동,남구 효덕동,1289,7,16.85,남구 노대실로 9,True
효천엘에이치천년나무7단지,29155-391,2017,25.08~27.07,갱신,7,7,2025,"1,147",26.54,10,713,16,"1,097",16,행암길 9,0,00009,00000,4283689,0,12270,12270,행암동,,남구,12270,아파트,전월세,202507,아파트 전월세,,,,,,남구|행암동|713|행암길 9|00009|00000,35.1026108867821,126.896298377775,광주광역시 남구 행암동 713,전남광주통합특별시 남구 행암길 9,남구,효덕동,1227071000,성공,남구,효덕동,True,남구 효덕동,남구 효덕동,1147,16,26.54,남구 행암길 9,True
엘에이치송화마을8단지,29155-395,2018,25.08~27.07,갱신,7,7,2025,"1,364",16.85,2,825,8,,8,노대실로 9,0,00009,00000,3161003,0,12270,12270,노대동,,남구,12270,아파트,전월세,202507,아파트 전월세,,,,,,남구|노대동|825|노대실로 9|00009|00000,35.1088035081054,126.905394245253,광주광역시 남구 노대동 825,전남광주통합특별시 남구 노대실로 9,남구,효덕동,1227071000,성공,남구,효덕동,True,남구 효덕동,남구 효덕동,1364,8,16.85,남구 노대실로 9,True
효천엘에이치천년나무7단지,29155-391,2017,25.08~27.07,갱신,4,7,2025,"3,597",26.54,9,713,7,"3,557",6,행암길 9,0,00009,00000,4283689,0,12270,12270,행암동,,남구,12270,아파트,전월세,202507,아파트 전월세,,,,,,남구|행암동|713|행암길 9|00009|00000,35.1026108867821,126.896298377775,광주광역시 남구 행암동 713,전남광주통합특별시 남구 행암길 9,남구,효덕동,1227071000,성공,남구,효덕동,True,남구 효덕동,남구 효덕동,3597,7,26.54,남구 행암길 9,True
광주효천1엘에이치1단지,29155-421,2021,25.07~25.08,신규,3,7,2025,"3,184",46.91,19,679,28,,,효천로 176,0,00176,00000,3351956,1,12270,12270,임암동,,남구,12270,아파트,전월세,202507,아파트 전월세,,,,,,남구|임암동|679|효천로 176|00176|00000,35.1076021714696,126.863505319348,광주광역시 남구 임암동 679,전남광주통합특별시 남구 효천로 176,남구,송암동,1227072000,성공,남구,송암동,True,남구 송암동,남구 송암동,3184,28,46.91,남구 효천로 176,True
효천엘에이치천년나무7단지,29155-391,2017,25.08~27.07,갱신,1,7,2025,"5,078",36.81,11,713,7,"3,042",17,행암길 9,0,00009,00000,4283689,0,12270,12270,행암동,,남구,12270,아파트,전월세,202507,아파트 전월세,,,,,,남구|행암동|713|행암길 9|00009|00000,35.1026108867821,126.896298377775,광주광역시 남구 행암동 713,전남광주통합특별시 남구 행암길 9,남구,효덕동,1227071000,성공,남구,효덕동,True,남구 효덕동,남구 효덕동,5078,7,36.81,남구 행암길 9,True
효천엘에이치천년나무7단지,29155-391,2017,25.08~27.07,갱신,1,7,2025,"5,078",36.81,7,713,7,"5,042",7,행암길 9,0,00009,00000,4283689,0,12270,12270,행암동,,남구,12270,아파트,전월세,202507,아파트 전월세,,,,,,남구|행암동|713|행암길 9|00009|00000,35.1026108867821,126.896298377775,광주광역시 남구 행암동 713,전남광주통합특별시 남구 행암길 9,남구,효덕동,1227071000,성공,남구,효덕동,True,남구 효덕동,남구 효덕동,5078,7,36.81,남구 행암길 9,True
모아미래도,29170-226,2001,25.08~26.08,신규,15,7,2025,200,36.0791,8,1406-1,42,,,저불로 21,0,00021,00000,3162067,1,12300,12300,용봉동,,북구,12300,아파트,전월세,202507,아파트 전월세,,,,,,북구|용봉동|1406-1|저불로 21|00021|00000,35.176412339897,126.894098954572,광주광역시 북구 용봉동 1406-1,전남광주통합특별시 북구 저불로 21,북구,용봉동,1230059000,성공,북구,용봉동,True,북구 용봉동,북구 용봉동,200,42,36.0791,북구 저불로 21,True
용봉주공,29170-227,2004,25.06~27.07,갱신,4,7,2025,"3,596",51.95,13,1461,7,"2,096",15,매곡로 20,0,00020,00000,3162014,1,12300,12300,용봉동,,북구,12300,아파트,전월세,202507,아파트 전월세,,,,,,북구|용봉동|1461|매곡로 20|00020|00000,35.1866483726599,126.895825017945,광주광역시 북구 용봉동 1461,전남광주통합특별시 북구 매곡로 20,북구,용봉동,1230059000,성공,북구,용봉동,True,북구 용봉동,북구 용봉동,3596,7,51.95,북구 매곡로 20,True
아름마을휴먼시아2단지,29200-248,2009,,,21,7,2025,"2,156",39.72,10,1064,12,,,수등로123번길 22,0,00022,00000,4289327,1,12330,12330,신가동,,광산구,12330,아파트,전월세,202507,아파트 전월세,,,,,,광산구|신가동|1064|수등로123번길 22|00022|00000,35.1842119227205,126.82398140206,광주광역시 광산구 신가동 1064,전남광주통합특별시 광산구 수등로123번길 22,광산구,수완동,1233063700,성공,광산구,수완동,True,광산구 수완동,광산구 수완동,2156,12,39.72,광산구 수등로123번길 22,True
아름마을휴먼시아1단지,29200-247,2009,,,14,7,2025,"3,504",51.93,9,1061,19,,,수등로123번길 70,0,00070,00000,4289327,1,12330,12330,신가동,,광산구,12330,아파트,전월세,202507,아파트 전월세,,,,,,광산구|신가동|1061|수등로123번길 70|00070|00000,35.1858460602035,126.824527935674,광주광역시 광산구 신가동 1061,전남광주통합특별시 광산구 수등로123번길 70,광산구,수완동,1233063700,성공,광산구,수완동,True,광산구 수완동,광산구 수완동,3504,19,51.93,광산구 수등로123번길 70,True
아름마을휴먼시아1단지,29200-247,2009,,,24,7,2025,"3,156",39.72,3,1061,6,,,수등로123번길 70,0,00070,00000,4289327,1,12330,12330,신가동,,광산구,12330,아파트,전월세,202507,아파트 전월세,,,,,,광산구|신가동|1061|수등로123번길 70|00070|00000,35.1858460602035,126.824527935674,광주광역시 광산구 신가동 1061,전남광주통합특별시 광산구 수등로123번길 70,광산구,수완동,1233063700,성공,광산구,수완동,True,광산구 수완동,광산구 수완동,3156,6,39.72,광산구 수등로123번길 70,True
광주하남엘에이치천년나무,29200-414,2019,,,22,7,2025,"3,028",26.03,14,1611-3,6,,,용아로 175-6,,00175,00006,3163035,0,12330,12330,우산동,,광산구,12330,아파트,전월세,202507,아파트 전월세,,,,,,광산구|우산동|1611-3|용아로 175-6|00175|00006,35.1599080758315,126.800246035505,광주광역시 광산구 우산동 1611-3,전남광주통합특별시 광산구 용아로 175-6,광산구,우산동,1233058000,성공,광산구,우산동,True,광산구 우산동,광산구 우산동,3028,6,26.03,광산구 용아로 175-6,True
고실마을휴먼시아8단지,29200-262,2010,,,22,7,2025,"2,117",39.25,7,1098,12,,,풍영로330번길 15,0,00015,00000,4289682,1,12330,12330,장덕동,,광산구,12330,아파트,전월세,202507,아파트 전월세,,,,,,광산구|장덕동|1098|풍영로330번길 15|00015|00000,35.2015313255941,126.816684307953,광주광역시 광산구 장덕동 1098,전남광주통합특별시 광산구 풍영로330번길 15,광산구,수완동,1233063700,성공,광산구,수완동,True,광산구 수완동,광산구 수완동,2117,12,39.25,광산구 풍영로330번길 15,True
하남주공(2단지),29200-39,1991,,,7,7,2025,"5,000",44.94,4,1571-1,12,,,월곡산정로 12,0,00012,00000,3163042,1,12330,12330,우산동,,광산구,12330,아파트,전월세,202507,아파트 전월세,,,,,,광산구|우산동|1571-1|월곡산정로 12|00012|00000,35.1651071402315,126.803686058,광주광역시 광산구 우산동 1571-1,전남광주통합특별시 광산구 월곡산정로 12,광산구,우산동,1233058000,성공,광산구,우산동,True,광산구 우산동,광산구 우산동,5000,12,44.94,광산구 월곡산정로 12,True
고실마을휴먼시아8단지,29200-262,2010,25.08~27.07,갱신,3,7,2025,"2,075",39.25,9,1098,12,"1,982",12,풍영로330번길 15,0,00015,00000,4289682,1,12330,12330,장덕동,,광산구,12330,아파트,전월세,202507,아파트 전월세,,,,,,광산구|장덕동|1098|풍영로330번길 15|00015|00000,35.2015313255941,126.816684307953,광주광역시 광산구 장덕동 1098,전남광주통합특별시 광산구 풍영로330번길 15,광산구,수완동,1233063700,성공,광산구,수완동,True,광산구 수완동,광산구 수완동,2075,12,39.25,광산구 풍영로330번길 15,True
아름마을휴먼시아1단지,29200-247,2009,25.08~27.07,갱신,24,7,2025,"2,987",39.48,5,1061,12,"2,587",10,수등로123번길 70,0,00070,00000,4289327,1,12330,12330,신가동,,광산구,12330,아파트,전월세,202507,아파트 전월세,,,,,,광산구|신가동|1061|수등로123번길 70|00070|00000,35.1858460602035,126.824527935674,광주광역시 광산구 신가동 1061,전남광주통합특별시 광산구 수등로123번길 70,광산구,수완동,1233063700,성공,광산구,수완동,True,광산구 수완동,광산구 수완동,2987,12,39.48,광산구 수등로123번길 70,True
광주수완7신완마을휴먼시아,29200-264,2011,25.07~27.08,신규,22,7,2025,"2,724",46.9,2,1037,15,,,풍영로329번길 50,0,00050,00000,4289681,1,12330,12330,장덕동,,광산구,12330,아파트,전월세,202507,아파트 전월세,,,,,,광산구|장덕동|1037|풍영로329번길 50|00050|00000,35.2014118295745,126.812869241031,광주광역시 광산구 장덕동 1037,전남광주통합특별시 광산구 풍영로329번길 50,광산구,수완동,1233063700,성공,광산구,수완동,True,광산구 수완동,광산구 수완동,2724,15,46.9,광산구 풍영로329번길 50,True
광주수완7신완마을휴먼시아,29200-264,2011,25.07~27.08,신규,22,7,2025,"2,724",46.9,6,1037,15,,,풍영로329번길 50,0,00050,00000,4289681,1,12330,12330,장덕동,,광산구,12330,아파트,전월세,202507,아파트 전월세,,,,,,광산구|장덕동|1037|풍영로329번길 50|00050|00000,35.2014118295745,126.812869241031,광주광역시 광산구 장덕동 1037,전남광주통합특별시 광산구 풍영로329번길 50,광산구,수완동,1233063700,성공,광산구,수완동,True,광산구 수완동,광산구 수완동,2724,15,46.9,광산구 풍영로329번길 50,True
첨단센트럴파크2차,29200-399,2018,25.09~27.08,신규,8,7,2025,"2,000",41.83,8,676-3,65,,,첨단중앙로170번길 87,0,00087,00000,4289614,1,12330,12330,쌍암동,,광산구,12330,아파트,전월세,202507,아파트 전월세,,,,,,광산구|쌍암동|676-3|첨단중앙로170번길 87|00087|00000,35.2209763822162,126.84687920672,광주광역시 광산구 쌍암동 676-3,전남광주통합특별시 광산구 첨단중앙로170번길 87,광산구,첨단1동,1233062400,성공,광산구,첨단1동,True,광산구 첨단1동,광산구 첨단1동,2000,65,41.83,광산구 첨단중앙로170번길 87,True
윤진리안채,29200-391,2017,25.08~26.08,신규,25,7,2025,500,28.7459,10,694-74,50,,,첨단강변로99번길 21,0,00021,00000,4289601,0,12330,12330,쌍암동,,광산구,12330,아파트,전월세,202507,아파트 전월세,,,,,,광산구|쌍암동|694-74|첨단강변로99번길 21|00021|00000,35.2151862774642,126.851132647598,광주광역시 광산구 쌍암동 694-74,전남광주통합특별시 광산구 첨단강변로99번길 21,광산구,첨단2동,1233062600,성공,북구,첨단2동,True,광산구 첨단2동,북구 첨단2동,500,50,28.7459,광산구 첨단강변로99번길 21,True
첨단AM-City,29200-273,2012,25.07~26.07,신규,12,7,2025,300,19.1513,5,884-2,38,,,첨단중앙로106번길 65-4,0,00065,00004,4289610,1,12330,12330,월계동,,광산구,12330,아파트,전월세,202507,아파트 전월세,,,,,,광산구|월계동|884-2|첨단중앙로106번길 65-4|00065|00004,35.215133360486,126.847005173109,광주광역시 광산구 월계동 884-2,전남광주통합특별시 광산구 첨단중앙로106번길 65-4,광산구,첨단2동,1233062600,성공,북구,첨단2동,True,광산구 첨단2동,북구 첨단2동,300,38,19.1513,광산구 첨단중앙로106번길 65-4,True
첨단센트럴파크2차,29200-399,2018,25.07~27.07,신규,16,7,2025,"15,000",41.83,8,676-3,0,,,첨단중앙로170번길 87,0,00087,00000,4289614,1,12330,12330,쌍암동,,광산구,12330,아파트,전월세,202507,아파트 전월세,,,,,,광산구|쌍암동|676-3|첨단중앙로170번길 87|00087|00000,35.2209763822162,126.84687920672,광주광역시 광산구 쌍암동 676-3,전남광주통합특별시 광산구 첨단중앙로170번길 87,광산구,첨단1동,1233062400,성공,광산구,첨단1동,True,광산구 첨단1동,광산구 첨단1동,15000,0,41.83,광산구 첨단중앙로170번길 87,True
에이엠시티센트럴파크,29200-349,2015,25.07~26.07,갱신,29,7,2025,"15,500",40.9226,11,676-2,0,"15,500",,첨단중앙로182번길 50,,00050,00000,4289616,1,12330,12330,쌍암동,,광산구,12330,아파트,전월세,202507,아파트 전월세,,,,,,광산구|쌍암동|676-2|첨단중앙로182번길 50|00050|00000,35.2215170161494,126.846882804545,광주광역시 광산구 쌍암동 676-2,전남광주통합특별시 광산구 첨단중앙로182번길 50,광산구,첨단1동,1233062400,성공,광산구,첨단1동,True,광산구 첨단1동,광산구 첨단1동,15500,0,40.9226,광산구 첨단중앙로182번길 50,True
에이엠시티센트럴파크,29200-349,2015,25.08~26.08,신규,24,7,2025,"1,000",40.9226,12,676-2,65,,,첨단중앙로182번길 50,,00050,00000,4289616,1,12330,12330,쌍암동,,광산구,12330,아파트,전월세,202507,아파트 전월세,,,,,,광산구|쌍암동|676-2|첨단중앙로182번길 50|00050|00000,35.2215170161494,126.846882804545,광주광역시 광산구 쌍암동 676-2,전남광주통합특별시 광산구 첨단중앙로182번길 50,광산구,첨단1동,1233062400,성공,광산구,첨단1동,True,광산구 첨단1동,광산구 첨단1동,1000,65,40.9226,광산구 첨단중앙로182번길 50,True
하남주공(2단지),29200-39,1991,25.08~27.08,신규,5,7,2025,500,44.52,4,1571-1,40,,,월곡산정로 12,0,00012,00000,3163042,1,12330,12330,우산동,,광산구,12330,아파트,전월세,202507,아파트 전월세,,,,,,광산구|우산동|1571-1|월곡산정로 12|00012|00000,35.1651071402315,126.803686058,광주광역시 광산구 우산동 1571-1,전남광주통합특별시 광산구 월곡산정로 12,광산구,우산동,1233058000,성공,광산구,우산동,True,광산구 우산동,광산구 우산동,500,40,44.52,광산구 월곡산정로 12,True
에이엠시티센트럴파크,29200-349,2015,25.08~27.08,신규,17,7,2025,"1,500",40.9226,2,676-2,70,,,첨단중앙로182번길 50,,00050,00000,4289616,1,12330,12330,쌍암동,,광산구,12330,아파트,전월세,202507,아파트 전월세,,,,,,광산구|쌍암동|676-2|첨단중앙로182번길 50|00050|00000,35.2215170161494,126.846882804545,광주광역시 광산구 쌍암동 676-2,전남광주통합특별시 광산구 첨단중앙로182번길 50,광산구,첨단1동,1233062400,성공,광산구,첨단1동,True,광산구 첨단1동,광산구 첨단1동,1500,70,40.9226,광산구 첨단중앙로182번길 50,True
첨단센트럴파크2차,29200-399,2018,25.09~27.08,신규,23,7,2025,"2,000",47.44,14,676-3,65,,,첨단중앙로170번길 87,0,00087,00000,4289614,1,12330,12330,쌍암동,,광산구,12330,아파트,전월세,202507,아파트 전월세,,,,,,광산구|쌍암동|676-3|첨단중앙로170번길 87|00087|00000,35.2209763822162,126.84687920672,광주광역시 광산구 쌍암동 676-3,전남광주통합특별시 광산구 첨단중앙로170번길 87,광산구,첨단1동,1233062400,성공,광산구,첨단1동,True,광산구 첨단1동,광산구 첨단1동,2000,65,47.44,광산구 첨단중앙로170번길 87,True
첨단AM-City스카이하이2차,29200-338,2015,25.08~26.08,신규,31,7,2025,300,19.2584,12,878-4,39,,,첨단중앙로106번길 65-11,0,00065,00011,4289610,0,12330,12330,월계동,,광산구,12330,아파트,전월세,202507,아파트 전월세,,,,,,광산구|월계동|878-4|첨단중앙로106번길 65-11|00065|00011,35.2158649451099,126.846545140704,광주광역시 광산구 월계동 878-4,전남광주통합특별시 광산구 첨단중앙로106번길 65-11,광산구,첨단2동,1233062600,성공,북구,첨단2동,True,광산구 첨단2동,북구 첨단2동,300,39,19.2584,광산구 첨단중앙로106번길 65-11,True
아름마을휴먼시아1단지,29200-247,2009,25.07~27.08,신규,23,7,2025,"2,828",46.9,6,1061,15,,,수등로123번길 70,0,00070,00000,4289327,1,12330,12330,신가동,,광산구,12330,아파트,전월세,202507,아파트 전월세,,,,,,광산구|신가동|1061|수등로123번길 70|00070|00000,35.1858460602035,126.824527935674,광주광역시 광산구 신가동 1061,전남광주통합특별시 광산구 수등로123번길 70,광산구,수완동,1233063700,성공,광산구,수완동,True,광산구 수완동,광산구 수완동,2828,15,46.9,광산구 수등로123번길 70,True
무들에코클래스,29200-323,2014,25.07~26.07,신규,13,7,2025,300,19.9836,7,893-1,34,,,임방울대로826번길 60-5,0,00060,00005,4289555,1,12330,12330,월계동,,광산구,12330,아파트,전월세,202507,아파트 전월세,,,,,,광산구|월계동|893-1|임방울대로826번길 60-5|00060|00005,35.2144820852673,126.847824082744,광주광역시 광산구 월계동 893-1,전남광주통합특별시 광산구 임방울대로826번길 60-5,광산구,첨단2동,1233062600,성공,북구,첨단2동,True,광산구 첨단2동,북구 첨단2동,300,34,19.9836,광산구 임방울대로826번길 60-5,True
아름마을휴먼시아1단지,29200-247,2009,25.09~27.08,갱신,21,7,2025,"3,504",51.93,9,1061,19,,18,수등로123번길 70,0,00070,00000,4289327,1,12330,12330,신가동,,광산구,12330,아파트,전월세,202507,아파트 전월세,,,,,,광산구|신가동|1061|수등로123번길 70|00070|00000,35.1858460602035,126.824527935674,광주광역시 광산구 신가동 1061,전남광주통합특별시 광산구 수등로123번길 70,광산구,수완동,1233063700,성공,광산구,수완동,True,광산구 수완동,광산구 수완동,3504,19,51.93,광산구 수등로123번길 70,True
아름마을휴먼시아2단지,29200-248,2009,25.08~27.07,갱신,28,7,2025,"2,830",46.9,6,1064,15,"2,622",14,수등로123번길 22,0,00022,00000,4289327,1,12330,12330,신가동,,광산구,12330,아파트,전월세,202507,아파트 전월세,,,,,,광산구|신가동|1064|수등로123번길 22|00022|00000,35.1842119227205,126.82398140206,광주광역시 광산구 신가동 1064,전남광주통합특별시 광산구 수등로123번길 22,광산구,수완동,1233063700,성공,광산구,수완동,True,광산구 수완동,광산구 수완동,2830,15,46.9,광산구 수등로123번길 22,True
광주수완7신완마을휴먼시아,29200-264,2011,25.07~27.08,신규,22,7,2025,"2,224",46.9,15,1037,17,,,풍영로329번길 50,0,00050,00000,4289681,1,12330,12330,장덕동,,광산구,12330,아파트,전월세,202507,아파트 전월세,,,,,,광산구|장덕동|1037|풍영로329번길 50|00050|00000,35.2014118295745,126.812869241031,광주광역시 광산구 장덕동 1037,전남광주통합특별시 광산구 풍영로329번길 50,광산구,수완동,1233063700,성공,광산구,수완동,True,광산구 수완동,광산구 수완동,2224,17,46.9,광산구 풍영로329번길 50,True
무들에코클래스,29200-323,2014,25.08~26.07,신규,25,7,2025,300,19.9836,5,893-1,38,,,임방울대로826번길 60-5,0,00060,00005,4289555,1,12330,12330,월계동,,광산구,12330,아파트,전월세,202507,아파트 전월세,,,,,,광산구|월계동|893-1|임방울대로826번길 60-5|00060|00005,35.2144820852673,126.847824082744,광주광역시 광산구 월계동 893-1,전남광주통합특별시 광산구 임방울대로826번길 60-5,광산구,첨단2동,1233062600,성공,북구,첨단2동,True,광산구 첨단2동,북구 첨단2동,300,38,19.9836,광산구 임방울대로826번길 60-5,True
첨단도휘에드가2차,29200-350,2015,25.07~26.07,신규,14,7,2025,"1,000",19.69,11,694-70,33,,,월계로 223-20,0,00223,00020,3163039,1,12330,12330,쌍암동,,광산구,12330,아파트,전월세,202507,아파트 전월세,,,,,,광산구|쌍암동|694-70|월계로 223-20|00223|00020,35.2153858800186,126.850509647451,광주광역시 광산구 쌍암동 694-70,전남광주통합특별시 광산구 월계로 223-20,광산구,첨단2동,1233062600,성공,북구,첨단2동,True,광산구 첨단2동,북구 첨단2동,1000,33,19.69,광산구 월계로 223-20,True
첨단AM-City2차,29200-281,2012,25.07~26.07,신규,26,7,2025,300,19.1244,3,658-7,35,,,첨단중앙로152번길 6-13,0,00006,00013,4289613,1,12330,12330,쌍암동,,광산구,12330,아파트,전월세,202507,아파트 전월세,,,,,,광산구|쌍암동|658-7|첨단중앙로152번길 6-13|00006|00013,35.2186388118667,126.843557651778,광주광역시 광산구 쌍암동 658-7,전남광주통합특별시 광산구 첨단중앙로152번길 6-13,광산구,첨단1동,1233062400,성공,광산구,첨단1동,True,광산구 첨단1동,광산구 첨단1동,300,35,19.1244,광산구 첨단중앙로152번길 6-13,True
윤진리안채,29200-391,2017,25.07~26.07,신규,31,7,2025,500,28.7459,13,694-74,50,,,첨단강변로99번길 21,0,00021,00000,4289601,0,12330,12330,쌍암동,,광산구,12330,아파트,전월세,202507,아파트 전월세,,,,,,광산구|쌍암동|694-74|첨단강변로99번길 21|00021|00000,35.2151862774642,126.851132647598,광주광역시 광산구 쌍암동 694-74,전남광주통합특별시 광산구 첨단강변로99번길 21,광산구,첨단2동,1233062600,성공,북구,첨단2동,True,광산구 첨단2동,북구 첨단2동,500,50,28.7459,광산구 첨단강변로99번길 21,True
광주수완6신완마을휴먼시아,29200-263,2010,25.08~27.07,갱신,30,7,2025,"5,646",51.26,2,1044,11,"5,153",8,풍영로329번길 51,0,00051,00000,4289681,1,12330,12330,장덕동,,광산구,12330,아파트,전월세,202507,아파트 전월세,,,,,,광산구|장덕동|1044|풍영로329번길 51|00051|00000,35.1993201857989,126.811785931546,광주광역시 광산구 장덕동 1044,전남광주통합특별시 광산구 풍영로329번길 51,광산구,수완동,1233063700,성공,광산구,수완동,True,광산구 수완동,광산구 수완동,5646,11,51.26,광산구 풍영로329번길 51,True
아름마을휴먼시아2단지,29200-248,2009,25.08~27.07,갱신,31,7,2025,"2,156",39.72,5,1064,12,"2,093",12,수등로123번길 22,0,00022,00000,4289327,1,12330,12330,신가동,,광산구,12330,아파트,전월세,202507,아파트 전월세,,,,,,광산구|신가동|1064|수등로123번길 22|00022|00000,35.1842119227205,126.82398140206,광주광역시 광산구 신가동 1064,전남광주통합특별시 광산구 수등로123번길 22,광산구,수완동,1233063700,성공,광산구,수완동,True,광산구 수완동,광산구 수완동,2156,12,39.72,광산구 수등로123번길 22,True
고실마을휴먼시아8단지,29200-262,2010,25.08~27.07,갱신,31,7,2025,"2,075",39.94,11,1098,12,"1,982",11,풍영로330번길 15,0,00015,00000,4289682,1,12330,12330,장덕동,,광산구,12330,아파트,전월세,202507,아파트 전월세,,,,,,광산구|장덕동|1098|풍영로330번길 15|00015|00000,35.2015313255941,126.816684307953,광주광역시 광산구 장덕동 1098,전남광주통합특별시 광산구 풍영로330번길 15,광산구,수완동,1233063700,성공,광산구,수완동,True,광산구 수완동,광산구 수완동,2075,12,39.94,광산구 풍영로330번길 15,True
고실마을휴먼시아8단지,29200-262,2010,25.07~27.08,신규,22,7,2025,"2,117",39.96,12,1098,12,,,풍영로330번길 15,0,00015,00000,4289682,1,12330,12330,장덕동,,광산구,12330,아파트,전월세,202507,아파트 전월세,,,,,,광산구|장덕동|1098|풍영로330번길 15|00015|00000,35.2015313255941,126.816684307953,광주광역시 광산구 장덕동 1098,전남광주통합특별시 광산구 풍영로330번길 15,광산구,수완동,1233063700,성공,광산구,수완동,True,광산구 수완동,광산구 수완동,2117,12,39.96,광산구 풍영로330번길 15,True
광주수완7신완마을휴먼시아,29200-264,2011,25.08~27.07,갱신,29,7,2025,"3,124",46.9,10,1037,13,"3,044",13,풍영로329번길 50,0,00050,00000,4289681,1,12330,12330,장덕동,,광산구,12330,아파트,전월세,202507,아파트 전월세,,,,,,광산구|장덕동|1037|풍영로329번길 50|00050|00000,35.2014118295745,126.812869241031,광주광역시 광산구 장덕동 1037,전남광주통합특별시 광산구 풍영로329번길 50,광산구,수완동,1233063700,성공,광산구,수완동,True,광산구 수완동,광산구 수완동,3124,13,46.9,광산구 풍영로329번길 50,True
아름마을휴먼시아2단지,29200-248,2009,25.08~27.07,갱신,30,7,2025,"2,830",46.9,13,1064,15,"2,748",15,수등로123번길 22,0,00022,00000,4289327,1,12330,12330,신가동,,광산구,12330,아파트,전월세,202507,아파트 전월세,,,,,,광산구|신가동|1064|수등로123번길 22|00022|00000,35.1842119227205,126.82398140206,광주광역시 광산구 신가동 1064,전남광주통합특별시 광산구 수등로123번길 22,광산구,수완동,1233063700,성공,광산구,수완동,True,광산구 수완동,광산구 수완동,2830,15,46.9,광산구 수등로123번길 22,True
장자울마을휴먼시아5단지,29200-256,2009,25.08~27.07,신규,2,7,2025,"2,156",39.72,6,504,12,,,풍영로145번길 42,0,00042,00000,4289671,1,12330,12330,흑석동,,광산구,12330,아파트,전월세,202507,아파트 전월세,,,,,,광산구|흑석동|504|풍영로145번길 42|00042|00000,35.1849233891164,126.811481524903,광주광역시 광산구 흑석동 504,전남광주통합특별시 광산구 풍영로145번길 42,광산구,수완동,1233063700,성공,광산구,수완동,True,광산구 수완동,광산구 수완동,2156,12,39.72,광산구 풍영로145번길 42,True
광주수완7신완마을휴먼시아,29200-264,2011,25.08~27.07,갱신,30,7,2025,"2,724",46.9,16,1037,15,"1,677",9,풍영로329번길 50,0,00050,00000,4289681,1,12330,12330,장덕동,,광산구,12330,아파트,전월세,202507,아파트 전월세,,,,,,광산구|장덕동|1037|풍영로329번길 50|00050|00000,35.2014118295745,126.812869241031,광주광역시 광산구 장덕동 1037,전남광주통합특별시 광산구 풍영로329번길 50,광산구,수완동,1233063700,성공,광산구,수완동,True,광산구 수완동,광산구 수완동,2724,15,46.9,광산구 풍영로329번길 50,True
광주수완7신완마을휴먼시아,29200-264,2011,25.08~27.07,갱신,30,7,2025,"3,175",39.96,8,1037,7,"2,015",12,풍영로329번길 50,0,00050,00000,4289681,1,12330,12330,장덕동,,광산구,12330,아파트,전월세,202507,아파트 전월세,,,,,,광산구|장덕동|1037|풍영로329번길 50|00050|00000,35.2014118295745,126.812869241031,광주광역시 광산구 장덕동 1037,전남광주통합특별시 광산구 풍영로329번길 50,광산구,수완동,1233063700,성공,광산구,수완동,True,광산구 수완동,광산구 수완동,3175,7,39.96,광산구 풍영로329번길 50,True
광주수완7신완마을휴먼시아,29200-264,2011,25.08~27.07,신규,30,7,2025,"2,075",39.25,1,1037,12,,,풍영로329번길 50,0,00050,00000,4289681,1,12330,12330,장덕동,,광산구,12330,아파트,전월세,202507,아파트 전월세,,,,,,광산구|장덕동|1037|풍영로329번길 50|00050|00000,35.2014118295745,126.812869241031,광주광역시 광산구 장덕동 1037,전남광주통합특별시 광산구 풍영로329번길 50,광산구,수완동,1233063700,성공,광산구,수완동,True,광산구 수완동,광산구 수완동,2075,12,39.25,광산구 풍영로329번길 50,True
무들에코클래스,29200-323,2014,25.08~27.08,신규,4,7,2025,500,41.0792,15,893-1,60,,,임방울대로826번길 60-5,0,00060,00005,4289555,1,12330,12330,월계동,,광산구,12330,아파트,전월세,202507,아파트 전월세,,,,,,광산구|월계동|893-1|임방울대로826번길 60-5|00060|00005,35.2144820852673,126.847824082744,광주광역시 광산구 월계동 893-1,전남광주통합특별시 광산구 임방울대로826번길 60-5,광산구,첨단2동,1233062600,성공,북구,첨단2동,True,광산구 첨단2동,북구 첨단2동,500,60,41.0792,광산구 임방울대로826번길 60-5,True
첨단AM-City,29200-273,2012,25.07~26.02,신규,26,7,2025,300,19.1513,8,884-2,38,,,첨단중앙로106번길 65-4,0,00065,00004,4289610,1,12330,12330,월계동,,광산구,12330,아파트,전월세,202507,아파트 전월세,,,,,,광산구|월계동|884-2|첨단중앙로106번길 65-4|00065|00004,35.215133360486,126.847005173109,광주광역시 광산구 월계동 884-2,전남광주통합특별시 광산구 첨단중앙로106번길 65-4,광산구,첨단2동,1233062600,성공,북구,첨단2동,True,광산구 첨단2동,북구 첨단2동,300,38,19.1513,광산구 첨단중앙로106번길 65-4,True
윤진리안채,29200-391,2017,25.07~26.07,신규,14,7,2025,500,28.7459,14,694-74,53,,,첨단강변로99번길 21,0,00021,00000,4289601,0,12330,12330,쌍암동,,광산구,12330,아파트,전월세,202507,아파트 전월세,,,,,,광산구|쌍암동|694-74|첨단강변로99번길 21|00021|00000,35.2151862774642,126.851132647598,광주광역시 광산구 쌍암동 694-74,전남광주통합특별시 광산구 첨단강변로99번길 21,광산구,첨단2동,1233062600,성공,북구,첨단2동,True,광산구 첨단2동,북구 첨단2동,500,53,28.7459,광산구 첨단강변로99번길 21,True
첨단AM-City스카이하이2차,29200-338,2015,25.07~26.07,신규,23,7,2025,500,19.2584,14,878-4,37,,,첨단중앙로106번길 65-11,0,00065,00011,4289610,0,12330,12330,월계동,,광산구,12330,아파트,전월세,202507,아파트 전월세,,,,,,광산구|월계동|878-4|첨단중앙로106번길 65-11|00065|00011,35.2158649451099,126.846545140704,광주광역시 광산구 월계동 878-4,전남광주통합특별시 광산구 첨단중앙로106번길 65-11,광산구,첨단2동,1233062600,성공,북구,첨단2동,True,광산구 첨단2동,북구 첨단2동,500,37,19.2584,광산구 첨단중앙로106번길 65-11,True
장자울마을휴먼시아5단지,29200-256,2009,25.08~27.07,갱신,28,7,2025,"2,748",46.9,9,504,15,"2,748",14,풍영로145번길 42,0,00042,00000,4289671,1,12330,12330,흑석동,,광산구,12330,아파트,전월세,202507,아파트 전월세,,,,,,광산구|흑석동|504|풍영로145번길 42|00042|00000,35.1849233891164,126.811481524903,광주광역시 광산구 흑석동 504,전남광주통합특별시 광산구 풍영로145번길 42,광산구,수완동,1233063700,성공,광산구,수완동,True,광산구 수완동,광산구 수완동,2748,15,46.9,광산구 풍영로145번길 42,True
아름마을휴먼시아2단지,29200-248,2009,25.08~27.07,갱신,29,7,2025,"2,756",39.72,6,1064,8,"2,597",7,수등로123번길 22,0,00022,00000,4289327,1,12330,12330,신가동,,광산구,12330,아파트,전월세,202507,아파트 전월세,,,,,,광산구|신가동|1064|수등로123번길 22|00022|00000,35.1842119227205,126.82398140206,광주광역시 광산구 신가동 1064,전남광주통합특별시 광산구 수등로123번길 22,광산구,수완동,1233063700,성공,광산구,수완동,True,광산구 수완동,광산구 수완동,2756,8,39.72,광산구 수등로123번길 22,True
아름마을휴먼시아2단지,29200-248,2009,25.08~27.07,갱신,29,7,2025,"2,156",39.72,8,1064,12,"2,093",12,수등로123번길 22,0,00022,00000,4289327,1,12330,12330,신가동,,광산구,12330,아파트,전월세,202507,아파트 전월세,,,,,,광산구|신가동|1064|수등로123번길 22|00022|00000,35.1842119227205,126.82398140206,광주광역시 광산구 신가동 1064,전남광주통합특별시 광산구 수등로123번길 22,광산구,수완동,1233063700,성공,광산구,수완동,True,광산구 수완동,광산구 수완동,2156,12,39.72,광산구 수등로123번길 22,True
아름마을휴먼시아2단지,29200-248,2009,25.08~27.07,갱신,18,7,2025,"3,504",51.93,15,1064,19,,18,수등로123번길 22,0,00022,00000,4289327,1,12330,12330,신가동,,광산구,12330,아파트,전월세,202507,아파트 전월세,,,,,,광산구|신가동|1064|수등로123번길 22|00022|00000,35.1842119227205,126.82398140206,광주광역시 광산구 신가동 1064,전남광주통합특별시 광산구 수등로123번길 22,광산구,수완동,1233063700,성공,광산구,수완동,True,광산구 수완동,광산구 수완동,3504,19,51.93,광산구 수등로123번길 22,True
에이엠시티4차,29200-318,2014,25.08~26.07,신규,4,7,2025,500,32.3203,7,660-7,45,,,첨단중앙로152번길 17-6,0,00017,00006,4289613,1,12330,12330,쌍암동,,광산구,12330,아파트,전월세,202507,아파트 전월세,,,,,,광산구|쌍암동|660-7|첨단중앙로152번길 17-6|00017|00006,35.2193014166222,126.843435669554,광주광역시 광산구 쌍암동 660-7,전남광주통합특별시 광산구 첨단중앙로152번길 17-6,광산구,첨단1동,1233062400,성공,광산구,첨단1동,True,광산구 첨단1동,광산구 첨단1동,500,45,32.3203,광산구 첨단중앙로152번길 17-6,True
아름마을휴먼시아3단지,29200-260,2009,25.07~27.06,갱신,25,7,2025,"3,019",39.48,2,1202,7,"2,119",12,하남대로261번길 11,0,00011,00000,4289685,1,12330,12330,신가동,,광산구,12330,아파트,전월세,202507,아파트 전월세,,,,,,광산구|신가동|1202|하남대로261번길 11|00011|00000,35.1803936905995,126.820478944492,광주광역시 광산구 신가동 1202,전남광주통합특별시 광산구 하남대로261번길 11,광산구,수완동,1233063700,성공,광산구,수완동,True,광산구 수완동,광산구 수완동,3019,7,39.48,광산구 하남대로261번길 11,True
아름마을휴먼시아2단지,29200-248,2009,25.08~27.07,갱신,22,7,2025,"3,118",39.48,4,1064,16,"3,030",16,수등로123번길 22,0,00022,00000,4289327,1,12330,12330,신가동,,광산구,12330,아파트,전월세,202507,아파트 전월세,,,,,,광산구|신가동|1064|수등로123번길 22|00022|00000,35.1842119227205,126.82398140206,광주광역시 광산구 신가동 1064,전남광주통합특별시 광산구 수등로123번길 22,광산구,수완동,1233063700,성공,광산구,수완동,True,광산구 수완동,광산구 수완동,3118,16,39.48,광산구 수등로123번길 22,True
아름마을휴먼시아2단지,29200-248,2009,25.08~27.07,갱신,2,7,2025,"3,504",51.93,1,1064,19,,18,수등로123번길 22,0,00022,00000,4289327,1,12330,12330,신가동,,광산구,12330,아파트,전월세,202507,아파트 전월세,,,,,,광산구|신가동|1064|수등로123번길 22|00022|00000,35.1842119227205,126.82398140206,광주광역시 광산구 신가동 1064,전남광주통합특별시 광산구 수등로123번길 22,광산구,수완동,1233063700,성공,광산구,수완동,True,광산구 수완동,광산구 수완동,3504,19,51.93,광산구 수등로123번길 22,True
에이엠시티5차,29200-307,2013,25.08~26.08,갱신,27,7,2025,300,19.1284,8,682-1,39,300,39,임방울대로825번길 19,0,00019,00000,4289554,1,12330,12330,쌍암동,사용,광산구,12330,아파트,전월세,202507,아파트 전월세,,,,,,광산구|쌍암동|682-1|임방울대로825번길 19|00019|00000,35.2187157362366,126.847688221979,광주광역시 광산구 쌍암동 682-1,전남광주통합특별시 광산구 임방울대로825번길 19,광산구,첨단1동,1233062400,성공,광산구,첨단1동,True,광산구 첨단1동,광산구 첨단1동,300,39,19.1284,광산구 임방울대로825번길 19,True
아름마을휴먼시아2단지,29200-248,2009,25.08~27.07,갱신,23,7,2025,"2,830",46.9,3,1064,15,"2,830",15,수등로123번길 22,0,00022,00000,4289327,1,12330,12330,신가동,,광산구,12330,아파트,전월세,202507,아파트 전월세,,,,,,광산구|신가동|1064|수등로123번길 22|00022|00000,35.1842119227205,126.82398140206,광주광역시 광산구 신가동 1064,전남광주통합특별시 광산구 수등로123번길 22,광산구,수완동,1233063700,성공,광산구,수완동,True,광산구 수완동,광산구 수완동,2830,15,46.9,광산구 수등로123번길 22,True
광주수완7신완마을휴먼시아,29200-264,2011,25.08~27.07,갱신,28,7,2025,"2,475",39.96,1,1037,10,"2,247",9,풍영로329번길 50,0,00050,00000,4289681,1,12330,12330,장덕동,,광산구,12330,아파트,전월세,202507,아파트 전월세,,,,,,광산구|장덕동|1037|풍영로329번길 50|00050|00000,35.2014118295745,126.812869241031,광주광역시 광산구 장덕동 1037,전남광주통합특별시 광산구 풍영로329번길 50,광산구,수완동,1233063700,성공,광산구,수완동,True,광산구 수완동,광산구 수완동,2475,10,39.96,광산구 풍영로329번길 50,True
아름마을휴먼시아2단지,29200-248,2009,25.08~27.07,갱신,28,7,2025,"2,830",46.9,1,1064,15,,14,수등로123번길 22,0,00022,00000,4289327,1,12330,12330,신가동,,광산구,12330,아파트,전월세,202507,아파트 전월세,,,,,,광산구|신가동|1064|수등로123번길 22|00022|00000,35.1842119227205,126.82398140206,광주광역시 광산구 신가동 1064,전남광주통합특별시 광산구 수등로123번길 22,광산구,수완동,1233063700,성공,광산구,수완동,True,광산구 수완동,광산구 수완동,2830,15,46.9,광산구 수등로123번길 22,True
광주우산엘에이치1단지,29200-422,2019,25.09~27.08,갱신,28,7,2025,"5,390",36.44,7,1599-1,5,"3,193",19,무진대로 246-7,,00246,00007,2009009,0,12330,12330,우산동,,광산구,12330,아파트,전월세,202507,아파트 전월세,,,,,,광산구|우산동|1599-1|무진대로 246-7|00246|00007,35.1605509336336,126.807603506014,광주광역시 광산구 우산동 1599-1,전남광주통합특별시 광산구 무진대로 246-7,광산구,우산동,1233058000,성공,광산구,우산동,True,광산구 우산동,광산구 우산동,5390,5,36.44,광산구 무진대로 246-7,True
광주하남엘에이치천년나무,29200-414,2019,25.07~27.08,신규,22,7,2025,"2,966",36.02,10,1611-3,15,,,용아로 175-6,,00175,00006,3163035,0,12330,12330,우산동,,광산구,12330,아파트,전월세,202507,아파트 전월세,,,,,,광산구|우산동|1611-3|용아로 175-6|00175|00006,35.1599080758315,126.800246035505,광주광역시 광산구 우산동 1611-3,전남광주통합특별시 광산구 용아로 175-6,광산구,우산동,1233058000,성공,광산구,우산동,True,광산구 우산동,광산구 우산동,2966,15,36.02,광산구 용아로 175-6,True
고실마을휴먼시아8단지,29200-262,2010,25.07~27.08,신규,22,7,2025,"2,117",39.25,7,1098,12,,,풍영로330번길 15,0,00015,00000,4289682,1,12330,12330,장덕동,,광산구,12330,아파트,전월세,202507,아파트 전월세,,,,,,광산구|장덕동|1098|풍영로330번길 15|00015|00000,35.2015313255941,126.816684307953,광주광역시 광산구 장덕동 1098,전남광주통합특별시 광산구 풍영로330번길 15,광산구,수완동,1233063700,성공,광산구,수완동,True,광산구 수완동,광산구 수완동,2117,12,39.25,광산구 풍영로330번길 15,True
첨단AM-City,29200-273,2012,25.07~26.07,신규,19,7,2025,300,19.1513,8,884-2,37,,,첨단중앙로106번길 65-4,0,00065,00004,4289610,1,12330,12330,월계동,,광산구,12330,아파트,전월세,202507,아파트 전월세,,,,,,광산구|월계동|884-2|첨단중앙로106번길 65-4|00065|00004,35.215133360486,126.847005173109,광주광역시 광산구 월계동 884-2,전남광주통합특별시 광산구 첨단중앙로106번길 65-4,광산구,첨단2동,1233062600,성공,북구,첨단2동,True,광산구 첨단2동,북구 첨단2동,300,37,19.1513,광산구 첨단중앙로106번길 65-4,True
장자울마을휴먼시아4단지,29200-257,2009,25.08~27.07,갱신,25,7,2025,"2,093",39.72,6,517,12,"1,997",11,풍영로145번길 43,0,00043,00000,4289671,1,12330,12330,흑석동,,광산구,12330,아파트,전월세,202507,아파트 전월세,,,,,,광산구|흑석동|517|풍영로145번길 43|00043|00000,35.1837458369346,126.811293211321,광주광역시 광산구 흑석동 517,전남광주통합특별시 광산구 풍영로145번길 43,광산구,수완동,1233063700,성공,광산구,수완동,True,광산구 수완동,광산구 수완동,2093,12,39.72,광산구 풍영로145번길 43,True
첨단센트럴파크2차,29200-399,2018,25.07~27.07,신규,16,7,2025,"15,000",41.83,8,676-3,0,,,첨단중앙로170번길 87,0,00087,00000,4289614,1,12330,12330,쌍암동,,광산구,12330,아파트,전월세,202507,아파트 전월세,,,,,,광산구|쌍암동|676-3|첨단중앙로170번길 87|00087|00000,35.2209763822162,126.84687920672,광주광역시 광산구 쌍암동 676-3,전남광주통합특별시 광산구 첨단중앙로170번길 87,광산구,첨단1동,1233062400,성공,광산구,첨단1동,True,광산구 첨단1동,광산구 첨단1동,15000,0,41.83,광산구 첨단중앙로170번길 87,True
아름마을휴먼시아2단지,29200-248,2009,25.08~27.07,갱신,24,7,2025,"3,504",51.93,4,1064,19,"3,402",18,수등로123번길 22,0,00022,00000,4289327,1,12330,12330,신가동,,광산구,12330,아파트,전월세,202507,아파트 전월세,,,,,,광산구|신가동|1064|수등로123번길 22|00022|00000,35.1842119227205,126.82398140206,광주광역시 광산구 신가동 1064,전남광주통합특별시 광산구 수등로123번길 22,광산구,수완동,1233063700,성공,광산구,수완동,True,광산구 수완동,광산구 수완동,3504,19,51.93,광산구 수등로123번길 22,True
하남주공(2단지),29200-39,1991,25.07~27.07,신규,23,7,2025,300,44.94,15,1571-1,40,,,월곡산정로 12,0,00012,00000,3163042,1,12330,12330,우산동,,광산구,12330,아파트,전월세,202507,아파트 전월세,,,,,,광산구|우산동|1571-1|월곡산정로 12|00012|00000,35.1651071402315,126.803686058,광주광역시 광산구 우산동 1571-1,전남광주통합특별시 광산구 월곡산정로 12,광산구,우산동,1233058000,성공,광산구,우산동,True,광산구 우산동,광산구 우산동,300,40,44.94,광산구 월곡산정로 12,True
아름마을휴먼시아2단지,29200-248,2009,25.08~27.07,갱신,24,7,2025,"2,156",39.72,3,1064,12,"2,093",12,수등로123번길 22,0,00022,00000,4289327,1,12330,12330,신가동,,광산구,12330,아파트,전월세,202507,아파트 전월세,,,,,,광산구|신가동|1064|수등로123번길 22|00022|00000,35.1842119227205,126.82398140206,광주광역시 광산구 신가동 1064,전남광주통합특별시 광산구 수등로123번길 22,광산구,수완동,1233063700,성공,광산구,수완동,True,광산구 수완동,광산구 수완동,2156,12,39.72,광산구 수등로123번길 22,True
에이엠시티4차,29200-318,2014,25.07~27.07,신규,24,7,2025,300,22.1404,9,660-7,37,,,첨단중앙로152번길 17-6,0,00017,00006,4289613,1,12330,12330,쌍암동,,광산구,12330,아파트,전월세,202507,아파트 전월세,,,,,,광산구|쌍암동|660-7|첨단중앙로152번길 17-6|00017|00006,35.2193014166222,126.843435669554,광주광역시 광산구 쌍암동 660-7,전남광주통합특별시 광산구 첨단중앙로152번길 17-6,광산구,첨단1동,1233062400,성공,광산구,첨단1동,True,광산구 첨단1동,광산구 첨단1동,300,37,22.1404,광산구 첨단중앙로152번길 17-6,True
광주수완7신완마을휴먼시아,29200-264,2011,25.07~27.08,신규,22,7,2025,"2,724",46.9,20,1037,15,,,풍영로329번길 50,0,00050,00000,4289681,1,12330,12330,장덕동,,광산구,12330,아파트,전월세,202507,아파트 전월세,,,,,,광산구|장덕동|1037|풍영로329번길 50|00050|00000,35.2014118295745,126.812869241031,광주광역시 광산구 장덕동 1037,전남광주통합특별시 광산구 풍영로329번길 50,광산구,수완동,1233063700,성공,광산구,수완동,True,광산구 수완동,광산구 수완동,2724,15,46.9,광산구 풍영로329번길 50,True
광주수완7신완마을휴먼시아,29200-264,2011,25.07~27.08,신규,22,7,2025,"2,724",46.54,15,1037,15,,,풍영로329번길 50,0,00050,00000,4289681,1,12330,12330,장덕동,,광산구,12330,아파트,전월세,202507,아파트 전월세,,,,,,광산구|장덕동|1037|풍영로329번길 50|00050|00000,35.2014118295745,126.812869241031,광주광역시 광산구 장덕동 1037,전남광주통합특별시 광산구 풍영로329번길 50,광산구,수완동,1233063700,성공,광산구,수완동,True,광산구 수완동,광산구 수완동,2724,15,46.54,광산구 풍영로329번길 50,True
고실마을휴먼시아8단지,29200-262,2010,25.08~27.07,갱신,23,7,2025,"2,075",39.94,5,1098,12,"1,982",11,풍영로330번길 15,0,00015,00000,4289682,1,12330,12330,장덕동,,광산구,12330,아파트,전월세,202507,아파트 전월세,,,,,,광산구|장덕동|1098|풍영로330번길 15|00015|00000,35.2015313255941,126.816684307953,광주광역시 광산구 장덕동 1098,전남광주통합특별시 광산구 풍영로330번길 15,광산구,수완동,1233063700,성공,광산구,수완동,True,광산구 수완동,광산구 수완동,2075,12,39.94,광산구 풍영로330번길 15,True
아름마을휴먼시아2단지,29200-248,2009,25.08~27.07,갱신,22,7,2025,"2,587",39.72,2,1064,14,"2,587",12,수등로123번길 22,0,00022,00000,4289327,1,12330,12330,신가동,,광산구,12330,아파트,전월세,202507,아파트 전월세,,,,,,광산구|신가동|1064|수등로123번길 22|00022|00000,35.1842119227205,126.82398140206,광주광역시 광산구 신가동 1064,전남광주통합특별시 광산구 수등로123번길 22,광산구,수완동,1233063700,성공,광산구,수완동,True,광산구 수완동,광산구 수완동,2587,14,39.72,광산구 수등로123번길 22,True
하남주공(2단지),29200-39,1991,25.08~27.08,신규,7,7,2025,"5,000",44.94,4,1571-1,7,,,월곡산정로 12,0,00012,00000,3163042,1,12330,12330,우산동,,광산구,12330,아파트,전월세,202507,아파트 전월세,,,,,,광산구|우산동|1571-1|월곡산정로 12|00012|00000,35.1651071402315,126.803686058,광주광역시 광산구 우산동 1571-1,전남광주통합특별시 광산구 월곡산정로 12,광산구,우산동,1233058000,성공,광산구,우산동,True,광산구 우산동,광산구 우산동,5000,7,44.94,광산구 월곡산정로 12,True
광주수완7신완마을휴먼시아,29200-264,2011,25.07~27.08,신규,22,7,2025,"2,075",39.96,6,1037,12,,,풍영로329번길 50,0,00050,00000,4289681,1,12330,12330,장덕동,,광산구,12330,아파트,전월세,202507,아파트 전월세,,,,,,광산구|장덕동|1037|풍영로329번길 50|00050|00000,35.2014118295745,126.812869241031,광주광역시 광산구 장덕동 1037,전남광주통합특별시 광산구 풍영로329번길 50,광산구,수완동,1233063700,성공,광산구,수완동,True,광산구 수완동,광산구 수완동,2075,12,39.96,광산구 풍영로329번길 50,True
아름마을휴먼시아2단지,29200-248,2009,25.08~27.07,갱신,22,7,2025,"3,156",39.48,9,1064,7,"3,093",7,수등로123번길 22,0,00022,00000,4289327,1,12330,12330,신가동,,광산구,12330,아파트,전월세,202507,아파트 전월세,,,,,,광산구|신가동|1064|수등로123번길 22|00022|00000,35.1842119227205,126.82398140206,광주광역시 광산구 신가동 1064,전남광주통합특별시 광산구 수등로123번길 22,광산구,수완동,1233063700,성공,광산구,수완동,True,광산구 수완동,광산구 수완동,3156,7,39.48,광산구 수등로123번길 22,True
무들에코클래스,29200-323,2014,25.07~26.07,신규,23,7,2025,300,19.9836,11,893-1,40,,,임방울대로826번길 60-5,0,00060,00005,4289555,1,12330,12330,월계동,,광산구,12330,아파트,전월세,202507,아파트 전월세,,,,,,광산구|월계동|893-1|임방울대로826번길 60-5|00060|00005,35.2144820852673,126.847824082744,광주광역시 광산구 월계동 893-1,전남광주통합특별시 광산구 임방울대로826번길 60-5,광산구,첨단2동,1233062600,성공,북구,첨단2동,True,광산구 첨단2동,북구 첨단2동,300,40,19.9836,광산구 임방울대로826번길 60-5,True
아름마을휴먼시아3단지,29200-260,2009,25.07~27.08,신규,22,7,2025,"3,477",51.93,4,1202,19,,,하남대로261번길 11,0,00011,00000,4289685,1,12330,12330,신가동,,광산구,12330,아파트,전월세,202507,아파트 전월세,,,,,,광산구|신가동|1202|하남대로261번길 11|00011|00000,35.1803936905995,126.820478944492,광주광역시 광산구 신가동 1202,전남광주통합특별시 광산구 하남대로261번길 11,광산구,수완동,1233063700,성공,광산구,수완동,True,광산구 수완동,광산구 수완동,3477,19,51.93,광산구 하남대로261번길 11,True
아름마을휴먼시아2단지,29200-248,2009,25.08~27.07,갱신,23,7,2025,"2,830",46.9,2,1064,15,"2,748",15,수등로123번길 22,0,00022,00000,4289327,1,12330,12330,신가동,,광산구,12330,아파트,전월세,202507,아파트 전월세,,,,,,광산구|신가동|1064|수등로123번길 22|00022|00000,35.1842119227205,126.82398140206,광주광역시 광산구 신가동 1064,전남광주통합특별시 광산구 수등로123번길 22,광산구,수완동,1233063700,성공,광산구,수완동,True,광산구 수완동,광산구 수완동,2830,15,46.9,광산구 수등로123번길 22,True
한양에드가302동,29200-309,2013,25.09~27.09,신규,22,7,2025,"5,100",19.853,9,694-115,0,,,월계로 223-17,0,00223,00017,3163039,2,12330,12330,쌍암동,,광산구,12330,아파트,전월세,202507,아파트 전월세,,,,,,광산구|쌍암동|694-115|월계로 223-17|00223|00017,35.2149023369798,126.849588941863,광주광역시 광산구 쌍암동 694-115,전남광주통합특별시 광산구 월계로 223-17,광산구,첨단2동,1233062600,성공,북구,첨단2동,True,광산구 첨단2동,북구 첨단2동,5100,0,19.853,광산구 월계로 223-17,True
광주수완7신완마을휴먼시아,29200-264,2011,25.07~27.08,신규,22,7,2025,"2,724",46.9,17,1037,15,,,풍영로329번길 50,0,00050,00000,4289681,1,12330,12330,장덕동,,광산구,12330,아파트,전월세,202507,아파트 전월세,,,,,,광산구|장덕동|1037|풍영로329번길 50|00050|00000,35.2014118295745,126.812869241031,광주광역시 광산구 장덕동 1037,전남광주통합특별시 광산구 풍영로329번길 50,광산구,수완동,1233063700,성공,광산구,수완동,True,광산구 수완동,광산구 수완동,2724,15,46.9,광산구 풍영로329번길 50,True
아름마을휴먼시아1단지,29200-247,2009,25.08~27.07,갱신,22,7,2025,"2,860",39.72,4,1061,8,"2,693",9,수등로123번길 70,0,00070,00000,4289327,1,12330,12330,신가동,,광산구,12330,아파트,전월세,202507,아파트 전월세,,,,,,광산구|신가동|1061|수등로123번길 70|00070|00000,35.1858460602035,126.824527935674,광주광역시 광산구 신가동 1061,전남광주통합특별시 광산구 수등로123번길 70,광산구,수완동,1233063700,성공,광산구,수완동,True,광산구 수완동,광산구 수완동,2860,8,39.72,광산구 수등로123번길 70,True
무들에코클래스,29200-323,2014,25.08~26.08,갱신,13,7,2025,400,19.9836,7,893-1,34,400,33,임방울대로826번길 60-5,0,00060,00005,4289555,1,12330,12330,월계동,,광산구,12330,아파트,전월세,202507,아파트 전월세,,,,,,광산구|월계동|893-1|임방울대로826번길 60-5|00060|00005,35.2144820852673,126.847824082744,광주광역시 광산구 월계동 893-1,전남광주통합특별시 광산구 임방울대로826번길 60-5,광산구,첨단2동,1233062600,성공,북구,첨단2동,True,광산구 첨단2동,북구 첨단2동,400,34,19.9836,광산구 임방울대로826번길 60-5,True
광주수완6신완마을휴먼시아,29200-263,2010,25.07~27.08,신규,22,7,2025,"3,440",51.82,7,1044,19,,,풍영로329번길 51,0,00051,00000,4289681,1,12330,12330,장덕동,,광산구,12330,아파트,전월세,202507,아파트 전월세,,,,,,광산구|장덕동|1044|풍영로329번길 51|00051|00000,35.1993201857989,126.811785931546,광주광역시 광산구 장덕동 1044,전남광주통합특별시 광산구 풍영로329번길 51,광산구,수완동,1233063700,성공,광산구,수완동,True,광산구 수완동,광산구 수완동,3440,19,51.82,광산구 풍영로329번길 51,True
아름마을휴먼시아2단지,29200-248,2009,25.08~27.07,갱신,22,7,2025,"3,504",51.93,6,1064,19,"3,402",18,수등로123번길 22,0,00022,00000,4289327,1,12330,12330,신가동,,광산구,12330,아파트,전월세,202507,아파트 전월세,,,,,,광산구|신가동|1064|수등로123번길 22|00022|00000,35.1842119227205,126.82398140206,광주광역시 광산구 신가동 1064,전남광주통합특별시 광산구 수등로123번길 22,광산구,수완동,1233063700,성공,광산구,수완동,True,광산구 수완동,광산구 수완동,3504,19,51.93,광산구 수등로123번길 22,True
고실마을휴먼시아8단지,29200-262,2010,25.08~27.07,신규,16,7,2025,"2,096",39.96,1,1098,12,,,풍영로330번길 15,0,00015,00000,4289682,1,12330,12330,장덕동,,광산구,12330,아파트,전월세,202507,아파트 전월세,,,,,,광산구|장덕동|1098|풍영로330번길 15|00015|00000,35.2015313255941,126.816684307953,광주광역시 광산구 장덕동 1098,전남광주통합특별시 광산구 풍영로330번길 15,광산구,수완동,1233063700,성공,광산구,수완동,True,광산구 수완동,광산구 수완동,2096,12,39.96,광산구 풍영로330번길 15,True
아름마을휴먼시아3단지,29200-260,2009,23.12~25.11,갱신,21,7,2025,"1,982",39.48,3,1202,11,"1,982",11,하남대로261번길 11,0,00011,00000,4289685,1,12330,12330,신가동,,광산구,12330,아파트,전월세,202507,아파트 전월세,,,,,,광산구|신가동|1202|하남대로261번길 11|00011|00000,35.1803936905995,126.820478944492,광주광역시 광산구 신가동 1202,전남광주통합특별시 광산구 하남대로261번길 11,광산구,수완동,1233063700,성공,광산구,수완동,True,광산구 수완동,광산구 수완동,1982,11,39.48,광산구 하남대로261번길 11,True
첨단도휘에드가2차,29200-350,2015,25.07~26.07,신규,14,7,2025,300,19.69,10,694-70,38,,,월계로 223-20,0,00223,00020,3163039,1,12330,12330,쌍암동,,광산구,12330,아파트,전월세,202507,아파트 전월세,,,,,,광산구|쌍암동|694-70|월계로 223-20|00223|00020,35.2153858800186,126.850509647451,광주광역시 광산구 쌍암동 694-70,전남광주통합특별시 광산구 월계로 223-20,광산구,첨단2동,1233062600,성공,북구,첨단2동,True,광산구 첨단2동,북구 첨단2동,300,38,19.69,광산구 월계로 223-20,True
아름마을휴먼시아2단지,29200-248,2009,25.09~27.08,갱신,17,7,2025,"2,830",46.9,14,1064,15,"2,830",14,수등로123번길 22,0,00022,00000,4289327,1,12330,12330,신가동,,광산구,12330,아파트,전월세,202507,아파트 전월세,,,,,,광산구|신가동|1064|수등로123번길 22|00022|00000,35.1842119227205,126.82398140206,광주광역시 광산구 신가동 1064,전남광주통합특별시 광산구 수등로123번길 22,광산구,수완동,1233063700,성공,광산구,수완동,True,광산구 수완동,광산구 수완동,2830,15,46.9,광산구 수등로123번길 22,True
아름마을휴먼시아2단지,29200-248,2009,25.07~27.08,신규,21,7,2025,"2,830",46.9,14,1064,15,,,수등로123번길 22,0,00022,00000,4289327,1,12330,12330,신가동,,광산구,12330,아파트,전월세,202507,아파트 전월세,,,,,,광산구|신가동|1064|수등로123번길 22|00022|00000,35.1842119227205,126.82398140206,광주광역시 광산구 신가동 1064,전남광주통합특별시 광산구 수등로123번길 22,광산구,수완동,1233063700,성공,광산구,수완동,True,광산구 수완동,광산구 수완동,2830,15,46.9,광산구 수등로123번길 22,True
아름마을휴먼시아1단지,29200-247,2009,25.08~27.07,갱신,17,7,2025,"2,828",46.9,15,1061,15,"2,622",14,수등로123번길 70,0,00070,00000,4289327,1,12330,12330,신가동,,광산구,12330,아파트,전월세,202507,아파트 전월세,,,,,,광산구|신가동|1061|수등로123번길 70|00070|00000,35.1858460602035,126.824527935674,광주광역시 광산구 신가동 1061,전남광주통합특별시 광산구 수등로123번길 70,광산구,수완동,1233063700,성공,광산구,수완동,True,광산구 수완동,광산구 수완동,2828,15,46.9,광산구 수등로123번길 70,True
첨단AM-City스카이하이2차,29200-338,2015,25.07~27.07,신규,15,7,2025,300,19.2584,8,878-4,40,,,첨단중앙로106번길 65-11,0,00065,00011,4289610,0,12330,12330,월계동,,광산구,12330,아파트,전월세,202507,아파트 전월세,,,,,,광산구|월계동|878-4|첨단중앙로106번길 65-11|00065|00011,35.2158649451099,126.846545140704,광주광역시 광산구 월계동 878-4,전남광주통합특별시 광산구 첨단중앙로106번길 65-11,광산구,첨단2동,1233062600,성공,북구,첨단2동,True,광산구 첨단2동,북구 첨단2동,300,40,19.2584,광산구 첨단중앙로106번길 65-11,True
광주수완6신완마을휴먼시아,29200-263,2010,25.08~27.07,갱신,21,7,2025,"3,024",46.9,13,1044,14,15,13,풍영로329번길 51,0,00051,00000,4289681,1,12330,12330,장덕동,,광산구,12330,아파트,전월세,202507,아파트 전월세,,,,,,광산구|장덕동|1044|풍영로329번길 51|00051|00000,35.1993201857989,126.811785931546,광주광역시 광산구 장덕동 1044,전남광주통합특별시 광산구 풍영로329번길 51,광산구,수완동,1233063700,성공,광산구,수완동,True,광산구 수완동,광산구 수완동,3024,14,46.9,광산구 풍영로329번길 51,True
아름마을휴먼시아1단지,29200-247,2009,25.08~27.07,갱신,15,7,2025,"3,028",46.9,1,1061,14,"2,948",14,수등로123번길 70,0,00070,00000,4289327,1,12330,12330,신가동,,광산구,12330,아파트,전월세,202507,아파트 전월세,,,,,,광산구|신가동|1061|수등로123번길 70|00070|00000,35.1858460602035,126.824527935674,광주광역시 광산구 신가동 1061,전남광주통합특별시 광산구 수등로123번길 70,광산구,수완동,1233063700,성공,광산구,수완동,True,광산구 수완동,광산구 수완동,3028,14,46.9,광산구 수등로123번길 70,True
아름마을휴먼시아2단지,29200-248,2009,25.08~27.07,갱신,18,7,2025,"4,304",51.93,4,1064,13,"4,202",18,수등로123번길 22,0,00022,00000,4289327,1,12330,12330,신가동,,광산구,12330,아파트,전월세,202507,아파트 전월세,,,,,,광산구|신가동|1064|수등로123번길 22|00022|00000,35.1842119227205,126.82398140206,광주광역시 광산구 신가동 1064,전남광주통합특별시 광산구 수등로123번길 22,광산구,수완동,1233063700,성공,광산구,수완동,True,광산구 수완동,광산구 수완동,4304,13,51.93,광산구 수등로123번길 22,True
하남주공(2단지),29200-39,1991,25.07~27.07,신규,3,7,2025,300,38.64,9,1571-1,38,,,월곡산정로 12,0,00012,00000,3163042,1,12330,12330,우산동,,광산구,12330,아파트,전월세,202507,아파트 전월세,,,,,,광산구|우산동|1571-1|월곡산정로 12|00012|00000,35.1651071402315,126.803686058,광주광역시 광산구 우산동 1571-1,전남광주통합특별시 광산구 월곡산정로 12,광산구,우산동,1233058000,성공,광산구,우산동,True,광산구 우산동,광산구 우산동,300,38,38.64,광산구 월곡산정로 12,True
아름마을휴먼시아1단지,29200-247,2009,25.09~27.08,갱신,16,7,2025,"2,221",39.48,4,1061,12,"2,057",11,수등로123번길 70,0,00070,00000,4289327,1,12330,12330,신가동,,광산구,12330,아파트,전월세,202507,아파트 전월세,,,,,,광산구|신가동|1061|수등로123번길 70|00070|00000,35.1858460602035,126.824527935674,광주광역시 광산구 신가동 1061,전남광주통합특별시 광산구 수등로123번길 70,광산구,수완동,1233063700,성공,광산구,수완동,True,광산구 수완동,광산구 수완동,2221,12,39.48,광산구 수등로123번길 70,True
광주수완7신완마을휴먼시아,29200-264,2011,25.08~27.07,갱신,18,7,2025,"3,283",39.25,5,1037,8,"2,692",11,풍영로329번길 50,0,00050,00000,4289681,1,12330,12330,장덕동,,광산구,12330,아파트,전월세,202507,아파트 전월세,,,,,,광산구|장덕동|1037|풍영로329번길 50|00050|00000,35.2014118295745,126.812869241031,광주광역시 광산구 장덕동 1037,전남광주통합특별시 광산구 풍영로329번길 50,광산구,수완동,1233063700,성공,광산구,수완동,True,광산구 수완동,광산구 수완동,3283,8,39.25,광산구 풍영로329번길 50,True
아름마을휴먼시아3단지,29200-260,2009,25.09~27.08,갱신,17,7,2025,"3,139",39.48,10,1202,7,"2,041",11,하남대로261번길 11,0,00011,00000,4289685,1,12330,12330,신가동,,광산구,12330,아파트,전월세,202507,아파트 전월세,,,,,,광산구|신가동|1202|하남대로261번길 11|00011|00000,35.1803936905995,126.820478944492,광주광역시 광산구 신가동 1202,전남광주통합특별시 광산구 하남대로261번길 11,광산구,수완동,1233063700,성공,광산구,수완동,True,광산구 수완동,광산구 수완동,3139,7,39.48,광산구 하남대로261번길 11,True
아름마을휴먼시아2단지,29200-248,2009,25.08~27.07,갱신,17,7,2025,"2,356",39.72,7,1064,11,"2,293",11,수등로123번길 22,0,00022,00000,4289327,1,12330,12330,신가동,,광산구,12330,아파트,전월세,202507,아파트 전월세,,,,,,광산구|신가동|1064|수등로123번길 22|00022|00000,35.1842119227205,126.82398140206,광주광역시 광산구 신가동 1064,전남광주통합특별시 광산구 수등로123번길 22,광산구,수완동,1233063700,성공,광산구,수완동,True,광산구 수완동,광산구 수완동,2356,11,39.72,광산구 수등로123번길 22,True
에이엠시티5차,29200-307,2013,25.07~26.07,신규,17,7,2025,500,33.1446,3,682-1,55,,,임방울대로825번길 19,0,00019,00000,4289554,1,12330,12330,쌍암동,,광산구,12330,아파트,전월세,202507,아파트 전월세,,,,,,광산구|쌍암동|682-1|임방울대로825번길 19|00019|00000,35.2187157362366,126.847688221979,광주광역시 광산구 쌍암동 682-1,전남광주통합특별시 광산구 임방울대로825번길 19,광산구,첨단1동,1233062400,성공,광산구,첨단1동,True,광산구 첨단1동,광산구 첨단1동,500,55,33.1446,광산구 임방울대로825번길 19,True
아름마을휴먼시아1단지,29200-247,2009,25.08~27.07,갱신,17,7,2025,"2,156",39.72,1,1061,12,"2,156",12,수등로123번길 70,0,00070,00000,4289327,1,12330,12330,신가동,,광산구,12330,아파트,전월세,202507,아파트 전월세,,,,,,광산구|신가동|1061|수등로123번길 70|00070|00000,35.1858460602035,126.824527935674,광주광역시 광산구 신가동 1061,전남광주통합특별시 광산구 수등로123번길 70,광산구,수완동,1233063700,성공,광산구,수완동,True,광산구 수완동,광산구 수완동,2156,12,39.72,광산구 수등로123번길 70,True
광주수완7신완마을휴먼시아,29200-264,2011,25.07~27.07,갱신,17,7,2025,"3,075",39.25,1,1037,6,"2,075",12,풍영로329번길 50,0,00050,00000,4289681,1,12330,12330,장덕동,,광산구,12330,아파트,전월세,202507,아파트 전월세,,,,,,광산구|장덕동|1037|풍영로329번길 50|00050|00000,35.2014118295745,126.812869241031,광주광역시 광산구 장덕동 1037,전남광주통합특별시 광산구 풍영로329번길 50,광산구,수완동,1233063700,성공,광산구,수완동,True,광산구 수완동,광산구 수완동,3075,6,39.25,광산구 풍영로329번길 50,True
첨단도휘에드가2차,29200-350,2015,25.07~26.02,신규,4,7,2025,300,19.13,6,694-70,45,,,월계로 223-20,0,00223,00020,3163039,1,12330,12330,쌍암동,,광산구,12330,아파트,전월세,202507,아파트 전월세,,,,,,광산구|쌍암동|694-70|월계로 223-20|00223|00020,35.2153858800186,126.850509647451,광주광역시 광산구 쌍암동 694-70,전남광주통합특별시 광산구 월계로 223-20,광산구,첨단2동,1233062600,성공,북구,첨단2동,True,광산구 첨단2동,북구 첨단2동,300,45,19.13,광산구 월계로 223-20,True
첨단도휘에드가2차,29200-350,2015,25.07~26.02,신규,4,7,2025,300,19.69,13,694-70,45,,,월계로 223-20,0,00223,00020,3163039,1,12330,12330,쌍암동,,광산구,12330,아파트,전월세,202507,아파트 전월세,,,,,,광산구|쌍암동|694-70|월계로 223-20|00223|00020,35.2153858800186,126.850509647451,광주광역시 광산구 쌍암동 694-70,전남광주통합특별시 광산구 월계로 223-20,광산구,첨단2동,1233062600,성공,북구,첨단2동,True,광산구 첨단2동,북구 첨단2동,300,45,19.69,광산구 월계로 223-20,True
첨단도휘에드가2차,29200-350,2015,25.07~26.02,신규,4,7,2025,300,19.69,7,694-70,47,,,월계로 223-20,0,00223,00020,3163039,1,12330,12330,쌍암동,,광산구,12330,아파트,전월세,202507,아파트 전월세,,,,,,광산구|쌍암동|694-70|월계로 223-20|00223|00020,35.2153858800186,126.850509647451,광주광역시 광산구 쌍암동 694-70,전남광주통합특별시 광산구 월계로 223-20,광산구,첨단2동,1233062600,성공,북구,첨단2동,True,광산구 첨단2동,북구 첨단2동,300,47,19.69,광산구 월계로 223-20,True
첨단도휘에드가2차,29200-350,2015,25.07~26.02,신규,4,7,2025,300,19.69,6,694-70,45,,,월계로 223-20,0,00223,00020,3163039,1,12330,12330,쌍암동,,광산구,12330,아파트,전월세,202507,아파트 전월세,,,,,,광산구|쌍암동|694-70|월계로 223-20|00223|00020,35.2153858800186,126.850509647451,광주광역시 광산구 쌍암동 694-70,전남광주통합특별시 광산구 월계로 223-20,광산구,첨단2동,1233062600,성공,북구,첨단2동,True,광산구 첨단2동,북구 첨단2동,300,45,19.69,광산구 월계로 223-20,True
아름마을휴먼시아1단지,29200-247,2009,25.07~27.08,신규,16,7,2025,"2,156",39.48,9,1061,12,,,수등로123번길 70,0,00070,00000,4289327,1,12330,12330,신가동,,광산구,12330,아파트,전월세,202507,아파트 전월세,,,,,,광산구|신가동|1061|수등로123번길 70|00070|00000,35.1858460602035,126.824527935674,광주광역시 광산구 신가동 1061,전남광주통합특별시 광산구 수등로123번길 70,광산구,수완동,1233063700,성공,광산구,수완동,True,광산구 수완동,광산구 수완동,2156,12,39.48,광산구 수등로123번길 70,True
아름마을휴먼시아1단지,29200-247,2009,25.08~27.07,갱신,2,7,2025,"2,828",46.9,13,1061,15,"2,828",13,수등로123번길 70,0,00070,00000,4289327,1,12330,12330,신가동,,광산구,12330,아파트,전월세,202507,아파트 전월세,,,,,,광산구|신가동|1061|수등로123번길 70|00070|00000,35.1858460602035,126.824527935674,광주광역시 광산구 신가동 1061,전남광주통합특별시 광산구 수등로123번길 70,광산구,수완동,1233063700,성공,광산구,수완동,True,광산구 수완동,광산구 수완동,2828,15,46.9,광산구 수등로123번길 70,True
첨단AM-City스카이하이2차,29200-338,2015,25.07~26.07,신규,12,7,2025,300,19.2584,7,878-4,37,,,첨단중앙로106번길 65-11,0,00065,00011,4289610,0,12330,12330,월계동,,광산구,12330,아파트,전월세,202507,아파트 전월세,,,,,,광산구|월계동|878-4|첨단중앙로106번길 65-11|00065|00011,35.2158649451099,126.846545140704,광주광역시 광산구 월계동 878-4,전남광주통합특별시 광산구 첨단중앙로106번길 65-11,광산구,첨단2동,1233062600,성공,북구,첨단2동,True,광산구 첨단2동,북구 첨단2동,300,37,19.2584,광산구 첨단중앙로106번길 65-11,True
아름마을휴먼시아2단지,29200-248,2009,25.08~27.07,갱신,15,7,2025,"2,830",46.9,7,1064,15,,15,수등로123번길 22,0,00022,00000,4289327,1,12330,12330,신가동,,광산구,12330,아파트,전월세,202507,아파트 전월세,,,,,,광산구|신가동|1064|수등로123번길 22|00022|00000,35.1842119227205,126.82398140206,광주광역시 광산구 신가동 1064,전남광주통합특별시 광산구 수등로123번길 22,광산구,수완동,1233063700,성공,광산구,수완동,True,광산구 수완동,광산구 수완동,2830,15,46.9,광산구 수등로123번길 22,True
광주수완6신완마을휴먼시아,29200-263,2010,25.08~27.07,갱신,4,7,2025,"3,224",46.9,20,1044,13,15,12,풍영로329번길 51,0,00051,00000,4289681,1,12330,12330,장덕동,,광산구,12330,아파트,전월세,202507,아파트 전월세,,,,,,광산구|장덕동|1044|풍영로329번길 51|00051|00000,35.1993201857989,126.811785931546,광주광역시 광산구 장덕동 1044,전남광주통합특별시 광산구 풍영로329번길 51,광산구,수완동,1233063700,성공,광산구,수완동,True,광산구 수완동,광산구 수완동,3224,13,46.9,광산구 풍영로329번길 51,True
아름마을휴먼시아2단지,29200-248,2009,25.07~27.06,갱신,2,7,2025,"4,004",51.93,7,1064,16,"3,843",15,수등로123번길 22,0,00022,00000,4289327,1,12330,12330,신가동,,광산구,12330,아파트,전월세,202507,아파트 전월세,,,,,,광산구|신가동|1064|수등로123번길 22|00022|00000,35.1842119227205,126.82398140206,광주광역시 광산구 신가동 1064,전남광주통합특별시 광산구 수등로123번길 22,광산구,수완동,1233063700,성공,광산구,수완동,True,광산구 수완동,광산구 수완동,4004,16,51.93,광산구 수등로123번길 22,True
아름마을휴먼시아1단지,29200-247,2009,25.08~27.07,갱신,15,7,2025,"4,905",51.93,1,1061,26,"3,742",26,수등로123번길 70,0,00070,00000,4289327,1,12330,12330,신가동,,광산구,12330,아파트,전월세,202507,아파트 전월세,,,,,,광산구|신가동|1061|수등로123번길 70|00070|00000,35.1858460602035,126.824527935674,광주광역시 광산구 신가동 1061,전남광주통합특별시 광산구 수등로123번길 70,광산구,수완동,1233063700,성공,광산구,수완동,True,광산구 수완동,광산구 수완동,4905,26,51.93,광산구 수등로123번길 70,True
에이엠시티5차,29200-307,2013,25.07~26.07,신규,12,7,2025,300,19.1284,3,682-1,38,,,임방울대로825번길 19,0,00019,00000,4289554,1,12330,12330,쌍암동,,광산구,12330,아파트,전월세,202507,아파트 전월세,,,,,,광산구|쌍암동|682-1|임방울대로825번길 19|00019|00000,35.2187157362366,126.847688221979,광주광역시 광산구 쌍암동 682-1,전남광주통합특별시 광산구 임방울대로825번길 19,광산구,첨단1동,1233062400,성공,광산구,첨단1동,True,광산구 첨단1동,광산구 첨단1동,300,38,19.1284,광산구 임방울대로825번길 19,True
광주수완7신완마을휴먼시아,29200-264,2011,25.06~27.07,신규,14,7,2025,"4,224",46.9,14,1037,7,,,풍영로329번길 50,0,00050,00000,4289681,1,12330,12330,장덕동,,광산구,12330,아파트,전월세,202507,아파트 전월세,,,,,,광산구|장덕동|1037|풍영로329번길 50|00050|00000,35.2014118295745,126.812869241031,광주광역시 광산구 장덕동 1037,전남광주통합특별시 광산구 풍영로329번길 50,광산구,수완동,1233063700,성공,광산구,수완동,True,광산구 수완동,광산구 수완동,4224,7,46.9,광산구 풍영로329번길 50,True
아름마을휴먼시아2단지,29200-248,2009,25.08~27.07,갱신,14,7,2025,"3,504",51.93,2,1064,19,"3,570",19,수등로123번길 22,0,00022,00000,4289327,1,12330,12330,신가동,,광산구,12330,아파트,전월세,202507,아파트 전월세,,,,,,광산구|신가동|1064|수등로123번길 22|00022|00000,35.1842119227205,126.82398140206,광주광역시 광산구 신가동 1064,전남광주통합특별시 광산구 수등로123번길 22,광산구,수완동,1233063700,성공,광산구,수완동,True,광산구 수완동,광산구 수완동,3504,19,51.93,광산구 수등로123번길 22,True
아름마을휴먼시아2단지,29200-248,2009,25.08~27.07,갱신,11,7,2025,"2,830",46.9,7,1064,15,"2,287",12,수등로123번길 22,0,00022,00000,4289327,1,12330,12330,신가동,,광산구,12330,아파트,전월세,202507,아파트 전월세,,,,,,광산구|신가동|1064|수등로123번길 22|00022|00000,35.1842119227205,126.82398140206,광주광역시 광산구 신가동 1064,전남광주통합특별시 광산구 수등로123번길 22,광산구,수완동,1233063700,성공,광산구,수완동,True,광산구 수완동,광산구 수완동,2830,15,46.9,광산구 수등로123번길 22,True
광주수완6신완마을휴먼시아,29200-263,2010,25.06~27.07,갱신,11,7,2025,"4,251",46.9,1,1044,6,"2,751",15,풍영로329번길 51,0,00051,00000,4289681,1,12330,12330,장덕동,,광산구,12330,아파트,전월세,202507,아파트 전월세,,,,,,광산구|장덕동|1044|풍영로329번길 51|00051|00000,35.1993201857989,126.811785931546,광주광역시 광산구 장덕동 1044,전남광주통합특별시 광산구 풍영로329번길 51,광산구,수완동,1233063700,성공,광산구,수완동,True,광산구 수완동,광산구 수완동,4251,6,46.9,광산구 풍영로329번길 51,True
아름마을휴먼시아1단지,29200-247,2009,25.08~27.07,갱신,11,7,2025,"2,156",39.72,12,1061,12,"2,156",12,수등로123번길 70,0,00070,00000,4289327,1,12330,12330,신가동,,광산구,12330,아파트,전월세,202507,아파트 전월세,,,,,,광산구|신가동|1061|수등로123번길 70|00070|00000,35.1858460602035,126.824527935674,광주광역시 광산구 신가동 1061,전남광주통합특별시 광산구 수등로123번길 70,광산구,수완동,1233063700,성공,광산구,수완동,True,광산구 수완동,광산구 수완동,2156,12,39.72,광산구 수등로123번길 70,True
광주첨단엘에이치3단지,29200-424,2020,25.07~27.05,갱신,10,7,2025,"3,856",26.97,6,869-2,14,556,14,임방울대로800번길 11-5,,00011,00005,4289552,0,12330,12330,월계동,,광산구,12330,아파트,전월세,202507,아파트 전월세,,,,,,광산구|월계동|869-2|임방울대로800번길 11-5|00011|00005,35.2172126334807,126.846821692809,광주광역시 광산구 월계동 869-2,전남광주통합특별시 광산구 임방울대로800번길 11-5,광산구,첨단2동,1233062600,성공,북구,첨단2동,True,광산구 첨단2동,북구 첨단2동,3856,14,26.97,광산구 임방울대로800번길 11-5,True
광주첨단엘에이치3단지,29200-424,2020,25.07~27.05,갱신,10,7,2025,"2,556",26.97,6,869-2,14,556,20,임방울대로800번길 11-5,,00011,00005,4289552,0,12330,12330,월계동,,광산구,12330,아파트,전월세,202507,아파트 전월세,,,,,,광산구|월계동|869-2|임방울대로800번길 11-5|00011|00005,35.2172126334807,126.846821692809,광주광역시 광산구 월계동 869-2,전남광주통합특별시 광산구 임방울대로800번길 11-5,광산구,첨단2동,1233062600,성공,북구,첨단2동,True,광산구 첨단2동,북구 첨단2동,2556,14,26.97,광산구 임방울대로800번길 11-5,True
에이엠시티5차,29200-307,2013,25.07~27.07,신규,9,7,2025,"1,000",33.1446,9,682-1,50,,,임방울대로825번길 19,0,00019,00000,4289554,1,12330,12330,쌍암동,,광산구,12330,아파트,전월세,202507,아파트 전월세,,,,,,광산구|쌍암동|682-1|임방울대로825번길 19|00019|00000,35.2187157362366,126.847688221979,광주광역시 광산구 쌍암동 682-1,전남광주통합특별시 광산구 임방울대로825번길 19,광산구,첨단1동,1233062400,성공,광산구,첨단1동,True,광산구 첨단1동,광산구 첨단1동,1000,50,33.1446,광산구 임방울대로825번길 19,True
하남주공(2단지),29200-39,1991,25.08~27.08,신규,5,7,2025,500,44.52,4,1571-1,40,,,월곡산정로 12,0,00012,00000,3163042,1,12330,12330,우산동,,광산구,12330,아파트,전월세,202507,아파트 전월세,,,,,,광산구|우산동|1571-1|월곡산정로 12|00012|00000,35.1651071402315,126.803686058,광주광역시 광산구 우산동 1571-1,전남광주통합특별시 광산구 월곡산정로 12,광산구,우산동,1233058000,성공,광산구,우산동,True,광산구 우산동,광산구 우산동,500,40,44.52,광산구 월곡산정로 12,True
광주수완7신완마을휴먼시아,29200-264,2011,25.09~27.08,갱신,8,7,2025,"2,724",46.9,11,1037,15,"2,309",13,풍영로329번길 50,0,00050,00000,4289681,1,12330,12330,장덕동,,광산구,12330,아파트,전월세,202507,아파트 전월세,,,,,,광산구|장덕동|1037|풍영로329번길 50|00050|00000,35.2014118295745,126.812869241031,광주광역시 광산구 장덕동 1037,전남광주통합특별시 광산구 풍영로329번길 50,광산구,수완동,1233063700,성공,광산구,수완동,True,광산구 수완동,광산구 수완동,2724,15,46.9,광산구 풍영로329번길 50,True
첨단도휘에드가2차,29200-350,2015,25.08~27.08,신규,4,7,2025,"4,950",19.13,9,694-70,0,,,월계로 223-20,0,00223,00020,3163039,1,12330,12330,쌍암동,,광산구,12330,아파트,전월세,202507,아파트 전월세,,,,,,광산구|쌍암동|694-70|월계로 223-20|00223|00020,35.2153858800186,126.850509647451,광주광역시 광산구 쌍암동 694-70,전남광주통합특별시 광산구 월계로 223-20,광산구,첨단2동,1233062600,성공,북구,첨단2동,True,광산구 첨단2동,북구 첨단2동,4950,0,19.13,광산구 월계로 223-20,True
첨단AM-City,29200-273,2012,25.07~26.07,신규,5,7,2025,300,19.1513,9,884-2,33,,,첨단중앙로106번길 65-4,0,00065,00004,4289610,1,12330,12330,월계동,,광산구,12330,아파트,전월세,202507,아파트 전월세,,,,,,광산구|월계동|884-2|첨단중앙로106번길 65-4|00065|00004,35.215133360486,126.847005173109,광주광역시 광산구 월계동 884-2,전남광주통합특별시 광산구 첨단중앙로106번길 65-4,광산구,첨단2동,1233062600,성공,북구,첨단2동,True,광산구 첨단2동,북구 첨단2동,300,33,19.1513,광산구 첨단중앙로106번길 65-4,True
아름마을휴먼시아2단지,29200-248,2009,25.08~27.07,갱신,7,7,2025,"3,430",46.9,10,1064,11,"2,830",11,수등로123번길 22,0,00022,00000,4289327,1,12330,12330,신가동,,광산구,12330,아파트,전월세,202507,아파트 전월세,,,,,,광산구|신가동|1064|수등로123번길 22|00022|00000,35.1842119227205,126.82398140206,광주광역시 광산구 신가동 1064,전남광주통합특별시 광산구 수등로123번길 22,광산구,수완동,1233063700,성공,광산구,수완동,True,광산구 수완동,광산구 수완동,3430,11,46.9,광산구 수등로123번길 22,True
아름마을휴먼시아2단지,29200-248,2009,25.04~27.03,갱신,7,7,2025,"4,130",46.9,14,1064,9,"2,700",15,수등로123번길 22,0,00022,00000,4289327,1,12330,12330,신가동,,광산구,12330,아파트,전월세,202507,아파트 전월세,,,,,,광산구|신가동|1064|수등로123번길 22|00022|00000,35.1842119227205,126.82398140206,광주광역시 광산구 신가동 1064,전남광주통합특별시 광산구 수등로123번길 22,광산구,수완동,1233063700,성공,광산구,수완동,True,광산구 수완동,광산구 수완동,4130,9,46.9,광산구 수등로123번길 22,True
고실마을휴먼시아8단지,29200-262,2010,25.08~27.07,갱신,7,7,2025,"2,075",39.25,2,1098,12,"1,982",11,풍영로330번길 15,0,00015,00000,4289682,1,12330,12330,장덕동,,광산구,12330,아파트,전월세,202507,아파트 전월세,,,,,,광산구|장덕동|1098|풍영로330번길 15|00015|00000,35.2015313255941,126.816684307953,광주광역시 광산구 장덕동 1098,전남광주통합특별시 광산구 풍영로330번길 15,광산구,수완동,1233063700,성공,광산구,수완동,True,광산구 수완동,광산구 수완동,2075,12,39.25,광산구 풍영로330번길 15,True
광주수완6신완마을휴먼시아,29200-263,2010,25.06~27.07,신규,7,7,2025,"5,206",51.26,18,1044,8,,,풍영로329번길 51,0,00051,00000,4289681,1,12330,12330,장덕동,,광산구,12330,아파트,전월세,202507,아파트 전월세,,,,,,광산구|장덕동|1044|풍영로329번길 51|00051|00000,35.1993201857989,126.811785931546,광주광역시 광산구 장덕동 1044,전남광주통합특별시 광산구 풍영로329번길 51,광산구,수완동,1233063700,성공,광산구,수완동,True,광산구 수완동,광산구 수완동,5206,8,51.26,광산구 풍영로329번길 51,True
광주수완6신완마을휴먼시아,29200-263,2010,25.07~27.07,신규,7,7,2025,"5,206",51.82,4,1044,8,,,풍영로329번길 51,0,00051,00000,4289681,1,12330,12330,장덕동,,광산구,12330,아파트,전월세,202507,아파트 전월세,,,,,,광산구|장덕동|1044|풍영로329번길 51|00051|00000,35.1993201857989,126.811785931546,광주광역시 광산구 장덕동 1044,전남광주통합특별시 광산구 풍영로329번길 51,광산구,수완동,1233063700,성공,광산구,수완동,True,광산구 수완동,광산구 수완동,5206,8,51.82,광산구 풍영로329번길 51,True
아름마을휴먼시아2단지,29200-248,2009,25.08~27.07,갱신,4,7,2025,"5,404",51.93,11,1064,9,"3,504",19,수등로123번길 22,0,00022,00000,4289327,1,12330,12330,신가동,,광산구,12330,아파트,전월세,202507,아파트 전월세,,,,,,광산구|신가동|1064|수등로123번길 22|00022|00000,35.1842119227205,126.82398140206,광주광역시 광산구 신가동 1064,전남광주통합특별시 광산구 수등로123번길 22,광산구,수완동,1233063700,성공,광산구,수완동,True,광산구 수완동,광산구 수완동,5404,9,51.93,광산구 수등로123번길 22,True
광주첨단엘에이치2단지,29200-426,2020,25.06~27.07,갱신,4,7,2025,"1,981",16.8,9,683-2,6,"1,581",9,임방울대로825번길 9,0,00009,00000,4289554,0,12330,12330,쌍암동,,광산구,12330,아파트,전월세,202507,아파트 전월세,,,,,,광산구|쌍암동|683-2|임방울대로825번길 9|00009|00000,35.218229827909,126.848341882075,광주광역시 광산구 쌍암동 683-2,전남광주통합특별시 광산구 임방울대로825번길 9,광산구,첨단1동,1233062400,성공,광산구,첨단1동,True,광산구 첨단1동,광산구 첨단1동,1981,6,16.8,광산구 임방울대로825번길 9,True
광주수완6신완마을휴먼시아,29200-263,2010,25.06~27.07,신규,4,7,2025,"5,206",51.82,11,1044,8,,,풍영로329번길 51,0,00051,00000,4289681,1,12330,12330,장덕동,,광산구,12330,아파트,전월세,202507,아파트 전월세,,,,,,광산구|장덕동|1044|풍영로329번길 51|00051|00000,35.1993201857989,126.811785931546,광주광역시 광산구 장덕동 1044,전남광주통합특별시 광산구 풍영로329번길 51,광산구,수완동,1233063700,성공,광산구,수완동,True,광산구 수완동,광산구 수완동,5206,8,51.82,광산구 풍영로329번길 51,True
아름마을휴먼시아1단지,29200-247,2009,25.07~27.07,신규,4,7,2025,"4,328",46.9,4,1061,7,,,수등로123번길 70,0,00070,00000,4289327,1,12330,12330,신가동,,광산구,12330,아파트,전월세,202507,아파트 전월세,,,,,,광산구|신가동|1061|수등로123번길 70|00070|00000,35.1858460602035,126.824527935674,광주광역시 광산구 신가동 1061,전남광주통합특별시 광산구 수등로123번길 70,광산구,수완동,1233063700,성공,광산구,수완동,True,광산구 수완동,광산구 수완동,4328,7,46.9,광산구 수등로123번길 70,True
아름마을휴먼시아2단지,29200-248,2009,25.08~27.07,갱신,3,7,2025,"2,830",46.9,10,1064,15,"2,830",14,수등로123번길 22,0,00022,00000,4289327,1,12330,12330,신가동,,광산구,12330,아파트,전월세,202507,아파트 전월세,,,,,,광산구|신가동|1064|수등로123번길 22|00022|00000,35.1842119227205,126.82398140206,광주광역시 광산구 신가동 1064,전남광주통합특별시 광산구 수등로123번길 22,광산구,수완동,1233063700,성공,광산구,수완동,True,광산구 수완동,광산구 수완동,2830,15,46.9,광산구 수등로123번길 22,True
고실마을휴먼시아8단지,29200-262,2010,25.08~27.07,갱신,2,7,2025,"3,096",39.96,11,1098,7,"3,002",6,풍영로330번길 15,0,00015,00000,4289682,1,12330,12330,장덕동,,광산구,12330,아파트,전월세,202507,아파트 전월세,,,,,,광산구|장덕동|1098|풍영로330번길 15|00015|00000,35.2015313255941,126.816684307953,광주광역시 광산구 장덕동 1098,전남광주통합특별시 광산구 풍영로330번길 15,광산구,수완동,1233063700,성공,광산구,수완동,True,광산구 수완동,광산구 수완동,3096,7,39.96,광산구 풍영로330번길 15,True
충장고운라피네,29110-348,2017,25.09~26.09,신규,26,8,2025,"1,000",49.831,3,34,65,,,충장로58번길 14,,00014,00000,4277237,0,12210,12210,충장로4가,,동구,12210,아파트,전월세,202508,아파트 전월세,,,,,,동구|충장로4가|34|충장로58번길 14|00014|00000,35.1493869644374,126.913097129313,광주광역시 동구 충장로4가 34,전남광주통합특별시 동구 충장로58번길 14,동구,충장동,1221052500,성공,동구,충장동,True,동구 충장동,동구 충장동,1000,65,49.831,동구 충장로58번길 14,True
AM-City하이클래스,29110-324,2014,25.08~26.08,신규,8,8,2025,500,17.67,15,154-1,38,,,금남로 185,0,00185,00000,3009019,1,12210,12210,금남로5가,,동구,12210,아파트,전월세,202508,아파트 전월세,,,,,,동구|금남로5가|154-1|금남로 185|00185|00000,35.1517659240292,126.913725421103,광주광역시 동구 금남로5가 154-1,전남광주통합특별시 동구 금남로 185,동구,충장동,1221052500,성공,동구,충장동,True,동구 충장동,동구 충장동,500,38,17.67,동구 금남로 185,True
AM-City하이클래스,29110-324,2014,25.09~27.09,신규,20,8,2025,"5,400",15.1697,7,154-1,0,,,금남로 185,0,00185,00000,3009019,1,12210,12210,금남로5가,,동구,12210,아파트,전월세,202508,아파트 전월세,,,,,,동구|금남로5가|154-1|금남로 185|00185|00000,35.1517659240292,126.913725421103,광주광역시 동구 금남로5가 154-1,전남광주통합특별시 동구 금남로 185,동구,충장동,1221052500,성공,동구,충장동,True,동구 충장동,동구 충장동,5400,0,15.1697,동구 금남로 185,True
AM-City하이클래스,29110-324,2014,25.10~26.03,신규,18,8,2025,300,15.1697,6,154-1,35,,,금남로 185,0,00185,00000,3009019,1,12210,12210,금남로5가,,동구,12210,아파트,전월세,202508,아파트 전월세,,,,,,동구|금남로5가|154-1|금남로 185|00185|00000,35.1517659240292,126.913725421103,광주광역시 동구 금남로5가 154-1,전남광주통합특별시 동구 금남로 185,동구,충장동,1221052500,성공,동구,충장동,True,동구 충장동,동구 충장동,300,35,15.1697,동구 금남로 185,True
충장고운라피네,29110-348,2017,25.08~27.08,신규,20,8,2025,"1,000",49.831,6,34,70,,,충장로58번길 14,,00014,00000,4277237,0,12210,12210,충장로4가,,동구,12210,아파트,전월세,202508,아파트 전월세,,,,,,동구|충장로4가|34|충장로58번길 14|00014|00000,35.1493869644374,126.913097129313,광주광역시 동구 충장로4가 34,전남광주통합특별시 동구 충장로58번길 14,동구,충장동,1221052500,성공,동구,충장동,True,동구 충장동,동구 충장동,1000,70,49.831,동구 충장로58번길 14,True
AM-City하이클래스,29110-324,2014,25.08~26.08,신규,8,8,2025,500,15.1697,6,154-1,35,,,금남로 185,0,00185,00000,3009019,1,12210,12210,금남로5가,,동구,12210,아파트,전월세,202508,아파트 전월세,,,,,,동구|금남로5가|154-1|금남로 185|00185|00000,35.1517659240292,126.913725421103,광주광역시 동구 금남로5가 154-1,전남광주통합특별시 동구 금남로 185,동구,충장동,1221052500,성공,동구,충장동,True,동구 충장동,동구 충장동,500,35,15.1697,동구 금남로 185,True
AM-City하이클래스,29110-324,2014,25.08~26.08,신규,2,8,2025,500,15.1697,9,154-1,34,,,금남로 185,0,00185,00000,3009019,1,12210,12210,금남로5가,,동구,12210,아파트,전월세,202508,아파트 전월세,,,,,,동구|금남로5가|154-1|금남로 185|00185|00000,35.1517659240292,126.913725421103,광주광역시 동구 금남로5가 154-1,전남광주통합특별시 동구 금남로 185,동구,충장동,1221052500,성공,동구,충장동,True,동구 충장동,동구 충장동,500,34,15.1697,동구 금남로 185,True
농성동유탑유블레스,29140-335,2012,25.08~26.08,신규,1,8,2025,300,19.7906,5,112-1,35,,,경열로45번길 13,0,00013,00000,4280012,1,12240,12240,농성동,,서구,12240,아파트,전월세,202508,아파트 전월세,,,,,,서구|농성동|112-1|경열로45번길 13|00013|00000,35.1522648956668,126.891494681592,광주광역시 서구 농성동 112-1,전남광주통합특별시 서구 경열로45번길 13,서구,농성1동,1224065000,성공,서구,농성1동,True,서구 농성1동,서구 농성1동,300,35,19.7906,서구 경열로45번길 13,True
농성동유탑유블레스,29140-335,2012,25.09~27.09,신규,29,8,2025,300,19.7906,6,112-1,33,,,경열로45번길 13,0,00013,00000,4280012,1,12240,12240,농성동,,서구,12240,아파트,전월세,202508,아파트 전월세,,,,,,서구|농성동|112-1|경열로45번길 13|00013|00000,35.1522648956668,126.891494681592,광주광역시 서구 농성동 112-1,전남광주통합특별시 서구 경열로45번길 13,서구,농성1동,1224065000,성공,서구,농성1동,True,서구 농성1동,서구 농성1동,300,33,19.7906,서구 경열로45번길 13,True
농성동유탑유블레스,29140-335,2012,25.08~26.08,신규,22,8,2025,300,19.7906,11,112-1,35,,,경열로45번길 13,0,00013,00000,4280012,1,12240,12240,농성동,,서구,12240,아파트,전월세,202508,아파트 전월세,,,,,,서구|농성동|112-1|경열로45번길 13|00013|00000,35.1522648956668,126.891494681592,광주광역시 서구 농성동 112-1,전남광주통합특별시 서구 경열로45번길 13,서구,농성1동,1224065000,성공,서구,농성1동,True,서구 농성1동,서구 농성1동,300,35,19.7906,서구 경열로45번길 13,True
농성동유탑유블레스,29140-335,2012,25.08~26.08,신규,19,8,2025,300,19.7906,2,112-1,33,,,경열로45번길 13,0,00013,00000,4280012,1,12240,12240,농성동,,서구,12240,아파트,전월세,202508,아파트 전월세,,,,,,서구|농성동|112-1|경열로45번길 13|00013|00000,35.1522648956668,126.891494681592,광주광역시 서구 농성동 112-1,전남광주통합특별시 서구 경열로45번길 13,서구,농성1동,1224065000,성공,서구,농성1동,True,서구 농성1동,서구 농성1동,300,33,19.7906,서구 경열로45번길 13,True
농성동유탑유블레스,29140-335,2012,25.08~26.08,갱신,5,8,2025,300,19.7906,6,112-1,35,300,35,경열로45번길 13,0,00013,00000,4280012,1,12240,12240,농성동,,서구,12240,아파트,전월세,202508,아파트 전월세,,,,,,서구|농성동|112-1|경열로45번길 13|00013|00000,35.1522648956668,126.891494681592,광주광역시 서구 농성동 112-1,전남광주통합특별시 서구 경열로45번길 13,서구,농성1동,1224065000,성공,서구,농성1동,True,서구 농성1동,서구 농성1동,300,35,19.7906,서구 경열로45번길 13,True
농성동유탑유블레스,29140-335,2012,25.08~27.08,갱신,5,8,2025,300,19.7906,5,112-1,35,300,35,경열로45번길 13,0,00013,00000,4280012,1,12240,12240,농성동,사용,서구,12240,아파트,전월세,202508,아파트 전월세,,,,,,서구|농성동|112-1|경열로45번길 13|00013|00000,35.1522648956668,126.891494681592,광주광역시 서구 농성동 112-1,전남광주통합특별시 서구 경열로45번길 13,서구,농성1동,1224065000,성공,서구,농성1동,True,서구 농성1동,서구 농성1동,300,35,19.7906,서구 경열로45번길 13,True
효천엘에이치천년나무7단지,29155-391,2017,,,19,8,2025,"2,147",26.54,11,713,14,,,행암길 9,0,00009,00000,4283689,0,12270,12270,행암동,,남구,12270,아파트,전월세,202508,아파트 전월세,,,,,,남구|행암동|713|행암길 9|00009|00000,35.1026108867821,126.896298377775,광주광역시 남구 행암동 713,전남광주통합특별시 남구 행암길 9,남구,효덕동,1227071000,성공,남구,효덕동,True,남구 효덕동,남구 효덕동,2147,14,26.54,남구 행암길 9,True
광주효천1엘에이치3단지,29155-403,2020,,,22,8,2025,"3,715",44.97,17,731,20,,,효천중앙로 35,0,00035,00000,3351961,0,12270,12270,임암동,,남구,12270,아파트,전월세,202508,아파트 전월세,,,,,,남구|임암동|731|효천중앙로 35|00035|00000,35.1035679937987,126.87276883408,광주광역시 남구 임암동 731,전남광주통합특별시 남구 효천중앙로 35,남구,송암동,1227072000,성공,남구,송암동,True,남구 송암동,남구 송암동,3715,20,44.97,남구 효천중앙로 35,True
송화마을휴먼시아(진월3블럭주공),29155-304,2007,25.08~27.09,신규,26,8,2025,"3,237",51.93,8,731,18,,,효우로60번길 10,0,00010,00000,4283741,1,12270,12270,노대동,,남구,12270,아파트,전월세,202508,아파트 전월세,,,,,,남구|노대동|731|효우로60번길 10|00010|00000,35.1097155897455,126.903323235324,광주광역시 남구 노대동 731,전남광주통합특별시 남구 효우로60번길 10,남구,효덕동,1227071000,성공,남구,효덕동,True,남구 효덕동,남구 효덕동,3237,18,51.93,남구 효우로60번길 10,True
송화마을휴먼시아(진월3블럭주공),29155-304,2007,25.08~27.09,신규,26,8,2025,"2,698",46.9,2,731,14,,,효우로60번길 10,0,00010,00000,4283741,1,12270,12270,노대동,,남구,12270,아파트,전월세,202508,아파트 전월세,,,,,,남구|노대동|731|효우로60번길 10|00010|00000,35.1097155897455,126.903323235324,광주광역시 남구 노대동 731,전남광주통합특별시 남구 효우로60번길 10,남구,효덕동,1227071000,성공,남구,효덕동,True,남구 효덕동,남구 효덕동,2698,14,46.9,남구 효우로60번길 10,True
송화마을휴먼시아(진월3블럭주공),29155-304,2007,25.08~27.09,신규,26,8,2025,"2,698",46.9,2,731,14,,,효우로60번길 10,0,00010,00000,4283741,1,12270,12270,노대동,,남구,12270,아파트,전월세,202508,아파트 전월세,,,,,,남구|노대동|731|효우로60번길 10|00010|00000,35.1097155897455,126.903323235324,광주광역시 남구 노대동 731,전남광주통합특별시 남구 효우로60번길 10,남구,효덕동,1227071000,성공,남구,효덕동,True,남구 효덕동,남구 효덕동,2698,14,46.9,남구 효우로60번길 10,True
효천엘에이치천년나무7단지,29155-391,2017,25.08~27.09,신규,19,8,2025,"3,229",36.81,11,713,18,,,행암길 9,0,00009,00000,4283689,0,12270,12270,행암동,,남구,12270,아파트,전월세,202508,아파트 전월세,,,,,,남구|행암동|713|행암길 9|00009|00000,35.1026108867821,126.896298377775,광주광역시 남구 행암동 713,전남광주통합특별시 남구 행암길 9,남구,효덕동,1227071000,성공,남구,효덕동,True,남구 효덕동,남구 효덕동,3229,18,36.81,남구 행암길 9,True
광주효천1엘에이치1단지,29155-421,2021,25.08~27.09,신규,21,8,2025,"3,720",37.7,9,679,10,,,효천로 176,0,00176,00000,3351956,1,12270,12270,임암동,,남구,12270,아파트,전월세,202508,아파트 전월세,,,,,,남구|임암동|679|효천로 176|00176|00000,35.1076021714696,126.863505319348,광주광역시 남구 임암동 679,전남광주통합특별시 남구 효천로 176,남구,송암동,1227072000,성공,남구,송암동,True,남구 송암동,남구 송암동,3720,10,37.7,남구 효천로 176,True
효천엘에이치천년나무6단지아파트,29155-379,2016,25.10~27.09,신규,31,8,2025,"15,600",51.87,17,539,0,,,효우2로 90,0,00090,00000,3162075,1,12270,12270,행암동,,남구,12270,아파트,전월세,202508,아파트 전월세,,,,,,남구|행암동|539|효우2로 90|00090|00000,35.0991849700401,126.883590539706,광주광역시 남구 행암동 539,전남광주통합특별시 남구 효우2로 90,남구,송암동,1227072000,성공,남구,송암동,True,남구 송암동,남구 송암동,15600,0,51.87,남구 효우2로 90,True
광주효천1엘에이치1단지,29155-421,2021,25.09~27.08,갱신,31,8,2025,"1,003",37.7,20,679,22,950,22,효천로 176,0,00176,00000,3351956,1,12270,12270,임암동,,남구,12270,아파트,전월세,202508,아파트 전월세,,,,,,남구|임암동|679|효천로 176|00176|00000,35.1076021714696,126.863505319348,광주광역시 남구 임암동 679,전남광주통합특별시 남구 효천로 176,남구,송암동,1227072000,성공,남구,송암동,True,남구 송암동,남구 송암동,1003,22,37.7,남구 효천로 176,True
광주효천1엘에이치1단지,29155-421,2021,25.09~27.08,갱신,28,8,2025,"4,003",37.7,2,679,10,"3,950",9,효천로 176,0,00176,00000,3351956,1,12270,12270,임암동,,남구,12270,아파트,전월세,202508,아파트 전월세,,,,,,남구|임암동|679|효천로 176|00176|00000,35.1076021714696,126.863505319348,광주광역시 남구 임암동 679,전남광주통합특별시 남구 효천로 176,남구,송암동,1227072000,성공,남구,송암동,True,남구 송암동,남구 송암동,4003,10,37.7,남구 효천로 176,True
효천엘에이치천년나무7단지,29155-391,2017,25.08~27.09,신규,19,8,2025,888,44.78,5,713,33,,,행암길 9,0,00009,00000,4283689,0,12270,12270,행암동,,남구,12270,아파트,전월세,202508,아파트 전월세,,,,,,남구|행암동|713|행암길 9|00009|00000,35.1026108867821,126.896298377775,광주광역시 남구 행암동 713,전남광주통합특별시 남구 행암길 9,남구,효덕동,1227071000,성공,남구,효덕동,True,남구 효덕동,남구 효덕동,888,33,44.78,남구 행암길 9,True
효천엘에이치천년나무7단지,29155-391,2017,25.08~27.09,신규,19,8,2025,"2,326",26.54,12,713,13,,,행암길 9,0,00009,00000,4283689,0,12270,12270,행암동,,남구,12270,아파트,전월세,202508,아파트 전월세,,,,,,남구|행암동|713|행암길 9|00009|00000,35.1026108867821,126.896298377775,광주광역시 남구 행암동 713,전남광주통합특별시 남구 행암길 9,남구,효덕동,1227071000,성공,남구,효덕동,True,남구 효덕동,남구 효덕동,2326,13,26.54,남구 행암길 9,True
광주효천1엘에이치1단지,29155-421,2021,25.09~27.08,갱신,28,8,2025,984,46.91,25,679,32,"3,092",27,효천로 176,0,00176,00000,3351956,1,12270,12270,임암동,,남구,12270,아파트,전월세,202508,아파트 전월세,,,,,,남구|임암동|679|효천로 176|00176|00000,35.1076021714696,126.863505319348,광주광역시 남구 임암동 679,전남광주통합특별시 남구 효천로 176,남구,송암동,1227072000,성공,남구,송암동,True,남구 송암동,남구 송암동,984,32,46.91,남구 효천로 176,True
효천엘에이치천년나무7단지,29155-391,2017,25.08~27.09,신규,19,8,2025,"3,229",36.81,15,713,18,,,행암길 9,0,00009,00000,4283689,0,12270,12270,행암동,,남구,12270,아파트,전월세,202508,아파트 전월세,,,,,,남구|행암동|713|행암길 9|00009|00000,35.1026108867821,126.896298377775,광주광역시 남구 행암동 713,전남광주통합특별시 남구 행암길 9,남구,효덕동,1227071000,성공,남구,효덕동,True,남구 효덕동,남구 효덕동,3229,18,36.81,남구 행암길 9,True
광주효천1엘에이치1단지,29155-421,2021,25.09~27.08,갱신,27,8,2025,"4,003",37.7,5,679,10,"1,750",20,효천로 176,0,00176,00000,3351956,1,12270,12270,임암동,,남구,12270,아파트,전월세,202508,아파트 전월세,,,,,,남구|임암동|679|효천로 176|00176|00000,35.1076021714696,126.863505319348,광주광역시 남구 임암동 679,전남광주통합특별시 남구 효천로 176,남구,송암동,1227072000,성공,남구,송암동,True,남구 송암동,남구 송암동,4003,10,37.7,남구 효천로 176,True
광주효천1엘에이치1단지,29155-421,2021,25.09~27.08,갱신,26,8,2025,"3,684",46.91,3,679,25,"3,092",27,효천로 176,0,00176,00000,3351956,1,12270,12270,임암동,,남구,12270,아파트,전월세,202508,아파트 전월세,,,,,,남구|임암동|679|효천로 176|00176|00000,35.1076021714696,126.863505319348,광주광역시 남구 임암동 679,전남광주통합특별시 남구 효천로 176,남구,송암동,1227072000,성공,남구,송암동,True,남구 송암동,남구 송암동,3684,25,46.91,남구 효천로 176,True
광주효천1엘에이치1단지,29155-421,2021,25.09~27.08,갱신,25,8,2025,"4,003",37.7,7,679,10,"3,950",9,효천로 176,0,00176,00000,3351956,1,12270,12270,임암동,,남구,12270,아파트,전월세,202508,아파트 전월세,,,,,,남구|임암동|679|효천로 176|00176|00000,35.1076021714696,126.863505319348,광주광역시 남구 임암동 679,전남광주통합특별시 남구 효천로 176,남구,송암동,1227072000,성공,남구,송암동,True,남구 송암동,남구 송암동,4003,10,37.7,남구 효천로 176,True
효천엘에이치천년나무7단지,29155-391,2017,25.08~27.09,신규,19,8,2025,"2,326",26.54,14,713,13,,,행암길 9,0,00009,00000,4283689,0,12270,12270,행암동,,남구,12270,아파트,전월세,202508,아파트 전월세,,,,,,남구|행암동|713|행암길 9|00009|00000,35.1026108867821,126.896298377775,광주광역시 남구 행암동 713,전남광주통합특별시 남구 행암길 9,남구,효덕동,1227071000,성공,남구,효덕동,True,남구 효덕동,남구 효덕동,2326,13,26.54,남구 행암길 9,True
엘에이치송화마을8단지,29155-395,2018,25.08~27.08,갱신,25,8,2025,"4,688",36.72,8,825,7,"2,988",17,노대실로 9,0,00009,00000,3161003,0,12270,12270,노대동,,남구,12270,아파트,전월세,202508,아파트 전월세,,,,,,남구|노대동|825|노대실로 9|00009|00000,35.1088035081054,126.905394245253,광주광역시 남구 노대동 825,전남광주통합특별시 남구 노대실로 9,남구,효덕동,1227071000,성공,남구,효덕동,True,남구 효덕동,남구 효덕동,4688,7,36.72,남구 노대실로 9,True
광주효천1엘에이치1단지,29155-421,2021,25.09~27.08,갱신,22,8,2025,"1,803",37.7,12,679,21,"1,750",20,효천로 176,0,00176,00000,3351956,1,12270,12270,임암동,,남구,12270,아파트,전월세,202508,아파트 전월세,,,,,,남구|임암동|679|효천로 176|00176|00000,35.1076021714696,126.863505319348,광주광역시 남구 임암동 679,전남광주통합특별시 남구 효천로 176,남구,송암동,1227072000,성공,남구,송암동,True,남구 송암동,남구 송암동,1803,21,37.7,남구 효천로 176,True
광주효천1엘에이치1단지,29155-421,2021,25.08~27.09,신규,21,8,2025,"3,215",46.91,21,679,28,,,효천로 176,0,00176,00000,3351956,1,12270,12270,임암동,,남구,12270,아파트,전월세,202508,아파트 전월세,,,,,,남구|임암동|679|효천로 176|00176|00000,35.1076021714696,126.863505319348,광주광역시 남구 임암동 679,전남광주통합특별시 남구 효천로 176,남구,송암동,1227072000,성공,남구,송암동,True,남구 송암동,남구 송암동,3215,28,46.91,남구 효천로 176,True
엘에이치송화마을8단지,29155-395,2018,25.08~27.09,신규,21,8,2025,"2,988",36.72,11,825,17,,,노대실로 9,0,00009,00000,3161003,0,12270,12270,노대동,,남구,12270,아파트,전월세,202508,아파트 전월세,,,,,,남구|노대동|825|노대실로 9|00009|00000,35.1088035081054,126.905394245253,광주광역시 남구 노대동 825,전남광주통합특별시 남구 노대실로 9,남구,효덕동,1227071000,성공,남구,효덕동,True,남구 효덕동,남구 효덕동,2988,17,36.72,남구 노대실로 9,True
광주효천1엘에이치3단지,29155-403,2020,25.08~27.09,갱신,22,8,2025,715,44.97,13,731,28,"3,715",20,효천중앙로 35,0,00035,00000,3351961,0,12270,12270,임암동,,남구,12270,아파트,전월세,202508,아파트 전월세,,,,,,남구|임암동|731|효천중앙로 35|00035|00000,35.1035679937987,126.87276883408,광주광역시 남구 임암동 731,전남광주통합특별시 남구 효천중앙로 35,남구,송암동,1227072000,성공,남구,송암동,True,남구 송암동,남구 송암동,715,28,44.97,남구 효천중앙로 35,True
효천엘에이치천년나무7단지,29155-391,2017,25.08~27.09,신규,19,8,2025,"2,347",26.54,17,713,13,,,행암길 9,0,00009,00000,4283689,0,12270,12270,행암동,,남구,12270,아파트,전월세,202508,아파트 전월세,,,,,,남구|행암동|713|행암길 9|00009|00000,35.1026108867821,126.896298377775,광주광역시 남구 행암동 713,전남광주통합특별시 남구 행암길 9,남구,효덕동,1227071000,성공,남구,효덕동,True,남구 효덕동,남구 효덕동,2347,13,26.54,남구 행암길 9,True
광주효천1엘에이치1단지,29155-421,2021,25.09~27.08,갱신,21,8,2025,"4,003",37.7,21,679,10,"1,750",20,효천로 176,0,00176,00000,3351956,1,12270,12270,임암동,,남구,12270,아파트,전월세,202508,아파트 전월세,,,,,,남구|임암동|679|효천로 176|00176|00000,35.1076021714696,126.863505319348,광주광역시 남구 임암동 679,전남광주통합특별시 남구 효천로 176,남구,송암동,1227072000,성공,남구,송암동,True,남구 송암동,남구 송암동,4003,10,37.7,남구 효천로 176,True
광주효천1엘에이치1단지,29155-421,2021,25.08~27.09,신규,21,8,2025,"3,215",46.91,18,679,28,,,효천로 176,0,00176,00000,3351956,1,12270,12270,임암동,,남구,12270,아파트,전월세,202508,아파트 전월세,,,,,,남구|임암동|679|효천로 176|00176|00000,35.1076021714696,126.863505319348,광주광역시 남구 임암동 679,전남광주통합특별시 남구 효천로 176,남구,송암동,1227072000,성공,남구,송암동,True,남구 송암동,남구 송암동,3215,28,46.91,남구 효천로 176,True
효천엘에이치천년나무7단지,29155-391,2017,25.08~27.09,신규,19,8,2025,"2,326",26.54,1,713,13,,,행암길 9,0,00009,00000,4283689,0,12270,12270,행암동,,남구,12270,아파트,전월세,202508,아파트 전월세,,,,,,남구|행암동|713|행암길 9|00009|00000,35.1026108867821,126.896298377775,광주광역시 남구 행암동 713,전남광주통합특별시 남구 행암길 9,남구,효덕동,1227071000,성공,남구,효덕동,True,남구 효덕동,남구 효덕동,2326,13,26.54,남구 행암길 9,True
광주효천1엘에이치1단지,29155-421,2021,25.09~27.08,갱신,20,8,2025,"3,184",46.91,7,679,28,"3,092",27,효천로 176,0,00176,00000,3351956,1,12270,12270,임암동,,남구,12270,아파트,전월세,202508,아파트 전월세,,,,,,남구|임암동|679|효천로 176|00176|00000,35.1076021714696,126.863505319348,광주광역시 남구 임암동 679,전남광주통합특별시 남구 효천로 176,남구,송암동,1227072000,성공,남구,송암동,True,남구 송암동,남구 송암동,3184,28,46.91,남구 효천로 176,True
광주효천1엘에이치1단지,29155-421,2021,25.09~27.08,갱신,20,8,2025,"3,184",46.74,11,679,28,"3,092",27,효천로 176,0,00176,00000,3351956,1,12270,12270,임암동,,남구,12270,아파트,전월세,202508,아파트 전월세,,,,,,남구|임암동|679|효천로 176|00176|00000,35.1076021714696,126.863505319348,광주광역시 남구 임암동 679,전남광주통합특별시 남구 효천로 176,남구,송암동,1227072000,성공,남구,송암동,True,남구 송암동,남구 송암동,3184,28,46.74,남구 효천로 176,True
광주효천1엘에이치1단지,29155-421,2021,25.09~27.08,갱신,20,8,2025,"4,184",46.91,5,679,22,"3,092",27,효천로 176,0,00176,00000,3351956,1,12270,12270,임암동,,남구,12270,아파트,전월세,202508,아파트 전월세,,,,,,남구|임암동|679|효천로 176|00176|00000,35.1076021714696,126.863505319348,광주광역시 남구 임암동 679,전남광주통합특별시 남구 효천로 176,남구,송암동,1227072000,성공,남구,송암동,True,남구 송암동,남구 송암동,4184,22,46.91,남구 효천로 176,True
광주효천1엘에이치1단지,29155-421,2021,25.09~27.08,갱신,19,8,2025,"4,003",37.7,7,679,10,"3,870",8,효천로 176,0,00176,00000,3351956,1,12270,12270,임암동,,남구,12270,아파트,전월세,202508,아파트 전월세,,,,,,남구|임암동|679|효천로 176|00176|00000,35.1076021714696,126.863505319348,광주광역시 남구 임암동 679,전남광주통합특별시 남구 효천로 176,남구,송암동,1227072000,성공,남구,송암동,True,남구 송암동,남구 송암동,4003,10,37.7,남구 효천로 176,True
광주효천1엘에이치3단지,29155-403,2020,25.08~27.09,신규,19,8,2025,"1,306",16.76,8,731,7,,,효천중앙로 35,0,00035,00000,3351961,0,12270,12270,임암동,,남구,12270,아파트,전월세,202508,아파트 전월세,,,,,,남구|임암동|731|효천중앙로 35|00035|00000,35.1035679937987,126.87276883408,광주광역시 남구 임암동 731,전남광주통합특별시 남구 효천중앙로 35,남구,송암동,1227072000,성공,남구,송암동,True,남구 송암동,남구 송암동,1306,7,16.76,남구 효천중앙로 35,True
광주효천1엘에이치1단지,29155-421,2021,25.09~27.08,갱신,13,8,2025,"4,003",37.7,17,679,10,"3,950",9,효천로 176,0,00176,00000,3351956,1,12270,12270,임암동,,남구,12270,아파트,전월세,202508,아파트 전월세,,,,,,남구|임암동|679|효천로 176|00176|00000,35.1076021714696,126.863505319348,광주광역시 남구 임암동 679,전남광주통합특별시 남구 효천로 176,남구,송암동,1227072000,성공,남구,송암동,True,남구 송암동,남구 송암동,4003,10,37.7,남구 효천로 176,True
광주효천1엘에이치1단지,29155-421,2021,25.09~27.08,갱신,12,8,2025,"6,184",46.91,3,679,13,"3,092",27,효천로 176,0,00176,00000,3351956,1,12270,12270,임암동,,남구,12270,아파트,전월세,202508,아파트 전월세,,,,,,남구|임암동|679|효천로 176|00176|00000,35.1076021714696,126.863505319348,광주광역시 남구 임암동 679,전남광주통합특별시 남구 효천로 176,남구,송암동,1227072000,성공,남구,송암동,True,남구 송암동,남구 송암동,6184,13,46.91,남구 효천로 176,True
광주효천1엘에이치1단지,29155-421,2021,25.09~27.08,갱신,12,8,2025,"2,225",26.63,4,679,7,996,13,효천로 176,0,00176,00000,3351956,1,12270,12270,임암동,,남구,12270,아파트,전월세,202508,아파트 전월세,,,,,,남구|임암동|679|효천로 176|00176|00000,35.1076021714696,126.863505319348,광주광역시 남구 임암동 679,전남광주통합특별시 남구 효천로 176,남구,송암동,1227072000,성공,남구,송암동,True,남구 송암동,남구 송암동,2225,7,26.63,남구 효천로 176,True
광주효천1엘에이치1단지,29155-421,2021,25.09~27.08,갱신,12,8,2025,"4,183",37.7,9,679,12,"1,750",20,효천로 176,0,00176,00000,3351956,1,12270,12270,임암동,,남구,12270,아파트,전월세,202508,아파트 전월세,,,,,,남구|임암동|679|효천로 176|00176|00000,35.1076021714696,126.863505319348,광주광역시 남구 임암동 679,전남광주통합특별시 남구 효천로 176,남구,송암동,1227072000,성공,남구,송암동,True,남구 송암동,남구 송암동,4183,12,37.7,남구 효천로 176,True
광주효천1엘에이치1단지,29155-421,2021,25.09~27.08,갱신,12,8,2025,"4,003",37.7,3,679,10,"1,750",20,효천로 176,0,00176,00000,3351956,1,12270,12270,임암동,,남구,12270,아파트,전월세,202508,아파트 전월세,,,,,,남구|임암동|679|효천로 176|00176|00000,35.1076021714696,126.863505319348,광주광역시 남구 임암동 679,전남광주통합특별시 남구 효천로 176,남구,송암동,1227072000,성공,남구,송암동,True,남구 송암동,남구 송암동,4003,10,37.7,남구 효천로 176,True
광주효천1엘에이치1단지,29155-421,2021,25.09~27.08,갱신,8,8,2025,"6,503",46.91,2,679,15,"6,092",12,효천로 176,0,00176,00000,3351956,1,12270,12270,임암동,,남구,12270,아파트,전월세,202508,아파트 전월세,,,,,,남구|임암동|679|효천로 176|00176|00000,35.1076021714696,126.863505319348,광주광역시 남구 임암동 679,전남광주통합특별시 남구 효천로 176,남구,송암동,1227072000,성공,남구,송암동,True,남구 송암동,남구 송암동,6503,15,46.91,남구 효천로 176,True
광주효천1엘에이치1단지,29155-421,2021,25.09~27.08,신규,5,8,2025,"6,184",46.91,13,679,13,,,효천로 176,0,00176,00000,3351956,1,12270,12270,임암동,,남구,12270,아파트,전월세,202508,아파트 전월세,,,,,,남구|임암동|679|효천로 176|00176|00000,35.1076021714696,126.863505319348,광주광역시 남구 임암동 679,전남광주통합특별시 남구 효천로 176,남구,송암동,1227072000,성공,남구,송암동,True,남구 송암동,남구 송암동,6184,13,46.91,남구 효천로 176,True
효천엘에이치천년나무7단지,29155-391,2017,25.09~27.08,갱신,4,8,2025,"3,726",26.54,7,713,6,"3,697",6,행암길 9,0,00009,00000,4283689,0,12270,12270,행암동,,남구,12270,아파트,전월세,202508,아파트 전월세,,,,,,남구|행암동|713|행암길 9|00009|00000,35.1026108867821,126.896298377775,광주광역시 남구 행암동 713,전남광주통합특별시 남구 행암길 9,남구,효덕동,1227071000,성공,남구,효덕동,True,남구 효덕동,남구 효덕동,3726,6,26.54,남구 행암길 9,True
광주효천1엘에이치1단지,29155-421,2021,25.08~27.08,갱신,4,8,2025,"5,984",46.91,19,679,11,"3,184",28,효천로 176,0,00176,00000,3351956,1,12270,12270,임암동,,남구,12270,아파트,전월세,202508,아파트 전월세,,,,,,남구|임암동|679|효천로 176|00176|00000,35.1076021714696,126.863505319348,광주광역시 남구 임암동 679,전남광주통합특별시 남구 효천로 176,남구,송암동,1227072000,성공,남구,송암동,True,남구 송암동,남구 송암동,5984,11,46.91,남구 효천로 176,True
엘에이치송화마을8단지,29155-395,2018,25.08~27.07,갱신,4,8,2025,"2,916",36.72,11,825,17,"2,916",17,노대실로 9,0,00009,00000,3161003,0,12270,12270,노대동,,남구,12270,아파트,전월세,202508,아파트 전월세,,,,,,남구|노대동|825|노대실로 9|00009|00000,35.1088035081054,126.905394245253,광주광역시 남구 노대동 825,전남광주통합특별시 남구 노대실로 9,남구,효덕동,1227071000,성공,남구,효덕동,True,남구 효덕동,남구 효덕동,2916,17,36.72,남구 노대실로 9,True
광주효천1엘에이치1단지,29155-421,2021,25.09~27.08,갱신,4,8,2025,"4,184",46.91,18,679,22,"3,092",27,효천로 176,0,00176,00000,3351956,1,12270,12270,임암동,,남구,12270,아파트,전월세,202508,아파트 전월세,,,,,,남구|임암동|679|효천로 176|00176|00000,35.1076021714696,126.863505319348,광주광역시 남구 임암동 679,전남광주통합특별시 남구 효천로 176,남구,송암동,1227072000,성공,남구,송암동,True,남구 송암동,남구 송암동,4184,22,46.91,남구 효천로 176,True
용봉주공,29170-227,2004,25.09~27.08,신규,14,8,2025,"3,596",51.95,18,1461,15,,,매곡로 20,0,00020,00000,3162014,1,12300,12300,용봉동,,북구,12300,아파트,전월세,202508,아파트 전월세,,,,,,북구|용봉동|1461|매곡로 20|00020|00000,35.1866483726599,126.895825017945,광주광역시 북구 용봉동 1461,전남광주통합특별시 북구 매곡로 20,북구,용봉동,1230059000,성공,북구,용봉동,True,북구 용봉동,북구 용봉동,3596,15,51.95,북구 매곡로 20,True
용봉주공,29170-227,2004,25.09~27.08,갱신,18,8,2025,"2,096",51.95,17,1461,15,"2,035",15,매곡로 20,0,00020,00000,3162014,1,12300,12300,용봉동,,북구,12300,아파트,전월세,202508,아파트 전월세,,,,,,북구|용봉동|1461|매곡로 20|00020|00000,35.1866483726599,126.895825017945,광주광역시 북구 용봉동 1461,전남광주통합특별시 북구 매곡로 20,북구,용봉동,1230059000,성공,북구,용봉동,True,북구 용봉동,북구 용봉동,2096,15,51.95,북구 매곡로 20,True
아름마을휴먼시아1단지,29200-247,2009,,,25,8,2025,"3,156",39.72,3,1061,6,,,수등로123번길 70,0,00070,00000,4289327,1,12330,12330,신가동,,광산구,12330,아파트,전월세,202508,아파트 전월세,,,,,,광산구|신가동|1061|수등로123번길 70|00070|00000,35.1858460602035,126.824527935674,광주광역시 광산구 신가동 1061,전남광주통합특별시 광산구 수등로123번길 70,광산구,수완동,1233063700,성공,광산구,수완동,True,광산구 수완동,광산구 수완동,3156,6,39.72,광산구 수등로123번길 70,True
첨단도휘에드가2차,29200-350,2015,25.08~26.08,신규,6,8,2025,300,19.69,11,694-70,38,,,월계로 223-20,0,00223,00020,3163039,1,12330,12330,쌍암동,,광산구,12330,아파트,전월세,202508,아파트 전월세,,,,,,광산구|쌍암동|694-70|월계로 223-20|00223|00020,35.2153858800186,126.850509647451,광주광역시 광산구 쌍암동 694-70,전남광주통합특별시 광산구 월계로 223-20,광산구,첨단2동,1233062600,성공,북구,첨단2동,True,광산구 첨단2동,북구 첨단2동,300,38,19.69,광산구 월계로 223-20,True
하남주공(2단지),29200-39,1991,25.09~27.09,신규,30,8,2025,300,44.52,13,1571-1,34,,,월곡산정로 12,0,00012,00000,3163042,1,12330,12330,우산동,,광산구,12330,아파트,전월세,202508,아파트 전월세,,,,,,광산구|우산동|1571-1|월곡산정로 12|00012|00000,35.1651071402315,126.803686058,광주광역시 광산구 우산동 1571-1,전남광주통합특별시 광산구 월곡산정로 12,광산구,우산동,1233058000,성공,광산구,우산동,True,광산구 우산동,광산구 우산동,300,34,44.52,광산구 월곡산정로 12,True
하남주공(2단지),29200-39,1991,25.09~27.09,신규,29,8,2025,400,44.52,4,1571-1,40,,,월곡산정로 12,0,00012,00000,3163042,1,12330,12330,우산동,,광산구,12330,아파트,전월세,202508,아파트 전월세,,,,,,광산구|우산동|1571-1|월곡산정로 12|00012|00000,35.1651071402315,126.803686058,광주광역시 광산구 우산동 1571-1,전남광주통합특별시 광산구 월곡산정로 12,광산구,우산동,1233058000,성공,광산구,우산동,True,광산구 우산동,광산구 우산동,400,40,44.52,광산구 월곡산정로 12,True
무들에코클래스,29200-323,2014,25.08~26.08,신규,18,8,2025,300,19.9836,8,893-1,35,,,임방울대로826번길 60-5,0,00060,00005,4289555,1,12330,12330,월계동,,광산구,12330,아파트,전월세,202508,아파트 전월세,,,,,,광산구|월계동|893-1|임방울대로826번길 60-5|00060|00005,35.2144820852673,126.847824082744,광주광역시 광산구 월계동 893-1,전남광주통합특별시 광산구 임방울대로826번길 60-5,광산구,첨단2동,1233062600,성공,북구,첨단2동,True,광산구 첨단2동,북구 첨단2동,300,35,19.9836,광산구 임방울대로826번길 60-5,True
하남주공(2단지),29200-39,1991,25.08~27.08,신규,6,8,2025,300,44.52,13,1571-1,35,,,월곡산정로 12,0,00012,00000,3163042,1,12330,12330,우산동,,광산구,12330,아파트,전월세,202508,아파트 전월세,,,,,,광산구|우산동|1571-1|월곡산정로 12|00012|00000,35.1651071402315,126.803686058,광주광역시 광산구 우산동 1571-1,전남광주통합특별시 광산구 월곡산정로 12,광산구,우산동,1233058000,성공,광산구,우산동,True,광산구 우산동,광산구 우산동,300,35,44.52,광산구 월곡산정로 12,True
에이엠시티4차,29200-318,2014,25.09~27.09,신규,28,8,2025,300,22.1404,7,660-7,37,,,첨단중앙로152번길 17-6,0,00017,00006,4289613,1,12330,12330,쌍암동,,광산구,12330,아파트,전월세,202508,아파트 전월세,,,,,,광산구|쌍암동|660-7|첨단중앙로152번길 17-6|00017|00006,35.2193014166222,126.843435669554,광주광역시 광산구 쌍암동 660-7,전남광주통합특별시 광산구 첨단중앙로152번길 17-6,광산구,첨단1동,1233062400,성공,광산구,첨단1동,True,광산구 첨단1동,광산구 첨단1동,300,37,22.1404,광산구 첨단중앙로152번길 17-6,True
첨단AM-City,29200-273,2012,25.08~26.08,신규,11,8,2025,300,19.1513,8,884-2,38,,,첨단중앙로106번길 65-4,0,00065,00004,4289610,1,12330,12330,월계동,,광산구,12330,아파트,전월세,202508,아파트 전월세,,,,,,광산구|월계동|884-2|첨단중앙로106번길 65-4|00065|00004,35.215133360486,126.847005173109,광주광역시 광산구 월계동 884-2,전남광주통합특별시 광산구 첨단중앙로106번길 65-4,광산구,첨단2동,1233062600,성공,북구,첨단2동,True,광산구 첨단2동,북구 첨단2동,300,38,19.1513,광산구 첨단중앙로106번길 65-4,True
무들에코클래스,29200-323,2014,25.08~26.08,신규,9,8,2025,300,19.9836,3,893-1,38,,,임방울대로826번길 60-5,0,00060,00005,4289555,1,12330,12330,월계동,,광산구,12330,아파트,전월세,202508,아파트 전월세,,,,,,광산구|월계동|893-1|임방울대로826번길 60-5|00060|00005,35.2144820852673,126.847824082744,광주광역시 광산구 월계동 893-1,전남광주통합특별시 광산구 임방울대로826번길 60-5,광산구,첨단2동,1233062600,성공,북구,첨단2동,True,광산구 첨단2동,북구 첨단2동,300,38,19.9836,광산구 임방울대로826번길 60-5,True
광주첨단엘에이치3단지,29200-424,2020,25.08~27.09,신규,20,8,2025,"2,632",26.97,10,869-2,14,,,임방울대로800번길 11-5,,00011,00005,4289552,0,12330,12330,월계동,,광산구,12330,아파트,전월세,202508,아파트 전월세,,,,,,광산구|월계동|869-2|임방울대로800번길 11-5|00011|00005,35.2172126334807,126.846821692809,광주광역시 광산구 월계동 869-2,전남광주통합특별시 광산구 임방울대로800번길 11-5,광산구,첨단2동,1233062600,성공,북구,첨단2동,True,광산구 첨단2동,북구 첨단2동,2632,14,26.97,광산구 임방울대로800번길 11-5,True
장자울마을휴먼시아5단지,29200-256,2009,25.09~27.08,갱신,13,8,2025,"2,830",46.9,10,504,15,"2,748",15,풍영로145번길 42,0,00042,00000,4289671,1,12330,12330,흑석동,,광산구,12330,아파트,전월세,202508,아파트 전월세,,,,,,광산구|흑석동|504|풍영로145번길 42|00042|00000,35.1849233891164,126.811481524903,광주광역시 광산구 흑석동 504,전남광주통합특별시 광산구 풍영로145번길 42,광산구,수완동,1233063700,성공,광산구,수완동,True,광산구 수완동,광산구 수완동,2830,15,46.9,광산구 풍영로145번길 42,True
첨단도휘에드가2차,29200-350,2015,25.09~26.08,신규,30,8,2025,300,19.69,5,694-70,38,,,월계로 223-20,0,00223,00020,3163039,1,12330,12330,쌍암동,,광산구,12330,아파트,전월세,202508,아파트 전월세,,,,,,광산구|쌍암동|694-70|월계로 223-20|00223|00020,35.2153858800186,126.850509647451,광주광역시 광산구 쌍암동 694-70,전남광주통합특별시 광산구 월계로 223-20,광산구,첨단2동,1233062600,성공,북구,첨단2동,True,광산구 첨단2동,북구 첨단2동,300,38,19.69,광산구 월계로 223-20,True
첨단센트럴파크2차,29200-399,2018,25.08~26.08,갱신,20,8,2025,"5,000",47.44,14,676-3,38,"5,000",35,첨단중앙로170번길 87,0,00087,00000,4289614,1,12330,12330,쌍암동,,광산구,12330,아파트,전월세,202508,아파트 전월세,,,,,,광산구|쌍암동|676-3|첨단중앙로170번길 87|00087|00000,35.2209763822162,126.84687920672,광주광역시 광산구 쌍암동 676-3,전남광주통합특별시 광산구 첨단중앙로170번길 87,광산구,첨단1동,1233062400,성공,광산구,첨단1동,True,광산구 첨단1동,광산구 첨단1동,5000,38,47.44,광산구 첨단중앙로170번길 87,True
하남주공(2단지),29200-39,1991,25.09~27.09,신규,30,8,2025,300,44.52,13,1571-1,34,,,월곡산정로 12,0,00012,00000,3163042,1,12330,12330,우산동,,광산구,12330,아파트,전월세,202508,아파트 전월세,,,,,,광산구|우산동|1571-1|월곡산정로 12|00012|00000,35.1651071402315,126.803686058,광주광역시 광산구 우산동 1571-1,전남광주통합특별시 광산구 월곡산정로 12,광산구,우산동,1233058000,성공,광산구,우산동,True,광산구 우산동,광산구 우산동,300,34,44.52,광산구 월곡산정로 12,True
에이엠시티센트럴파크,29200-349,2015,25.09~27.09,신규,26,8,2025,"11,700",40.9226,15,676-2,0,,,첨단중앙로182번길 50,,00050,00000,4289616,1,12330,12330,쌍암동,,광산구,12330,아파트,전월세,202508,아파트 전월세,,,,,,광산구|쌍암동|676-2|첨단중앙로182번길 50|00050|00000,35.2215170161494,126.846882804545,광주광역시 광산구 쌍암동 676-2,전남광주통합특별시 광산구 첨단중앙로182번길 50,광산구,첨단1동,1233062400,성공,광산구,첨단1동,True,광산구 첨단1동,광산구 첨단1동,11700,0,40.9226,광산구 첨단중앙로182번길 50,True
에이엠시티5차,29200-307,2013,25.09~27.09,갱신,14,8,2025,"9,000",33.1446,8,682-1,0,"9,000",,임방울대로825번길 19,0,00019,00000,4289554,1,12330,12330,쌍암동,,광산구,12330,아파트,전월세,202508,아파트 전월세,,,,,,광산구|쌍암동|682-1|임방울대로825번길 19|00019|00000,35.2187157362366,126.847688221979,광주광역시 광산구 쌍암동 682-1,전남광주통합특별시 광산구 임방울대로825번길 19,광산구,첨단1동,1233062400,성공,광산구,첨단1동,True,광산구 첨단1동,광산구 첨단1동,9000,0,33.1446,광산구 임방울대로825번길 19,True
윤진리안채,29200-391,2017,25.08~26.08,신규,18,8,2025,500,28.695,13,694-74,50,,,첨단강변로99번길 21,0,00021,00000,4289601,0,12330,12330,쌍암동,,광산구,12330,아파트,전월세,202508,아파트 전월세,,,,,,광산구|쌍암동|694-74|첨단강변로99번길 21|00021|00000,35.2151862774642,126.851132647598,광주광역시 광산구 쌍암동 694-74,전남광주통합특별시 광산구 첨단강변로99번길 21,광산구,첨단2동,1233062600,성공,북구,첨단2동,True,광산구 첨단2동,북구 첨단2동,500,50,28.695,광산구 첨단강변로99번길 21,True
한양에드가302동,29200-309,2013,25.08~26.08,신규,26,8,2025,500,25.6308,8,694-115,43,,,월계로 223-17,0,00223,00017,3163039,2,12330,12330,쌍암동,,광산구,12330,아파트,전월세,202508,아파트 전월세,,,,,,광산구|쌍암동|694-115|월계로 223-17|00223|00017,35.2149023369798,126.849588941863,광주광역시 광산구 쌍암동 694-115,전남광주통합특별시 광산구 월계로 223-17,광산구,첨단2동,1233062600,성공,북구,첨단2동,True,광산구 첨단2동,북구 첨단2동,500,43,25.6308,광산구 월계로 223-17,True
에이엠시티센트럴파크,29200-349,2015,25.09~26.11,신규,14,8,2025,"1,000",40.9226,8,676-2,60,,,첨단중앙로182번길 50,,00050,00000,4289616,1,12330,12330,쌍암동,,광산구,12330,아파트,전월세,202508,아파트 전월세,,,,,,광산구|쌍암동|676-2|첨단중앙로182번길 50|00050|00000,35.2215170161494,126.846882804545,광주광역시 광산구 쌍암동 676-2,전남광주통합특별시 광산구 첨단중앙로182번길 50,광산구,첨단1동,1233062400,성공,광산구,첨단1동,True,광산구 첨단1동,광산구 첨단1동,1000,60,40.9226,광산구 첨단중앙로182번길 50,True
에이엠시티4차,29200-318,2014,25.09~26.09,신규,31,8,2025,500,22.1404,4,660-7,40,,,첨단중앙로152번길 17-6,0,00017,00006,4289613,1,12330,12330,쌍암동,,광산구,12330,아파트,전월세,202508,아파트 전월세,,,,,,광산구|쌍암동|660-7|첨단중앙로152번길 17-6|00017|00006,35.2193014166222,126.843435669554,광주광역시 광산구 쌍암동 660-7,전남광주통합특별시 광산구 첨단중앙로152번길 17-6,광산구,첨단1동,1233062400,성공,광산구,첨단1동,True,광산구 첨단1동,광산구 첨단1동,500,40,22.1404,광산구 첨단중앙로152번길 17-6,True
첨단센트럴파크2차,29200-399,2018,25.09~27.09,갱신,30,8,2025,"15,000",47.44,7,676-3,0,"15,000",,첨단중앙로170번길 87,0,00087,00000,4289614,1,12330,12330,쌍암동,사용,광산구,12330,아파트,전월세,202508,아파트 전월세,,,,,,광산구|쌍암동|676-3|첨단중앙로170번길 87|00087|00000,35.2209763822162,126.84687920672,광주광역시 광산구 쌍암동 676-3,전남광주통합특별시 광산구 첨단중앙로170번길 87,광산구,첨단1동,1233062400,성공,광산구,첨단1동,True,광산구 첨단1동,광산구 첨단1동,15000,0,47.44,광산구 첨단중앙로170번길 87,True
광주수완7신완마을휴먼시아,29200-264,2011,25.10~27.09,갱신,28,8,2025,"2,724",46.9,7,1037,15,,15,풍영로329번길 50,0,00050,00000,4289681,1,12330,12330,장덕동,,광산구,12330,아파트,전월세,202508,아파트 전월세,,,,,,광산구|장덕동|1037|풍영로329번길 50|00050|00000,35.2014118295745,126.812869241031,광주광역시 광산구 장덕동 1037,전남광주통합특별시 광산구 풍영로329번길 50,광산구,수완동,1233063700,성공,광산구,수완동,True,광산구 수완동,광산구 수완동,2724,15,46.9,광산구 풍영로329번길 50,True
첨단AM-City,29200-273,2012,25.08~26.08,신규,12,8,2025,500,19.1513,4,884-2,40,,,첨단중앙로106번길 65-4,0,00065,00004,4289610,1,12330,12330,월계동,,광산구,12330,아파트,전월세,202508,아파트 전월세,,,,,,광산구|월계동|884-2|첨단중앙로106번길 65-4|00065|00004,35.215133360486,126.847005173109,광주광역시 광산구 월계동 884-2,전남광주통합특별시 광산구 첨단중앙로106번길 65-4,광산구,첨단2동,1233062600,성공,북구,첨단2동,True,광산구 첨단2동,북구 첨단2동,500,40,19.1513,광산구 첨단중앙로106번길 65-4,True
장자울마을휴먼시아4단지,29200-257,2009,25.09~27.08,갱신,29,8,2025,"3,190",46.9,3,517,14,,15,풍영로145번길 43,0,00043,00000,4289671,1,12330,12330,흑석동,,광산구,12330,아파트,전월세,202508,아파트 전월세,,,,,,광산구|흑석동|517|풍영로145번길 43|00043|00000,35.1837458369346,126.811293211321,광주광역시 광산구 흑석동 517,전남광주통합특별시 광산구 풍영로145번길 43,광산구,수완동,1233063700,성공,광산구,수완동,True,광산구 수완동,광산구 수완동,3190,14,46.9,광산구 풍영로145번길 43,True
장자울마을휴먼시아5단지,29200-256,2009,25.09~27.08,갱신,28,8,2025,"2,830",46.9,3,504,15,"2,830",11,풍영로145번길 42,0,00042,00000,4289671,1,12330,12330,흑석동,,광산구,12330,아파트,전월세,202508,아파트 전월세,,,,,,광산구|흑석동|504|풍영로145번길 42|00042|00000,35.1849233891164,126.811481524903,광주광역시 광산구 흑석동 504,전남광주통합특별시 광산구 풍영로145번길 42,광산구,수완동,1233063700,성공,광산구,수완동,True,광산구 수완동,광산구 수완동,2830,15,46.9,광산구 풍영로145번길 42,True
장자울마을휴먼시아4단지,29200-257,2009,25.09~27.08,갱신,28,8,2025,"2,156",39.72,11,517,12,"2,156",12,풍영로145번길 43,0,00043,00000,4289671,1,12330,12330,흑석동,,광산구,12330,아파트,전월세,202508,아파트 전월세,,,,,,광산구|흑석동|517|풍영로145번길 43|00043|00000,35.1837458369346,126.811293211321,광주광역시 광산구 흑석동 517,전남광주통합특별시 광산구 풍영로145번길 43,광산구,수완동,1233063700,성공,광산구,수완동,True,광산구 수완동,광산구 수완동,2156,12,39.72,광산구 풍영로145번길 43,True
장자울마을휴먼시아4단지,29200-257,2009,25.09~27.08,갱신,29,8,2025,"3,504",51.93,2,517,19,,18,풍영로145번길 43,0,00043,00000,4289671,1,12330,12330,흑석동,,광산구,12330,아파트,전월세,202508,아파트 전월세,,,,,,광산구|흑석동|517|풍영로145번길 43|00043|00000,35.1837458369346,126.811293211321,광주광역시 광산구 흑석동 517,전남광주통합특별시 광산구 풍영로145번길 43,광산구,수완동,1233063700,성공,광산구,수완동,True,광산구 수완동,광산구 수완동,3504,19,51.93,광산구 풍영로145번길 43,True
광주수완6신완마을휴먼시아,29200-263,2010,25.09~27.08,갱신,25,8,2025,"3,324",46.9,10,1044,11,"3,722",13,풍영로329번길 51,0,00051,00000,4289681,1,12330,12330,장덕동,,광산구,12330,아파트,전월세,202508,아파트 전월세,,,,,,광산구|장덕동|1044|풍영로329번길 51|00051|00000,35.1993201857989,126.811785931546,광주광역시 광산구 장덕동 1044,전남광주통합특별시 광산구 풍영로329번길 51,광산구,수완동,1233063700,성공,광산구,수완동,True,광산구 수완동,광산구 수완동,3324,11,46.9,광산구 풍영로329번길 51,True
무들에코클래스,29200-323,2014,25.09~26.09,신규,22,8,2025,300,19.9836,14,893-1,35,,,임방울대로826번길 60-5,0,00060,00005,4289555,1,12330,12330,월계동,,광산구,12330,아파트,전월세,202508,아파트 전월세,,,,,,광산구|월계동|893-1|임방울대로826번길 60-5|00060|00005,35.2144820852673,126.847824082744,광주광역시 광산구 월계동 893-1,전남광주통합특별시 광산구 임방울대로826번길 60-5,광산구,첨단2동,1233062600,성공,북구,첨단2동,True,광산구 첨단2동,북구 첨단2동,300,35,19.9836,광산구 임방울대로826번길 60-5,True
장자울마을휴먼시아5단지,29200-256,2009,25.09~27.08,갱신,28,8,2025,"4,304",51.93,14,504,13,,13,풍영로145번길 42,0,00042,00000,4289671,1,12330,12330,흑석동,,광산구,12330,아파트,전월세,202508,아파트 전월세,,,,,,광산구|흑석동|504|풍영로145번길 42|00042|00000,35.1849233891164,126.811481524903,광주광역시 광산구 흑석동 504,전남광주통합특별시 광산구 풍영로145번길 42,광산구,수완동,1233063700,성공,광산구,수완동,True,광산구 수완동,광산구 수완동,4304,13,51.93,광산구 풍영로145번길 42,True
아름마을휴먼시아2단지,29200-248,2009,25.09~27.08,갱신,27,8,2025,"2,156",39.48,13,1064,12,"2,156",11,수등로123번길 22,0,00022,00000,4289327,1,12330,12330,신가동,,광산구,12330,아파트,전월세,202508,아파트 전월세,,,,,,광산구|신가동|1064|수등로123번길 22|00022|00000,35.1842119227205,126.82398140206,광주광역시 광산구 신가동 1064,전남광주통합특별시 광산구 수등로123번길 22,광산구,수완동,1233063700,성공,광산구,수완동,True,광산구 수완동,광산구 수완동,2156,12,39.48,광산구 수등로123번길 22,True
무들에코클래스,29200-323,2014,25.08~26.08,신규,11,8,2025,300,19.9836,8,893-1,36,,,임방울대로826번길 60-5,0,00060,00005,4289555,1,12330,12330,월계동,,광산구,12330,아파트,전월세,202508,아파트 전월세,,,,,,광산구|월계동|893-1|임방울대로826번길 60-5|00060|00005,35.2144820852673,126.847824082744,광주광역시 광산구 월계동 893-1,전남광주통합특별시 광산구 임방울대로826번길 60-5,광산구,첨단2동,1233062600,성공,북구,첨단2동,True,광산구 첨단2동,북구 첨단2동,300,36,19.9836,광산구 임방울대로826번길 60-5,True
장자울마을휴먼시아5단지,29200-256,2009,25.09~27.08,갱신,14,8,2025,"2,830",46.9,12,504,15,"2,748",15,풍영로145번길 42,0,00042,00000,4289671,1,12330,12330,흑석동,,광산구,12330,아파트,전월세,202508,아파트 전월세,,,,,,광산구|흑석동|504|풍영로145번길 42|00042|00000,35.1849233891164,126.811481524903,광주광역시 광산구 흑석동 504,전남광주통합특별시 광산구 풍영로145번길 42,광산구,수완동,1233063700,성공,광산구,수완동,True,광산구 수완동,광산구 수완동,2830,15,46.9,광산구 풍영로145번길 42,True
장자울마을휴먼시아5단지,29200-256,2009,25.09~27.08,갱신,25,8,2025,"2,156",39.72,5,504,12,,12,풍영로145번길 42,0,00042,00000,4289671,1,12330,12330,흑석동,,광산구,12330,아파트,전월세,202508,아파트 전월세,,,,,,광산구|흑석동|504|풍영로145번길 42|00042|00000,35.1849233891164,126.811481524903,광주광역시 광산구 흑석동 504,전남광주통합특별시 광산구 풍영로145번길 42,광산구,수완동,1233063700,성공,광산구,수완동,True,광산구 수완동,광산구 수완동,2156,12,39.72,광산구 풍영로145번길 42,True
하남주공(2단지),29200-39,1991,25.08~26.08,신규,26,8,2025,300,44.52,12,1571-1,38,,,월곡산정로 12,0,00012,00000,3163042,1,12330,12330,우산동,,광산구,12330,아파트,전월세,202508,아파트 전월세,,,,,,광산구|우산동|1571-1|월곡산정로 12|00012|00000,35.1651071402315,126.803686058,광주광역시 광산구 우산동 1571-1,전남광주통합특별시 광산구 월곡산정로 12,광산구,우산동,1233058000,성공,광산구,우산동,True,광산구 우산동,광산구 우산동,300,38,44.52,광산구 월곡산정로 12,True
장자울마을휴먼시아4단지,29200-257,2009,25.09~27.08,갱신,26,8,2025,"4,304",51.93,9,517,13,"4,202",13,풍영로145번길 43,0,00043,00000,4289671,1,12330,12330,흑석동,,광산구,12330,아파트,전월세,202508,아파트 전월세,,,,,,광산구|흑석동|517|풍영로145번길 43|00043|00000,35.1837458369346,126.811293211321,광주광역시 광산구 흑석동 517,전남광주통합특별시 광산구 풍영로145번길 43,광산구,수완동,1233063700,성공,광산구,수완동,True,광산구 수완동,광산구 수완동,4304,13,51.93,광산구 풍영로145번길 43,True
광주수완7신완마을휴먼시아,29200-264,2011,25.09~27.08,갱신,25,8,2025,"2,075",39.25,4,1037,12,"1,847",11,풍영로329번길 50,0,00050,00000,4289681,1,12330,12330,장덕동,,광산구,12330,아파트,전월세,202508,아파트 전월세,,,,,,광산구|장덕동|1037|풍영로329번길 50|00050|00000,35.2014118295745,126.812869241031,광주광역시 광산구 장덕동 1037,전남광주통합특별시 광산구 풍영로329번길 50,광산구,수완동,1233063700,성공,광산구,수완동,True,광산구 수완동,광산구 수완동,2075,12,39.25,광산구 풍영로329번길 50,True
첨단AM-City2차,29200-281,2012,25.08~26.08,신규,17,8,2025,300,19.1244,3,658-7,35,,,첨단중앙로152번길 6-13,0,00006,00013,4289613,1,12330,12330,쌍암동,,광산구,12330,아파트,전월세,202508,아파트 전월세,,,,,,광산구|쌍암동|658-7|첨단중앙로152번길 6-13|00006|00013,35.2186388118667,126.843557651778,광주광역시 광산구 쌍암동 658-7,전남광주통합특별시 광산구 첨단중앙로152번길 6-13,광산구,첨단1동,1233062400,성공,광산구,첨단1동,True,광산구 첨단1동,광산구 첨단1동,300,35,19.1244,광산구 첨단중앙로152번길 6-13,True
광주수완6신완마을휴먼시아,29200-263,2010,25.10~27.09,갱신,25,8,2025,"4,351",46.9,10,1044,7,,7,풍영로329번길 51,0,00051,00000,4289681,1,12330,12330,장덕동,,광산구,12330,아파트,전월세,202508,아파트 전월세,,,,,,광산구|장덕동|1044|풍영로329번길 51|00051|00000,35.1993201857989,126.811785931546,광주광역시 광산구 장덕동 1044,전남광주통합특별시 광산구 풍영로329번길 51,광산구,수완동,1233063700,성공,광산구,수완동,True,광산구 수완동,광산구 수완동,4351,7,46.9,광산구 풍영로329번길 51,True
첨단AM-City3차,29200-295,2013,25.09~26.09,신규,26,8,2025,500,30.1942,9,661-8,50,,,첨단중앙로152번길 17-12,0,00017,00012,4289613,1,12330,12330,쌍암동,,광산구,12330,아파트,전월세,202508,아파트 전월세,,,,,,광산구|쌍암동|661-8|첨단중앙로152번길 17-12|00017|00012,35.2201158823372,126.843440476063,광주광역시 광산구 쌍암동 661-8,전남광주통합특별시 광산구 첨단중앙로152번길 17-12,광산구,첨단1동,1233062400,성공,광산구,첨단1동,True,광산구 첨단1동,광산구 첨단1동,500,50,30.1942,광산구 첨단중앙로152번길 17-12,True
에이엠시티센트럴파크,29200-349,2015,25.09~27.09,신규,26,8,2025,"12,000",40.9226,15,676-2,0,,,첨단중앙로182번길 50,,00050,00000,4289616,1,12330,12330,쌍암동,,광산구,12330,아파트,전월세,202508,아파트 전월세,,,,,,광산구|쌍암동|676-2|첨단중앙로182번길 50|00050|00000,35.2215170161494,126.846882804545,광주광역시 광산구 쌍암동 676-2,전남광주통합특별시 광산구 첨단중앙로182번길 50,광산구,첨단1동,1233062400,성공,광산구,첨단1동,True,광산구 첨단1동,광산구 첨단1동,12000,0,40.9226,광산구 첨단중앙로182번길 50,True
무들에코클래스,29200-323,2014,25.09~26.09,신규,17,8,2025,300,19.9836,6,893-1,35,,,임방울대로826번길 60-5,0,00060,00005,4289555,1,12330,12330,월계동,,광산구,12330,아파트,전월세,202508,아파트 전월세,,,,,,광산구|월계동|893-1|임방울대로826번길 60-5|00060|00005,35.2144820852673,126.847824082744,광주광역시 광산구 월계동 893-1,전남광주통합특별시 광산구 임방울대로826번길 60-5,광산구,첨단2동,1233062600,성공,북구,첨단2동,True,광산구 첨단2동,북구 첨단2동,300,35,19.9836,광산구 임방울대로826번길 60-5,True
장자울마을휴먼시아4단지,29200-257,2009,25.09~27.08,갱신,12,8,2025,"3,190",46.9,12,517,14,"2,830",15,풍영로145번길 43,0,00043,00000,4289671,1,12330,12330,흑석동,,광산구,12330,아파트,전월세,202508,아파트 전월세,,,,,,광산구|흑석동|517|풍영로145번길 43|00043|00000,35.1837458369346,126.811293211321,광주광역시 광산구 흑석동 517,전남광주통합특별시 광산구 풍영로145번길 43,광산구,수완동,1233063700,성공,광산구,수완동,True,광산구 수완동,광산구 수완동,3190,14,46.9,광산구 풍영로145번길 43,True
아름마을휴먼시아3단지,29200-260,2009,25.09~27.08,갱신,26,8,2025,"5,577",51.93,9,1202,8,"5,417",8,하남대로261번길 11,0,00011,00000,4289685,1,12330,12330,신가동,,광산구,12330,아파트,전월세,202508,아파트 전월세,,,,,,광산구|신가동|1202|하남대로261번길 11|00011|00000,35.1803936905995,126.820478944492,광주광역시 광산구 신가동 1202,전남광주통합특별시 광산구 하남대로261번길 11,광산구,수완동,1233063700,성공,광산구,수완동,True,광산구 수완동,광산구 수완동,5577,8,51.93,광산구 하남대로261번길 11,True
아름마을휴먼시아2단지,29200-248,2009,25.09~27.08,갱신,26,8,2025,"2,156",39.48,14,1064,12,"1,919",11,수등로123번길 22,0,00022,00000,4289327,1,12330,12330,신가동,,광산구,12330,아파트,전월세,202508,아파트 전월세,,,,,,광산구|신가동|1064|수등로123번길 22|00022|00000,35.1842119227205,126.82398140206,광주광역시 광산구 신가동 1064,전남광주통합특별시 광산구 수등로123번길 22,광산구,수완동,1233063700,성공,광산구,수완동,True,광산구 수완동,광산구 수완동,2156,12,39.48,광산구 수등로123번길 22,True
광주수완6신완마을휴먼시아,29200-263,2010,25.09~27.08,갱신,14,8,2025,"3,324",46.9,5,1044,11,,10,풍영로329번길 51,0,00051,00000,4289681,1,12330,12330,장덕동,,광산구,12330,아파트,전월세,202508,아파트 전월세,,,,,,광산구|장덕동|1044|풍영로329번길 51|00051|00000,35.1993201857989,126.811785931546,광주광역시 광산구 장덕동 1044,전남광주통합특별시 광산구 풍영로329번길 51,광산구,수완동,1233063700,성공,광산구,수완동,True,광산구 수완동,광산구 수완동,3324,11,46.9,광산구 풍영로329번길 51,True
광주수완7신완마을휴먼시아,29200-264,2011,25.09~27.08,갱신,26,8,2025,"2,075",39.96,15,1037,12,"2,015",12,풍영로329번길 50,0,00050,00000,4289681,1,12330,12330,장덕동,,광산구,12330,아파트,전월세,202508,아파트 전월세,,,,,,광산구|장덕동|1037|풍영로329번길 50|00050|00000,35.2014118295745,126.812869241031,광주광역시 광산구 장덕동 1037,전남광주통합특별시 광산구 풍영로329번길 50,광산구,수완동,1233063700,성공,광산구,수완동,True,광산구 수완동,광산구 수완동,2075,12,39.96,광산구 풍영로329번길 50,True
장자울마을휴먼시아4단지,29200-257,2009,25.09~27.08,갱신,19,8,2025,"3,504",51.93,5,517,19,"5,046",8,풍영로145번길 43,0,00043,00000,4289671,1,12330,12330,흑석동,,광산구,12330,아파트,전월세,202508,아파트 전월세,,,,,,광산구|흑석동|517|풍영로145번길 43|00043|00000,35.1837458369346,126.811293211321,광주광역시 광산구 흑석동 517,전남광주통합특별시 광산구 풍영로145번길 43,광산구,수완동,1233063700,성공,광산구,수완동,True,광산구 수완동,광산구 수완동,3504,19,51.93,광산구 풍영로145번길 43,True
광주하남엘에이치천년나무,29200-414,2019,25.08~27.08,신규,22,8,2025,"4,466",36.02,10,1611-3,6,,,용아로 175-6,,00175,00006,3163035,0,12330,12330,우산동,,광산구,12330,아파트,전월세,202508,아파트 전월세,,,,,,광산구|우산동|1611-3|용아로 175-6|00175|00006,35.1599080758315,126.800246035505,광주광역시 광산구 우산동 1611-3,전남광주통합특별시 광산구 용아로 175-6,광산구,우산동,1233058000,성공,광산구,우산동,True,광산구 우산동,광산구 우산동,4466,6,36.02,광산구 용아로 175-6,True
아름마을휴먼시아1단지,29200-247,2009,25.08~27.08,신규,22,8,2025,"4,328",46.9,6,1061,7,,,수등로123번길 70,0,00070,00000,4289327,1,12330,12330,신가동,,광산구,12330,아파트,전월세,202508,아파트 전월세,,,,,,광산구|신가동|1061|수등로123번길 70|00070|00000,35.1858460602035,126.824527935674,광주광역시 광산구 신가동 1061,전남광주통합특별시 광산구 수등로123번길 70,광산구,수완동,1233063700,성공,광산구,수완동,True,광산구 수완동,광산구 수완동,4328,7,46.9,광산구 수등로123번길 70,True
하남주공(2단지),29200-39,1991,25.08~27.08,신규,6,8,2025,300,44.52,13,1571-1,35,,,월곡산정로 12,0,00012,00000,3163042,1,12330,12330,우산동,,광산구,12330,아파트,전월세,202508,아파트 전월세,,,,,,광산구|우산동|1571-1|월곡산정로 12|00012|00000,35.1651071402315,126.803686058,광주광역시 광산구 우산동 1571-1,전남광주통합특별시 광산구 월곡산정로 12,광산구,우산동,1233058000,성공,광산구,우산동,True,광산구 우산동,광산구 우산동,300,35,44.52,광산구 월곡산정로 12,True
첨단AM-City3차,29200-295,2013,25.08~26.08,신규,19,8,2025,500,30.1942,9,661-8,50,,,첨단중앙로152번길 17-12,0,00017,00012,4289613,1,12330,12330,쌍암동,,광산구,12330,아파트,전월세,202508,아파트 전월세,,,,,,광산구|쌍암동|661-8|첨단중앙로152번길 17-12|00017|00012,35.2201158823372,126.843440476063,광주광역시 광산구 쌍암동 661-8,전남광주통합특별시 광산구 첨단중앙로152번길 17-12,광산구,첨단1동,1233062400,성공,광산구,첨단1동,True,광산구 첨단1동,광산구 첨단1동,500,50,30.1942,광산구 첨단중앙로152번길 17-12,True
장자울마을휴먼시아5단지,29200-256,2009,25.09~27.08,갱신,22,8,2025,"2,830",46.9,6,504,15,"2,748",15,풍영로145번길 42,0,00042,00000,4289671,1,12330,12330,흑석동,,광산구,12330,아파트,전월세,202508,아파트 전월세,,,,,,광산구|흑석동|504|풍영로145번길 42|00042|00000,35.1849233891164,126.811481524903,광주광역시 광산구 흑석동 504,전남광주통합특별시 광산구 풍영로145번길 42,광산구,수완동,1233063700,성공,광산구,수완동,True,광산구 수완동,광산구 수완동,2830,15,46.9,광산구 풍영로145번길 42,True
에이엠시티5차,29200-307,2013,25.08~26.08,신규,8,8,2025,300,19.1284,11,682-1,39,,,임방울대로825번길 19,0,00019,00000,4289554,1,12330,12330,쌍암동,,광산구,12330,아파트,전월세,202508,아파트 전월세,,,,,,광산구|쌍암동|682-1|임방울대로825번길 19|00019|00000,35.2187157362366,126.847688221979,광주광역시 광산구 쌍암동 682-1,전남광주통합특별시 광산구 임방울대로825번길 19,광산구,첨단1동,1233062400,성공,광산구,첨단1동,True,광산구 첨단1동,광산구 첨단1동,300,39,19.1284,광산구 임방울대로825번길 19,True
첨단도휘에드가2차,29200-350,2015,25.08~26.08,신규,11,8,2025,300,19.69,10,694-70,36,,,월계로 223-20,0,00223,00020,3163039,1,12330,12330,쌍암동,,광산구,12330,아파트,전월세,202508,아파트 전월세,,,,,,광산구|쌍암동|694-70|월계로 223-20|00223|00020,35.2153858800186,126.850509647451,광주광역시 광산구 쌍암동 694-70,전남광주통합특별시 광산구 월계로 223-20,광산구,첨단2동,1233062600,성공,북구,첨단2동,True,광산구 첨단2동,북구 첨단2동,300,36,19.69,광산구 월계로 223-20,True
무들에코클래스,29200-323,2014,25.08~26.08,신규,19,8,2025,200,19.9836,5,893-1,39,,,임방울대로826번길 60-5,0,00060,00005,4289555,1,12330,12330,월계동,,광산구,12330,아파트,전월세,202508,아파트 전월세,,,,,,광산구|월계동|893-1|임방울대로826번길 60-5|00060|00005,35.2144820852673,126.847824082744,광주광역시 광산구 월계동 893-1,전남광주통합특별시 광산구 임방울대로826번길 60-5,광산구,첨단2동,1233062600,성공,북구,첨단2동,True,광산구 첨단2동,북구 첨단2동,200,39,19.9836,광산구 임방울대로826번길 60-5,True
아름마을휴먼시아3단지,29200-260,2009,25.08~27.08,신규,8,8,2025,"4,308",46.9,3,1202,7,,,하남대로261번길 11,0,00011,00000,4289685,1,12330,12330,신가동,,광산구,12330,아파트,전월세,202508,아파트 전월세,,,,,,광산구|신가동|1202|하남대로261번길 11|00011|00000,35.1803936905995,126.820478944492,광주광역시 광산구 신가동 1202,전남광주통합특별시 광산구 하남대로261번길 11,광산구,수완동,1233063700,성공,광산구,수완동,True,광산구 수완동,광산구 수완동,4308,7,46.9,광산구 하남대로261번길 11,True
장자울마을휴먼시아4단지,29200-257,2009,25.09~27.08,갱신,20,8,2025,"3,730",46.9,1,517,10,"3,648",15,풍영로145번길 43,0,00043,00000,4289671,1,12330,12330,흑석동,,광산구,12330,아파트,전월세,202508,아파트 전월세,,,,,,광산구|흑석동|517|풍영로145번길 43|00043|00000,35.1837458369346,126.811293211321,광주광역시 광산구 흑석동 517,전남광주통합특별시 광산구 풍영로145번길 43,광산구,수완동,1233063700,성공,광산구,수완동,True,광산구 수완동,광산구 수완동,3730,10,46.9,광산구 풍영로145번길 43,True
첨단AM-City3차,29200-295,2013,25.08~26.08,신규,4,8,2025,500,30.1942,3,661-8,45,,,첨단중앙로152번길 17-12,0,00017,00012,4289613,1,12330,12330,쌍암동,,광산구,12330,아파트,전월세,202508,아파트 전월세,,,,,,광산구|쌍암동|661-8|첨단중앙로152번길 17-12|00017|00012,35.2201158823372,126.843440476063,광주광역시 광산구 쌍암동 661-8,전남광주통합특별시 광산구 첨단중앙로152번길 17-12,광산구,첨단1동,1233062400,성공,광산구,첨단1동,True,광산구 첨단1동,광산구 첨단1동,500,45,30.1942,광산구 첨단중앙로152번길 17-12,True
아름마을휴먼시아1단지,29200-247,2009,25.09~27.08,신규,19,8,2025,"2,828",46.9,5,1061,15,,,수등로123번길 70,0,00070,00000,4289327,1,12330,12330,신가동,,광산구,12330,아파트,전월세,202508,아파트 전월세,,,,,,광산구|신가동|1061|수등로123번길 70|00070|00000,35.1858460602035,126.824527935674,광주광역시 광산구 신가동 1061,전남광주통합특별시 광산구 수등로123번길 70,광산구,수완동,1233063700,성공,광산구,수완동,True,광산구 수완동,광산구 수완동,2828,15,46.9,광산구 수등로123번길 70,True
아름마을휴먼시아3단지,29200-260,2009,25.09~27.08,갱신,19,8,2025,"2,808",46.9,11,1202,16,"2,679",15,하남대로261번길 11,0,00011,00000,4289685,1,12330,12330,신가동,,광산구,12330,아파트,전월세,202508,아파트 전월세,,,,,,광산구|신가동|1202|하남대로261번길 11|00011|00000,35.1803936905995,126.820478944492,광주광역시 광산구 신가동 1202,전남광주통합특별시 광산구 하남대로261번길 11,광산구,수완동,1233063700,성공,광산구,수완동,True,광산구 수완동,광산구 수완동,2808,16,46.9,광산구 하남대로261번길 11,True
아름마을휴먼시아2단지,29200-248,2009,25.09~27.08,갱신,18,8,2025,"2,830",46.9,3,1064,15,"2,748",15,수등로123번길 22,0,00022,00000,4289327,1,12330,12330,신가동,,광산구,12330,아파트,전월세,202508,아파트 전월세,,,,,,광산구|신가동|1064|수등로123번길 22|00022|00000,35.1842119227205,126.82398140206,광주광역시 광산구 신가동 1064,전남광주통합특별시 광산구 수등로123번길 22,광산구,수완동,1233063700,성공,광산구,수완동,True,광산구 수완동,광산구 수완동,2830,15,46.9,광산구 수등로123번길 22,True
첨단도휘에드가2차,29200-350,2015,25.08~26.08,신규,16,8,2025,500,19.69,10,694-70,37,,,월계로 223-20,0,00223,00020,3163039,1,12330,12330,쌍암동,,광산구,12330,아파트,전월세,202508,아파트 전월세,,,,,,광산구|쌍암동|694-70|월계로 223-20|00223|00020,35.2153858800186,126.850509647451,광주광역시 광산구 쌍암동 694-70,전남광주통합특별시 광산구 월계로 223-20,광산구,첨단2동,1233062600,성공,북구,첨단2동,True,광산구 첨단2동,북구 첨단2동,500,37,19.69,광산구 월계로 223-20,True
광주수완7신완마을휴먼시아,29200-264,2011,25.10~27.09,갱신,18,8,2025,"4,224",46.98,1,1037,15,,6,풍영로329번길 50,0,00050,00000,4289681,1,12330,12330,장덕동,,광산구,12330,아파트,전월세,202508,아파트 전월세,,,,,,광산구|장덕동|1037|풍영로329번길 50|00050|00000,35.2014118295745,126.812869241031,광주광역시 광산구 장덕동 1037,전남광주통합특별시 광산구 풍영로329번길 50,광산구,수완동,1233063700,성공,광산구,수완동,True,광산구 수완동,광산구 수완동,4224,15,46.98,광산구 풍영로329번길 50,True
장자울마을휴먼시아4단지,29200-257,2009,25.09~27.08,갱신,18,8,2025,"2,556",39.72,5,517,9,"2,093",12,풍영로145번길 43,0,00043,00000,4289671,1,12330,12330,흑석동,,광산구,12330,아파트,전월세,202508,아파트 전월세,,,,,,광산구|흑석동|517|풍영로145번길 43|00043|00000,35.1837458369346,126.811293211321,광주광역시 광산구 흑석동 517,전남광주통합특별시 광산구 풍영로145번길 43,광산구,수완동,1233063700,성공,광산구,수완동,True,광산구 수완동,광산구 수완동,2556,9,39.72,광산구 풍영로145번길 43,True
에이엠시티센트럴파크,29200-349,2015,25.08~26.08,신규,15,8,2025,"1,000",40.9226,4,676-2,65,,,첨단중앙로182번길 50,,00050,00000,4289616,1,12330,12330,쌍암동,,광산구,12330,아파트,전월세,202508,아파트 전월세,,,,,,광산구|쌍암동|676-2|첨단중앙로182번길 50|00050|00000,35.2215170161494,126.846882804545,광주광역시 광산구 쌍암동 676-2,전남광주통합특별시 광산구 첨단중앙로182번길 50,광산구,첨단1동,1233062400,성공,광산구,첨단1동,True,광산구 첨단1동,광산구 첨단1동,1000,65,40.9226,광산구 첨단중앙로182번길 50,True
아름마을휴먼시아3단지,29200-260,2009,25.10~27.09,갱신,14,8,2025,"4,408",46.9,5,1202,8,"2,679",15,하남대로261번길 11,0,00011,00000,4289685,1,12330,12330,신가동,,광산구,12330,아파트,전월세,202508,아파트 전월세,,,,,,광산구|신가동|1202|하남대로261번길 11|00011|00000,35.1803936905995,126.820478944492,광주광역시 광산구 신가동 1202,전남광주통합특별시 광산구 하남대로261번길 11,광산구,수완동,1233063700,성공,광산구,수완동,True,광산구 수완동,광산구 수완동,4408,8,46.9,광산구 하남대로261번길 11,True
에이엠시티4차,29200-318,2014,25.08~26.08,신규,7,8,2025,"2,500",32.3203,3,660-7,30,,,첨단중앙로152번길 17-6,0,00017,00006,4289613,1,12330,12330,쌍암동,,광산구,12330,아파트,전월세,202508,아파트 전월세,,,,,,광산구|쌍암동|660-7|첨단중앙로152번길 17-6|00017|00006,35.2193014166222,126.843435669554,광주광역시 광산구 쌍암동 660-7,전남광주통합특별시 광산구 첨단중앙로152번길 17-6,광산구,첨단1동,1233062400,성공,광산구,첨단1동,True,광산구 첨단1동,광산구 첨단1동,2500,30,32.3203,광산구 첨단중앙로152번길 17-6,True
아름마을휴먼시아3단지,29200-260,2009,25.10~27.09,갱신,14,8,2025,"2,139",39.72,10,1202,12,,11,하남대로261번길 11,0,00011,00000,4289685,1,12330,12330,신가동,,광산구,12330,아파트,전월세,202508,아파트 전월세,,,,,,광산구|신가동|1202|하남대로261번길 11|00011|00000,35.1803936905995,126.820478944492,광주광역시 광산구 신가동 1202,전남광주통합특별시 광산구 하남대로261번길 11,광산구,수완동,1233063700,성공,광산구,수완동,True,광산구 수완동,광산구 수완동,2139,12,39.72,광산구 하남대로261번길 11,True
고실마을휴먼시아8단지,29200-262,2010,25.09~27.08,갱신,14,8,2025,"2,896",39.96,5,1098,8,"2,096",9,풍영로330번길 15,0,00015,00000,4289682,1,12330,12330,장덕동,,광산구,12330,아파트,전월세,202508,아파트 전월세,,,,,,광산구|장덕동|1098|풍영로330번길 15|00015|00000,35.2015313255941,126.816684307953,광주광역시 광산구 장덕동 1098,전남광주통합특별시 광산구 풍영로330번길 15,광산구,수완동,1233063700,성공,광산구,수완동,True,광산구 수완동,광산구 수완동,2896,8,39.96,광산구 풍영로330번길 15,True
장자울마을휴먼시아4단지,29200-257,2009,25.09~27.08,갱신,14,8,2025,"3,504",51.93,9,517,19,"3,402",18,풍영로145번길 43,0,00043,00000,4289671,1,12330,12330,흑석동,,광산구,12330,아파트,전월세,202508,아파트 전월세,,,,,,광산구|흑석동|517|풍영로145번길 43|00043|00000,35.1837458369346,126.811293211321,광주광역시 광산구 흑석동 517,전남광주통합특별시 광산구 풍영로145번길 43,광산구,수완동,1233063700,성공,광산구,수완동,True,광산구 수완동,광산구 수완동,3504,19,51.93,광산구 풍영로145번길 43,True
에이엠시티5차,29200-307,2013,25.09~26.09,신규,9,8,2025,"3,000",33.1446,5,682-1,20,,,임방울대로825번길 19,0,00019,00000,4289554,1,12330,12330,쌍암동,,광산구,12330,아파트,전월세,202508,아파트 전월세,,,,,,광산구|쌍암동|682-1|임방울대로825번길 19|00019|00000,35.2187157362366,126.847688221979,광주광역시 광산구 쌍암동 682-1,전남광주통합특별시 광산구 임방울대로825번길 19,광산구,첨단1동,1233062400,성공,광산구,첨단1동,True,광산구 첨단1동,광산구 첨단1동,3000,20,33.1446,광산구 임방울대로825번길 19,True
에이엠시티4차,29200-318,2014,25.08~26.08,신규,12,8,2025,"1,000",32.3203,7,660-7,40,,,첨단중앙로152번길 17-6,0,00017,00006,4289613,1,12330,12330,쌍암동,,광산구,12330,아파트,전월세,202508,아파트 전월세,,,,,,광산구|쌍암동|660-7|첨단중앙로152번길 17-6|00017|00006,35.2193014166222,126.843435669554,광주광역시 광산구 쌍암동 660-7,전남광주통합특별시 광산구 첨단중앙로152번길 17-6,광산구,첨단1동,1233062400,성공,광산구,첨단1동,True,광산구 첨단1동,광산구 첨단1동,1000,40,32.3203,광산구 첨단중앙로152번길 17-6,True
무들에코클래스,29200-323,2014,25.08~26.08,신규,6,8,2025,400,19.9836,6,893-1,36,,,임방울대로826번길 60-5,0,00060,00005,4289555,1,12330,12330,월계동,,광산구,12330,아파트,전월세,202508,아파트 전월세,,,,,,광산구|월계동|893-1|임방울대로826번길 60-5|00060|00005,35.2144820852673,126.847824082744,광주광역시 광산구 월계동 893-1,전남광주통합특별시 광산구 임방울대로826번길 60-5,광산구,첨단2동,1233062600,성공,북구,첨단2동,True,광산구 첨단2동,북구 첨단2동,400,36,19.9836,광산구 임방울대로826번길 60-5,True
아름마을휴먼시아2단지,29200-248,2009,25.09~27.08,갱신,14,8,2025,"4,530",46.9,11,1064,7,"2,748",15,수등로123번길 22,0,00022,00000,4289327,1,12330,12330,신가동,,광산구,12330,아파트,전월세,202508,아파트 전월세,,,,,,광산구|신가동|1064|수등로123번길 22|00022|00000,35.1842119227205,126.82398140206,광주광역시 광산구 신가동 1064,전남광주통합특별시 광산구 수등로123번길 22,광산구,수완동,1233063700,성공,광산구,수완동,True,광산구 수완동,광산구 수완동,4530,7,46.9,광산구 수등로123번길 22,True
첨단AM-City3차,29200-295,2013,25.08~26.08,신규,13,8,2025,300,19.1437,4,661-8,38,,,첨단중앙로152번길 17-12,0,00017,00012,4289613,1,12330,12330,쌍암동,,광산구,12330,아파트,전월세,202508,아파트 전월세,,,,,,광산구|쌍암동|661-8|첨단중앙로152번길 17-12|00017|00012,35.2201158823372,126.843440476063,광주광역시 광산구 쌍암동 661-8,전남광주통합특별시 광산구 첨단중앙로152번길 17-12,광산구,첨단1동,1233062400,성공,광산구,첨단1동,True,광산구 첨단1동,광산구 첨단1동,300,38,19.1437,광산구 첨단중앙로152번길 17-12,True
장자울마을휴먼시아4단지,29200-257,2009,25.09~27.08,갱신,13,8,2025,"2,156",39.48,15,517,12,"2,093",12,풍영로145번길 43,0,00043,00000,4289671,1,12330,12330,흑석동,,광산구,12330,아파트,전월세,202508,아파트 전월세,,,,,,광산구|흑석동|517|풍영로145번길 43|00043|00000,35.1837458369346,126.811293211321,광주광역시 광산구 흑석동 517,전남광주통합특별시 광산구 풍영로145번길 43,광산구,수완동,1233063700,성공,광산구,수완동,True,광산구 수완동,광산구 수완동,2156,12,39.48,광산구 풍영로145번길 43,True
하남주공(2단지),29200-39,1991,25.09~27.09,신규,12,8,2025,"6,600",44.52,8,1571-1,0,,,월곡산정로 12,0,00012,00000,3163042,1,12330,12330,우산동,,광산구,12330,아파트,전월세,202508,아파트 전월세,,,,,,광산구|우산동|1571-1|월곡산정로 12|00012|00000,35.1651071402315,126.803686058,광주광역시 광산구 우산동 1571-1,전남광주통합특별시 광산구 월곡산정로 12,광산구,우산동,1233058000,성공,광산구,우산동,True,광산구 우산동,광산구 우산동,6600,0,44.52,광산구 월곡산정로 12,True
에이엠시티5차,29200-307,2013,25.09~26.09,신규,9,8,2025,"3,000",33.1446,5,682-1,20,,,임방울대로825번길 19,0,00019,00000,4289554,1,12330,12330,쌍암동,,광산구,12330,아파트,전월세,202508,아파트 전월세,,,,,,광산구|쌍암동|682-1|임방울대로825번길 19|00019|00000,35.2187157362366,126.847688221979,광주광역시 광산구 쌍암동 682-1,전남광주통합특별시 광산구 임방울대로825번길 19,광산구,첨단1동,1233062400,성공,광산구,첨단1동,True,광산구 첨단1동,광산구 첨단1동,3000,20,33.1446,광산구 임방울대로825번길 19,True
아름마을휴먼시아3단지,29200-260,2009,25.09~27.08,갱신,12,8,2025,"3,108",46.9,8,1202,14,"2,679",15,하남대로261번길 11,0,00011,00000,4289685,1,12330,12330,신가동,,광산구,12330,아파트,전월세,202508,아파트 전월세,,,,,,광산구|신가동|1202|하남대로261번길 11|00011|00000,35.1803936905995,126.820478944492,광주광역시 광산구 신가동 1202,전남광주통합특별시 광산구 하남대로261번길 11,광산구,수완동,1233063700,성공,광산구,수완동,True,광산구 수완동,광산구 수완동,3108,14,46.9,광산구 하남대로261번길 11,True
장자울마을휴먼시아5단지,29200-256,2009,25.09~27.08,갱신,11,8,2025,"4,904",51.93,3,504,12,"4,802",11,풍영로145번길 42,0,00042,00000,4289671,1,12330,12330,흑석동,,광산구,12330,아파트,전월세,202508,아파트 전월세,,,,,,광산구|흑석동|504|풍영로145번길 42|00042|00000,35.1849233891164,126.811481524903,광주광역시 광산구 흑석동 504,전남광주통합특별시 광산구 풍영로145번길 42,광산구,수완동,1233063700,성공,광산구,수완동,True,광산구 수완동,광산구 수완동,4904,12,51.93,광산구 풍영로145번길 42,True
첨단AM-City3차,29200-295,2013,25.08~26.08,신규,9,8,2025,500,30.1942,7,661-8,50,,,첨단중앙로152번길 17-12,0,00017,00012,4289613,1,12330,12330,쌍암동,,광산구,12330,아파트,전월세,202508,아파트 전월세,,,,,,광산구|쌍암동|661-8|첨단중앙로152번길 17-12|00017|00012,35.2201158823372,126.843440476063,광주광역시 광산구 쌍암동 661-8,전남광주통합특별시 광산구 첨단중앙로152번길 17-12,광산구,첨단1동,1233062400,성공,광산구,첨단1동,True,광산구 첨단1동,광산구 첨단1동,500,50,30.1942,광산구 첨단중앙로152번길 17-12,True
하남주공(2단지),29200-39,1991,25.08~27.08,신규,6,8,2025,300,44.52,3,1571-1,38,,,월곡산정로 12,0,00012,00000,3163042,1,12330,12330,우산동,,광산구,12330,아파트,전월세,202508,아파트 전월세,,,,,,광산구|우산동|1571-1|월곡산정로 12|00012|00000,35.1651071402315,126.803686058,광주광역시 광산구 우산동 1571-1,전남광주통합특별시 광산구 월곡산정로 12,광산구,우산동,1233058000,성공,광산구,우산동,True,광산구 우산동,광산구 우산동,300,38,44.52,광산구 월곡산정로 12,True
첨단도휘에드가2차,29200-350,2015,25.08~27.07,신규,1,8,2025,250,19.69,13,694-70,33,,,월계로 223-20,0,00223,00020,3163039,1,12330,12330,쌍암동,,광산구,12330,아파트,전월세,202508,아파트 전월세,,,,,,광산구|쌍암동|694-70|월계로 223-20|00223|00020,35.2153858800186,126.850509647451,광주광역시 광산구 쌍암동 694-70,전남광주통합특별시 광산구 월계로 223-20,광산구,첨단2동,1233062600,성공,북구,첨단2동,True,광산구 첨단2동,북구 첨단2동,250,33,19.69,광산구 월계로 223-20,True
광주수완6신완마을휴먼시아,29200-263,2010,24.12~26.11,갱신,7,8,2025,"2,572",51.26,15,1044,21,"3,372",18,풍영로329번길 51,0,00051,00000,4289681,1,12330,12330,장덕동,,광산구,12330,아파트,전월세,202508,아파트 전월세,,,,,,광산구|장덕동|1044|풍영로329번길 51|00051|00000,35.1993201857989,126.811785931546,광주광역시 광산구 장덕동 1044,전남광주통합특별시 광산구 풍영로329번길 51,광산구,수완동,1233063700,성공,광산구,수완동,True,광산구 수완동,광산구 수완동,2572,21,51.26,광산구 풍영로329번길 51,True
아름마을휴먼시아2단지,29200-248,2009,25.08~27.07,갱신,7,8,2025,"3,504",51.93,12,1064,19,"3,504",18,수등로123번길 22,0,00022,00000,4289327,1,12330,12330,신가동,,광산구,12330,아파트,전월세,202508,아파트 전월세,,,,,,광산구|신가동|1064|수등로123번길 22|00022|00000,35.1842119227205,126.82398140206,광주광역시 광산구 신가동 1064,전남광주통합특별시 광산구 수등로123번길 22,광산구,수완동,1233063700,성공,광산구,수완동,True,광산구 수완동,광산구 수완동,3504,19,51.93,광산구 수등로123번길 22,True
광주수완7신완마을휴먼시아,29200-264,2011,25.08~27.07,갱신,8,8,2025,"3,075",39.96,8,1037,6,"2,075",12,풍영로329번길 50,0,00050,00000,4289681,1,12330,12330,장덕동,,광산구,12330,아파트,전월세,202508,아파트 전월세,,,,,,광산구|장덕동|1037|풍영로329번길 50|00050|00000,35.2014118295745,126.812869241031,광주광역시 광산구 장덕동 1037,전남광주통합특별시 광산구 풍영로329번길 50,광산구,수완동,1233063700,성공,광산구,수완동,True,광산구 수완동,광산구 수완동,3075,6,39.96,광산구 풍영로329번길 50,True
무들에코클래스,29200-323,2014,25.08~26.08,신규,8,8,2025,300,19.9836,8,893-1,38,,,임방울대로826번길 60-5,0,00060,00005,4289555,1,12330,12330,월계동,,광산구,12330,아파트,전월세,202508,아파트 전월세,,,,,,광산구|월계동|893-1|임방울대로826번길 60-5|00060|00005,35.2144820852673,126.847824082744,광주광역시 광산구 월계동 893-1,전남광주통합특별시 광산구 임방울대로826번길 60-5,광산구,첨단2동,1233062600,성공,북구,첨단2동,True,광산구 첨단2동,북구 첨단2동,300,38,19.9836,광산구 임방울대로826번길 60-5,True
광주우산엘에이치1단지,29200-422,2019,25.09~27.08,갱신,7,8,2025,"3,711",26.41,12,1599-1,5,"3,690",6,무진대로 246-7,,00246,00007,2009009,0,12330,12330,우산동,,광산구,12330,아파트,전월세,202508,아파트 전월세,,,,,,광산구|우산동|1599-1|무진대로 246-7|00246|00007,35.1605509336336,126.807603506014,광주광역시 광산구 우산동 1599-1,전남광주통합특별시 광산구 무진대로 246-7,광산구,우산동,1233058000,성공,광산구,우산동,True,광산구 우산동,광산구 우산동,3711,5,26.41,광산구 무진대로 246-7,True
장자울마을휴먼시아5단지,29200-256,2009,25.09~27.08,갱신,8,8,2025,"2,156",39.72,4,504,12,"2,156",12,풍영로145번길 42,0,00042,00000,4289671,1,12330,12330,흑석동,,광산구,12330,아파트,전월세,202508,아파트 전월세,,,,,,광산구|흑석동|504|풍영로145번길 42|00042|00000,35.1849233891164,126.811481524903,광주광역시 광산구 흑석동 504,전남광주통합특별시 광산구 풍영로145번길 42,광산구,수완동,1233063700,성공,광산구,수완동,True,광산구 수완동,광산구 수완동,2156,12,39.72,광산구 풍영로145번길 42,True
장자울마을휴먼시아5단지,29200-256,2009,25.09~27.08,갱신,8,8,2025,"2,156",39.72,13,504,12,"2,093",12,풍영로145번길 42,0,00042,00000,4289671,1,12330,12330,흑석동,,광산구,12330,아파트,전월세,202508,아파트 전월세,,,,,,광산구|흑석동|504|풍영로145번길 42|00042|00000,35.1849233891164,126.811481524903,광주광역시 광산구 흑석동 504,전남광주통합특별시 광산구 풍영로145번길 42,광산구,수완동,1233063700,성공,광산구,수완동,True,광산구 수완동,광산구 수완동,2156,12,39.72,광산구 풍영로145번길 42,True
첨단AM-City3차,29200-295,2013,25.08~26.08,신규,6,8,2025,300,19.1437,7,661-8,38,,,첨단중앙로152번길 17-12,0,00017,00012,4289613,1,12330,12330,쌍암동,,광산구,12330,아파트,전월세,202508,아파트 전월세,,,,,,광산구|쌍암동|661-8|첨단중앙로152번길 17-12|00017|00012,35.2201158823372,126.843440476063,광주광역시 광산구 쌍암동 661-8,전남광주통합특별시 광산구 첨단중앙로152번길 17-12,광산구,첨단1동,1233062400,성공,광산구,첨단1동,True,광산구 첨단1동,광산구 첨단1동,300,38,19.1437,광산구 첨단중앙로152번길 17-12,True
윤진리안채,29200-391,2017,25.08~26.08,신규,7,8,2025,500,28.7459,11,694-74,50,,,첨단강변로99번길 21,0,00021,00000,4289601,0,12330,12330,쌍암동,,광산구,12330,아파트,전월세,202508,아파트 전월세,,,,,,광산구|쌍암동|694-74|첨단강변로99번길 21|00021|00000,35.2151862774642,126.851132647598,광주광역시 광산구 쌍암동 694-74,전남광주통합특별시 광산구 첨단강변로99번길 21,광산구,첨단2동,1233062600,성공,북구,첨단2동,True,광산구 첨단2동,북구 첨단2동,500,50,28.7459,광산구 첨단강변로99번길 21,True
광주수완7신완마을휴먼시아,29200-264,2011,25.09~27.08,갱신,7,8,2025,"3,137",39.25,5,1037,7,"3,075",7,풍영로329번길 50,0,00050,00000,4289681,1,12330,12330,장덕동,,광산구,12330,아파트,전월세,202508,아파트 전월세,,,,,,광산구|장덕동|1037|풍영로329번길 50|00050|00000,35.2014118295745,126.812869241031,광주광역시 광산구 장덕동 1037,전남광주통합특별시 광산구 풍영로329번길 50,광산구,수완동,1233063700,성공,광산구,수완동,True,광산구 수완동,광산구 수완동,3137,7,39.25,광산구 풍영로329번길 50,True
광주수완7신완마을휴먼시아,29200-264,2011,25.08~27.07,갱신,7,8,2025,"2,075",39.25,9,1037,12,"2,015",12,풍영로329번길 50,0,00050,00000,4289681,1,12330,12330,장덕동,,광산구,12330,아파트,전월세,202508,아파트 전월세,,,,,,광산구|장덕동|1037|풍영로329번길 50|00050|00000,35.2014118295745,126.812869241031,광주광역시 광산구 장덕동 1037,전남광주통합특별시 광산구 풍영로329번길 50,광산구,수완동,1233063700,성공,광산구,수완동,True,광산구 수완동,광산구 수완동,2075,12,39.25,광산구 풍영로329번길 50,True
장자울마을휴먼시아4단지,29200-257,2009,25.09~27.08,갱신,6,8,2025,"2,830",46.9,5,517,15,"2,748",15,풍영로145번길 43,0,00043,00000,4289671,1,12330,12330,흑석동,,광산구,12330,아파트,전월세,202508,아파트 전월세,,,,,,광산구|흑석동|517|풍영로145번길 43|00043|00000,35.1837458369346,126.811293211321,광주광역시 광산구 흑석동 517,전남광주통합특별시 광산구 풍영로145번길 43,광산구,수완동,1233063700,성공,광산구,수완동,True,광산구 수완동,광산구 수완동,2830,15,46.9,광산구 풍영로145번길 43,True
광주수완7신완마을휴먼시아,29200-264,2011,25.09~27.08,갱신,6,8,2025,"3,137",39.25,7,1037,7,"2,137",12,풍영로329번길 50,0,00050,00000,4289681,1,12330,12330,장덕동,,광산구,12330,아파트,전월세,202508,아파트 전월세,,,,,,광산구|장덕동|1037|풍영로329번길 50|00050|00000,35.2014118295745,126.812869241031,광주광역시 광산구 장덕동 1037,전남광주통합특별시 광산구 풍영로329번길 50,광산구,수완동,1233063700,성공,광산구,수완동,True,광산구 수완동,광산구 수완동,3137,7,39.25,광산구 풍영로329번길 50,True
장자울마을휴먼시아5단지,29200-256,2009,25.09~27.08,갱신,6,8,2025,"3,504",51.93,9,504,19,"3,402",18,풍영로145번길 42,0,00042,00000,4289671,1,12330,12330,흑석동,,광산구,12330,아파트,전월세,202508,아파트 전월세,,,,,,광산구|흑석동|504|풍영로145번길 42|00042|00000,35.1849233891164,126.811481524903,광주광역시 광산구 흑석동 504,전남광주통합특별시 광산구 풍영로145번길 42,광산구,수완동,1233063700,성공,광산구,수완동,True,광산구 수완동,광산구 수완동,3504,19,51.93,광산구 풍영로145번길 42,True
광주수완7신완마을휴먼시아,29200-264,2011,25.09~27.08,갱신,5,8,2025,"3,137",39.25,10,1037,7,"2,075",12,풍영로329번길 50,0,00050,00000,4289681,1,12330,12330,장덕동,,광산구,12330,아파트,전월세,202508,아파트 전월세,,,,,,광산구|장덕동|1037|풍영로329번길 50|00050|00000,35.2014118295745,126.812869241031,광주광역시 광산구 장덕동 1037,전남광주통합특별시 광산구 풍영로329번길 50,광산구,수완동,1233063700,성공,광산구,수완동,True,광산구 수완동,광산구 수완동,3137,7,39.25,광산구 풍영로329번길 50,True
광주수완7신완마을휴먼시아,29200-264,2011,25.09~27.08,갱신,5,8,2025,"3,137",39.25,13,1037,7,"2,075",12,풍영로329번길 50,0,00050,00000,4289681,1,12330,12330,장덕동,,광산구,12330,아파트,전월세,202508,아파트 전월세,,,,,,광산구|장덕동|1037|풍영로329번길 50|00050|00000,35.2014118295745,126.812869241031,광주광역시 광산구 장덕동 1037,전남광주통합특별시 광산구 풍영로329번길 50,광산구,수완동,1233063700,성공,광산구,수완동,True,광산구 수완동,광산구 수완동,3137,7,39.25,광산구 풍영로329번길 50,True
에이엠시티4차,29200-318,2014,25.08~26.08,신규,4,8,2025,300,22.1404,9,660-7,37,,,첨단중앙로152번길 17-6,0,00017,00006,4289613,1,12330,12330,쌍암동,,광산구,12330,아파트,전월세,202508,아파트 전월세,,,,,,광산구|쌍암동|660-7|첨단중앙로152번길 17-6|00017|00006,35.2193014166222,126.843435669554,광주광역시 광산구 쌍암동 660-7,전남광주통합특별시 광산구 첨단중앙로152번길 17-6,광산구,첨단1동,1233062400,성공,광산구,첨단1동,True,광산구 첨단1동,광산구 첨단1동,300,37,22.1404,광산구 첨단중앙로152번길 17-6,True
광주수완6신완마을휴먼시아,29200-263,2010,25.09~27.08,갱신,1,8,2025,"2,724",46.85,16,1044,15,"2,601",14,풍영로329번길 51,0,00051,00000,4289681,1,12330,12330,장덕동,,광산구,12330,아파트,전월세,202508,아파트 전월세,,,,,,광산구|장덕동|1044|풍영로329번길 51|00051|00000,35.1993201857989,126.811785931546,광주광역시 광산구 장덕동 1044,전남광주통합특별시 광산구 풍영로329번길 51,광산구,수완동,1233063700,성공,광산구,수완동,True,광산구 수완동,광산구 수완동,2724,15,46.85,광산구 풍영로329번길 51,True
광주하남엘에이치천년나무,29200-414,2019,25.09~27.08,신규,1,8,2025,"1,623",16.35,6,1611-3,5,,,용아로 175-6,,00175,00006,3163035,0,12330,12330,우산동,,광산구,12330,아파트,전월세,202508,아파트 전월세,,,,,,광산구|우산동|1611-3|용아로 175-6|00175|00006,35.1599080758315,126.800246035505,광주광역시 광산구 우산동 1611-3,전남광주통합특별시 광산구 용아로 175-6,광산구,우산동,1233058000,성공,광산구,우산동,True,광산구 우산동,광산구 우산동,1623,5,16.35,광산구 용아로 175-6,True
광주하남엘에이치천년나무,29200-414,2019,25.09~27.08,갱신,1,8,2025,"1,623",16.35,6,1611-3,5,"1,312",8,용아로 175-6,,00175,00006,3163035,0,12330,12330,우산동,,광산구,12330,아파트,전월세,202508,아파트 전월세,,,,,,광산구|우산동|1611-3|용아로 175-6|00175|00006,35.1599080758315,126.800246035505,광주광역시 광산구 우산동 1611-3,전남광주통합특별시 광산구 용아로 175-6,광산구,우산동,1233058000,성공,광산구,우산동,True,광산구 우산동,광산구 우산동,1623,5,16.35,광산구 용아로 175-6,True
하남주공1단지,29200-114,1990,25.08~27.09,신규,1,8,2025,272,26.37,1,1571-1,5,,,월곡산정로 12,0,00012,00000,3163042,1,12330,12330,우산동,,광산구,12330,아파트,전월세,202508,아파트 전월세,,,,,,광산구|우산동|1571-1|월곡산정로 12|00012|00000,35.1651071402315,126.803686058,광주광역시 광산구 우산동 1571-1,전남광주통합특별시 광산구 월곡산정로 12,광산구,우산동,1233058000,성공,광산구,우산동,True,광산구 우산동,광산구 우산동,272,5,26.37,광산구 월곡산정로 12,True
AM-City하이클래스,29110-324,2014,25.09~26.09,신규,18,9,2025,500,17.67,7,154-1,38,,,금남로 185,0,00185,00000,3009019,1,12210,12210,금남로5가,,동구,12210,아파트,전월세,202509,아파트 전월세,,,,,,동구|금남로5가|154-1|금남로 185|00185|00000,35.1517659240292,126.913725421103,광주광역시 동구 금남로5가 154-1,전남광주통합특별시 동구 금남로 185,동구,충장동,1221052500,성공,동구,충장동,True,동구 충장동,동구 충장동,500,38,17.67,동구 금남로 185,True
AM-City하이클래스,29110-324,2014,25.10~26.09,신규,12,9,2025,300,15.1697,9,154-1,36,,,금남로 185,0,00185,00000,3009019,1,12210,12210,금남로5가,,동구,12210,아파트,전월세,202509,아파트 전월세,,,,,,동구|금남로5가|154-1|금남로 185|00185|00000,35.1517659240292,126.913725421103,광주광역시 동구 금남로5가 154-1,전남광주통합특별시 동구 금남로 185,동구,충장동,1221052500,성공,동구,충장동,True,동구 충장동,동구 충장동,300,36,15.1697,동구 금남로 185,True
농성동유탑유블레스,29140-335,2012,25.10~26.09,신규,16,9,2025,300,19.7906,11,112-1,37,,,경열로45번길 13,0,00013,00000,4280012,1,12240,12240,농성동,,서구,12240,아파트,전월세,202509,아파트 전월세,,,,,,서구|농성동|112-1|경열로45번길 13|00013|00000,35.1522648956668,126.891494681592,광주광역시 서구 농성동 112-1,전남광주통합특별시 서구 경열로45번길 13,서구,농성1동,1224065000,성공,서구,농성1동,True,서구 농성1동,서구 농성1동,300,37,19.7906,서구 경열로45번길 13,True
농성동유탑유블레스,29140-335,2012,25.09~26.09,신규,17,9,2025,300,19.7906,4,112-1,32,,,경열로45번길 13,0,00013,00000,4280012,1,12240,12240,농성동,,서구,12240,아파트,전월세,202509,아파트 전월세,,,,,,서구|농성동|112-1|경열로45번길 13|00013|00000,35.1522648956668,126.891494681592,광주광역시 서구 농성동 112-1,전남광주통합특별시 서구 경열로45번길 13,서구,농성1동,1224065000,성공,서구,농성1동,True,서구 농성1동,서구 농성1동,300,32,19.7906,서구 경열로45번길 13,True
농성동유탑유블레스,29140-335,2012,25.09~26.09,신규,8,9,2025,300,19.7906,13,112-1,35,,,경열로45번길 13,0,00013,00000,4280012,1,12240,12240,농성동,,서구,12240,아파트,전월세,202509,아파트 전월세,,,,,,서구|농성동|112-1|경열로45번길 13|00013|00000,35.1522648956668,126.891494681592,광주광역시 서구 농성동 112-1,전남광주통합특별시 서구 경열로45번길 13,서구,농성1동,1224065000,성공,서구,농성1동,True,서구 농성1동,서구 농성1동,300,35,19.7906,서구 경열로45번길 13,True
효천엘에이치천년나무7단지,29155-391,2017,25.09~27.10,신규,29,9,2025,"2,326",26.54,15,713,13,,,행암길 9,0,00009,00000,4283689,0,12270,12270,행암동,,남구,12270,아파트,전월세,202509,아파트 전월세,,,,,,남구|행암동|713|행암길 9|00009|00000,35.1026108867821,126.896298377775,광주광역시 남구 행암동 713,전남광주통합특별시 남구 행암길 9,남구,효덕동,1227071000,성공,남구,효덕동,True,남구 효덕동,남구 효덕동,2326,13,26.54,남구 행암길 9,True
효천엘에이치천년나무6단지아파트,29155-379,2016,25.09~26.06,신규,10,9,2025,"3,347",51.87,16,539,48,,,효우2로 90,0,00090,00000,3162075,1,12270,12270,행암동,,남구,12270,아파트,전월세,202509,아파트 전월세,,,,,,남구|행암동|539|효우2로 90|00090|00000,35.0991849700401,126.883590539706,광주광역시 남구 행암동 539,전남광주통합특별시 남구 효우2로 90,남구,송암동,1227072000,성공,남구,송암동,True,남구 송암동,남구 송암동,3347,48,51.87,남구 효우2로 90,True
효천엘에이치천년나무7단지,29155-391,2017,25.09~27.10,신규,29,9,2025,"2,347",26.54,12,713,13,,,행암길 9,0,00009,00000,4283689,0,12270,12270,행암동,,남구,12270,아파트,전월세,202509,아파트 전월세,,,,,,남구|행암동|713|행암길 9|00009|00000,35.1026108867821,126.896298377775,광주광역시 남구 행암동 713,전남광주통합특별시 남구 행암길 9,남구,효덕동,1227071000,성공,남구,효덕동,True,남구 효덕동,남구 효덕동,2347,13,26.54,남구 행암길 9,True
효천엘에이치천년나무7단지,29155-391,2017,25.09~27.10,신규,29,9,2025,"2,347",26.54,13,713,13,,,행암길 9,0,00009,00000,4283689,0,12270,12270,행암동,,남구,12270,아파트,전월세,202509,아파트 전월세,,,,,,남구|행암동|713|행암길 9|00009|00000,35.1026108867821,126.896298377775,광주광역시 남구 행암동 713,전남광주통합특별시 남구 행암길 9,남구,효덕동,1227071000,성공,남구,효덕동,True,남구 효덕동,남구 효덕동,2347,13,26.54,남구 행암길 9,True
효천엘에이치천년나무7단지,29155-391,2017,25.10~27.09,갱신,18,9,2025,"3,547",26.54,8,713,6,"2,347",13,행암길 9,0,00009,00000,4283689,0,12270,12270,행암동,,남구,12270,아파트,전월세,202509,아파트 전월세,,,,,,남구|행암동|713|행암길 9|00009|00000,35.1026108867821,126.896298377775,광주광역시 남구 행암동 713,전남광주통합특별시 남구 행암길 9,남구,효덕동,1227071000,성공,남구,효덕동,True,남구 효덕동,남구 효덕동,3547,6,26.54,남구 행암길 9,True
효천엘에이치천년나무7단지,29155-391,2017,25.09~27.10,신규,29,9,2025,"2,347",26.54,15,713,13,,,행암길 9,0,00009,00000,4283689,0,12270,12270,행암동,,남구,12270,아파트,전월세,202509,아파트 전월세,,,,,,남구|행암동|713|행암길 9|00009|00000,35.1026108867821,126.896298377775,광주광역시 남구 행암동 713,전남광주통합특별시 남구 행암길 9,남구,효덕동,1227071000,성공,남구,효덕동,True,남구 효덕동,남구 효덕동,2347,13,26.54,남구 행암길 9,True
효천엘에이치천년나무7단지,29155-391,2017,25.09~27.10,신규,29,9,2025,"3,229",36.81,4,713,18,,,행암길 9,0,00009,00000,4283689,0,12270,12270,행암동,,남구,12270,아파트,전월세,202509,아파트 전월세,,,,,,남구|행암동|713|행암길 9|00009|00000,35.1026108867821,126.896298377775,광주광역시 남구 행암동 713,전남광주통합특별시 남구 행암길 9,남구,효덕동,1227071000,성공,남구,효덕동,True,남구 효덕동,남구 효덕동,3229,18,36.81,남구 행암길 9,True
효천엘에이치천년나무7단지,29155-391,2017,25.09~27.09,갱신,29,9,2025,"5,029",36.81,11,713,8,"3,229",18,행암길 9,0,00009,00000,4283689,0,12270,12270,행암동,,남구,12270,아파트,전월세,202509,아파트 전월세,,,,,,남구|행암동|713|행암길 9|00009|00000,35.1026108867821,126.896298377775,광주광역시 남구 행암동 713,전남광주통합특별시 남구 행암길 9,남구,효덕동,1227071000,성공,남구,효덕동,True,남구 효덕동,남구 효덕동,5029,8,36.81,남구 행암길 9,True
효천엘에이치천년나무7단지,29155-391,2017,25.09~27.10,신규,29,9,2025,"1,421",16.99,9,713,8,,,행암길 9,0,00009,00000,4283689,0,12270,12270,행암동,,남구,12270,아파트,전월세,202509,아파트 전월세,,,,,,남구|행암동|713|행암길 9|00009|00000,35.1026108867821,126.896298377775,광주광역시 남구 행암동 713,전남광주통합특별시 남구 행암길 9,남구,효덕동,1227071000,성공,남구,효덕동,True,남구 효덕동,남구 효덕동,1421,8,16.99,남구 행암길 9,True
엘에이치송화마을8단지,29155-395,2018,25.09~27.10,신규,24,9,2025,"2,988",36.72,4,825,17,,,노대실로 9,0,00009,00000,3161003,0,12270,12270,노대동,,남구,12270,아파트,전월세,202509,아파트 전월세,,,,,,남구|노대동|825|노대실로 9|00009|00000,35.1088035081054,126.905394245253,광주광역시 남구 노대동 825,전남광주통합특별시 남구 노대실로 9,남구,효덕동,1227071000,성공,남구,효덕동,True,남구 효덕동,남구 효덕동,2988,17,36.72,남구 노대실로 9,True
무등산센트럴파크,29155-323,2009,25.10~27.10,신규,26,9,2025,"4,000",51.85,4,562,50,,,방림로 31,0,00031,00000,3161004,1,12270,12270,방림동,,남구,12270,아파트,전월세,202509,아파트 전월세,,,,,,남구|방림동|562|방림로 31|00031|00000,35.1357426094961,126.919915877944,광주광역시 남구 방림동 562,전남광주통합특별시 남구 방림로 31,남구,방림1동,1227052000,성공,남구,방림1동,True,남구 방림1동,남구 방림1동,4000,50,51.85,남구 방림로 31,True
광주효천1엘에이치3단지,29155-403,2020,25.09~27.10,갱신,18,9,2025,"1,009",44.97,12,731,26,"3,509",18,효천중앙로 35,0,00035,00000,3351961,0,12270,12270,임암동,,남구,12270,아파트,전월세,202509,아파트 전월세,,,,,,남구|임암동|731|효천중앙로 35|00035|00000,35.1035679937987,126.87276883408,광주광역시 남구 임암동 731,전남광주통합특별시 남구 효천중앙로 35,남구,송암동,1227072000,성공,남구,송암동,True,남구 송암동,남구 송암동,1009,26,44.97,남구 효천중앙로 35,True
광주효천1엘에이치1단지,29155-421,2021,25.10~27.09,갱신,25,9,2025,"4,003",37.7,15,679,10,"1,750",20,효천로 176,0,00176,00000,3351956,1,12270,12270,임암동,,남구,12270,아파트,전월세,202509,아파트 전월세,,,,,,남구|임암동|679|효천로 176|00176|00000,35.1076021714696,126.863505319348,광주광역시 남구 임암동 679,전남광주통합특별시 남구 효천로 176,남구,송암동,1227072000,성공,남구,송암동,True,남구 송암동,남구 송암동,4003,10,37.7,남구 효천로 176,True
효천엘에이치천년나무7단지,29155-391,2017,25.10~27.09,갱신,24,9,2025,"2,347",26.54,8,713,13,"2,297",13,행암길 9,0,00009,00000,4283689,0,12270,12270,행암동,,남구,12270,아파트,전월세,202509,아파트 전월세,,,,,,남구|행암동|713|행암길 9|00009|00000,35.1026108867821,126.896298377775,광주광역시 남구 행암동 713,전남광주통합특별시 남구 행암길 9,남구,효덕동,1227071000,성공,남구,효덕동,True,남구 효덕동,남구 효덕동,2347,13,26.54,남구 행암길 9,True
광주효천1엘에이치3단지,29155-403,2020,25.09~27.09,신규,24,9,2025,"5,715",44.97,17,731,8,,,효천중앙로 35,0,00035,00000,3351961,0,12270,12270,임암동,,남구,12270,아파트,전월세,202509,아파트 전월세,,,,,,남구|임암동|731|효천중앙로 35|00035|00000,35.1035679937987,126.87276883408,광주광역시 남구 임암동 731,전남광주통합특별시 남구 효천중앙로 35,남구,송암동,1227072000,성공,남구,송암동,True,남구 송암동,남구 송암동,5715,8,44.97,남구 효천중앙로 35,True
송화마을휴먼시아(진월1블럭주공),29155-307,2007,25.10~27.09,갱신,22,9,2025,"2,137",39.85,10,725,12,"2,041",11,효우로60번길 50,0,00050,00000,4283741,1,12270,12270,노대동,,남구,12270,아파트,전월세,202509,아파트 전월세,,,,,,남구|노대동|725|효우로60번길 50|00050|00000,35.1093929954418,126.900214471772,광주광역시 남구 노대동 725,전남광주통합특별시 남구 효우로60번길 50,남구,효덕동,1227071000,성공,남구,효덕동,True,남구 효덕동,남구 효덕동,2137,12,39.85,남구 효우로60번길 50,True
송화마을휴먼시아(진월1블럭주공),29155-307,2007,25.10~27.09,갱신,20,9,2025,"3,037",39.85,12,725,7,"2,041",11,효우로60번길 50,0,00050,00000,4283741,1,12270,12270,노대동,,남구,12270,아파트,전월세,202509,아파트 전월세,,,,,,남구|노대동|725|효우로60번길 50|00050|00000,35.1093929954418,126.900214471772,광주광역시 남구 노대동 725,전남광주통합특별시 남구 효우로60번길 50,남구,효덕동,1227071000,성공,남구,효덕동,True,남구 효덕동,남구 효덕동,3037,7,39.85,남구 효우로60번길 50,True
효천엘에이치천년나무7단지,29155-391,2017,25.09~27.09,갱신,18,9,2025,"3,426",26.54,12,713,7,"2,326",13,행암길 9,0,00009,00000,4283689,0,12270,12270,행암동,,남구,12270,아파트,전월세,202509,아파트 전월세,,,,,,남구|행암동|713|행암길 9|00009|00000,35.1026108867821,126.896298377775,광주광역시 남구 행암동 713,전남광주통합특별시 남구 행암길 9,남구,효덕동,1227071000,성공,남구,효덕동,True,남구 효덕동,남구 효덕동,3426,7,26.54,남구 행암길 9,True
송화마을휴먼시아(진월1블럭주공),29155-307,2007,25.10~27.09,갱신,16,9,2025,"2,137",39.85,8,725,12,"2,041",11,효우로60번길 50,0,00050,00000,4283741,1,12270,12270,노대동,,남구,12270,아파트,전월세,202509,아파트 전월세,,,,,,남구|노대동|725|효우로60번길 50|00050|00000,35.1093929954418,126.900214471772,광주광역시 남구 노대동 725,전남광주통합특별시 남구 효우로60번길 50,남구,효덕동,1227071000,성공,남구,효덕동,True,남구 효덕동,남구 효덕동,2137,12,39.85,남구 효우로60번길 50,True
송화마을휴먼시아(진월1블럭주공),29155-307,2007,25.10~27.09,갱신,16,9,2025,"2,552",46.9,7,725,15,"2,552",14,효우로60번길 50,0,00050,00000,4283741,1,12270,12270,노대동,,남구,12270,아파트,전월세,202509,아파트 전월세,,,,,,남구|노대동|725|효우로60번길 50|00050|00000,35.1093929954418,126.900214471772,광주광역시 남구 노대동 725,전남광주통합특별시 남구 효우로60번길 50,남구,효덕동,1227071000,성공,남구,효덕동,True,남구 효덕동,남구 효덕동,2552,15,46.9,남구 효우로60번길 50,True
효천엘에이치천년나무7단지,29155-391,2017,25.10~27.09,갱신,10,9,2025,"3,547",26.54,11,713,13,"3,497",6,행암길 9,0,00009,00000,4283689,0,12270,12270,행암동,,남구,12270,아파트,전월세,202509,아파트 전월세,,,,,,남구|행암동|713|행암길 9|00009|00000,35.1026108867821,126.896298377775,광주광역시 남구 행암동 713,전남광주통합특별시 남구 행암길 9,남구,효덕동,1227071000,성공,남구,효덕동,True,남구 효덕동,남구 효덕동,3547,13,26.54,남구 행암길 9,True
송화마을휴먼시아(진월3블럭주공),29155-304,2007,25.10~27.09,갱신,10,9,2025,"2,672",46.9,2,731,14,"2,482",13,효우로60번길 10,0,00010,00000,4283741,1,12270,12270,노대동,,남구,12270,아파트,전월세,202509,아파트 전월세,,,,,,남구|노대동|731|효우로60번길 10|00010|00000,35.1097155897455,126.903323235324,광주광역시 남구 노대동 731,전남광주통합특별시 남구 효우로60번길 10,남구,효덕동,1227071000,성공,남구,효덕동,True,남구 효덕동,남구 효덕동,2672,14,46.9,남구 효우로60번길 10,True
송화마을휴먼시아(진월3블럭주공),29155-304,2007,25.10~27.09,갱신,9,9,2025,"2,672",46.9,12,731,14,"2,552",14,효우로60번길 10,0,00010,00000,4283741,1,12270,12270,노대동,,남구,12270,아파트,전월세,202509,아파트 전월세,,,,,,남구|노대동|731|효우로60번길 10|00010|00000,35.1097155897455,126.903323235324,광주광역시 남구 노대동 731,전남광주통합특별시 남구 효우로60번길 10,남구,효덕동,1227071000,성공,남구,효덕동,True,남구 효덕동,남구 효덕동,2672,14,46.9,남구 효우로60번길 10,True
광주효천1엘에이치1단지,29155-421,2021,25.10~27.09,갱신,9,9,2025,"3,184",46.91,11,679,28,"3,092",27,효천로 176,0,00176,00000,3351956,1,12270,12270,임암동,,남구,12270,아파트,전월세,202509,아파트 전월세,,,,,,남구|임암동|679|효천로 176|00176|00000,35.1076021714696,126.863505319348,광주광역시 남구 임암동 679,전남광주통합특별시 남구 효천로 176,남구,송암동,1227072000,성공,남구,송암동,True,남구 송암동,남구 송암동,3184,28,46.91,남구 효천로 176,True
송화마을휴먼시아(진월3블럭주공),29155-304,2007,25.10~27.09,갱신,8,9,2025,"3,206",51.93,7,731,18,"3,062",17,효우로60번길 10,0,00010,00000,4283741,1,12270,12270,노대동,,남구,12270,아파트,전월세,202509,아파트 전월세,,,,,,남구|노대동|731|효우로60번길 10|00010|00000,35.1097155897455,126.903323235324,광주광역시 남구 노대동 731,전남광주통합특별시 남구 효우로60번길 10,남구,효덕동,1227071000,성공,남구,효덕동,True,남구 효덕동,남구 효덕동,3206,18,51.93,남구 효우로60번길 10,True
송화마을휴먼시아(진월3블럭주공),29155-304,2007,25.10~27.09,갱신,5,9,2025,"3,872",46.59,13,731,7,"3,752",7,효우로60번길 10,0,00010,00000,4283741,1,12270,12270,노대동,,남구,12270,아파트,전월세,202509,아파트 전월세,,,,,,남구|노대동|731|효우로60번길 10|00010|00000,35.1097155897455,126.903323235324,광주광역시 남구 노대동 731,전남광주통합특별시 남구 효우로60번길 10,남구,효덕동,1227071000,성공,남구,효덕동,True,남구 효덕동,남구 효덕동,3872,7,46.59,남구 효우로60번길 10,True
엘에이치송화마을8단지,29155-395,2018,25.10~27.09,갱신,4,9,2025,"4,516",36.72,6,825,7,"4,444",7,노대실로 9,0,00009,00000,3161003,0,12270,12270,노대동,,남구,12270,아파트,전월세,202509,아파트 전월세,,,,,,남구|노대동|825|노대실로 9|00009|00000,35.1088035081054,126.905394245253,광주광역시 남구 노대동 825,전남광주통합특별시 남구 노대실로 9,남구,효덕동,1227071000,성공,남구,효덕동,True,남구 효덕동,남구 효덕동,4516,7,36.72,남구 노대실로 9,True
효천엘에이치천년나무7단지,29155-391,2017,25.10~27.09,갱신,5,9,2025,"3,126",26.54,10,713,8,"3,497",6,행암길 9,0,00009,00000,4283689,0,12270,12270,행암동,,남구,12270,아파트,전월세,202509,아파트 전월세,,,,,,남구|행암동|713|행암길 9|00009|00000,35.1026108867821,126.896298377775,광주광역시 남구 행암동 713,전남광주통합특별시 남구 행암길 9,남구,효덕동,1227071000,성공,남구,효덕동,True,남구 효덕동,남구 효덕동,3126,8,26.54,남구 행암길 9,True
광주효천1엘에이치3단지,29155-403,2020,25.10~27.09,갱신,3,9,2025,"6,413",44.97,2,731,9,"6,233",8,효천중앙로 35,0,00035,00000,3351961,0,12270,12270,임암동,,남구,12270,아파트,전월세,202509,아파트 전월세,,,,,,남구|임암동|731|효천중앙로 35|00035|00000,35.1035679937987,126.87276883408,광주광역시 남구 임암동 731,전남광주통합특별시 남구 효천중앙로 35,남구,송암동,1227072000,성공,남구,송암동,True,남구 송암동,남구 송암동,6413,9,44.97,남구 효천중앙로 35,True
광주효천1엘에이치1단지,29155-421,2021,25.10~27.09,갱신,2,9,2025,"4,003",37.7,2,679,10,"3,870",8,효천로 176,0,00176,00000,3351956,1,12270,12270,임암동,,남구,12270,아파트,전월세,202509,아파트 전월세,,,,,,남구|임암동|679|효천로 176|00176|00000,35.1076021714696,126.863505319348,광주광역시 남구 임암동 679,전남광주통합특별시 남구 효천로 176,남구,송암동,1227072000,성공,남구,송암동,True,남구 송암동,남구 송암동,4003,10,37.7,남구 효천로 176,True
송화마을휴먼시아(진월4블럭주공),29155-305,2007,25.10~27.09,갱신,1,9,2025,"2,137",39.72,12,734,12,"2,041",11,효우로60번길 9,0,00009,00000,4283741,1,12270,12270,노대동,,남구,12270,아파트,전월세,202509,아파트 전월세,,,,,,남구|노대동|734|효우로60번길 9|00009|00000,35.1076086354032,126.903198596274,광주광역시 남구 노대동 734,전남광주통합특별시 남구 효우로60번길 9,남구,효덕동,1227071000,성공,남구,효덕동,True,남구 효덕동,남구 효덕동,2137,12,39.72,남구 효우로60번길 9,True
광주효천1엘에이치1단지,29155-421,2021,25.09~27.08,갱신,1,9,2025,"4,003",37.7,10,679,10,"3,950",9,효천로 176,0,00176,00000,3351956,1,12270,12270,임암동,,남구,12270,아파트,전월세,202509,아파트 전월세,,,,,,남구|임암동|679|효천로 176|00176|00000,35.1076021714696,126.863505319348,광주광역시 남구 임암동 679,전남광주통합특별시 남구 효천로 176,남구,송암동,1227072000,성공,남구,송암동,True,남구 송암동,남구 송암동,4003,10,37.7,남구 효천로 176,True
광주효천1엘에이치1단지,29155-421,2021,25.09~27.08,갱신,1,9,2025,"4,003",37.7,8,679,10,"1,750",20,효천로 176,0,00176,00000,3351956,1,12270,12270,임암동,,남구,12270,아파트,전월세,202509,아파트 전월세,,,,,,남구|임암동|679|효천로 176|00176|00000,35.1076021714696,126.863505319348,광주광역시 남구 임암동 679,전남광주통합특별시 남구 효천로 176,남구,송암동,1227072000,성공,남구,송암동,True,남구 송암동,남구 송암동,4003,10,37.7,남구 효천로 176,True
용봉주공,29170-227,2004,25.10~27.09,갱신,16,9,2025,"4,465",51.49,12,1461,22,"2,056",15,매곡로 20,0,00020,00000,3162014,1,12300,12300,용봉동,,북구,12300,아파트,전월세,202509,아파트 전월세,,,,,,북구|용봉동|1461|매곡로 20|00020|00000,35.1866483726599,126.895825017945,광주광역시 북구 용봉동 1461,전남광주통합특별시 북구 매곡로 20,북구,용봉동,1230059000,성공,북구,용봉동,True,북구 용봉동,북구 용봉동,4465,22,51.49,북구 매곡로 20,True
첨단센트럴파크2차,29200-399,2018,25.12~26.12,신규,27,9,2025,"1,000",41.83,8,676-3,58,,,첨단중앙로170번길 87,0,00087,00000,4289614,1,12330,12330,쌍암동,,광산구,12330,아파트,전월세,202509,아파트 전월세,,,,,,광산구|쌍암동|676-3|첨단중앙로170번길 87|00087|00000,35.2209763822162,126.84687920672,광주광역시 광산구 쌍암동 676-3,전남광주통합특별시 광산구 첨단중앙로170번길 87,광산구,첨단1동,1233062400,성공,광산구,첨단1동,True,광산구 첨단1동,광산구 첨단1동,1000,58,41.83,광산구 첨단중앙로170번길 87,True
하남주공(2단지),29200-39,1991,25.09~27.09,신규,16,9,2025,300,44.52,9,1571-1,40,,,월곡산정로 12,0,00012,00000,3163042,1,12330,12330,우산동,,광산구,12330,아파트,전월세,202509,아파트 전월세,,,,,,광산구|우산동|1571-1|월곡산정로 12|00012|00000,35.1651071402315,126.803686058,광주광역시 광산구 우산동 1571-1,전남광주통합특별시 광산구 월곡산정로 12,광산구,우산동,1233058000,성공,광산구,우산동,True,광산구 우산동,광산구 우산동,300,40,44.52,광산구 월곡산정로 12,True
하남주공(2단지),29200-39,1991,25.09~26.09,신규,19,9,2025,300,44.52,4,1571-1,38,,,월곡산정로 12,0,00012,00000,3163042,1,12330,12330,우산동,,광산구,12330,아파트,전월세,202509,아파트 전월세,,,,,,광산구|우산동|1571-1|월곡산정로 12|00012|00000,35.1651071402315,126.803686058,광주광역시 광산구 우산동 1571-1,전남광주통합특별시 광산구 월곡산정로 12,광산구,우산동,1233058000,성공,광산구,우산동,True,광산구 우산동,광산구 우산동,300,38,44.52,광산구 월곡산정로 12,True
첨단도휘에드가2차,29200-350,2015,25.09~26.09,신규,25,9,2025,300,19.89,7,694-70,38,,,월계로 223-20,0,00223,00020,3163039,1,12330,12330,쌍암동,,광산구,12330,아파트,전월세,202509,아파트 전월세,,,,,,광산구|쌍암동|694-70|월계로 223-20|00223|00020,35.2153858800186,126.850509647451,광주광역시 광산구 쌍암동 694-70,전남광주통합특별시 광산구 월계로 223-20,광산구,첨단2동,1233062600,성공,북구,첨단2동,True,광산구 첨단2동,북구 첨단2동,300,38,19.89,광산구 월계로 223-20,True
고실마을휴먼시아8단지,29200-262,2010,25.11~27.10,갱신,18,9,2025,"2,075",39.25,13,1098,12,,11,풍영로330번길 15,0,00015,00000,4289682,1,12330,12330,장덕동,,광산구,12330,아파트,전월세,202509,아파트 전월세,,,,,,광산구|장덕동|1098|풍영로330번길 15|00015|00000,35.2015313255941,126.816684307953,광주광역시 광산구 장덕동 1098,전남광주통합특별시 광산구 풍영로330번길 15,광산구,수완동,1233063700,성공,광산구,수완동,True,광산구 수완동,광산구 수완동,2075,12,39.25,광산구 풍영로330번길 15,True
하남주공(2단지),29200-39,1991,25.10~27.10,신규,30,9,2025,300,44.52,13,1571-1,40,,,월곡산정로 12,0,00012,00000,3163042,1,12330,12330,우산동,,광산구,12330,아파트,전월세,202509,아파트 전월세,,,,,,광산구|우산동|1571-1|월곡산정로 12|00012|00000,35.1651071402315,126.803686058,광주광역시 광산구 우산동 1571-1,전남광주통합특별시 광산구 월곡산정로 12,광산구,우산동,1233058000,성공,광산구,우산동,True,광산구 우산동,광산구 우산동,300,40,44.52,광산구 월곡산정로 12,True
하남주공(2단지),29200-39,1991,25.10~27.10,신규,15,9,2025,300,38.64,14,1571-1,35,,,월곡산정로 12,0,00012,00000,3163042,1,12330,12330,우산동,,광산구,12330,아파트,전월세,202509,아파트 전월세,,,,,,광산구|우산동|1571-1|월곡산정로 12|00012|00000,35.1651071402315,126.803686058,광주광역시 광산구 우산동 1571-1,전남광주통합특별시 광산구 월곡산정로 12,광산구,우산동,1233058000,성공,광산구,우산동,True,광산구 우산동,광산구 우산동,300,35,38.64,광산구 월곡산정로 12,True
하남주공1단지,29200-114,1990,25.09~27.10,신규,19,9,2025,272,26.37,4,1571-1,5,,,월곡산정로 12,0,00012,00000,3163042,1,12330,12330,우산동,,광산구,12330,아파트,전월세,202509,아파트 전월세,,,,,,광산구|우산동|1571-1|월곡산정로 12|00012|00000,35.1651071402315,126.803686058,광주광역시 광산구 우산동 1571-1,전남광주통합특별시 광산구 월곡산정로 12,광산구,우산동,1233058000,성공,광산구,우산동,True,광산구 우산동,광산구 우산동,272,5,26.37,광산구 월곡산정로 12,True
하남주공(2단지),29200-39,1991,25.09~26.09,갱신,15,9,2025,300,44.52,3,1571-1,38,300,38,월곡산정로 12,0,00012,00000,3163042,1,12330,12330,우산동,,광산구,12330,아파트,전월세,202509,아파트 전월세,,,,,,광산구|우산동|1571-1|월곡산정로 12|00012|00000,35.1651071402315,126.803686058,광주광역시 광산구 우산동 1571-1,전남광주통합특별시 광산구 월곡산정로 12,광산구,우산동,1233058000,성공,광산구,우산동,True,광산구 우산동,광산구 우산동,300,38,44.52,광산구 월곡산정로 12,True
하남주공(2단지),29200-39,1991,25.10~27.10,신규,14,9,2025,300,44.94,8,1571-1,40,,,월곡산정로 12,0,00012,00000,3163042,1,12330,12330,우산동,,광산구,12330,아파트,전월세,202509,아파트 전월세,,,,,,광산구|우산동|1571-1|월곡산정로 12|00012|00000,35.1651071402315,126.803686058,광주광역시 광산구 우산동 1571-1,전남광주통합특별시 광산구 월곡산정로 12,광산구,우산동,1233058000,성공,광산구,우산동,True,광산구 우산동,광산구 우산동,300,40,44.94,광산구 월곡산정로 12,True
장자울마을휴먼시아4단지,29200-257,2009,25.09~27.10,신규,23,9,2025,"2,156",39.72,3,517,12,,,풍영로145번길 43,0,00043,00000,4289671,1,12330,12330,흑석동,,광산구,12330,아파트,전월세,202509,아파트 전월세,,,,,,광산구|흑석동|517|풍영로145번길 43|00043|00000,35.1837458369346,126.811293211321,광주광역시 광산구 흑석동 517,전남광주통합특별시 광산구 풍영로145번길 43,광산구,수완동,1233063700,성공,광산구,수완동,True,광산구 수완동,광산구 수완동,2156,12,39.72,광산구 풍영로145번길 43,True
무들에코클래스,29200-323,2014,25.09~26.09,신규,23,9,2025,300,19.9836,3,893-1,35,,,임방울대로826번길 60-5,0,00060,00005,4289555,1,12330,12330,월계동,,광산구,12330,아파트,전월세,202509,아파트 전월세,,,,,,광산구|월계동|893-1|임방울대로826번길 60-5|00060|00005,35.2144820852673,126.847824082744,광주광역시 광산구 월계동 893-1,전남광주통합특별시 광산구 임방울대로826번길 60-5,광산구,첨단2동,1233062600,성공,북구,첨단2동,True,광산구 첨단2동,북구 첨단2동,300,35,19.9836,광산구 임방울대로826번길 60-5,True
광주수완6신완마을휴먼시아,29200-263,2010,25.10~27.09,갱신,2,9,2025,"4,351",46.9,3,1044,7,"4,227",7,풍영로329번길 51,0,00051,00000,4289681,1,12330,12330,장덕동,,광산구,12330,아파트,전월세,202509,아파트 전월세,,,,,,광산구|장덕동|1044|풍영로329번길 51|00051|00000,35.1993201857989,126.811785931546,광주광역시 광산구 장덕동 1044,전남광주통합특별시 광산구 풍영로329번길 51,광산구,수완동,1233063700,성공,광산구,수완동,True,광산구 수완동,광산구 수완동,4351,7,46.9,광산구 풍영로329번길 51,True
첨단도휘에드가2차,29200-350,2015,25.10~26.08,신규,16,9,2025,300,19.69,5,694-70,38,,,월계로 223-20,0,00223,00020,3163039,1,12330,12330,쌍암동,,광산구,12330,아파트,전월세,202509,아파트 전월세,,,,,,광산구|쌍암동|694-70|월계로 223-20|00223|00020,35.2153858800186,126.850509647451,광주광역시 광산구 쌍암동 694-70,전남광주통합특별시 광산구 월계로 223-20,광산구,첨단2동,1233062600,성공,북구,첨단2동,True,광산구 첨단2동,북구 첨단2동,300,38,19.69,광산구 월계로 223-20,True
첨단AM-City3차,29200-295,2013,25.09~26.09,신규,27,9,2025,500,30.1942,7,661-8,50,,,첨단중앙로152번길 17-12,0,00017,00012,4289613,1,12330,12330,쌍암동,,광산구,12330,아파트,전월세,202509,아파트 전월세,,,,,,광산구|쌍암동|661-8|첨단중앙로152번길 17-12|00017|00012,35.2201158823372,126.843440476063,광주광역시 광산구 쌍암동 661-8,전남광주통합특별시 광산구 첨단중앙로152번길 17-12,광산구,첨단1동,1233062400,성공,광산구,첨단1동,True,광산구 첨단1동,광산구 첨단1동,500,50,30.1942,광산구 첨단중앙로152번길 17-12,True
에이엠시티5차,29200-307,2013,25.10~26.09,신규,15,9,2025,500,33.1446,8,682-1,45,,,임방울대로825번길 19,0,00019,00000,4289554,1,12330,12330,쌍암동,,광산구,12330,아파트,전월세,202509,아파트 전월세,,,,,,광산구|쌍암동|682-1|임방울대로825번길 19|00019|00000,35.2187157362366,126.847688221979,광주광역시 광산구 쌍암동 682-1,전남광주통합특별시 광산구 임방울대로825번길 19,광산구,첨단1동,1233062400,성공,광산구,첨단1동,True,광산구 첨단1동,광산구 첨단1동,500,45,33.1446,광산구 임방울대로825번길 19,True
아름마을휴먼시아1단지,29200-247,2009,25.09~27.10,신규,23,9,2025,"3,156",39.72,14,1061,6,,,수등로123번길 70,0,00070,00000,4289327,1,12330,12330,신가동,,광산구,12330,아파트,전월세,202509,아파트 전월세,,,,,,광산구|신가동|1061|수등로123번길 70|00070|00000,35.1858460602035,126.824527935674,광주광역시 광산구 신가동 1061,전남광주통합특별시 광산구 수등로123번길 70,광산구,수완동,1233063700,성공,광산구,수완동,True,광산구 수완동,광산구 수완동,3156,6,39.72,광산구 수등로123번길 70,True
첨단도휘에드가2차,29200-350,2015,25.09~26.09,신규,30,9,2025,300,19.69,13,694-70,38,,,월계로 223-20,0,00223,00020,3163039,1,12330,12330,쌍암동,,광산구,12330,아파트,전월세,202509,아파트 전월세,,,,,,광산구|쌍암동|694-70|월계로 223-20|00223|00020,35.2153858800186,126.850509647451,광주광역시 광산구 쌍암동 694-70,전남광주통합특별시 광산구 월계로 223-20,광산구,첨단2동,1233062600,성공,북구,첨단2동,True,광산구 첨단2동,북구 첨단2동,300,38,19.69,광산구 월계로 223-20,True
에이엠시티센트럴파크,29200-349,2015,25.10~27.10,신규,29,9,2025,"11,700",40.9226,15,676-2,0,,,첨단중앙로182번길 50,,00050,00000,4289616,1,12330,12330,쌍암동,,광산구,12330,아파트,전월세,202509,아파트 전월세,,,,,,광산구|쌍암동|676-2|첨단중앙로182번길 50|00050|00000,35.2215170161494,126.846882804545,광주광역시 광산구 쌍암동 676-2,전남광주통합특별시 광산구 첨단중앙로182번길 50,광산구,첨단1동,1233062400,성공,광산구,첨단1동,True,광산구 첨단1동,광산구 첨단1동,11700,0,40.9226,광산구 첨단중앙로182번길 50,True
한양에드가302동,29200-309,2013,25.10~26.10,신규,12,9,2025,300,19.853,8,694-115,38,,,월계로 223-17,0,00223,00017,3163039,2,12330,12330,쌍암동,,광산구,12330,아파트,전월세,202509,아파트 전월세,,,,,,광산구|쌍암동|694-115|월계로 223-17|00223|00017,35.2149023369798,126.849588941863,광주광역시 광산구 쌍암동 694-115,전남광주통합특별시 광산구 월계로 223-17,광산구,첨단2동,1233062600,성공,북구,첨단2동,True,광산구 첨단2동,북구 첨단2동,300,38,19.853,광산구 월계로 223-17,True
첨단센트럴파크2차,29200-399,2018,25.09~27.09,신규,15,9,2025,"17,000",47.44,13,676-3,0,,,첨단중앙로170번길 87,0,00087,00000,4289614,1,12330,12330,쌍암동,,광산구,12330,아파트,전월세,202509,아파트 전월세,,,,,,광산구|쌍암동|676-3|첨단중앙로170번길 87|00087|00000,35.2209763822162,126.84687920672,광주광역시 광산구 쌍암동 676-3,전남광주통합특별시 광산구 첨단중앙로170번길 87,광산구,첨단1동,1233062400,성공,광산구,첨단1동,True,광산구 첨단1동,광산구 첨단1동,17000,0,47.44,광산구 첨단중앙로170번길 87,True
광주수완7신완마을휴먼시아,29200-264,2011,25.09~27.10,신규,25,9,2025,475,39.77,14,1037,17,,,풍영로329번길 50,0,00050,00000,4289681,1,12330,12330,장덕동,,광산구,12330,아파트,전월세,202509,아파트 전월세,,,,,,광산구|장덕동|1037|풍영로329번길 50|00050|00000,35.2014118295745,126.812869241031,광주광역시 광산구 장덕동 1037,전남광주통합특별시 광산구 풍영로329번길 50,광산구,수완동,1233063700,성공,광산구,수완동,True,광산구 수완동,광산구 수완동,475,17,39.77,광산구 풍영로329번길 50,True
아름마을휴먼시아3단지,29200-260,2009,25.10~27.09,갱신,4,9,2025,"3,026",46.9,1,1202,13,"2,901",12,하남대로261번길 11,0,00011,00000,4289685,1,12330,12330,신가동,,광산구,12330,아파트,전월세,202509,아파트 전월세,,,,,,광산구|신가동|1202|하남대로261번길 11|00011|00000,35.1803936905995,126.820478944492,광주광역시 광산구 신가동 1202,전남광주통합특별시 광산구 하남대로261번길 11,광산구,수완동,1233063700,성공,광산구,수완동,True,광산구 수완동,광산구 수완동,3026,13,46.9,광산구 하남대로261번길 11,True
에이엠시티5차,29200-307,2013,25.09~26.09,신규,24,9,2025,300,19.1284,11,682-1,39,,,임방울대로825번길 19,0,00019,00000,4289554,1,12330,12330,쌍암동,,광산구,12330,아파트,전월세,202509,아파트 전월세,,,,,,광산구|쌍암동|682-1|임방울대로825번길 19|00019|00000,35.2187157362366,126.847688221979,광주광역시 광산구 쌍암동 682-1,전남광주통합특별시 광산구 임방울대로825번길 19,광산구,첨단1동,1233062400,성공,광산구,첨단1동,True,광산구 첨단1동,광산구 첨단1동,300,39,19.1284,광산구 임방울대로825번길 19,True
무들에코클래스,29200-323,2014,25.09~26.09,신규,19,9,2025,300,19.9836,11,893-1,35,,,임방울대로826번길 60-5,0,00060,00005,4289555,1,12330,12330,월계동,,광산구,12330,아파트,전월세,202509,아파트 전월세,,,,,,광산구|월계동|893-1|임방울대로826번길 60-5|00060|00005,35.2144820852673,126.847824082744,광주광역시 광산구 월계동 893-1,전남광주통합특별시 광산구 임방울대로826번길 60-5,광산구,첨단2동,1233062600,성공,북구,첨단2동,True,광산구 첨단2동,북구 첨단2동,300,35,19.9836,광산구 임방울대로826번길 60-5,True
에이엠시티5차,29200-307,2013,25.09~26.09,신규,8,9,2025,300,19.1284,4,682-1,38,,,임방울대로825번길 19,0,00019,00000,4289554,1,12330,12330,쌍암동,,광산구,12330,아파트,전월세,202509,아파트 전월세,,,,,,광산구|쌍암동|682-1|임방울대로825번길 19|00019|00000,35.2187157362366,126.847688221979,광주광역시 광산구 쌍암동 682-1,전남광주통합특별시 광산구 임방울대로825번길 19,광산구,첨단1동,1233062400,성공,광산구,첨단1동,True,광산구 첨단1동,광산구 첨단1동,300,38,19.1284,광산구 임방울대로825번길 19,True
광주수완7신완마을휴먼시아,29200-264,2011,25.10~27.09,갱신,23,9,2025,"2,224",46.9,14,1037,16,"2,023",15,풍영로329번길 50,0,00050,00000,4289681,1,12330,12330,장덕동,,광산구,12330,아파트,전월세,202509,아파트 전월세,,,,,,광산구|장덕동|1037|풍영로329번길 50|00050|00000,35.2014118295745,126.812869241031,광주광역시 광산구 장덕동 1037,전남광주통합특별시 광산구 풍영로329번길 50,광산구,수완동,1233063700,성공,광산구,수완동,True,광산구 수완동,광산구 수완동,2224,16,46.9,광산구 풍영로329번길 50,True
에이엠시티5차,29200-307,2013,25.09~26.09,신규,8,9,2025,300,19.1284,4,682-1,38,,,임방울대로825번길 19,0,00019,00000,4289554,1,12330,12330,쌍암동,,광산구,12330,아파트,전월세,202509,아파트 전월세,,,,,,광산구|쌍암동|682-1|임방울대로825번길 19|00019|00000,35.2187157362366,126.847688221979,광주광역시 광산구 쌍암동 682-1,전남광주통합특별시 광산구 임방울대로825번길 19,광산구,첨단1동,1233062400,성공,광산구,첨단1동,True,광산구 첨단1동,광산구 첨단1동,300,38,19.1284,광산구 임방울대로825번길 19,True
광주하남엘에이치천년나무,29200-414,2019,25.11~27.10,신규,18,9,2025,"2,410",36.02,5,1611-3,14,,,용아로 175-6,,00175,00006,3163035,0,12330,12330,우산동,,광산구,12330,아파트,전월세,202509,아파트 전월세,,,,,,광산구|우산동|1611-3|용아로 175-6|00175|00006,35.1599080758315,126.800246035505,광주광역시 광산구 우산동 1611-3,전남광주통합특별시 광산구 용아로 175-6,광산구,우산동,1233058000,성공,광산구,우산동,True,광산구 우산동,광산구 우산동,2410,14,36.02,광산구 용아로 175-6,True
광주수완7신완마을휴먼시아,29200-264,2011,25.10~27.09,갱신,23,9,2025,"2,996",46.9,2,1037,17,,15,풍영로329번길 50,0,00050,00000,4289681,1,12330,12330,장덕동,,광산구,12330,아파트,전월세,202509,아파트 전월세,,,,,,광산구|장덕동|1037|풍영로329번길 50|00050|00000,35.2014118295745,126.812869241031,광주광역시 광산구 장덕동 1037,전남광주통합특별시 광산구 풍영로329번길 50,광산구,수완동,1233063700,성공,광산구,수완동,True,광산구 수완동,광산구 수완동,2996,17,46.9,광산구 풍영로329번길 50,True
아름마을휴먼시아3단지,29200-260,2009,25.10~27.09,갱신,23,9,2025,"2,808",46.9,12,1202,16,"2,679",15,하남대로261번길 11,0,00011,00000,4289685,1,12330,12330,신가동,,광산구,12330,아파트,전월세,202509,아파트 전월세,,,,,,광산구|신가동|1202|하남대로261번길 11|00011|00000,35.1803936905995,126.820478944492,광주광역시 광산구 신가동 1202,전남광주통합특별시 광산구 하남대로261번길 11,광산구,수완동,1233063700,성공,광산구,수완동,True,광산구 수완동,광산구 수완동,2808,16,46.9,광산구 하남대로261번길 11,True
첨단도휘에드가2차,29200-350,2015,25.09~26.09,신규,19,9,2025,200,19.89,10,694-70,40,,,월계로 223-20,0,00223,00020,3163039,1,12330,12330,쌍암동,,광산구,12330,아파트,전월세,202509,아파트 전월세,,,,,,광산구|쌍암동|694-70|월계로 223-20|00223|00020,35.2153858800186,126.850509647451,광주광역시 광산구 쌍암동 694-70,전남광주통합특별시 광산구 월계로 223-20,광산구,첨단2동,1233062600,성공,북구,첨단2동,True,광산구 첨단2동,북구 첨단2동,200,40,19.89,광산구 월계로 223-20,True
에이엠시티센트럴파크,29200-349,2015,25.09~26.09,신규,17,9,2025,500,40.9226,4,676-2,68,,,첨단중앙로182번길 50,,00050,00000,4289616,1,12330,12330,쌍암동,,광산구,12330,아파트,전월세,202509,아파트 전월세,,,,,,광산구|쌍암동|676-2|첨단중앙로182번길 50|00050|00000,35.2215170161494,126.846882804545,광주광역시 광산구 쌍암동 676-2,전남광주통합특별시 광산구 첨단중앙로182번길 50,광산구,첨단1동,1233062400,성공,광산구,첨단1동,True,광산구 첨단1동,광산구 첨단1동,500,68,40.9226,광산구 첨단중앙로182번길 50,True
장자울마을휴먼시아4단지,29200-257,2009,25.11~27.10,갱신,19,9,2025,"3,504",51.93,7,517,19,"3,118",17,풍영로145번길 43,0,00043,00000,4289671,1,12330,12330,흑석동,,광산구,12330,아파트,전월세,202509,아파트 전월세,,,,,,광산구|흑석동|517|풍영로145번길 43|00043|00000,35.1837458369346,126.811293211321,광주광역시 광산구 흑석동 517,전남광주통합특별시 광산구 풍영로145번길 43,광산구,수완동,1233063700,성공,광산구,수완동,True,광산구 수완동,광산구 수완동,3504,19,51.93,광산구 풍영로145번길 43,True
신가주공1차,29200-131,2002,25.10~27.09,신규,9,9,2025,"2,080",51.95,9,963-1,7,,,수등로 204,0,00204,00000,3163025,2,12330,12330,신가동,,광산구,12330,아파트,전월세,202509,아파트 전월세,,,,,,광산구|신가동|963-1|수등로 204|00204|00000,35.1845341688073,126.831079076561,광주광역시 광산구 신가동 963-1,전남광주통합특별시 광산구 수등로 204,광산구,신가동,1233063000,성공,광산구,신가동,True,광산구 신가동,광산구 신가동,2080,7,51.95,광산구 수등로 204,True
광주수완6신완마을휴먼시아,29200-263,2010,25.09~27.10,신규,17,9,2025,"1,478",46.9,2,1044,19,,,풍영로329번길 51,0,00051,00000,4289681,1,12330,12330,장덕동,,광산구,12330,아파트,전월세,202509,아파트 전월세,,,,,,광산구|장덕동|1044|풍영로329번길 51|00051|00000,35.1993201857989,126.811785931546,광주광역시 광산구 장덕동 1044,전남광주통합특별시 광산구 풍영로329번길 51,광산구,수완동,1233063700,성공,광산구,수완동,True,광산구 수완동,광산구 수완동,1478,19,46.9,광산구 풍영로329번길 51,True
광주수완6신완마을휴먼시아,29200-263,2010,25.09~27.10,신규,17,9,2025,"2,778",46.9,2,1044,15,,,풍영로329번길 51,0,00051,00000,4289681,1,12330,12330,장덕동,,광산구,12330,아파트,전월세,202509,아파트 전월세,,,,,,광산구|장덕동|1044|풍영로329번길 51|00051|00000,35.1993201857989,126.811785931546,광주광역시 광산구 장덕동 1044,전남광주통합특별시 광산구 풍영로329번길 51,광산구,수완동,1233063700,성공,광산구,수완동,True,광산구 수완동,광산구 수완동,2778,15,46.9,광산구 풍영로329번길 51,True
무들에코클래스,29200-323,2014,25.09~26.09,신규,8,9,2025,"1,000",38.5156,6,893-1,58,,,임방울대로826번길 60-5,0,00060,00005,4289555,1,12330,12330,월계동,,광산구,12330,아파트,전월세,202509,아파트 전월세,,,,,,광산구|월계동|893-1|임방울대로826번길 60-5|00060|00005,35.2144820852673,126.847824082744,광주광역시 광산구 월계동 893-1,전남광주통합특별시 광산구 임방울대로826번길 60-5,광산구,첨단2동,1233062600,성공,북구,첨단2동,True,광산구 첨단2동,북구 첨단2동,1000,58,38.5156,광산구 임방울대로826번길 60-5,True
광주수완6신완마을휴먼시아,29200-263,2010,25.09~27.10,신규,17,9,2025,"3,440",51.82,18,1044,19,,,풍영로329번길 51,0,00051,00000,4289681,1,12330,12330,장덕동,,광산구,12330,아파트,전월세,202509,아파트 전월세,,,,,,광산구|장덕동|1044|풍영로329번길 51|00051|00000,35.1993201857989,126.811785931546,광주광역시 광산구 장덕동 1044,전남광주통합특별시 광산구 풍영로329번길 51,광산구,수완동,1233063700,성공,광산구,수완동,True,광산구 수완동,광산구 수완동,3440,19,51.82,광산구 풍영로329번길 51,True
한양에드가302동,29200-309,2013,25.09~26.09,신규,4,9,2025,500,24.8708,8,694-115,45,,,월계로 223-17,0,00223,00017,3163039,2,12330,12330,쌍암동,,광산구,12330,아파트,전월세,202509,아파트 전월세,,,,,,광산구|쌍암동|694-115|월계로 223-17|00223|00017,35.2149023369798,126.849588941863,광주광역시 광산구 쌍암동 694-115,전남광주통합특별시 광산구 월계로 223-17,광산구,첨단2동,1233062600,성공,북구,첨단2동,True,광산구 첨단2동,북구 첨단2동,500,45,24.8708,광산구 월계로 223-17,True
한양에드가302동,29200-309,2013,25.09~26.09,신규,9,9,2025,200,24.8708,6,694-115,48,,,월계로 223-17,0,00223,00017,3163039,2,12330,12330,쌍암동,,광산구,12330,아파트,전월세,202509,아파트 전월세,,,,,,광산구|쌍암동|694-115|월계로 223-17|00223|00017,35.2149023369798,126.849588941863,광주광역시 광산구 쌍암동 694-115,전남광주통합특별시 광산구 월계로 223-17,광산구,첨단2동,1233062600,성공,북구,첨단2동,True,광산구 첨단2동,북구 첨단2동,200,48,24.8708,광산구 월계로 223-17,True
무들에코클래스,29200-323,2014,25.10~27.09,신규,15,9,2025,"4,500",19.9836,9,893-1,0,,,임방울대로826번길 60-5,0,00060,00005,4289555,1,12330,12330,월계동,,광산구,12330,아파트,전월세,202509,아파트 전월세,,,,,,광산구|월계동|893-1|임방울대로826번길 60-5|00060|00005,35.2144820852673,126.847824082744,광주광역시 광산구 월계동 893-1,전남광주통합특별시 광산구 임방울대로826번길 60-5,광산구,첨단2동,1233062600,성공,북구,첨단2동,True,광산구 첨단2동,북구 첨단2동,4500,0,19.9836,광산구 임방울대로826번길 60-5,True
아름마을휴먼시아2단지,29200-248,2009,25.10~27.09,갱신,15,9,2025,"3,430",46.9,3,1064,11,"3,348",15,수등로123번길 22,0,00022,00000,4289327,1,12330,12330,신가동,,광산구,12330,아파트,전월세,202509,아파트 전월세,,,,,,광산구|신가동|1064|수등로123번길 22|00022|00000,35.1842119227205,126.82398140206,광주광역시 광산구 신가동 1064,전남광주통합특별시 광산구 수등로123번길 22,광산구,수완동,1233063700,성공,광산구,수완동,True,광산구 수완동,광산구 수완동,3430,11,46.9,광산구 수등로123번길 22,True
광주수완6신완마을휴먼시아,29200-263,2010,25.10~27.09,갱신,15,9,2025,"3,406",51.26,9,1044,19,"3,253",18,풍영로329번길 51,0,00051,00000,4289681,1,12330,12330,장덕동,,광산구,12330,아파트,전월세,202509,아파트 전월세,,,,,,광산구|장덕동|1044|풍영로329번길 51|00051|00000,35.1993201857989,126.811785931546,광주광역시 광산구 장덕동 1044,전남광주통합특별시 광산구 풍영로329번길 51,광산구,수완동,1233063700,성공,광산구,수완동,True,광산구 수완동,광산구 수완동,3406,19,51.26,광산구 풍영로329번길 51,True
아름마을휴먼시아1단지,29200-247,2009,25.10~27.09,갱신,11,9,2025,"2,828",46.9,14,1061,15,,15,수등로123번길 70,0,00070,00000,4289327,1,12330,12330,신가동,,광산구,12330,아파트,전월세,202509,아파트 전월세,,,,,,광산구|신가동|1061|수등로123번길 70|00070|00000,35.1858460602035,126.824527935674,광주광역시 광산구 신가동 1061,전남광주통합특별시 광산구 수등로123번길 70,광산구,수완동,1233063700,성공,광산구,수완동,True,광산구 수완동,광산구 수완동,2828,15,46.9,광산구 수등로123번길 70,True
첨단AM-City스카이하이2차,29200-338,2015,25.09~26.09,신규,6,9,2025,300,19.2584,12,878-4,38,,,첨단중앙로106번길 65-11,0,00065,00011,4289610,0,12330,12330,월계동,,광산구,12330,아파트,전월세,202509,아파트 전월세,,,,,,광산구|월계동|878-4|첨단중앙로106번길 65-11|00065|00011,35.2158649451099,126.846545140704,광주광역시 광산구 월계동 878-4,전남광주통합특별시 광산구 첨단중앙로106번길 65-11,광산구,첨단2동,1233062600,성공,북구,첨단2동,True,광산구 첨단2동,북구 첨단2동,300,38,19.2584,광산구 첨단중앙로106번길 65-11,True
첨단AM-City3차,29200-295,2013,25.09~26.09,신규,10,9,2025,500,30.1942,3,661-8,50,,,첨단중앙로152번길 17-12,0,00017,00012,4289613,1,12330,12330,쌍암동,,광산구,12330,아파트,전월세,202509,아파트 전월세,,,,,,광산구|쌍암동|661-8|첨단중앙로152번길 17-12|00017|00012,35.2201158823372,126.843440476063,광주광역시 광산구 쌍암동 661-8,전남광주통합특별시 광산구 첨단중앙로152번길 17-12,광산구,첨단1동,1233062400,성공,광산구,첨단1동,True,광산구 첨단1동,광산구 첨단1동,500,50,30.1942,광산구 첨단중앙로152번길 17-12,True
아름마을휴먼시아2단지,29200-248,2009,25.10~27.09,갱신,9,9,2025,"2,156",39.48,10,1064,12,,12,수등로123번길 22,0,00022,00000,4289327,1,12330,12330,신가동,,광산구,12330,아파트,전월세,202509,아파트 전월세,,,,,,광산구|신가동|1064|수등로123번길 22|00022|00000,35.1842119227205,126.82398140206,광주광역시 광산구 신가동 1064,전남광주통합특별시 광산구 수등로123번길 22,광산구,수완동,1233063700,성공,광산구,수완동,True,광산구 수완동,광산구 수완동,2156,12,39.48,광산구 수등로123번길 22,True
광주수완7신완마을휴먼시아,29200-264,2011,25.10~27.09,갱신,9,9,2025,"2,975",39.25,6,1037,7,"2,015",12,풍영로329번길 50,0,00050,00000,4289681,1,12330,12330,장덕동,,광산구,12330,아파트,전월세,202509,아파트 전월세,,,,,,광산구|장덕동|1037|풍영로329번길 50|00050|00000,35.2014118295745,126.812869241031,광주광역시 광산구 장덕동 1037,전남광주통합특별시 광산구 풍영로329번길 50,광산구,수완동,1233063700,성공,광산구,수완동,True,광산구 수완동,광산구 수완동,2975,7,39.25,광산구 풍영로329번길 50,True
광주수완7신완마을휴먼시아,29200-264,2011,25.11~27.10,갱신,9,9,2025,"2,137",39.25,11,1037,12,,12,풍영로329번길 50,0,00050,00000,4289681,1,12330,12330,장덕동,,광산구,12330,아파트,전월세,202509,아파트 전월세,,,,,,광산구|장덕동|1037|풍영로329번길 50|00050|00000,35.2014118295745,126.812869241031,광주광역시 광산구 장덕동 1037,전남광주통합특별시 광산구 풍영로329번길 50,광산구,수완동,1233063700,성공,광산구,수완동,True,광산구 수완동,광산구 수완동,2137,12,39.25,광산구 풍영로329번길 50,True
하남주공(2단지),29200-39,1991,25.09~27.09,신규,5,9,2025,200,44.94,14,1571-1,40,,,월곡산정로 12,0,00012,00000,3163042,1,12330,12330,우산동,,광산구,12330,아파트,전월세,202509,아파트 전월세,,,,,,광산구|우산동|1571-1|월곡산정로 12|00012|00000,35.1651071402315,126.803686058,광주광역시 광산구 우산동 1571-1,전남광주통합특별시 광산구 월곡산정로 12,광산구,우산동,1233058000,성공,광산구,우산동,True,광산구 우산동,광산구 우산동,200,40,44.94,광산구 월곡산정로 12,True
하남주공(2단지),29200-39,1991,25.09~27.09,신규,3,9,2025,300,44.52,1,1571-1,45,,,월곡산정로 12,0,00012,00000,3163042,1,12330,12330,우산동,,광산구,12330,아파트,전월세,202509,아파트 전월세,,,,,,광산구|우산동|1571-1|월곡산정로 12|00012|00000,35.1651071402315,126.803686058,광주광역시 광산구 우산동 1571-1,전남광주통합특별시 광산구 월곡산정로 12,광산구,우산동,1233058000,성공,광산구,우산동,True,광산구 우산동,광산구 우산동,300,45,44.52,광산구 월곡산정로 12,True
첨단도휘에드가2차,29200-350,2015,25.09~26.09,신규,8,9,2025,300,19.69,8,694-70,38,,,월계로 223-20,0,00223,00020,3163039,1,12330,12330,쌍암동,,광산구,12330,아파트,전월세,202509,아파트 전월세,,,,,,광산구|쌍암동|694-70|월계로 223-20|00223|00020,35.2153858800186,126.850509647451,광주광역시 광산구 쌍암동 694-70,전남광주통합특별시 광산구 월계로 223-20,광산구,첨단2동,1233062600,성공,북구,첨단2동,True,광산구 첨단2동,북구 첨단2동,300,38,19.69,광산구 월계로 223-20,True
하남주공(2단지),29200-39,1991,25.09~27.09,신규,3,9,2025,300,44.52,14,1571-1,40,,,월곡산정로 12,0,00012,00000,3163042,1,12330,12330,우산동,,광산구,12330,아파트,전월세,202509,아파트 전월세,,,,,,광산구|우산동|1571-1|월곡산정로 12|00012|00000,35.1651071402315,126.803686058,광주광역시 광산구 우산동 1571-1,전남광주통합특별시 광산구 월곡산정로 12,광산구,우산동,1233058000,성공,광산구,우산동,True,광산구 우산동,광산구 우산동,300,40,44.52,광산구 월곡산정로 12,True
장자울마을휴먼시아4단지,29200-257,2009,25.11~27.10,갱신,2,9,2025,"3,221",39.48,4,517,7,,7,풍영로145번길 43,0,00043,00000,4289671,1,12330,12330,흑석동,,광산구,12330,아파트,전월세,202509,아파트 전월세,,,,,,광산구|흑석동|517|풍영로145번길 43|00043|00000,35.1837458369346,126.811293211321,광주광역시 광산구 흑석동 517,전남광주통합특별시 광산구 풍영로145번길 43,광산구,수완동,1233063700,성공,광산구,수완동,True,광산구 수완동,광산구 수완동,3221,7,39.48,광산구 풍영로145번길 43,True
장자울마을휴먼시아4단지,29200-257,2009,25.09~27.08,갱신,1,9,2025,"2,156",39.72,11,517,12,"2,156",10,풍영로145번길 43,0,00043,00000,4289671,1,12330,12330,흑석동,,광산구,12330,아파트,전월세,202509,아파트 전월세,,,,,,광산구|흑석동|517|풍영로145번길 43|00043|00000,35.1837458369346,126.811293211321,광주광역시 광산구 흑석동 517,전남광주통합특별시 광산구 풍영로145번길 43,광산구,수완동,1233063700,성공,광산구,수완동,True,광산구 수완동,광산구 수완동,2156,12,39.72,광산구 풍영로145번길 43,True
무들에코클래스,29200-323,2014,25.09~26.09,신규,1,9,2025,"2,000",19.9836,13,893-1,29,,,임방울대로826번길 60-5,0,00060,00005,4289555,1,12330,12330,월계동,,광산구,12330,아파트,전월세,202509,아파트 전월세,,,,,,광산구|월계동|893-1|임방울대로826번길 60-5|00060|00005,35.2144820852673,126.847824082744,광주광역시 광산구 월계동 893-1,전남광주통합특별시 광산구 임방울대로826번길 60-5,광산구,첨단2동,1233062600,성공,북구,첨단2동,True,광산구 첨단2동,북구 첨단2동,2000,29,19.9836,광산구 임방울대로826번길 60-5,True
광주수완6신완마을휴먼시아,29200-263,2010,25.10~27.09,갱신,1,9,2025,"3,473",51.82,20,1044,19,"3,317",18,풍영로329번길 51,0,00051,00000,4289681,1,12330,12330,장덕동,,광산구,12330,아파트,전월세,202509,아파트 전월세,,,,,,광산구|장덕동|1044|풍영로329번길 51|00051|00000,35.1993201857989,126.811785931546,광주광역시 광산구 장덕동 1044,전남광주통합특별시 광산구 풍영로329번길 51,광산구,수완동,1233063700,성공,광산구,수완동,True,광산구 수완동,광산구 수완동,3473,19,51.82,광산구 풍영로329번길 51,True
충장고운라피네,29110-348,2017,26.01~28.01,신규,21,10,2025,"15,500",49.831,18,34,0,,,충장로58번길 14,,00014,00000,4277237,0,12210,12210,충장로4가,,동구,12210,아파트,전월세,202510,아파트 전월세,,,,,,동구|충장로4가|34|충장로58번길 14|00014|00000,35.1493869644374,126.913097129313,광주광역시 동구 충장로4가 34,전남광주통합특별시 동구 충장로58번길 14,동구,충장동,1221052500,성공,동구,충장동,True,동구 충장동,동구 충장동,15500,0,49.831,동구 충장로58번길 14,True
충장고운라피네,29110-348,2017,25.11~27.11,신규,19,10,2025,"16,500",49.831,12,34,0,,,충장로58번길 14,,00014,00000,4277237,0,12210,12210,충장로4가,,동구,12210,아파트,전월세,202510,아파트 전월세,,,,,,동구|충장로4가|34|충장로58번길 14|00014|00000,35.1493869644374,126.913097129313,광주광역시 동구 충장로4가 34,전남광주통합특별시 동구 충장로58번길 14,동구,충장동,1221052500,성공,동구,충장동,True,동구 충장동,동구 충장동,16500,0,49.831,동구 충장로58번길 14,True
AM-City하이클래스,29110-324,2014,25.10~26.10,신규,13,10,2025,300,17.67,8,154-1,39,,,금남로 185,0,00185,00000,3009019,1,12210,12210,금남로5가,,동구,12210,아파트,전월세,202510,아파트 전월세,,,,,,동구|금남로5가|154-1|금남로 185|00185|00000,35.1517659240292,126.913725421103,광주광역시 동구 금남로5가 154-1,전남광주통합특별시 동구 금남로 185,동구,충장동,1221052500,성공,동구,충장동,True,동구 충장동,동구 충장동,300,39,17.67,동구 금남로 185,True
AM-City하이클래스,29110-324,2014,25.10~26.09,신규,1,10,2025,300,17.67,7,154-1,38,,,금남로 185,0,00185,00000,3009019,1,12210,12210,금남로5가,,동구,12210,아파트,전월세,202510,아파트 전월세,,,,,,동구|금남로5가|154-1|금남로 185|00185|00000,35.1517659240292,126.913725421103,광주광역시 동구 금남로5가 154-1,전남광주통합특별시 동구 금남로 185,동구,충장동,1221052500,성공,동구,충장동,True,동구 충장동,동구 충장동,300,38,17.67,동구 금남로 185,True
농성동유탑유블레스,29140-335,2012,25.11~26.10,신규,28,10,2025,300,19.7906,8,112-1,36,,,경열로45번길 13,0,00013,00000,4280012,1,12240,12240,농성동,,서구,12240,아파트,전월세,202510,아파트 전월세,,,,,,서구|농성동|112-1|경열로45번길 13|00013|00000,35.1522648956668,126.891494681592,광주광역시 서구 농성동 112-1,전남광주통합특별시 서구 경열로45번길 13,서구,농성1동,1224065000,성공,서구,농성1동,True,서구 농성1동,서구 농성1동,300,36,19.7906,서구 경열로45번길 13,True
농성동유탑유블레스,29140-335,2012,25.11~26.11,신규,24,10,2025,500,24.9706,6,112-1,45,,,경열로45번길 13,0,00013,00000,4280012,1,12240,12240,농성동,,서구,12240,아파트,전월세,202510,아파트 전월세,,,,,,서구|농성동|112-1|경열로45번길 13|00013|00000,35.1522648956668,126.891494681592,광주광역시 서구 농성동 112-1,전남광주통합특별시 서구 경열로45번길 13,서구,농성1동,1224065000,성공,서구,농성1동,True,서구 농성1동,서구 농성1동,500,45,24.9706,서구 경열로45번길 13,True
농성동유탑유블레스,29140-335,2012,25.10~26.10,신규,3,10,2025,300,19.7906,5,112-1,33,,,경열로45번길 13,0,00013,00000,4280012,1,12240,12240,농성동,,서구,12240,아파트,전월세,202510,아파트 전월세,,,,,,서구|농성동|112-1|경열로45번길 13|00013|00000,35.1522648956668,126.891494681592,광주광역시 서구 농성동 112-1,전남광주통합특별시 서구 경열로45번길 13,서구,농성1동,1224065000,성공,서구,농성1동,True,서구 농성1동,서구 농성1동,300,33,19.7906,서구 경열로45번길 13,True
송화마을휴먼시아(진월3블럭주공),29155-304,2007,,,29,10,2025,"3,237",51.93,10,731,18,,,효우로60번길 10,0,00010,00000,4283741,1,12270,12270,노대동,,남구,12270,아파트,전월세,202510,아파트 전월세,,,,,,남구|노대동|731|효우로60번길 10|00010|00000,35.1097155897455,126.903323235324,광주광역시 남구 노대동 731,전남광주통합특별시 남구 효우로60번길 10,남구,효덕동,1227071000,성공,남구,효덕동,True,남구 효덕동,남구 효덕동,3237,18,51.93,남구 효우로60번길 10,True
광주효천1엘에이치3단지,29155-403,2020,,,1,10,2025,"2,300",21.84,12,731,7,,,효천중앙로 35,0,00035,00000,3351961,0,12270,12270,임암동,,남구,12270,아파트,전월세,202510,아파트 전월세,,,,,,남구|임암동|731|효천중앙로 35|00035|00000,35.1035679937987,126.87276883408,광주광역시 남구 임암동 731,전남광주통합특별시 남구 효천중앙로 35,남구,송암동,1227072000,성공,남구,송암동,True,남구 송암동,남구 송암동,2300,7,21.84,남구 효천중앙로 35,True
엘에이치송화마을8단지,29155-395,2018,25.10~27.11,신규,23,10,2025,"1,382",16.85,10,825,8,,,노대실로 9,0,00009,00000,3161003,0,12270,12270,노대동,,남구,12270,아파트,전월세,202510,아파트 전월세,,,,,,남구|노대동|825|노대실로 9|00009|00000,35.1088035081054,126.905394245253,광주광역시 남구 노대동 825,전남광주통합특별시 남구 노대실로 9,남구,효덕동,1227071000,성공,남구,효덕동,True,남구 효덕동,남구 효덕동,1382,8,16.85,남구 노대실로 9,True
광주효천1엘에이치3단지,29155-403,2020,25.10~27.11,신규,28,10,2025,"2,182",26.7,4,731,11,,,효천중앙로 35,0,00035,00000,3351961,0,12270,12270,임암동,,남구,12270,아파트,전월세,202510,아파트 전월세,,,,,,남구|임암동|731|효천중앙로 35|00035|00000,35.1035679937987,126.87276883408,광주광역시 남구 임암동 731,전남광주통합특별시 남구 효천중앙로 35,남구,송암동,1227072000,성공,남구,송암동,True,남구 송암동,남구 송암동,2182,11,26.7,남구 효천중앙로 35,True
송화마을휴먼시아(진월1블럭주공),29155-307,2007,25.12~27.11,갱신,31,10,2025,"2,853",46.9,2,725,15,"2,478",13,효우로60번길 50,0,00050,00000,4283741,1,12270,12270,노대동,,남구,12270,아파트,전월세,202510,아파트 전월세,,,,,,남구|노대동|725|효우로60번길 50|00050|00000,35.1093929954418,126.900214471772,광주광역시 남구 노대동 725,전남광주통합특별시 남구 효우로60번길 50,남구,효덕동,1227071000,성공,남구,효덕동,True,남구 효덕동,남구 효덕동,2853,15,46.9,남구 효우로60번길 50,True
광주효천1엘에이치3단지,29155-403,2020,25.10~27.11,신규,28,10,2025,"1,306",16.76,17,731,7,,,효천중앙로 35,0,00035,00000,3351961,0,12270,12270,임암동,,남구,12270,아파트,전월세,202510,아파트 전월세,,,,,,남구|임암동|731|효천중앙로 35|00035|00000,35.1035679937987,126.87276883408,광주광역시 남구 임암동 731,전남광주통합특별시 남구 효천중앙로 35,남구,송암동,1227072000,성공,남구,송암동,True,남구 송암동,남구 송암동,1306,7,16.76,남구 효천중앙로 35,True
효천엘에이치천년나무7단지,29155-391,2017,25.10~27.10,신규,31,10,2025,"3,547",26.54,13,713,6,,,행암길 9,0,00009,00000,4283689,0,12270,12270,행암동,,남구,12270,아파트,전월세,202510,아파트 전월세,,,,,,남구|행암동|713|행암길 9|00009|00000,35.1026108867821,126.896298377775,광주광역시 남구 행암동 713,전남광주통합특별시 남구 행암길 9,남구,효덕동,1227071000,성공,남구,효덕동,True,남구 효덕동,남구 효덕동,3547,6,26.54,남구 행암길 9,True
효천엘에이치천년나무7단지,29155-391,2017,25.11~27.10,갱신,30,10,2025,"1,056",26.54,15,713,19,"2,257",13,행암길 9,0,00009,00000,4283689,0,12270,12270,행암동,,남구,12270,아파트,전월세,202510,아파트 전월세,,,,,,남구|행암동|713|행암길 9|00009|00000,35.1026108867821,126.896298377775,광주광역시 남구 행암동 713,전남광주통합특별시 남구 행암길 9,남구,효덕동,1227071000,성공,남구,효덕동,True,남구 효덕동,남구 효덕동,1056,19,26.54,남구 행암길 9,True
광주효천1엘에이치3단지,29155-403,2020,25.10~27.11,신규,28,10,2025,"2,182",26.7,10,731,11,,,효천중앙로 35,0,00035,00000,3351961,0,12270,12270,임암동,,남구,12270,아파트,전월세,202510,아파트 전월세,,,,,,남구|임암동|731|효천중앙로 35|00035|00000,35.1035679937987,126.87276883408,광주광역시 남구 임암동 731,전남광주통합특별시 남구 효천중앙로 35,남구,송암동,1227072000,성공,남구,송암동,True,남구 송암동,남구 송암동,2182,11,26.7,남구 효천중앙로 35,True
효천엘에이치천년나무7단지,29155-391,2017,25.10~27.10,신규,29,10,2025,"5,029",36.81,4,713,8,,,행암길 9,0,00009,00000,4283689,0,12270,12270,행암동,,남구,12270,아파트,전월세,202510,아파트 전월세,,,,,,남구|행암동|713|행암길 9|00009|00000,35.1026108867821,126.896298377775,광주광역시 남구 행암동 713,전남광주통합특별시 남구 행암길 9,남구,효덕동,1227071000,성공,남구,효덕동,True,남구 효덕동,남구 효덕동,5029,8,36.81,남구 행암길 9,True
송화마을휴먼시아(진월3블럭주공),29155-304,2007,25.10~27.11,신규,29,10,2025,"2,698",46.9,1,731,14,,,효우로60번길 10,0,00010,00000,4283741,1,12270,12270,노대동,,남구,12270,아파트,전월세,202510,아파트 전월세,,,,,,남구|노대동|731|효우로60번길 10|00010|00000,35.1097155897455,126.903323235324,광주광역시 남구 노대동 731,전남광주통합특별시 남구 효우로60번길 10,남구,효덕동,1227071000,성공,남구,효덕동,True,남구 효덕동,남구 효덕동,2698,14,46.9,남구 효우로60번길 10,True
효천엘에이치천년나무7단지,29155-391,2017,25.11~27.10,갱신,30,10,2025,"3,782",26.54,19,713,7,"2,297",13,행암길 9,0,00009,00000,4283689,0,12270,12270,행암동,,남구,12270,아파트,전월세,202510,아파트 전월세,,,,,,남구|행암동|713|행암길 9|00009|00000,35.1026108867821,126.896298377775,광주광역시 남구 행암동 713,전남광주통합특별시 남구 행암길 9,남구,효덕동,1227071000,성공,남구,효덕동,True,남구 효덕동,남구 효덕동,3782,7,26.54,남구 행암길 9,True
효천엘에이치천년나무7단지,29155-391,2017,25.10~27.10,신규,30,10,2025,"2,947",26.54,12,713,10,,,행암길 9,0,00009,00000,4283689,0,12270,12270,행암동,,남구,12270,아파트,전월세,202510,아파트 전월세,,,,,,남구|행암동|713|행암길 9|00009|00000,35.1026108867821,126.896298377775,광주광역시 남구 행암동 713,전남광주통합특별시 남구 행암길 9,남구,효덕동,1227071000,성공,남구,효덕동,True,남구 효덕동,남구 효덕동,2947,10,26.54,남구 행암길 9,True
광주효천1엘에이치1단지,29155-421,2021,25.11~27.10,갱신,27,10,2025,425,26.63,10,679,14,996,13,효천로 176,0,00176,00000,3351956,1,12270,12270,임암동,,남구,12270,아파트,전월세,202510,아파트 전월세,,,,,,남구|임암동|679|효천로 176|00176|00000,35.1076021714696,126.863505319348,광주광역시 남구 임암동 679,전남광주통합특별시 남구 효천로 176,남구,송암동,1227072000,성공,남구,송암동,True,남구 송암동,남구 송암동,425,14,26.63,남구 효천로 176,True
광주효천1엘에이치1단지,29155-421,2021,25.10~27.10,갱신,24,10,2025,"5,984",46.91,7,679,11,"3,184",28,효천로 176,0,00176,00000,3351956,1,12270,12270,임암동,,남구,12270,아파트,전월세,202510,아파트 전월세,,,,,,남구|임암동|679|효천로 176|00176|00000,35.1076021714696,126.863505319348,광주광역시 남구 임암동 679,전남광주통합특별시 남구 효천로 176,남구,송암동,1227072000,성공,남구,송암동,True,남구 송암동,남구 송암동,5984,11,46.91,남구 효천로 176,True
효천엘에이치천년나무7단지,29155-391,2017,25.11~27.10,갱신,16,10,2025,"5,078",36.81,9,713,7,"5,042",7,행암길 9,0,00009,00000,4283689,0,12270,12270,행암동,,남구,12270,아파트,전월세,202510,아파트 전월세,,,,,,남구|행암동|713|행암길 9|00009|00000,35.1026108867821,126.896298377775,광주광역시 남구 행암동 713,전남광주통합특별시 남구 행암길 9,남구,효덕동,1227071000,성공,남구,효덕동,True,남구 효덕동,남구 효덕동,5078,7,36.81,남구 행암길 9,True
송화마을휴먼시아(진월3블럭주공),29155-304,2007,25.11~27.10,갱신,15,10,2025,"5,106",51.93,1,731,8,"4,962",8,효우로60번길 10,0,00010,00000,4283741,1,12270,12270,노대동,,남구,12270,아파트,전월세,202510,아파트 전월세,,,,,,남구|노대동|731|효우로60번길 10|00010|00000,35.1097155897455,126.903323235324,광주광역시 남구 노대동 731,전남광주통합특별시 남구 효우로60번길 10,남구,효덕동,1227071000,성공,남구,효덕동,True,남구 효덕동,남구 효덕동,5106,8,51.93,남구 효우로60번길 10,True
송화마을휴먼시아(진월3블럭주공),29155-304,2007,25.11~27.10,갱신,20,10,2025,"2,672",46.9,2,731,14,"2,552",14,효우로60번길 10,0,00010,00000,4283741,1,12270,12270,노대동,,남구,12270,아파트,전월세,202510,아파트 전월세,,,,,,남구|노대동|731|효우로60번길 10|00010|00000,35.1097155897455,126.903323235324,광주광역시 남구 노대동 731,전남광주통합특별시 남구 효우로60번길 10,남구,효덕동,1227071000,성공,남구,효덕동,True,남구 효덕동,남구 효덕동,2672,14,46.9,남구 효우로60번길 10,True
광주효천1엘에이치1단지,29155-421,2021,25.11~27.10,갱신,20,10,2025,"2,225",26.63,6,679,7,996,13,효천로 176,0,00176,00000,3351956,1,12270,12270,임암동,,남구,12270,아파트,전월세,202510,아파트 전월세,,,,,,남구|임암동|679|효천로 176|00176|00000,35.1076021714696,126.863505319348,광주광역시 남구 임암동 679,전남광주통합특별시 남구 효천로 176,남구,송암동,1227072000,성공,남구,송암동,True,남구 송암동,남구 송암동,2225,7,26.63,남구 효천로 176,True
효천엘에이치천년나무7단지,29155-391,2017,25.11~27.10,갱신,15,10,2025,"1,869",16.99,2,713,6,"1,862",6,행암길 9,0,00009,00000,4283689,0,12270,12270,행암동,,남구,12270,아파트,전월세,202510,아파트 전월세,,,,,,남구|행암동|713|행암길 9|00009|00000,35.1026108867821,126.896298377775,광주광역시 남구 행암동 713,전남광주통합특별시 남구 행암길 9,남구,효덕동,1227071000,성공,남구,효덕동,True,남구 효덕동,남구 효덕동,1869,6,16.99,남구 행암길 9,True
광주효천1엘에이치1단지,29155-421,2021,25.11~27.10,갱신,13,10,2025,"6,184",46.91,17,679,13,"3,092",27,효천로 176,0,00176,00000,3351956,1,12270,12270,임암동,,남구,12270,아파트,전월세,202510,아파트 전월세,,,,,,남구|임암동|679|효천로 176|00176|00000,35.1076021714696,126.863505319348,광주광역시 남구 임암동 679,전남광주통합특별시 남구 효천로 176,남구,송암동,1227072000,성공,남구,송암동,True,남구 송암동,남구 송암동,6184,13,46.91,남구 효천로 176,True
광주효천1엘에이치3단지,29155-403,2020,25.11~27.10,갱신,1,10,2025,"1,863",21.84,1,731,10,"1,809",9,효천중앙로 35,0,00035,00000,3351961,0,12270,12270,임암동,,남구,12270,아파트,전월세,202510,아파트 전월세,,,,,,남구|임암동|731|효천중앙로 35|00035|00000,35.1035679937987,126.87276883408,광주광역시 남구 임암동 731,전남광주통합특별시 남구 효천중앙로 35,남구,송암동,1227072000,성공,남구,송암동,True,남구 송암동,남구 송암동,1863,10,21.84,남구 효천중앙로 35,True
용봉주공,29170-227,2004,25.11~27.10,갱신,16,10,2025,"3,951",51.95,18,1461,9,"1,980",15,매곡로 20,0,00020,00000,3162014,1,12300,12300,용봉동,,북구,12300,아파트,전월세,202510,아파트 전월세,,,,,,북구|용봉동|1461|매곡로 20|00020|00000,35.1866483726599,126.895825017945,광주광역시 북구 용봉동 1461,전남광주통합특별시 북구 매곡로 20,북구,용봉동,1230059000,성공,북구,용봉동,True,북구 용봉동,북구 용봉동,3951,9,51.95,북구 매곡로 20,True
용봉주공,29170-227,2004,25.11~27.10,갱신,15,10,2025,"1,396",51.95,16,1461,17,"2,035",15,매곡로 20,0,00020,00000,3162014,1,12300,12300,용봉동,,북구,12300,아파트,전월세,202510,아파트 전월세,,,,,,북구|용봉동|1461|매곡로 20|00020|00000,35.1866483726599,126.895825017945,광주광역시 북구 용봉동 1461,전남광주통합특별시 북구 매곡로 20,북구,용봉동,1230059000,성공,북구,용봉동,True,북구 용봉동,북구 용봉동,1396,17,51.95,북구 매곡로 20,True
광주하남엘에이치천년나무,29200-414,2019,25.10~27.12,신규,29,10,2025,"1,400",16.35,1,1611-3,7,,,용아로 175-6,,00175,00006,3163035,0,12330,12330,우산동,,광산구,12330,아파트,전월세,202510,아파트 전월세,,,,,,광산구|우산동|1611-3|용아로 175-6|00175|00006,35.1599080758315,126.800246035505,광주광역시 광산구 우산동 1611-3,전남광주통합특별시 광산구 용아로 175-6,광산구,우산동,1233058000,성공,광산구,우산동,True,광산구 우산동,광산구 우산동,1400,7,16.35,광산구 용아로 175-6,True
광주하남엘에이치천년나무,29200-414,2019,25.10~27.12,신규,29,10,2025,"1,323",16.35,10,1611-3,7,,,용아로 175-6,,00175,00006,3163035,0,12330,12330,우산동,,광산구,12330,아파트,전월세,202510,아파트 전월세,,,,,,광산구|우산동|1611-3|용아로 175-6|00175|00006,35.1599080758315,126.800246035505,광주광역시 광산구 우산동 1611-3,전남광주통합특별시 광산구 용아로 175-6,광산구,우산동,1233058000,성공,광산구,우산동,True,광산구 우산동,광산구 우산동,1323,7,16.35,광산구 용아로 175-6,True
아름마을휴먼시아2단지,29200-248,2009,25.10~27.11,신규,27,10,2025,"2,830",46.9,2,1064,15,,,수등로123번길 22,0,00022,00000,4289327,1,12330,12330,신가동,,광산구,12330,아파트,전월세,202510,아파트 전월세,,,,,,광산구|신가동|1064|수등로123번길 22|00022|00000,35.1842119227205,126.82398140206,광주광역시 광산구 신가동 1064,전남광주통합특별시 광산구 수등로123번길 22,광산구,수완동,1233063700,성공,광산구,수완동,True,광산구 수완동,광산구 수완동,2830,15,46.9,광산구 수등로123번길 22,True
장자울마을휴먼시아4단지,29200-257,2009,25.10~27.11,신규,28,10,2025,"2,156",39.72,3,517,12,,,풍영로145번길 43,0,00043,00000,4289671,1,12330,12330,흑석동,,광산구,12330,아파트,전월세,202510,아파트 전월세,,,,,,광산구|흑석동|517|풍영로145번길 43|00043|00000,35.1837458369346,126.811293211321,광주광역시 광산구 흑석동 517,전남광주통합특별시 광산구 풍영로145번길 43,광산구,수완동,1233063700,성공,광산구,수완동,True,광산구 수완동,광산구 수완동,2156,12,39.72,광산구 풍영로145번길 43,True
아름마을휴먼시아2단지,29200-248,2009,25.10~27.11,신규,27,10,2025,704,51.93,5,1064,27,,,수등로123번길 22,0,00022,00000,4289327,1,12330,12330,신가동,,광산구,12330,아파트,전월세,202510,아파트 전월세,,,,,,광산구|신가동|1064|수등로123번길 22|00022|00000,35.1842119227205,126.82398140206,광주광역시 광산구 신가동 1064,전남광주통합특별시 광산구 수등로123번길 22,광산구,수완동,1233063700,성공,광산구,수완동,True,광산구 수완동,광산구 수완동,704,27,51.93,광산구 수등로123번길 22,True
광주하남엘에이치천년나무,29200-414,2019,25.10~27.12,신규,29,10,2025,300,16.35,3,1611-3,10,,,용아로 175-6,,00175,00006,3163035,0,12330,12330,우산동,,광산구,12330,아파트,전월세,202510,아파트 전월세,,,,,,광산구|우산동|1611-3|용아로 175-6|00175|00006,35.1599080758315,126.800246035505,광주광역시 광산구 우산동 1611-3,전남광주통합특별시 광산구 용아로 175-6,광산구,우산동,1233058000,성공,광산구,우산동,True,광산구 우산동,광산구 우산동,300,10,16.35,광산구 용아로 175-6,True
하남주공1단지,29200-114,1990,25.10~27.11,신규,21,10,2025,272,26.37,8,1571-1,5,,,월곡산정로 12,0,00012,00000,3163042,1,12330,12330,우산동,,광산구,12330,아파트,전월세,202510,아파트 전월세,,,,,,광산구|우산동|1571-1|월곡산정로 12|00012|00000,35.1651071402315,126.803686058,광주광역시 광산구 우산동 1571-1,전남광주통합특별시 광산구 월곡산정로 12,광산구,우산동,1233058000,성공,광산구,우산동,True,광산구 우산동,광산구 우산동,272,5,26.37,광산구 월곡산정로 12,True
하남주공(2단지),29200-39,1991,25.10~27.10,신규,17,10,2025,300,44.52,12,1571-1,45,,,월곡산정로 12,0,00012,00000,3163042,1,12330,12330,우산동,,광산구,12330,아파트,전월세,202510,아파트 전월세,,,,,,광산구|우산동|1571-1|월곡산정로 12|00012|00000,35.1651071402315,126.803686058,광주광역시 광산구 우산동 1571-1,전남광주통합특별시 광산구 월곡산정로 12,광산구,우산동,1233058000,성공,광산구,우산동,True,광산구 우산동,광산구 우산동,300,45,44.52,광산구 월곡산정로 12,True
에이엠시티센트럴파크,29200-349,2015,25.12~27.12,신규,27,10,2025,"1,000",40.9226,4,676-2,60,,,첨단중앙로182번길 50,,00050,00000,4289616,1,12330,12330,쌍암동,,광산구,12330,아파트,전월세,202510,아파트 전월세,,,,,,광산구|쌍암동|676-2|첨단중앙로182번길 50|00050|00000,35.2215170161494,126.846882804545,광주광역시 광산구 쌍암동 676-2,전남광주통합특별시 광산구 첨단중앙로182번길 50,광산구,첨단1동,1233062400,성공,광산구,첨단1동,True,광산구 첨단1동,광산구 첨단1동,1000,60,40.9226,광산구 첨단중앙로182번길 50,True
하남주공(2단지),29200-39,1991,25.11~27.10,신규,17,10,2025,300,44.52,6,1571-1,37,,,월곡산정로 12,0,00012,00000,3163042,1,12330,12330,우산동,,광산구,12330,아파트,전월세,202510,아파트 전월세,,,,,,광산구|우산동|1571-1|월곡산정로 12|00012|00000,35.1651071402315,126.803686058,광주광역시 광산구 우산동 1571-1,전남광주통합특별시 광산구 월곡산정로 12,광산구,우산동,1233058000,성공,광산구,우산동,True,광산구 우산동,광산구 우산동,300,37,44.52,광산구 월곡산정로 12,True
하남주공(2단지),29200-39,1991,25.10~27.10,신규,10,10,2025,500,44.52,2,1571-1,35,,,월곡산정로 12,0,00012,00000,3163042,1,12330,12330,우산동,,광산구,12330,아파트,전월세,202510,아파트 전월세,,,,,,광산구|우산동|1571-1|월곡산정로 12|00012|00000,35.1651071402315,126.803686058,광주광역시 광산구 우산동 1571-1,전남광주통합특별시 광산구 월곡산정로 12,광산구,우산동,1233058000,성공,광산구,우산동,True,광산구 우산동,광산구 우산동,500,35,44.52,광산구 월곡산정로 12,True
광주하남엘에이치천년나무,29200-414,2019,25.10~27.12,신규,29,10,2025,"1,423",16.35,8,1611-3,6,,,용아로 175-6,,00175,00006,3163035,0,12330,12330,우산동,,광산구,12330,아파트,전월세,202510,아파트 전월세,,,,,,광산구|우산동|1611-3|용아로 175-6|00175|00006,35.1599080758315,126.800246035505,광주광역시 광산구 우산동 1611-3,전남광주통합특별시 광산구 용아로 175-6,광산구,우산동,1233058000,성공,광산구,우산동,True,광산구 우산동,광산구 우산동,1423,6,16.35,광산구 용아로 175-6,True
광주수완7신완마을휴먼시아,29200-264,2011,25.10~27.11,신규,28,10,2025,"2,724",46.85,19,1037,15,,,풍영로329번길 50,0,00050,00000,4289681,1,12330,12330,장덕동,,광산구,12330,아파트,전월세,202510,아파트 전월세,,,,,,광산구|장덕동|1037|풍영로329번길 50|00050|00000,35.2014118295745,126.812869241031,광주광역시 광산구 장덕동 1037,전남광주통합특별시 광산구 풍영로329번길 50,광산구,수완동,1233063700,성공,광산구,수완동,True,광산구 수완동,광산구 수완동,2724,15,46.85,광산구 풍영로329번길 50,True
광주수완6신완마을휴먼시아,29200-263,2010,25.10~27.12,신규,29,10,2025,"2,778",46.85,4,1044,15,,,풍영로329번길 51,0,00051,00000,4289681,1,12330,12330,장덕동,,광산구,12330,아파트,전월세,202510,아파트 전월세,,,,,,광산구|장덕동|1044|풍영로329번길 51|00051|00000,35.1993201857989,126.811785931546,광주광역시 광산구 장덕동 1044,전남광주통합특별시 광산구 풍영로329번길 51,광산구,수완동,1233063700,성공,광산구,수완동,True,광산구 수완동,광산구 수완동,2778,15,46.85,광산구 풍영로329번길 51,True
첨단센트럴파크2차,29200-399,2018,26.01~27.01,신규,25,10,2025,"2,000",47.44,7,676-3,80,,,첨단중앙로170번길 87,0,00087,00000,4289614,1,12330,12330,쌍암동,,광산구,12330,아파트,전월세,202510,아파트 전월세,,,,,,광산구|쌍암동|676-3|첨단중앙로170번길 87|00087|00000,35.2209763822162,126.84687920672,광주광역시 광산구 쌍암동 676-3,전남광주통합특별시 광산구 첨단중앙로170번길 87,광산구,첨단1동,1233062400,성공,광산구,첨단1동,True,광산구 첨단1동,광산구 첨단1동,2000,80,47.44,광산구 첨단중앙로170번길 87,True
한양에드가302동,29200-309,2013,25.11~26.11,신규,27,10,2025,500,25.6308,9,694-115,43,,,월계로 223-17,0,00223,00017,3163039,2,12330,12330,쌍암동,,광산구,12330,아파트,전월세,202510,아파트 전월세,,,,,,광산구|쌍암동|694-115|월계로 223-17|00223|00017,35.2149023369798,126.849588941863,광주광역시 광산구 쌍암동 694-115,전남광주통합특별시 광산구 월계로 223-17,광산구,첨단2동,1233062600,성공,북구,첨단2동,True,광산구 첨단2동,북구 첨단2동,500,43,25.6308,광산구 월계로 223-17,True
무들에코클래스,29200-323,2014,25.10~26.10,신규,31,10,2025,300,19.9836,8,893-1,37,,,임방울대로826번길 60-5,0,00060,00005,4289555,1,12330,12330,월계동,,광산구,12330,아파트,전월세,202510,아파트 전월세,,,,,,광산구|월계동|893-1|임방울대로826번길 60-5|00060|00005,35.2144820852673,126.847824082744,광주광역시 광산구 월계동 893-1,전남광주통합특별시 광산구 임방울대로826번길 60-5,광산구,첨단2동,1233062600,성공,북구,첨단2동,True,광산구 첨단2동,북구 첨단2동,300,37,19.9836,광산구 임방울대로826번길 60-5,True
첨단AM-City3차,29200-295,2013,25.11~26.10,신규,30,10,2025,300,19.1437,5,661-8,40,,,첨단중앙로152번길 17-12,0,00017,00012,4289613,1,12330,12330,쌍암동,,광산구,12330,아파트,전월세,202510,아파트 전월세,,,,,,광산구|쌍암동|661-8|첨단중앙로152번길 17-12|00017|00012,35.2201158823372,126.843440476063,광주광역시 광산구 쌍암동 661-8,전남광주통합특별시 광산구 첨단중앙로152번길 17-12,광산구,첨단1동,1233062400,성공,광산구,첨단1동,True,광산구 첨단1동,광산구 첨단1동,300,40,19.1437,광산구 첨단중앙로152번길 17-12,True
윤진리안채,29200-391,2017,25.11~26.10,신규,25,10,2025,500,28.7459,15,694-74,54,,,첨단강변로99번길 21,0,00021,00000,4289601,0,12330,12330,쌍암동,,광산구,12330,아파트,전월세,202510,아파트 전월세,,,,,,광산구|쌍암동|694-74|첨단강변로99번길 21|00021|00000,35.2151862774642,126.851132647598,광주광역시 광산구 쌍암동 694-74,전남광주통합특별시 광산구 첨단강변로99번길 21,광산구,첨단2동,1233062600,성공,북구,첨단2동,True,광산구 첨단2동,북구 첨단2동,500,54,28.7459,광산구 첨단강변로99번길 21,True
하남주공(2단지),29200-39,1991,25.10~27.10,신규,2,10,2025,500,44.52,11,1571-1,50,,,월곡산정로 12,0,00012,00000,3163042,1,12330,12330,우산동,,광산구,12330,아파트,전월세,202510,아파트 전월세,,,,,,광산구|우산동|1571-1|월곡산정로 12|00012|00000,35.1651071402315,126.803686058,광주광역시 광산구 우산동 1571-1,전남광주통합특별시 광산구 월곡산정로 12,광산구,우산동,1233058000,성공,광산구,우산동,True,광산구 우산동,광산구 우산동,500,50,44.52,광산구 월곡산정로 12,True
하남주공(2단지),29200-39,1991,25.11~27.11,신규,31,10,2025,"7,300",44.52,7,1571-1,0,,,월곡산정로 12,0,00012,00000,3163042,1,12330,12330,우산동,,광산구,12330,아파트,전월세,202510,아파트 전월세,,,,,,광산구|우산동|1571-1|월곡산정로 12|00012|00000,35.1651071402315,126.803686058,광주광역시 광산구 우산동 1571-1,전남광주통합특별시 광산구 월곡산정로 12,광산구,우산동,1233058000,성공,광산구,우산동,True,광산구 우산동,광산구 우산동,7300,0,44.52,광산구 월곡산정로 12,True
광주하남엘에이치천년나무,29200-414,2019,25.10~27.12,신규,29,10,2025,"2,966",36.02,12,1611-3,15,,,용아로 175-6,,00175,00006,3163035,0,12330,12330,우산동,,광산구,12330,아파트,전월세,202510,아파트 전월세,,,,,,광산구|우산동|1611-3|용아로 175-6|00175|00006,35.1599080758315,126.800246035505,광주광역시 광산구 우산동 1611-3,전남광주통합특별시 광산구 용아로 175-6,광산구,우산동,1233058000,성공,광산구,우산동,True,광산구 우산동,광산구 우산동,2966,15,36.02,광산구 용아로 175-6,True
아름마을휴먼시아2단지,29200-248,2009,25.11~27.10,갱신,31,10,2025,"4,204",51.93,8,1064,22,"4,204",17,수등로123번길 22,0,00022,00000,4289327,1,12330,12330,신가동,,광산구,12330,아파트,전월세,202510,아파트 전월세,,,,,,광산구|신가동|1064|수등로123번길 22|00022|00000,35.1842119227205,126.82398140206,광주광역시 광산구 신가동 1064,전남광주통합특별시 광산구 수등로123번길 22,광산구,수완동,1233063700,성공,광산구,수완동,True,광산구 수완동,광산구 수완동,4204,22,51.93,광산구 수등로123번길 22,True
하남주공(2단지),29200-39,1991,25.10~27.10,신규,11,10,2025,700,44.52,14,1571-1,42,,,월곡산정로 12,0,00012,00000,3163042,1,12330,12330,우산동,,광산구,12330,아파트,전월세,202510,아파트 전월세,,,,,,광산구|우산동|1571-1|월곡산정로 12|00012|00000,35.1651071402315,126.803686058,광주광역시 광산구 우산동 1571-1,전남광주통합특별시 광산구 월곡산정로 12,광산구,우산동,1233058000,성공,광산구,우산동,True,광산구 우산동,광산구 우산동,700,42,44.52,광산구 월곡산정로 12,True
광주하남엘에이치천년나무,29200-414,2019,25.10~27.12,신규,29,10,2025,"1,400",16.35,7,1611-3,7,,,용아로 175-6,,00175,00006,3163035,0,12330,12330,우산동,,광산구,12330,아파트,전월세,202510,아파트 전월세,,,,,,광산구|우산동|1611-3|용아로 175-6|00175|00006,35.1599080758315,126.800246035505,광주광역시 광산구 우산동 1611-3,전남광주통합특별시 광산구 용아로 175-6,광산구,우산동,1233058000,성공,광산구,우산동,True,광산구 우산동,광산구 우산동,1400,7,16.35,광산구 용아로 175-6,True
광주수완6신완마을휴먼시아,29200-263,2010,25.10~27.12,신규,29,10,2025,"3,440",51.82,12,1044,19,,,풍영로329번길 51,0,00051,00000,4289681,1,12330,12330,장덕동,,광산구,12330,아파트,전월세,202510,아파트 전월세,,,,,,광산구|장덕동|1044|풍영로329번길 51|00051|00000,35.1993201857989,126.811785931546,광주광역시 광산구 장덕동 1044,전남광주통합특별시 광산구 풍영로329번길 51,광산구,수완동,1233063700,성공,광산구,수완동,True,광산구 수완동,광산구 수완동,3440,19,51.82,광산구 풍영로329번길 51,True
광주하남엘에이치천년나무,29200-414,2019,25.10~27.12,신규,29,10,2025,"2,142",26.03,11,1611-3,11,,,용아로 175-6,,00175,00006,3163035,0,12330,12330,우산동,,광산구,12330,아파트,전월세,202510,아파트 전월세,,,,,,광산구|우산동|1611-3|용아로 175-6|00175|00006,35.1599080758315,126.800246035505,광주광역시 광산구 우산동 1611-3,전남광주통합특별시 광산구 용아로 175-6,광산구,우산동,1233058000,성공,광산구,우산동,True,광산구 우산동,광산구 우산동,2142,11,26.03,광산구 용아로 175-6,True
첨단도휘에드가2차,29200-350,2015,25.10~26.10,신규,23,10,2025,300,19.69,3,694-70,37,,,월계로 223-20,0,00223,00020,3163039,1,12330,12330,쌍암동,,광산구,12330,아파트,전월세,202510,아파트 전월세,,,,,,광산구|쌍암동|694-70|월계로 223-20|00223|00020,35.2153858800186,126.850509647451,광주광역시 광산구 쌍암동 694-70,전남광주통합특별시 광산구 월계로 223-20,광산구,첨단2동,1233062600,성공,북구,첨단2동,True,광산구 첨단2동,북구 첨단2동,300,37,19.69,광산구 월계로 223-20,True
광주하남엘에이치천년나무,29200-414,2019,25.10~27.12,신규,29,10,2025,428,26.03,13,1611-3,16,,,용아로 175-6,,00175,00006,3163035,0,12330,12330,우산동,,광산구,12330,아파트,전월세,202510,아파트 전월세,,,,,,광산구|우산동|1611-3|용아로 175-6|00175|00006,35.1599080758315,126.800246035505,광주광역시 광산구 우산동 1611-3,전남광주통합특별시 광산구 용아로 175-6,광산구,우산동,1233058000,성공,광산구,우산동,True,광산구 우산동,광산구 우산동,428,16,26.03,광산구 용아로 175-6,True
광주수완6신완마을휴먼시아,29200-263,2010,25.12~27.11,갱신,29,10,2025,"3,440",51.26,9,1044,19,19,18,풍영로329번길 51,0,00051,00000,4289681,1,12330,12330,장덕동,,광산구,12330,아파트,전월세,202510,아파트 전월세,,,,,,광산구|장덕동|1044|풍영로329번길 51|00051|00000,35.1993201857989,126.811785931546,광주광역시 광산구 장덕동 1044,전남광주통합특별시 광산구 풍영로329번길 51,광산구,수완동,1233063700,성공,광산구,수완동,True,광산구 수완동,광산구 수완동,3440,19,51.26,광산구 풍영로329번길 51,True
첨단도휘에드가2차,29200-350,2015,25.10~26.10,신규,27,10,2025,500,19.69,11,694-70,38,,,월계로 223-20,0,00223,00020,3163039,1,12330,12330,쌍암동,,광산구,12330,아파트,전월세,202510,아파트 전월세,,,,,,광산구|쌍암동|694-70|월계로 223-20|00223|00020,35.2153858800186,126.850509647451,광주광역시 광산구 쌍암동 694-70,전남광주통합특별시 광산구 월계로 223-20,광산구,첨단2동,1233062600,성공,북구,첨단2동,True,광산구 첨단2동,북구 첨단2동,500,38,19.69,광산구 월계로 223-20,True
장자울마을휴먼시아4단지,29200-257,2009,25.10~27.11,신규,28,10,2025,"3,156",39.72,13,517,6,,,풍영로145번길 43,0,00043,00000,4289671,1,12330,12330,흑석동,,광산구,12330,아파트,전월세,202510,아파트 전월세,,,,,,광산구|흑석동|517|풍영로145번길 43|00043|00000,35.1837458369346,126.811293211321,광주광역시 광산구 흑석동 517,전남광주통합특별시 광산구 풍영로145번길 43,광산구,수완동,1233063700,성공,광산구,수완동,True,광산구 수완동,광산구 수완동,3156,6,39.72,광산구 풍영로145번길 43,True
광주첨단엘에이치3단지,29200-424,2020,25.11~27.10,갱신,28,10,2025,"3,358",26.97,8,869-2,7,"2,254",11,임방울대로800번길 11-5,,00011,00005,4289552,0,12330,12330,월계동,,광산구,12330,아파트,전월세,202510,아파트 전월세,,,,,,광산구|월계동|869-2|임방울대로800번길 11-5|00011|00005,35.2172126334807,126.846821692809,광주광역시 광산구 월계동 869-2,전남광주통합특별시 광산구 임방울대로800번길 11-5,광산구,첨단2동,1233062600,성공,북구,첨단2동,True,광산구 첨단2동,북구 첨단2동,3358,7,26.97,광산구 임방울대로800번길 11-5,True
광주수완7신완마을휴먼시아,29200-264,2011,25.10~27.11,신규,28,10,2025,"2,724",46.9,16,1037,15,,,풍영로329번길 50,0,00050,00000,4289681,1,12330,12330,장덕동,,광산구,12330,아파트,전월세,202510,아파트 전월세,,,,,,광산구|장덕동|1037|풍영로329번길 50|00050|00000,35.2014118295745,126.812869241031,광주광역시 광산구 장덕동 1037,전남광주통합특별시 광산구 풍영로329번길 50,광산구,수완동,1233063700,성공,광산구,수완동,True,광산구 수완동,광산구 수완동,2724,15,46.9,광산구 풍영로329번길 50,True
광주수완7신완마을휴먼시아,29200-264,2011,25.12~27.11,갱신,28,10,2025,"2,805",46.85,5,1037,16,"2,599",15,풍영로329번길 50,0,00050,00000,4289681,1,12330,12330,장덕동,,광산구,12330,아파트,전월세,202510,아파트 전월세,,,,,,광산구|장덕동|1037|풍영로329번길 50|00050|00000,35.2014118295745,126.812869241031,광주광역시 광산구 장덕동 1037,전남광주통합특별시 광산구 풍영로329번길 50,광산구,수완동,1233063700,성공,광산구,수완동,True,광산구 수완동,광산구 수완동,2805,16,46.85,광산구 풍영로329번길 50,True
첨단센트럴파크2차,29200-399,2018,25.10~26.10,신규,24,10,2025,"1,000",41.83,13,676-3,75,,,첨단중앙로170번길 87,0,00087,00000,4289614,1,12330,12330,쌍암동,,광산구,12330,아파트,전월세,202510,아파트 전월세,,,,,,광산구|쌍암동|676-3|첨단중앙로170번길 87|00087|00000,35.2209763822162,126.84687920672,광주광역시 광산구 쌍암동 676-3,전남광주통합특별시 광산구 첨단중앙로170번길 87,광산구,첨단1동,1233062400,성공,광산구,첨단1동,True,광산구 첨단1동,광산구 첨단1동,1000,75,41.83,광산구 첨단중앙로170번길 87,True
한양에드가302동,29200-309,2013,25.10~26.10,신규,11,10,2025,500,24.8708,7,694-115,40,,,월계로 223-17,0,00223,00017,3163039,2,12330,12330,쌍암동,,광산구,12330,아파트,전월세,202510,아파트 전월세,,,,,,광산구|쌍암동|694-115|월계로 223-17|00223|00017,35.2149023369798,126.849588941863,광주광역시 광산구 쌍암동 694-115,전남광주통합특별시 광산구 월계로 223-17,광산구,첨단2동,1233062600,성공,북구,첨단2동,True,광산구 첨단2동,북구 첨단2동,500,40,24.8708,광산구 월계로 223-17,True
하남주공(2단지),29200-39,1991,25.11~27.11,신규,24,10,2025,300,44.52,11,1571-1,40,,,월곡산정로 12,0,00012,00000,3163042,1,12330,12330,우산동,,광산구,12330,아파트,전월세,202510,아파트 전월세,,,,,,광산구|우산동|1571-1|월곡산정로 12|00012|00000,35.1651071402315,126.803686058,광주광역시 광산구 우산동 1571-1,전남광주통합특별시 광산구 월곡산정로 12,광산구,우산동,1233058000,성공,광산구,우산동,True,광산구 우산동,광산구 우산동,300,40,44.52,광산구 월곡산정로 12,True
광주수완7신완마을휴먼시아,29200-264,2011,25.12~27.11,갱신,27,10,2025,"3,305",39.25,7,1037,8,"2,035",12,풍영로329번길 50,0,00050,00000,4289681,1,12330,12330,장덕동,,광산구,12330,아파트,전월세,202510,아파트 전월세,,,,,,광산구|장덕동|1037|풍영로329번길 50|00050|00000,35.2014118295745,126.812869241031,광주광역시 광산구 장덕동 1037,전남광주통합특별시 광산구 풍영로329번길 50,광산구,수완동,1233063700,성공,광산구,수완동,True,광산구 수완동,광산구 수완동,3305,8,39.25,광산구 풍영로329번길 50,True
아름마을휴먼시아2단지,29200-248,2009,25.10~27.11,신규,27,10,2025,"2,156",39.48,8,1064,12,,,수등로123번길 22,0,00022,00000,4289327,1,12330,12330,신가동,,광산구,12330,아파트,전월세,202510,아파트 전월세,,,,,,광산구|신가동|1064|수등로123번길 22|00022|00000,35.1842119227205,126.82398140206,광주광역시 광산구 신가동 1064,전남광주통합특별시 광산구 수등로123번길 22,광산구,수완동,1233063700,성공,광산구,수완동,True,광산구 수완동,광산구 수완동,2156,12,39.48,광산구 수등로123번길 22,True
아름마을휴먼시아2단지,29200-248,2009,25.11~27.10,갱신,27,10,2025,"2,156",39.72,8,1064,12,"2,093",12,수등로123번길 22,0,00022,00000,4289327,1,12330,12330,신가동,,광산구,12330,아파트,전월세,202510,아파트 전월세,,,,,,광산구|신가동|1064|수등로123번길 22|00022|00000,35.1842119227205,126.82398140206,광주광역시 광산구 신가동 1064,전남광주통합특별시 광산구 수등로123번길 22,광산구,수완동,1233063700,성공,광산구,수완동,True,광산구 수완동,광산구 수완동,2156,12,39.72,광산구 수등로123번길 22,True
한양에드가302동,29200-309,2013,25.10~26.10,신규,14,10,2025,500,25.6308,6,694-115,41,,,월계로 223-17,0,00223,00017,3163039,2,12330,12330,쌍암동,,광산구,12330,아파트,전월세,202510,아파트 전월세,,,,,,광산구|쌍암동|694-115|월계로 223-17|00223|00017,35.2149023369798,126.849588941863,광주광역시 광산구 쌍암동 694-115,전남광주통합특별시 광산구 월계로 223-17,광산구,첨단2동,1233062600,성공,북구,첨단2동,True,광산구 첨단2동,북구 첨단2동,500,41,25.6308,광산구 월계로 223-17,True
한양에드가302동,29200-309,2013,25.11~26.11,갱신,16,10,2025,300,19.853,9,694-115,37,300,36,월계로 223-17,0,00223,00017,3163039,2,12330,12330,쌍암동,,광산구,12330,아파트,전월세,202510,아파트 전월세,,,,,,광산구|쌍암동|694-115|월계로 223-17|00223|00017,35.2149023369798,126.849588941863,광주광역시 광산구 쌍암동 694-115,전남광주통합특별시 광산구 월계로 223-17,광산구,첨단2동,1233062600,성공,북구,첨단2동,True,광산구 첨단2동,북구 첨단2동,300,37,19.853,광산구 월계로 223-17,True
아름마을휴먼시아2단지,29200-248,2009,25.11~27.10,갱신,24,10,2025,"2,830",46.9,5,1064,15,"2,748",15,수등로123번길 22,0,00022,00000,4289327,1,12330,12330,신가동,,광산구,12330,아파트,전월세,202510,아파트 전월세,,,,,,광산구|신가동|1064|수등로123번길 22|00022|00000,35.1842119227205,126.82398140206,광주광역시 광산구 신가동 1064,전남광주통합특별시 광산구 수등로123번길 22,광산구,수완동,1233063700,성공,광산구,수완동,True,광산구 수완동,광산구 수완동,2830,15,46.9,광산구 수등로123번길 22,True
첨단센트럴파크2차,29200-399,2018,25.12~27.12,신규,22,10,2025,"15,800",47.44,11,676-3,0,,,첨단중앙로170번길 87,0,00087,00000,4289614,1,12330,12330,쌍암동,,광산구,12330,아파트,전월세,202510,아파트 전월세,,,,,,광산구|쌍암동|676-3|첨단중앙로170번길 87|00087|00000,35.2209763822162,126.84687920672,광주광역시 광산구 쌍암동 676-3,전남광주통합특별시 광산구 첨단중앙로170번길 87,광산구,첨단1동,1233062400,성공,광산구,첨단1동,True,광산구 첨단1동,광산구 첨단1동,15800,0,47.44,광산구 첨단중앙로170번길 87,True
광주수완7신완마을휴먼시아,29200-264,2011,25.11~27.10,갱신,22,10,2025,"3,224",46.9,9,1037,13,"2,644",15,풍영로329번길 50,0,00050,00000,4289681,1,12330,12330,장덕동,,광산구,12330,아파트,전월세,202510,아파트 전월세,,,,,,광산구|장덕동|1037|풍영로329번길 50|00050|00000,35.2014118295745,126.812869241031,광주광역시 광산구 장덕동 1037,전남광주통합특별시 광산구 풍영로329번길 50,광산구,수완동,1233063700,성공,광산구,수완동,True,광산구 수완동,광산구 수완동,3224,13,46.9,광산구 풍영로329번길 50,True
고실마을휴먼시아8단지,29200-262,2010,25.10~27.10,신규,22,10,2025,"3,017",39.25,2,1098,7,,,풍영로330번길 15,0,00015,00000,4289682,1,12330,12330,장덕동,,광산구,12330,아파트,전월세,202510,아파트 전월세,,,,,,광산구|장덕동|1098|풍영로330번길 15|00015|00000,35.2015313255941,126.816684307953,광주광역시 광산구 장덕동 1098,전남광주통합특별시 광산구 풍영로330번길 15,광산구,수완동,1233063700,성공,광산구,수완동,True,광산구 수완동,광산구 수완동,3017,7,39.25,광산구 풍영로330번길 15,True
광주첨단엘에이치3단지,29200-424,2020,25.10~27.11,신규,22,10,2025,"2,632",26.97,11,869-2,14,,,임방울대로800번길 11-5,,00011,00005,4289552,0,12330,12330,월계동,,광산구,12330,아파트,전월세,202510,아파트 전월세,,,,,,광산구|월계동|869-2|임방울대로800번길 11-5|00011|00005,35.2172126334807,126.846821692809,광주광역시 광산구 월계동 869-2,전남광주통합특별시 광산구 임방울대로800번길 11-5,광산구,첨단2동,1233062600,성공,북구,첨단2동,True,광산구 첨단2동,북구 첨단2동,2632,14,26.97,광산구 임방울대로800번길 11-5,True
첨단도휘에드가2차,29200-350,2015,25.10~26.10,신규,16,10,2025,300,19.69,3,694-70,36,,,월계로 223-20,0,00223,00020,3163039,1,12330,12330,쌍암동,,광산구,12330,아파트,전월세,202510,아파트 전월세,,,,,,광산구|쌍암동|694-70|월계로 223-20|00223|00020,35.2153858800186,126.850509647451,광주광역시 광산구 쌍암동 694-70,전남광주통합특별시 광산구 월계로 223-20,광산구,첨단2동,1233062600,성공,북구,첨단2동,True,광산구 첨단2동,북구 첨단2동,300,36,19.69,광산구 월계로 223-20,True
아름마을휴먼시아2단지,29200-248,2009,25.11~27.10,갱신,21,10,2025,"5,609",51.93,8,1064,9,"3,504",19,수등로123번길 22,0,00022,00000,4289327,1,12330,12330,신가동,,광산구,12330,아파트,전월세,202510,아파트 전월세,,,,,,광산구|신가동|1064|수등로123번길 22|00022|00000,35.1842119227205,126.82398140206,광주광역시 광산구 신가동 1064,전남광주통합특별시 광산구 수등로123번길 22,광산구,수완동,1233063700,성공,광산구,수완동,True,광산구 수완동,광산구 수완동,5609,9,51.93,광산구 수등로123번길 22,True
아름마을휴먼시아2단지,29200-248,2009,25.11~27.10,갱신,21,10,2025,"5,504",51.93,4,1064,8,"3,402",18,수등로123번길 22,0,00022,00000,4289327,1,12330,12330,신가동,,광산구,12330,아파트,전월세,202510,아파트 전월세,,,,,,광산구|신가동|1064|수등로123번길 22|00022|00000,35.1842119227205,126.82398140206,광주광역시 광산구 신가동 1064,전남광주통합특별시 광산구 수등로123번길 22,광산구,수완동,1233063700,성공,광산구,수완동,True,광산구 수완동,광산구 수완동,5504,8,51.93,광산구 수등로123번길 22,True
신가주공1차,29200-131,2002,25.11~27.10,갱신,20,10,2025,"2,000",51.95,5,963-1,7,"1,910",7,수등로 204,0,00204,00000,3163025,2,12330,12330,신가동,,광산구,12330,아파트,전월세,202510,아파트 전월세,,,,,,광산구|신가동|963-1|수등로 204|00204|00000,35.1845341688073,126.831079076561,광주광역시 광산구 신가동 963-1,전남광주통합특별시 광산구 수등로 204,광산구,신가동,1233063000,성공,광산구,신가동,True,광산구 신가동,광산구 신가동,2000,7,51.95,광산구 수등로 204,True
에이엠시티센트럴파크,29200-349,2015,25.12~27.12,신규,2,10,2025,"11,000",40.9226,15,676-2,0,,,첨단중앙로182번길 50,,00050,00000,4289616,1,12330,12330,쌍암동,,광산구,12330,아파트,전월세,202510,아파트 전월세,,,,,,광산구|쌍암동|676-2|첨단중앙로182번길 50|00050|00000,35.2215170161494,126.846882804545,광주광역시 광산구 쌍암동 676-2,전남광주통합특별시 광산구 첨단중앙로182번길 50,광산구,첨단1동,1233062400,성공,광산구,첨단1동,True,광산구 첨단1동,광산구 첨단1동,11000,0,40.9226,광산구 첨단중앙로182번길 50,True
하남주공(2단지),29200-39,1991,25.10~27.10,신규,9,10,2025,500,38.64,5,1571-1,43,,,월곡산정로 12,0,00012,00000,3163042,1,12330,12330,우산동,,광산구,12330,아파트,전월세,202510,아파트 전월세,,,,,,광산구|우산동|1571-1|월곡산정로 12|00012|00000,35.1651071402315,126.803686058,광주광역시 광산구 우산동 1571-1,전남광주통합특별시 광산구 월곡산정로 12,광산구,우산동,1233058000,성공,광산구,우산동,True,광산구 우산동,광산구 우산동,500,43,38.64,광산구 월곡산정로 12,True
아름마을휴먼시아2단지,29200-248,2009,25.12~27.11,갱신,20,10,2025,"4,515",46.9,9,1064,8,"2,830",15,수등로123번길 22,0,00022,00000,4289327,1,12330,12330,신가동,,광산구,12330,아파트,전월세,202510,아파트 전월세,,,,,,광산구|신가동|1064|수등로123번길 22|00022|00000,35.1842119227205,126.82398140206,광주광역시 광산구 신가동 1064,전남광주통합특별시 광산구 수등로123번길 22,광산구,수완동,1233063700,성공,광산구,수완동,True,광산구 수완동,광산구 수완동,4515,8,46.9,광산구 수등로123번길 22,True
첨단AM-City3차,29200-295,2013,25.10~26.10,신규,15,10,2025,500,30.1942,8,661-8,50,,,첨단중앙로152번길 17-12,0,00017,00012,4289613,1,12330,12330,쌍암동,,광산구,12330,아파트,전월세,202510,아파트 전월세,,,,,,광산구|쌍암동|661-8|첨단중앙로152번길 17-12|00017|00012,35.2201158823372,126.843440476063,광주광역시 광산구 쌍암동 661-8,전남광주통합특별시 광산구 첨단중앙로152번길 17-12,광산구,첨단1동,1233062400,성공,광산구,첨단1동,True,광산구 첨단1동,광산구 첨단1동,500,50,30.1942,광산구 첨단중앙로152번길 17-12,True
아름마을휴먼시아2단지,29200-248,2009,25.12~27.11,갱신,14,10,2025,"4,330",46.9,15,1064,7,"4,248",6,수등로123번길 22,0,00022,00000,4289327,1,12330,12330,신가동,,광산구,12330,아파트,전월세,202510,아파트 전월세,,,,,,광산구|신가동|1064|수등로123번길 22|00022|00000,35.1842119227205,126.82398140206,광주광역시 광산구 신가동 1064,전남광주통합특별시 광산구 수등로123번길 22,광산구,수완동,1233063700,성공,광산구,수완동,True,광산구 수완동,광산구 수완동,4330,7,46.9,광산구 수등로123번길 22,True
첨단AM-City,29200-273,2012,25.10~26.10,신규,14,10,2025,300,19.1513,6,884-2,40,,,첨단중앙로106번길 65-4,0,00065,00004,4289610,1,12330,12330,월계동,,광산구,12330,아파트,전월세,202510,아파트 전월세,,,,,,광산구|월계동|884-2|첨단중앙로106번길 65-4|00065|00004,35.215133360486,126.847005173109,광주광역시 광산구 월계동 884-2,전남광주통합특별시 광산구 첨단중앙로106번길 65-4,광산구,첨단2동,1233062600,성공,북구,첨단2동,True,광산구 첨단2동,북구 첨단2동,300,40,19.1513,광산구 첨단중앙로106번길 65-4,True
하남주공(2단지),29200-39,1991,25.10~27.10,신규,16,10,2025,"7,500",44.52,10,1571-1,0,,,월곡산정로 12,0,00012,00000,3163042,1,12330,12330,우산동,,광산구,12330,아파트,전월세,202510,아파트 전월세,,,,,,광산구|우산동|1571-1|월곡산정로 12|00012|00000,35.1651071402315,126.803686058,광주광역시 광산구 우산동 1571-1,전남광주통합특별시 광산구 월곡산정로 12,광산구,우산동,1233058000,성공,광산구,우산동,True,광산구 우산동,광산구 우산동,7500,0,44.52,광산구 월곡산정로 12,True
한양에드가302동,29200-309,2013,25.10~26.10,신규,16,10,2025,500,25.6308,7,694-115,40,,,월계로 223-17,0,00223,00017,3163039,2,12330,12330,쌍암동,,광산구,12330,아파트,전월세,202510,아파트 전월세,,,,,,광산구|쌍암동|694-115|월계로 223-17|00223|00017,35.2149023369798,126.849588941863,광주광역시 광산구 쌍암동 694-115,전남광주통합특별시 광산구 월계로 223-17,광산구,첨단2동,1233062600,성공,북구,첨단2동,True,광산구 첨단2동,북구 첨단2동,500,40,25.6308,광산구 월계로 223-17,True
하남주공(2단지),29200-39,1991,25.11~27.11,신규,15,10,2025,"7,000",44.52,14,1571-1,0,,,월곡산정로 12,0,00012,00000,3163042,1,12330,12330,우산동,,광산구,12330,아파트,전월세,202510,아파트 전월세,,,,,,광산구|우산동|1571-1|월곡산정로 12|00012|00000,35.1651071402315,126.803686058,광주광역시 광산구 우산동 1571-1,전남광주통합특별시 광산구 월곡산정로 12,광산구,우산동,1233058000,성공,광산구,우산동,True,광산구 우산동,광산구 우산동,7000,0,44.52,광산구 월곡산정로 12,True
아름마을휴먼시아3단지,29200-260,2009,25.11~27.10,갱신,15,10,2025,"2,808",46.9,12,1202,16,"2,679",15,하남대로261번길 11,0,00011,00000,4289685,1,12330,12330,신가동,,광산구,12330,아파트,전월세,202510,아파트 전월세,,,,,,광산구|신가동|1202|하남대로261번길 11|00011|00000,35.1803936905995,126.820478944492,광주광역시 광산구 신가동 1202,전남광주통합특별시 광산구 하남대로261번길 11,광산구,수완동,1233063700,성공,광산구,수완동,True,광산구 수완동,광산구 수완동,2808,16,46.9,광산구 하남대로261번길 11,True
아름마을휴먼시아3단지,29200-260,2009,25.12~27.11,갱신,15,10,2025,"5,672",51.93,7,1202,15,"4,644",25,하남대로261번길 11,0,00011,00000,4289685,1,12330,12330,신가동,,광산구,12330,아파트,전월세,202510,아파트 전월세,,,,,,광산구|신가동|1202|하남대로261번길 11|00011|00000,35.1803936905995,126.820478944492,광주광역시 광산구 신가동 1202,전남광주통합특별시 광산구 하남대로261번길 11,광산구,수완동,1233063700,성공,광산구,수완동,True,광산구 수완동,광산구 수완동,5672,15,51.93,광산구 하남대로261번길 11,True
장자울마을휴먼시아4단지,29200-257,2009,25.11~27.10,갱신,13,10,2025,"2,221",39.72,9,517,12,"2,057",11,풍영로145번길 43,0,00043,00000,4289671,1,12330,12330,흑석동,,광산구,12330,아파트,전월세,202510,아파트 전월세,,,,,,광산구|흑석동|517|풍영로145번길 43|00043|00000,35.1837458369346,126.811293211321,광주광역시 광산구 흑석동 517,전남광주통합특별시 광산구 풍영로145번길 43,광산구,수완동,1233063700,성공,광산구,수완동,True,광산구 수완동,광산구 수완동,2221,12,39.72,광산구 풍영로145번길 43,True
하남주공(2단지),29200-39,1991,25.11~27.11,신규,15,10,2025,"7,000",44.52,14,1571-1,0,,,월곡산정로 12,0,00012,00000,3163042,1,12330,12330,우산동,,광산구,12330,아파트,전월세,202510,아파트 전월세,,,,,,광산구|우산동|1571-1|월곡산정로 12|00012|00000,35.1651071402315,126.803686058,광주광역시 광산구 우산동 1571-1,전남광주통합특별시 광산구 월곡산정로 12,광산구,우산동,1233058000,성공,광산구,우산동,True,광산구 우산동,광산구 우산동,7000,0,44.52,광산구 월곡산정로 12,True
첨단도휘에드가2차,29200-350,2015,25.10~26.10,신규,10,10,2025,300,19.69,6,694-70,39,,,월계로 223-20,0,00223,00020,3163039,1,12330,12330,쌍암동,,광산구,12330,아파트,전월세,202510,아파트 전월세,,,,,,광산구|쌍암동|694-70|월계로 223-20|00223|00020,35.2153858800186,126.850509647451,광주광역시 광산구 쌍암동 694-70,전남광주통합특별시 광산구 월계로 223-20,광산구,첨단2동,1233062600,성공,북구,첨단2동,True,광산구 첨단2동,북구 첨단2동,300,39,19.69,광산구 월계로 223-20,True
아름마을휴먼시아2단지,29200-248,2009,25.12~27.11,갱신,14,10,2025,"2,221",39.48,5,1064,12,"2,156",12,수등로123번길 22,0,00022,00000,4289327,1,12330,12330,신가동,,광산구,12330,아파트,전월세,202510,아파트 전월세,,,,,,광산구|신가동|1064|수등로123번길 22|00022|00000,35.1842119227205,126.82398140206,광주광역시 광산구 신가동 1064,전남광주통합특별시 광산구 수등로123번길 22,광산구,수완동,1233063700,성공,광산구,수완동,True,광산구 수완동,광산구 수완동,2221,12,39.48,광산구 수등로123번길 22,True
광주하남엘에이치천년나무,29200-414,2019,25.11~27.10,신규,14,10,2025,"4,792",36.02,12,1611-3,7,,,용아로 175-6,,00175,00006,3163035,0,12330,12330,우산동,,광산구,12330,아파트,전월세,202510,아파트 전월세,,,,,,광산구|우산동|1611-3|용아로 175-6|00175|00006,35.1599080758315,126.800246035505,광주광역시 광산구 우산동 1611-3,전남광주통합특별시 광산구 용아로 175-6,광산구,우산동,1233058000,성공,광산구,우산동,True,광산구 우산동,광산구 우산동,4792,7,36.02,광산구 용아로 175-6,True
하남주공(2단지),29200-39,1991,25.10~27.10,신규,8,10,2025,200,44.52,4,1571-1,35,,,월곡산정로 12,0,00012,00000,3163042,1,12330,12330,우산동,,광산구,12330,아파트,전월세,202510,아파트 전월세,,,,,,광산구|우산동|1571-1|월곡산정로 12|00012|00000,35.1651071402315,126.803686058,광주광역시 광산구 우산동 1571-1,전남광주통합특별시 광산구 월곡산정로 12,광산구,우산동,1233058000,성공,광산구,우산동,True,광산구 우산동,광산구 우산동,200,35,44.52,광산구 월곡산정로 12,True
하남주공(2단지),29200-39,1991,25.10~27.10,신규,9,10,2025,300,44.52,13,1571-1,40,,,월곡산정로 12,0,00012,00000,3163042,1,12330,12330,우산동,,광산구,12330,아파트,전월세,202510,아파트 전월세,,,,,,광산구|우산동|1571-1|월곡산정로 12|00012|00000,35.1651071402315,126.803686058,광주광역시 광산구 우산동 1571-1,전남광주통합특별시 광산구 월곡산정로 12,광산구,우산동,1233058000,성공,광산구,우산동,True,광산구 우산동,광산구 우산동,300,40,44.52,광산구 월곡산정로 12,True
광주수완7신완마을휴먼시아,29200-264,2011,25.11~27.10,갱신,13,10,2025,"2,075",39.25,11,1037,12,"2,015",12,풍영로329번길 50,0,00050,00000,4289681,1,12330,12330,장덕동,,광산구,12330,아파트,전월세,202510,아파트 전월세,,,,,,광산구|장덕동|1037|풍영로329번길 50|00050|00000,35.2014118295745,126.812869241031,광주광역시 광산구 장덕동 1037,전남광주통합특별시 광산구 풍영로329번길 50,광산구,수완동,1233063700,성공,광산구,수완동,True,광산구 수완동,광산구 수완동,2075,12,39.25,광산구 풍영로329번길 50,True
한양에드가302동,29200-309,2013,25.10~26.10,신규,10,10,2025,500,19.853,9,694-115,30,,,월계로 223-17,0,00223,00017,3163039,2,12330,12330,쌍암동,,광산구,12330,아파트,전월세,202510,아파트 전월세,,,,,,광산구|쌍암동|694-115|월계로 223-17|00223|00017,35.2149023369798,126.849588941863,광주광역시 광산구 쌍암동 694-115,전남광주통합특별시 광산구 월계로 223-17,광산구,첨단2동,1233062600,성공,북구,첨단2동,True,광산구 첨단2동,북구 첨단2동,500,30,19.853,광산구 월계로 223-17,True
아름마을휴먼시아1단지,29200-247,2009,25.10~27.10,신규,10,10,2025,"5,404",51.93,7,1061,8,,,수등로123번길 70,0,00070,00000,4289327,1,12330,12330,신가동,,광산구,12330,아파트,전월세,202510,아파트 전월세,,,,,,광산구|신가동|1061|수등로123번길 70|00070|00000,35.1858460602035,126.824527935674,광주광역시 광산구 신가동 1061,전남광주통합특별시 광산구 수등로123번길 70,광산구,수완동,1233063700,성공,광산구,수완동,True,광산구 수완동,광산구 수완동,5404,8,51.93,광산구 수등로123번길 70,True
무들에코클래스,29200-323,2014,25.10~26.10,신규,10,10,2025,400,19.9836,9,893-1,40,,,임방울대로826번길 60-5,0,00060,00005,4289555,1,12330,12330,월계동,,광산구,12330,아파트,전월세,202510,아파트 전월세,,,,,,광산구|월계동|893-1|임방울대로826번길 60-5|00060|00005,35.2144820852673,126.847824082744,광주광역시 광산구 월계동 893-1,전남광주통합특별시 광산구 임방울대로826번길 60-5,광산구,첨단2동,1233062600,성공,북구,첨단2동,True,광산구 첨단2동,북구 첨단2동,400,40,19.9836,광산구 임방울대로826번길 60-5,True
하남주공(2단지),29200-39,1991,25.10~27.10,신규,1,10,2025,400,44.52,12,1571-1,50,,,월곡산정로 12,0,00012,00000,3163042,1,12330,12330,우산동,,광산구,12330,아파트,전월세,202510,아파트 전월세,,,,,,광산구|우산동|1571-1|월곡산정로 12|00012|00000,35.1651071402315,126.803686058,광주광역시 광산구 우산동 1571-1,전남광주통합특별시 광산구 월곡산정로 12,광산구,우산동,1233058000,성공,광산구,우산동,True,광산구 우산동,광산구 우산동,400,50,44.52,광산구 월곡산정로 12,True
AM-City하이클래스,29110-324,2014,25.12~27.12,신규,29,11,2025,"4,500",15.1697,8,154-1,0,,,금남로 185,0,00185,00000,3009019,1,12210,12210,금남로5가,,동구,12210,아파트,전월세,202511,아파트 전월세,,,,,,동구|금남로5가|154-1|금남로 185|00185|00000,35.1517659240292,126.913725421103,광주광역시 동구 금남로5가 154-1,전남광주통합특별시 동구 금남로 185,동구,충장동,1221052500,성공,동구,충장동,True,동구 충장동,동구 충장동,4500,0,15.1697,동구 금남로 185,True
AM-City하이클래스,29110-324,2014,25.11~26.11,신규,24,11,2025,300,15.1697,9,154-1,36,,,금남로 185,0,00185,00000,3009019,1,12210,12210,금남로5가,,동구,12210,아파트,전월세,202511,아파트 전월세,,,,,,동구|금남로5가|154-1|금남로 185|00185|00000,35.1517659240292,126.913725421103,광주광역시 동구 금남로5가 154-1,전남광주통합특별시 동구 금남로 185,동구,충장동,1221052500,성공,동구,충장동,True,동구 충장동,동구 충장동,300,36,15.1697,동구 금남로 185,True
AM-City하이클래스,29110-324,2014,25.12~26.12,신규,18,11,2025,300,15.1697,7,154-1,35,,,금남로 185,0,00185,00000,3009019,1,12210,12210,금남로5가,,동구,12210,아파트,전월세,202511,아파트 전월세,,,,,,동구|금남로5가|154-1|금남로 185|00185|00000,35.1517659240292,126.913725421103,광주광역시 동구 금남로5가 154-1,전남광주통합특별시 동구 금남로 185,동구,충장동,1221052500,성공,동구,충장동,True,동구 충장동,동구 충장동,300,35,15.1697,동구 금남로 185,True
AM-City하이클래스,29110-324,2014,25.12~26.12,신규,18,11,2025,300,15.1697,7,154-1,35,,,금남로 185,0,00185,00000,3009019,1,12210,12210,금남로5가,,동구,12210,아파트,전월세,202511,아파트 전월세,,,,,,동구|금남로5가|154-1|금남로 185|00185|00000,35.1517659240292,126.913725421103,광주광역시 동구 금남로5가 154-1,전남광주통합특별시 동구 금남로 185,동구,충장동,1221052500,성공,동구,충장동,True,동구 충장동,동구 충장동,300,35,15.1697,동구 금남로 185,True
AM-City하이클래스,29110-324,2014,25.12~26.12,신규,27,11,2025,500,15.1697,7,154-1,35,,,금남로 185,0,00185,00000,3009019,1,12210,12210,금남로5가,,동구,12210,아파트,전월세,202511,아파트 전월세,,,,,,동구|금남로5가|154-1|금남로 185|00185|00000,35.1517659240292,126.913725421103,광주광역시 동구 금남로5가 154-1,전남광주통합특별시 동구 금남로 185,동구,충장동,1221052500,성공,동구,충장동,True,동구 충장동,동구 충장동,500,35,15.1697,동구 금남로 185,True
AM-City하이클래스,29110-324,2014,25.11~26.11,신규,29,11,2025,500,26.4345,11,154-1,47,,,금남로 185,0,00185,00000,3009019,1,12210,12210,금남로5가,,동구,12210,아파트,전월세,202511,아파트 전월세,,,,,,동구|금남로5가|154-1|금남로 185|00185|00000,35.1517659240292,126.913725421103,광주광역시 동구 금남로5가 154-1,전남광주통합특별시 동구 금남로 185,동구,충장동,1221052500,성공,동구,충장동,True,동구 충장동,동구 충장동,500,47,26.4345,동구 금남로 185,True
농성동유탑유블레스,29140-335,2012,25.11~26.06,갱신,24,11,2025,300,19.7906,5,112-1,36,300,36,경열로45번길 13,0,00013,00000,4280012,1,12240,12240,농성동,,서구,12240,아파트,전월세,202511,아파트 전월세,,,,,,서구|농성동|112-1|경열로45번길 13|00013|00000,35.1522648956668,126.891494681592,광주광역시 서구 농성동 112-1,전남광주통합특별시 서구 경열로45번길 13,서구,농성1동,1224065000,성공,서구,농성1동,True,서구 농성1동,서구 농성1동,300,36,19.7906,서구 경열로45번길 13,True
농성동유탑유블레스,29140-335,2012,25.11~26.11,신규,5,11,2025,300,19.6832,5,112-1,43,,,경열로45번길 13,0,00013,00000,4280012,1,12240,12240,농성동,,서구,12240,아파트,전월세,202511,아파트 전월세,,,,,,서구|농성동|112-1|경열로45번길 13|00013|00000,35.1522648956668,126.891494681592,광주광역시 서구 농성동 112-1,전남광주통합특별시 서구 경열로45번길 13,서구,농성1동,1224065000,성공,서구,농성1동,True,서구 농성1동,서구 농성1동,300,43,19.6832,서구 경열로45번길 13,True
농성동유탑유블레스,29140-335,2012,25.11~26.11,신규,20,11,2025,400,19.7906,7,112-1,35,,,경열로45번길 13,0,00013,00000,4280012,1,12240,12240,농성동,,서구,12240,아파트,전월세,202511,아파트 전월세,,,,,,서구|농성동|112-1|경열로45번길 13|00013|00000,35.1522648956668,126.891494681592,광주광역시 서구 농성동 112-1,전남광주통합특별시 서구 경열로45번길 13,서구,농성1동,1224065000,성공,서구,농성1동,True,서구 농성1동,서구 농성1동,400,35,19.7906,서구 경열로45번길 13,True
농성동유탑유블레스,29140-335,2012,25.12~26.11,신규,11,11,2025,"2,000",19.7906,9,112-1,20,,,경열로45번길 13,0,00013,00000,4280012,1,12240,12240,농성동,,서구,12240,아파트,전월세,202511,아파트 전월세,,,,,,서구|농성동|112-1|경열로45번길 13|00013|00000,35.1522648956668,126.891494681592,광주광역시 서구 농성동 112-1,전남광주통합특별시 서구 경열로45번길 13,서구,농성1동,1224065000,성공,서구,농성1동,True,서구 농성1동,서구 농성1동,2000,20,19.7906,서구 경열로45번길 13,True
농성동유탑유블레스,29140-335,2012,25.12~26.12,신규,29,11,2025,300,19.7906,8,112-1,35,,,경열로45번길 13,0,00013,00000,4280012,1,12240,12240,농성동,,서구,12240,아파트,전월세,202511,아파트 전월세,,,,,,서구|농성동|112-1|경열로45번길 13|00013|00000,35.1522648956668,126.891494681592,광주광역시 서구 농성동 112-1,전남광주통합특별시 서구 경열로45번길 13,서구,농성1동,1224065000,성공,서구,농성1동,True,서구 농성1동,서구 농성1동,300,35,19.7906,서구 경열로45번길 13,True
농성동유탑유블레스,29140-335,2012,25.11~26.11,신규,24,11,2025,300,19.7906,9,112-1,35,,,경열로45번길 13,0,00013,00000,4280012,1,12240,12240,농성동,,서구,12240,아파트,전월세,202511,아파트 전월세,,,,,,서구|농성동|112-1|경열로45번길 13|00013|00000,35.1522648956668,126.891494681592,광주광역시 서구 농성동 112-1,전남광주통합특별시 서구 경열로45번길 13,서구,농성1동,1224065000,성공,서구,농성1동,True,서구 농성1동,서구 농성1동,300,35,19.7906,서구 경열로45번길 13,True
농성동유탑유블레스,29140-335,2012,25.11~26.11,신규,17,11,2025,300,19.7906,11,112-1,36,,,경열로45번길 13,0,00013,00000,4280012,1,12240,12240,농성동,,서구,12240,아파트,전월세,202511,아파트 전월세,,,,,,서구|농성동|112-1|경열로45번길 13|00013|00000,35.1522648956668,126.891494681592,광주광역시 서구 농성동 112-1,전남광주통합특별시 서구 경열로45번길 13,서구,농성1동,1224065000,성공,서구,농성1동,True,서구 농성1동,서구 농성1동,300,36,19.7906,서구 경열로45번길 13,True
엘에이치송화마을8단지,29155-395,2018,,,26,11,2025,"2,988",36.72,1,825,17,,,노대실로 9,0,00009,00000,3161003,0,12270,12270,노대동,,남구,12270,아파트,전월세,202511,아파트 전월세,,,,,,남구|노대동|825|노대실로 9|00009|00000,35.1088035081054,126.905394245253,광주광역시 남구 노대동 825,전남광주통합특별시 남구 노대실로 9,남구,효덕동,1227071000,성공,남구,효덕동,True,남구 효덕동,남구 효덕동,2988,17,36.72,남구 노대실로 9,True
엘에이치송화마을8단지,29155-395,2018,,,26,11,2025,"2,988",36.72,4,825,17,,,노대실로 9,0,00009,00000,3161003,0,12270,12270,노대동,,남구,12270,아파트,전월세,202511,아파트 전월세,,,,,,남구|노대동|825|노대실로 9|00009|00000,35.1088035081054,126.905394245253,광주광역시 남구 노대동 825,전남광주통합특별시 남구 노대실로 9,남구,효덕동,1227071000,성공,남구,효덕동,True,남구 효덕동,남구 효덕동,2988,17,36.72,남구 노대실로 9,True
광주효천1엘에이치3단지,29155-403,2020,,,18,11,2025,"1,306",16.76,6,731,7,,,효천중앙로 35,0,00035,00000,3351961,0,12270,12270,임암동,,남구,12270,아파트,전월세,202511,아파트 전월세,,,,,,남구|임암동|731|효천중앙로 35|00035|00000,35.1035679937987,126.87276883408,광주광역시 남구 임암동 731,전남광주통합특별시 남구 효천중앙로 35,남구,송암동,1227072000,성공,남구,송암동,True,남구 송암동,남구 송암동,1306,7,16.76,남구 효천중앙로 35,True
엘에이치송화마을8단지,29155-395,2018,,,11,11,2025,"2,916",36.72,9,825,17,,,노대실로 9,0,00009,00000,3161003,0,12270,12270,노대동,,남구,12270,아파트,전월세,202511,아파트 전월세,,,,,,남구|노대동|825|노대실로 9|00009|00000,35.1088035081054,126.905394245253,광주광역시 남구 노대동 825,전남광주통합특별시 남구 노대실로 9,남구,효덕동,1227071000,성공,남구,효덕동,True,남구 효덕동,남구 효덕동,2916,17,36.72,남구 노대실로 9,True
효천엘에이치천년나무7단지,29155-391,2017,25.11~27.12,신규,19,11,2025,"4,408",44.78,8,713,25,,,행암길 9,0,00009,00000,4283689,0,12270,12270,행암동,,남구,12270,아파트,전월세,202511,아파트 전월세,,,,,,남구|행암동|713|행암길 9|00009|00000,35.1026108867821,126.896298377775,광주광역시 남구 행암동 713,전남광주통합특별시 남구 행암길 9,남구,효덕동,1227071000,성공,남구,효덕동,True,남구 효덕동,남구 효덕동,4408,25,44.78,남구 행암길 9,True
효천엘에이치천년나무6단지아파트,29155-379,2016,26.01~28.01,신규,7,11,2025,"14,200",51.87,3,539,0,,,효우2로 90,0,00090,00000,3162075,1,12270,12270,행암동,,남구,12270,아파트,전월세,202511,아파트 전월세,,,,,,남구|행암동|539|효우2로 90|00090|00000,35.0991849700401,126.883590539706,광주광역시 남구 행암동 539,전남광주통합특별시 남구 효우2로 90,남구,송암동,1227072000,성공,남구,송암동,True,남구 송암동,남구 송암동,14200,0,51.87,남구 효우2로 90,True
엘에이치송화마을8단지,29155-395,2018,25.11~27.12,신규,26,11,2025,"2,988",36.72,1,825,17,,,노대실로 9,0,00009,00000,3161003,0,12270,12270,노대동,,남구,12270,아파트,전월세,202511,아파트 전월세,,,,,,남구|노대동|825|노대실로 9|00009|00000,35.1088035081054,126.905394245253,광주광역시 남구 노대동 825,전남광주통합특별시 남구 노대실로 9,남구,효덕동,1227071000,성공,남구,효덕동,True,남구 효덕동,남구 효덕동,2988,17,36.72,남구 노대실로 9,True
엘에이치송화마을8단지,29155-395,2018,25.11~27.12,신규,26,11,2025,"2,988",36.72,2,825,17,,,노대실로 9,0,00009,00000,3161003,0,12270,12270,노대동,,남구,12270,아파트,전월세,202511,아파트 전월세,,,,,,남구|노대동|825|노대실로 9|00009|00000,35.1088035081054,126.905394245253,광주광역시 남구 노대동 825,전남광주통합특별시 남구 노대실로 9,남구,효덕동,1227071000,성공,남구,효덕동,True,남구 효덕동,남구 효덕동,2988,17,36.72,남구 노대실로 9,True
효천엘에이치천년나무7단지,29155-391,2017,25.11~27.12,신규,19,11,2025,"1,505",16.99,18,713,8,,,행암길 9,0,00009,00000,4283689,0,12270,12270,행암동,,남구,12270,아파트,전월세,202511,아파트 전월세,,,,,,남구|행암동|713|행암길 9|00009|00000,35.1026108867821,126.896298377775,광주광역시 남구 행암동 713,전남광주통합특별시 남구 행암길 9,남구,효덕동,1227071000,성공,남구,효덕동,True,남구 효덕동,남구 효덕동,1505,8,16.99,남구 행암길 9,True
효천엘에이치천년나무7단지,29155-391,2017,25.11~27.12,신규,12,11,2025,"4,408",44.78,5,713,25,,,행암길 9,0,00009,00000,4283689,0,12270,12270,행암동,,남구,12270,아파트,전월세,202511,아파트 전월세,,,,,,남구|행암동|713|행암길 9|00009|00000,35.1026108867821,126.896298377775,광주광역시 남구 행암동 713,전남광주통합특별시 남구 행암길 9,남구,효덕동,1227071000,성공,남구,효덕동,True,남구 효덕동,남구 효덕동,4408,25,44.78,남구 행암길 9,True
효천엘에이치천년나무7단지,29155-391,2017,25.11~27.12,신규,19,11,2025,"2,347",26.54,6,713,13,,,행암길 9,0,00009,00000,4283689,0,12270,12270,행암동,,남구,12270,아파트,전월세,202511,아파트 전월세,,,,,,남구|행암동|713|행암길 9|00009|00000,35.1026108867821,126.896298377775,광주광역시 남구 행암동 713,전남광주통합특별시 남구 행암길 9,남구,효덕동,1227071000,성공,남구,효덕동,True,남구 효덕동,남구 효덕동,2347,13,26.54,남구 행암길 9,True
효천엘에이치천년나무7단지,29155-391,2017,25.11~27.12,신규,19,11,2025,"1,421",16.99,5,713,8,,,행암길 9,0,00009,00000,4283689,0,12270,12270,행암동,,남구,12270,아파트,전월세,202511,아파트 전월세,,,,,,남구|행암동|713|행암길 9|00009|00000,35.1026108867821,126.896298377775,광주광역시 남구 행암동 713,전남광주통합특별시 남구 행암길 9,남구,효덕동,1227071000,성공,남구,효덕동,True,남구 효덕동,남구 효덕동,1421,8,16.99,남구 행암길 9,True
광주효천1엘에이치3단지,29155-403,2020,25.11~27.11,신규,28,11,2025,"3,082",26.7,10,731,6,,,효천중앙로 35,0,00035,00000,3351961,0,12270,12270,임암동,,남구,12270,아파트,전월세,202511,아파트 전월세,,,,,,남구|임암동|731|효천중앙로 35|00035|00000,35.1035679937987,126.87276883408,광주광역시 남구 임암동 731,전남광주통합특별시 남구 효천중앙로 35,남구,송암동,1227072000,성공,남구,송암동,True,남구 송암동,남구 송암동,3082,6,26.7,남구 효천중앙로 35,True
광주효천1엘에이치1단지,29155-421,2021,25.11~27.12,신규,24,11,2025,"3,903",37.7,4,679,8,,,효천로 176,0,00176,00000,3351956,1,12270,12270,임암동,,남구,12270,아파트,전월세,202511,아파트 전월세,,,,,,남구|임암동|679|효천로 176|00176|00000,35.1076021714696,126.863505319348,광주광역시 남구 임암동 679,전남광주통합특별시 남구 효천로 176,남구,송암동,1227072000,성공,남구,송암동,True,남구 송암동,남구 송암동,3903,8,37.7,남구 효천로 176,True
광주효천1엘에이치3단지,29155-403,2020,25.11~27.12,신규,18,11,2025,"1,306",16.76,11,731,7,,,효천중앙로 35,0,00035,00000,3351961,0,12270,12270,임암동,,남구,12270,아파트,전월세,202511,아파트 전월세,,,,,,남구|임암동|731|효천중앙로 35|00035|00000,35.1035679937987,126.87276883408,광주광역시 남구 임암동 731,전남광주통합특별시 남구 효천중앙로 35,남구,송암동,1227072000,성공,남구,송암동,True,남구 송암동,남구 송암동,1306,7,16.76,남구 효천중앙로 35,True
엘에이치송화마을8단지,29155-395,2018,25.11~27.12,신규,26,11,2025,"2,988",36.72,2,825,17,,,노대실로 9,0,00009,00000,3161003,0,12270,12270,노대동,,남구,12270,아파트,전월세,202511,아파트 전월세,,,,,,남구|노대동|825|노대실로 9|00009|00000,35.1088035081054,126.905394245253,광주광역시 남구 노대동 825,전남광주통합특별시 남구 노대실로 9,남구,효덕동,1227071000,성공,남구,효덕동,True,남구 효덕동,남구 효덕동,2988,17,36.72,남구 노대실로 9,True
광주효천1엘에이치1단지,29155-421,2021,25.11~27.12,신규,20,11,2025,"1,803",37.7,7,679,21,,,효천로 176,0,00176,00000,3351956,1,12270,12270,임암동,,남구,12270,아파트,전월세,202511,아파트 전월세,,,,,,남구|임암동|679|효천로 176|00176|00000,35.1076021714696,126.863505319348,광주광역시 남구 임암동 679,전남광주통합특별시 남구 효천로 176,남구,송암동,1227072000,성공,남구,송암동,True,남구 송암동,남구 송암동,1803,21,37.7,남구 효천로 176,True
효천엘에이치천년나무7단지,29155-391,2017,25.11~27.12,신규,19,11,2025,"2,347",26.54,10,713,13,,,행암길 9,0,00009,00000,4283689,0,12270,12270,행암동,,남구,12270,아파트,전월세,202511,아파트 전월세,,,,,,남구|행암동|713|행암길 9|00009|00000,35.1026108867821,126.896298377775,광주광역시 남구 행암동 713,전남광주통합특별시 남구 행암길 9,남구,효덕동,1227071000,성공,남구,효덕동,True,남구 효덕동,남구 효덕동,2347,13,26.54,남구 행암길 9,True
엘에이치송화마을8단지,29155-395,2018,25.11~27.11,신규,24,11,2025,"4,688",36.72,10,825,7,,,노대실로 9,0,00009,00000,3161003,0,12270,12270,노대동,,남구,12270,아파트,전월세,202511,아파트 전월세,,,,,,남구|노대동|825|노대실로 9|00009|00000,35.1088035081054,126.905394245253,광주광역시 남구 노대동 825,전남광주통합특별시 남구 노대실로 9,남구,효덕동,1227071000,성공,남구,효덕동,True,남구 효덕동,남구 효덕동,4688,7,36.72,남구 노대실로 9,True
송화마을휴먼시아(진월1블럭주공),29155-307,2007,25.11~27.12,신규,20,11,2025,"2,158",39.72,4,725,12,,,효우로60번길 50,0,00050,00000,4283741,1,12270,12270,노대동,,남구,12270,아파트,전월세,202511,아파트 전월세,,,,,,남구|노대동|725|효우로60번길 50|00050|00000,35.1093929954418,126.900214471772,광주광역시 남구 노대동 725,전남광주통합특별시 남구 효우로60번길 50,남구,효덕동,1227071000,성공,남구,효덕동,True,남구 효덕동,남구 효덕동,2158,12,39.72,남구 효우로60번길 50,True
송화마을휴먼시아(진월1블럭주공),29155-307,2007,25.11~27.12,신규,20,11,2025,"2,158",39.85,11,725,12,,,효우로60번길 50,0,00050,00000,4283741,1,12270,12270,노대동,,남구,12270,아파트,전월세,202511,아파트 전월세,,,,,,남구|노대동|725|효우로60번길 50|00050|00000,35.1093929954418,126.900214471772,광주광역시 남구 노대동 725,전남광주통합특별시 남구 효우로60번길 50,남구,효덕동,1227071000,성공,남구,효덕동,True,남구 효덕동,남구 효덕동,2158,12,39.85,남구 효우로60번길 50,True
광주효천1엘에이치1단지,29155-421,2021,25.11~27.12,신규,20,11,2025,"3,184",46.91,7,679,28,,,효천로 176,0,00176,00000,3351956,1,12270,12270,임암동,,남구,12270,아파트,전월세,202511,아파트 전월세,,,,,,남구|임암동|679|효천로 176|00176|00000,35.1076021714696,126.863505319348,광주광역시 남구 임암동 679,전남광주통합특별시 남구 효천로 176,남구,송암동,1227072000,성공,남구,송암동,True,남구 송암동,남구 송암동,3184,28,46.91,남구 효천로 176,True
효천엘에이치천년나무7단지,29155-391,2017,25.11~27.12,신규,19,11,2025,"1,421",16.99,14,713,8,,,행암길 9,0,00009,00000,4283689,0,12270,12270,행암동,,남구,12270,아파트,전월세,202511,아파트 전월세,,,,,,남구|행암동|713|행암길 9|00009|00000,35.1026108867821,126.896298377775,광주광역시 남구 행암동 713,전남광주통합특별시 남구 행암길 9,남구,효덕동,1227071000,성공,남구,효덕동,True,남구 효덕동,남구 효덕동,1421,8,16.99,남구 행암길 9,True
효천엘에이치천년나무7단지,29155-391,2017,25.11~27.12,신규,19,11,2025,"1,421",16.99,9,713,8,,,행암길 9,0,00009,00000,4283689,0,12270,12270,행암동,,남구,12270,아파트,전월세,202511,아파트 전월세,,,,,,남구|행암동|713|행암길 9|00009|00000,35.1026108867821,126.896298377775,광주광역시 남구 행암동 713,전남광주통합특별시 남구 행암길 9,남구,효덕동,1227071000,성공,남구,효덕동,True,남구 효덕동,남구 효덕동,1421,8,16.99,남구 행암길 9,True
송화마을휴먼시아(진월3블럭주공),29155-304,2007,25.12~27.11,갱신,13,11,2025,"4,806",51.93,6,731,9,"4,662",8,효우로60번길 10,0,00010,00000,4283741,1,12270,12270,노대동,,남구,12270,아파트,전월세,202511,아파트 전월세,,,,,,남구|노대동|731|효우로60번길 10|00010|00000,35.1097155897455,126.903323235324,광주광역시 남구 노대동 731,전남광주통합특별시 남구 효우로60번길 10,남구,효덕동,1227071000,성공,남구,효덕동,True,남구 효덕동,남구 효덕동,4806,9,51.93,남구 효우로60번길 10,True
송화마을휴먼시아(진월1블럭주공),29155-307,2007,25.12~27.11,갱신,4,11,2025,"2,937",39.85,13,725,7,"2,041",11,효우로60번길 50,0,00050,00000,4283741,1,12270,12270,노대동,,남구,12270,아파트,전월세,202511,아파트 전월세,,,,,,남구|노대동|725|효우로60번길 50|00050|00000,35.1093929954418,126.900214471772,광주광역시 남구 노대동 725,전남광주통합특별시 남구 효우로60번길 50,남구,효덕동,1227071000,성공,남구,효덕동,True,남구 효덕동,남구 효덕동,2937,7,39.85,남구 효우로60번길 50,True
용봉주공,29170-227,2004,25.11~27.12,신규,19,11,2025,"2,097",51.49,20,1461,15,,,매곡로 20,0,00020,00000,3162014,1,12300,12300,용봉동,,북구,12300,아파트,전월세,202511,아파트 전월세,,,,,,북구|용봉동|1461|매곡로 20|00020|00000,35.1866483726599,126.895825017945,광주광역시 북구 용봉동 1461,전남광주통합특별시 북구 매곡로 20,북구,용봉동,1230059000,성공,북구,용봉동,True,북구 용봉동,북구 용봉동,2097,15,51.49,북구 매곡로 20,True
아름마을휴먼시아2단지,29200-248,2009,,,24,11,2025,"2,830",46.9,8,1064,15,,,수등로123번길 22,0,00022,00000,4289327,1,12330,12330,신가동,,광산구,12330,아파트,전월세,202511,아파트 전월세,,,,,,광산구|신가동|1064|수등로123번길 22|00022|00000,35.1842119227205,126.82398140206,광주광역시 광산구 신가동 1064,전남광주통합특별시 광산구 수등로123번길 22,광산구,수완동,1233063700,성공,광산구,수완동,True,광산구 수완동,광산구 수완동,2830,15,46.9,광산구 수등로123번길 22,True
장자울마을휴먼시아5단지,29200-256,2009,25.12~27.11,갱신,30,11,2025,"3,330",46.9,8,504,13,"3,248",12,풍영로145번길 42,0,00042,00000,4289671,1,12330,12330,흑석동,,광산구,12330,아파트,전월세,202511,아파트 전월세,,,,,,광산구|흑석동|504|풍영로145번길 42|00042|00000,35.1849233891164,126.811481524903,광주광역시 광산구 흑석동 504,전남광주통합특별시 광산구 풍영로145번길 42,광산구,수완동,1233063700,성공,광산구,수완동,True,광산구 수완동,광산구 수완동,3330,13,46.9,광산구 풍영로145번길 42,True
광주우산엘에이치1단지,29200-422,2019,25.11~27.12,신규,18,11,2025,334,16.84,11,1599-1,11,,,무진대로 246-7,,00246,00007,2009009,0,12330,12330,우산동,,광산구,12330,아파트,전월세,202511,아파트 전월세,,,,,,광산구|우산동|1599-1|무진대로 246-7|00246|00007,35.1605509336336,126.807603506014,광주광역시 광산구 우산동 1599-1,전남광주통합특별시 광산구 무진대로 246-7,광산구,우산동,1233058000,성공,광산구,우산동,True,광산구 우산동,광산구 우산동,334,11,16.84,광산구 무진대로 246-7,True
무들에코클래스,29200-323,2014,26.01~27.01,신규,27,11,2025,400,19.9836,13,893-1,37,,,임방울대로826번길 60-5,0,00060,00005,4289555,1,12330,12330,월계동,,광산구,12330,아파트,전월세,202511,아파트 전월세,,,,,,광산구|월계동|893-1|임방울대로826번길 60-5|00060|00005,35.2144820852673,126.847824082744,광주광역시 광산구 월계동 893-1,전남광주통합특별시 광산구 임방울대로826번길 60-5,광산구,첨단2동,1233062600,성공,북구,첨단2동,True,광산구 첨단2동,북구 첨단2동,400,37,19.9836,광산구 임방울대로826번길 60-5,True
광주수완6신완마을휴먼시아,29200-263,2010,25.11~27.12,신규,24,11,2025,"4,278",46.9,2,1044,7,,,풍영로329번길 51,0,00051,00000,4289681,1,12330,12330,장덕동,,광산구,12330,아파트,전월세,202511,아파트 전월세,,,,,,광산구|장덕동|1044|풍영로329번길 51|00051|00000,35.1993201857989,126.811785931546,광주광역시 광산구 장덕동 1044,전남광주통합특별시 광산구 풍영로329번길 51,광산구,수완동,1233063700,성공,광산구,수완동,True,광산구 수완동,광산구 수완동,4278,7,46.9,광산구 풍영로329번길 51,True
에이엠시티센트럴파크,29200-349,2015,25.12~27.12,신규,29,11,2025,500,40.9226,4,676-2,65,,,첨단중앙로182번길 50,,00050,00000,4289616,1,12330,12330,쌍암동,,광산구,12330,아파트,전월세,202511,아파트 전월세,,,,,,광산구|쌍암동|676-2|첨단중앙로182번길 50|00050|00000,35.2215170161494,126.846882804545,광주광역시 광산구 쌍암동 676-2,전남광주통합특별시 광산구 첨단중앙로182번길 50,광산구,첨단1동,1233062400,성공,광산구,첨단1동,True,광산구 첨단1동,광산구 첨단1동,500,65,40.9226,광산구 첨단중앙로182번길 50,True
광주하남엘에이치천년나무,29200-414,2019,25.11~27.12,신규,24,11,2025,"2,228",26.03,8,1611-3,11,,,용아로 175-6,,00175,00006,3163035,0,12330,12330,우산동,,광산구,12330,아파트,전월세,202511,아파트 전월세,,,,,,광산구|우산동|1611-3|용아로 175-6|00175|00006,35.1599080758315,126.800246035505,광주광역시 광산구 우산동 1611-3,전남광주통합특별시 광산구 용아로 175-6,광산구,우산동,1233058000,성공,광산구,우산동,True,광산구 우산동,광산구 우산동,2228,11,26.03,광산구 용아로 175-6,True
광주하남엘에이치천년나무,29200-414,2019,25.11~27.12,신규,24,11,2025,"2,023",26.03,5,1611-3,10,,,용아로 175-6,,00175,00006,3163035,0,12330,12330,우산동,,광산구,12330,아파트,전월세,202511,아파트 전월세,,,,,,광산구|우산동|1611-3|용아로 175-6|00175|00006,35.1599080758315,126.800246035505,광주광역시 광산구 우산동 1611-3,전남광주통합특별시 광산구 용아로 175-6,광산구,우산동,1233058000,성공,광산구,우산동,True,광산구 우산동,광산구 우산동,2023,10,26.03,광산구 용아로 175-6,True
아름마을휴먼시아3단지,29200-260,2009,25.11~27.12,신규,25,11,2025,"2,160",39.72,4,1202,12,,,하남대로261번길 11,0,00011,00000,4289685,1,12330,12330,신가동,,광산구,12330,아파트,전월세,202511,아파트 전월세,,,,,,광산구|신가동|1202|하남대로261번길 11|00011|00000,35.1803936905995,126.820478944492,광주광역시 광산구 신가동 1202,전남광주통합특별시 광산구 하남대로261번길 11,광산구,수완동,1233063700,성공,광산구,수완동,True,광산구 수완동,광산구 수완동,2160,12,39.72,광산구 하남대로261번길 11,True
아름마을휴먼시아3단지,29200-260,2009,25.11~27.12,신규,25,11,2025,"3,060",39.72,4,1202,7,,,하남대로261번길 11,0,00011,00000,4289685,1,12330,12330,신가동,,광산구,12330,아파트,전월세,202511,아파트 전월세,,,,,,광산구|신가동|1202|하남대로261번길 11|00011|00000,35.1803936905995,126.820478944492,광주광역시 광산구 신가동 1202,전남광주통합특별시 광산구 하남대로261번길 11,광산구,수완동,1233063700,성공,광산구,수완동,True,광산구 수완동,광산구 수완동,3060,7,39.72,광산구 하남대로261번길 11,True
에이엠시티5차,29200-307,2013,26.02~27.02,신규,20,11,2025,300,19.1284,10,682-1,38,,,임방울대로825번길 19,0,00019,00000,4289554,1,12330,12330,쌍암동,,광산구,12330,아파트,전월세,202511,아파트 전월세,,,,,,광산구|쌍암동|682-1|임방울대로825번길 19|00019|00000,35.2187157362366,126.847688221979,광주광역시 광산구 쌍암동 682-1,전남광주통합특별시 광산구 임방울대로825번길 19,광산구,첨단1동,1233062400,성공,광산구,첨단1동,True,광산구 첨단1동,광산구 첨단1동,300,38,19.1284,광산구 임방울대로825번길 19,True
하남주공(2단지),29200-39,1991,25.12~27.12,신규,20,11,2025,300,44.94,4,1571-1,45,,,월곡산정로 12,0,00012,00000,3163042,1,12330,12330,우산동,,광산구,12330,아파트,전월세,202511,아파트 전월세,,,,,,광산구|우산동|1571-1|월곡산정로 12|00012|00000,35.1651071402315,126.803686058,광주광역시 광산구 우산동 1571-1,전남광주통합특별시 광산구 월곡산정로 12,광산구,우산동,1233058000,성공,광산구,우산동,True,광산구 우산동,광산구 우산동,300,45,44.94,광산구 월곡산정로 12,True
광주수완6신완마을휴먼시아,29200-263,2010,25.11~27.12,신규,24,11,2025,"2,778",46.9,2,1044,15,,,풍영로329번길 51,0,00051,00000,4289681,1,12330,12330,장덕동,,광산구,12330,아파트,전월세,202511,아파트 전월세,,,,,,광산구|장덕동|1044|풍영로329번길 51|00051|00000,35.1993201857989,126.811785931546,광주광역시 광산구 장덕동 1044,전남광주통합특별시 광산구 풍영로329번길 51,광산구,수완동,1233063700,성공,광산구,수완동,True,광산구 수완동,광산구 수완동,2778,15,46.9,광산구 풍영로329번길 51,True
첨단AM-City스카이하이2차,29200-338,2015,25.12~27.12,신규,30,11,2025,"2,000",19.2584,8,878-4,23,,,첨단중앙로106번길 65-11,0,00065,00011,4289610,0,12330,12330,월계동,,광산구,12330,아파트,전월세,202511,아파트 전월세,,,,,,광산구|월계동|878-4|첨단중앙로106번길 65-11|00065|00011,35.2158649451099,126.846545140704,광주광역시 광산구 월계동 878-4,전남광주통합특별시 광산구 첨단중앙로106번길 65-11,광산구,첨단2동,1233062600,성공,북구,첨단2동,True,광산구 첨단2동,북구 첨단2동,2000,23,19.2584,광산구 첨단중앙로106번길 65-11,True
아름마을휴먼시아3단지,29200-260,2009,25.11~27.12,신규,25,11,2025,"2,160",39.48,9,1202,12,,,하남대로261번길 11,0,00011,00000,4289685,1,12330,12330,신가동,,광산구,12330,아파트,전월세,202511,아파트 전월세,,,,,,광산구|신가동|1202|하남대로261번길 11|00011|00000,35.1803936905995,126.820478944492,광주광역시 광산구 신가동 1202,전남광주통합특별시 광산구 하남대로261번길 11,광산구,수완동,1233063700,성공,광산구,수완동,True,광산구 수완동,광산구 수완동,2160,12,39.48,광산구 하남대로261번길 11,True
장자울마을휴먼시아5단지,29200-256,2009,25.12~27.11,갱신,17,11,2025,"2,830",46.9,4,504,15,"2,748",15,풍영로145번길 42,0,00042,00000,4289671,1,12330,12330,흑석동,,광산구,12330,아파트,전월세,202511,아파트 전월세,,,,,,광산구|흑석동|504|풍영로145번길 42|00042|00000,35.1849233891164,126.811481524903,광주광역시 광산구 흑석동 504,전남광주통합특별시 광산구 풍영로145번길 42,광산구,수완동,1233063700,성공,광산구,수완동,True,광산구 수완동,광산구 수완동,2830,15,46.9,광산구 풍영로145번길 42,True
아름마을휴먼시아3단지,29200-260,2009,25.11~27.12,신규,25,11,2025,"2,835",46.9,12,1202,16,,,하남대로261번길 11,0,00011,00000,4289685,1,12330,12330,신가동,,광산구,12330,아파트,전월세,202511,아파트 전월세,,,,,,광산구|신가동|1202|하남대로261번길 11|00011|00000,35.1803936905995,126.820478944492,광주광역시 광산구 신가동 1202,전남광주통합특별시 광산구 하남대로261번길 11,광산구,수완동,1233063700,성공,광산구,수완동,True,광산구 수완동,광산구 수완동,2835,16,46.9,광산구 하남대로261번길 11,True
에이엠시티센트럴파크,29200-349,2015,25.11~26.11,신규,14,11,2025,500,40.9226,15,676-2,65,,,첨단중앙로182번길 50,,00050,00000,4289616,1,12330,12330,쌍암동,,광산구,12330,아파트,전월세,202511,아파트 전월세,,,,,,광산구|쌍암동|676-2|첨단중앙로182번길 50|00050|00000,35.2215170161494,126.846882804545,광주광역시 광산구 쌍암동 676-2,전남광주통합특별시 광산구 첨단중앙로182번길 50,광산구,첨단1동,1233062400,성공,광산구,첨단1동,True,광산구 첨단1동,광산구 첨단1동,500,65,40.9226,광산구 첨단중앙로182번길 50,True
무들에코클래스,29200-323,2014,25.12~26.12,신규,5,11,2025,400,19.9836,12,893-1,36,,,임방울대로826번길 60-5,0,00060,00005,4289555,1,12330,12330,월계동,,광산구,12330,아파트,전월세,202511,아파트 전월세,,,,,,광산구|월계동|893-1|임방울대로826번길 60-5|00060|00005,35.2144820852673,126.847824082744,광주광역시 광산구 월계동 893-1,전남광주통합특별시 광산구 임방울대로826번길 60-5,광산구,첨단2동,1233062600,성공,북구,첨단2동,True,광산구 첨단2동,북구 첨단2동,400,36,19.9836,광산구 임방울대로826번길 60-5,True
아름마을휴먼시아3단지,29200-260,2009,25.12~27.11,신규,6,11,2025,"2,139",39.48,3,1202,12,,,하남대로261번길 11,0,00011,00000,4289685,1,12330,12330,신가동,,광산구,12330,아파트,전월세,202511,아파트 전월세,,,,,,광산구|신가동|1202|하남대로261번길 11|00011|00000,35.1803936905995,126.820478944492,광주광역시 광산구 신가동 1202,전남광주통합특별시 광산구 하남대로261번길 11,광산구,수완동,1233063700,성공,광산구,수완동,True,광산구 수완동,광산구 수완동,2139,12,39.48,광산구 하남대로261번길 11,True
에이엠시티5차,29200-307,2013,25.12~26.11,신규,24,11,2025,300,19.1284,5,682-1,40,,,임방울대로825번길 19,0,00019,00000,4289554,1,12330,12330,쌍암동,,광산구,12330,아파트,전월세,202511,아파트 전월세,,,,,,광산구|쌍암동|682-1|임방울대로825번길 19|00019|00000,35.2187157362366,126.847688221979,광주광역시 광산구 쌍암동 682-1,전남광주통합특별시 광산구 임방울대로825번길 19,광산구,첨단1동,1233062400,성공,광산구,첨단1동,True,광산구 첨단1동,광산구 첨단1동,300,40,19.1284,광산구 임방울대로825번길 19,True
하남주공(2단지),29200-39,1991,25.11~27.11,신규,4,11,2025,300,44.94,5,1571-1,43,,,월곡산정로 12,0,00012,00000,3163042,1,12330,12330,우산동,,광산구,12330,아파트,전월세,202511,아파트 전월세,,,,,,광산구|우산동|1571-1|월곡산정로 12|00012|00000,35.1651071402315,126.803686058,광주광역시 광산구 우산동 1571-1,전남광주통합특별시 광산구 월곡산정로 12,광산구,우산동,1233058000,성공,광산구,우산동,True,광산구 우산동,광산구 우산동,300,43,44.94,광산구 월곡산정로 12,True
하남주공(2단지),29200-39,1991,25.11~27.11,신규,26,11,2025,300,44.94,6,1571-1,47,,,월곡산정로 12,0,00012,00000,3163042,1,12330,12330,우산동,,광산구,12330,아파트,전월세,202511,아파트 전월세,,,,,,광산구|우산동|1571-1|월곡산정로 12|00012|00000,35.1651071402315,126.803686058,광주광역시 광산구 우산동 1571-1,전남광주통합특별시 광산구 월곡산정로 12,광산구,우산동,1233058000,성공,광산구,우산동,True,광산구 우산동,광산구 우산동,300,47,44.94,광산구 월곡산정로 12,True
첨단도휘에드가2차,29200-350,2015,25.11~26.11,신규,18,11,2025,50,19.69,8,694-70,38,,,월계로 223-20,0,00223,00020,3163039,1,12330,12330,쌍암동,,광산구,12330,아파트,전월세,202511,아파트 전월세,,,,,,광산구|쌍암동|694-70|월계로 223-20|00223|00020,35.2153858800186,126.850509647451,광주광역시 광산구 쌍암동 694-70,전남광주통합특별시 광산구 월계로 223-20,광산구,첨단2동,1233062600,성공,북구,첨단2동,True,광산구 첨단2동,북구 첨단2동,50,38,19.69,광산구 월계로 223-20,True
아름마을휴먼시아1단지,29200-247,2009,25.12~27.11,갱신,28,11,2025,"2,156",39.72,3,1061,12,"2,156",11,수등로123번길 70,0,00070,00000,4289327,1,12330,12330,신가동,,광산구,12330,아파트,전월세,202511,아파트 전월세,,,,,,광산구|신가동|1061|수등로123번길 70|00070|00000,35.1858460602035,126.824527935674,광주광역시 광산구 신가동 1061,전남광주통합특별시 광산구 수등로123번길 70,광산구,수완동,1233063700,성공,광산구,수완동,True,광산구 수완동,광산구 수완동,2156,12,39.72,광산구 수등로123번길 70,True
첨단센트럴파크2차,29200-399,2018,25.11~27.11,신규,11,11,2025,"13,500",41.83,14,676-3,0,,,첨단중앙로170번길 87,0,00087,00000,4289614,1,12330,12330,쌍암동,,광산구,12330,아파트,전월세,202511,아파트 전월세,,,,,,광산구|쌍암동|676-3|첨단중앙로170번길 87|00087|00000,35.2209763822162,126.84687920672,광주광역시 광산구 쌍암동 676-3,전남광주통합특별시 광산구 첨단중앙로170번길 87,광산구,첨단1동,1233062400,성공,광산구,첨단1동,True,광산구 첨단1동,광산구 첨단1동,13500,0,41.83,광산구 첨단중앙로170번길 87,True
광주우산엘에이치1단지,29200-422,2019,25.11~27.12,신규,18,11,2025,644,36.44,10,1599-1,26,,,무진대로 246-7,,00246,00007,2009009,0,12330,12330,우산동,,광산구,12330,아파트,전월세,202511,아파트 전월세,,,,,,광산구|우산동|1599-1|무진대로 246-7|00246|00007,35.1605509336336,126.807603506014,광주광역시 광산구 우산동 1599-1,전남광주통합특별시 광산구 무진대로 246-7,광산구,우산동,1233058000,성공,광산구,우산동,True,광산구 우산동,광산구 우산동,644,26,36.44,광산구 무진대로 246-7,True
광주수완6신완마을휴먼시아,29200-263,2010,25.12~27.11,갱신,21,11,2025,"5,340",51.82,13,1044,9,"5,096",8,풍영로329번길 51,0,00051,00000,4289681,1,12330,12330,장덕동,,광산구,12330,아파트,전월세,202511,아파트 전월세,,,,,,광산구|장덕동|1044|풍영로329번길 51|00051|00000,35.1993201857989,126.811785931546,광주광역시 광산구 장덕동 1044,전남광주통합특별시 광산구 풍영로329번길 51,광산구,수완동,1233063700,성공,광산구,수완동,True,광산구 수완동,광산구 수완동,5340,9,51.82,광산구 풍영로329번길 51,True
에이엠시티4차,29200-318,2014,25.12~27.12,신규,10,11,2025,500,32.3203,9,660-7,48,,,첨단중앙로152번길 17-6,0,00017,00006,4289613,1,12330,12330,쌍암동,,광산구,12330,아파트,전월세,202511,아파트 전월세,,,,,,광산구|쌍암동|660-7|첨단중앙로152번길 17-6|00017|00006,35.2193014166222,126.843435669554,광주광역시 광산구 쌍암동 660-7,전남광주통합특별시 광산구 첨단중앙로152번길 17-6,광산구,첨단1동,1233062400,성공,광산구,첨단1동,True,광산구 첨단1동,광산구 첨단1동,500,48,32.3203,광산구 첨단중앙로152번길 17-6,True
하남주공(2단지),29200-39,1991,25.11~27.11,신규,25,11,2025,300,44.52,14,1571-1,38,,,월곡산정로 12,0,00012,00000,3163042,1,12330,12330,우산동,,광산구,12330,아파트,전월세,202511,아파트 전월세,,,,,,광산구|우산동|1571-1|월곡산정로 12|00012|00000,35.1651071402315,126.803686058,광주광역시 광산구 우산동 1571-1,전남광주통합특별시 광산구 월곡산정로 12,광산구,우산동,1233058000,성공,광산구,우산동,True,광산구 우산동,광산구 우산동,300,38,44.52,광산구 월곡산정로 12,True
무들에코클래스,29200-323,2014,25.11~26.11,신규,26,11,2025,300,19.9836,7,893-1,36,,,임방울대로826번길 60-5,0,00060,00005,4289555,1,12330,12330,월계동,,광산구,12330,아파트,전월세,202511,아파트 전월세,,,,,,광산구|월계동|893-1|임방울대로826번길 60-5|00060|00005,35.2144820852673,126.847824082744,광주광역시 광산구 월계동 893-1,전남광주통합특별시 광산구 임방울대로826번길 60-5,광산구,첨단2동,1233062600,성공,북구,첨단2동,True,광산구 첨단2동,북구 첨단2동,300,36,19.9836,광산구 임방울대로826번길 60-5,True
첨단AM-City스카이하이2차,29200-338,2015,25.11~26.11,신규,22,11,2025,300,19.2584,8,878-4,38,,,첨단중앙로106번길 65-11,0,00065,00011,4289610,0,12330,12330,월계동,,광산구,12330,아파트,전월세,202511,아파트 전월세,,,,,,광산구|월계동|878-4|첨단중앙로106번길 65-11|00065|00011,35.2158649451099,126.846545140704,광주광역시 광산구 월계동 878-4,전남광주통합특별시 광산구 첨단중앙로106번길 65-11,광산구,첨단2동,1233062600,성공,북구,첨단2동,True,광산구 첨단2동,북구 첨단2동,300,38,19.2584,광산구 첨단중앙로106번길 65-11,True
하남주공(2단지),29200-39,1991,25.11~27.11,신규,20,11,2025,300,38.64,11,1571-1,40,,,월곡산정로 12,0,00012,00000,3163042,1,12330,12330,우산동,,광산구,12330,아파트,전월세,202511,아파트 전월세,,,,,,광산구|우산동|1571-1|월곡산정로 12|00012|00000,35.1651071402315,126.803686058,광주광역시 광산구 우산동 1571-1,전남광주통합특별시 광산구 월곡산정로 12,광산구,우산동,1233058000,성공,광산구,우산동,True,광산구 우산동,광산구 우산동,300,40,38.64,광산구 월곡산정로 12,True
하남주공(2단지),29200-39,1991,25.11~27.11,신규,9,11,2025,300,44.52,9,1571-1,40,,,월곡산정로 12,0,00012,00000,3163042,1,12330,12330,우산동,,광산구,12330,아파트,전월세,202511,아파트 전월세,,,,,,광산구|우산동|1571-1|월곡산정로 12|00012|00000,35.1651071402315,126.803686058,광주광역시 광산구 우산동 1571-1,전남광주통합특별시 광산구 월곡산정로 12,광산구,우산동,1233058000,성공,광산구,우산동,True,광산구 우산동,광산구 우산동,300,40,44.52,광산구 월곡산정로 12,True
한양에드가302동,29200-309,2013,25.11~27.11,갱신,24,11,2025,"6,700",24.8708,6,694-115,0,"6,700",,월계로 223-17,0,00223,00017,3163039,2,12330,12330,쌍암동,,광산구,12330,아파트,전월세,202511,아파트 전월세,,,,,,광산구|쌍암동|694-115|월계로 223-17|00223|00017,35.2149023369798,126.849588941863,광주광역시 광산구 쌍암동 694-115,전남광주통합특별시 광산구 월계로 223-17,광산구,첨단2동,1233062600,성공,북구,첨단2동,True,광산구 첨단2동,북구 첨단2동,6700,0,24.8708,광산구 월계로 223-17,True
광주수완6신완마을휴먼시아,29200-263,2010,25.11~27.12,신규,24,11,2025,578,46.85,17,1044,22,,,풍영로329번길 51,0,00051,00000,4289681,1,12330,12330,장덕동,,광산구,12330,아파트,전월세,202511,아파트 전월세,,,,,,광산구|장덕동|1044|풍영로329번길 51|00051|00000,35.1993201857989,126.811785931546,광주광역시 광산구 장덕동 1044,전남광주통합특별시 광산구 풍영로329번길 51,광산구,수완동,1233063700,성공,광산구,수완동,True,광산구 수완동,광산구 수완동,578,22,46.85,광산구 풍영로329번길 51,True
아름마을휴먼시아2단지,29200-248,2009,25.12~27.11,갱신,24,11,2025,"2,830",46.9,11,1064,15,"2,748",15,수등로123번길 22,0,00022,00000,4289327,1,12330,12330,신가동,,광산구,12330,아파트,전월세,202511,아파트 전월세,,,,,,광산구|신가동|1064|수등로123번길 22|00022|00000,35.1842119227205,126.82398140206,광주광역시 광산구 신가동 1064,전남광주통합특별시 광산구 수등로123번길 22,광산구,수완동,1233063700,성공,광산구,수완동,True,광산구 수완동,광산구 수완동,2830,15,46.9,광산구 수등로123번길 22,True
첨단도휘에드가2차,29200-350,2015,25.11~26.03,신규,21,11,2025,200,19.69,6,694-70,45,,,월계로 223-20,0,00223,00020,3163039,1,12330,12330,쌍암동,,광산구,12330,아파트,전월세,202511,아파트 전월세,,,,,,광산구|쌍암동|694-70|월계로 223-20|00223|00020,35.2153858800186,126.850509647451,광주광역시 광산구 쌍암동 694-70,전남광주통합특별시 광산구 월계로 223-20,광산구,첨단2동,1233062600,성공,북구,첨단2동,True,광산구 첨단2동,북구 첨단2동,200,45,19.69,광산구 월계로 223-20,True
첨단AM-City,29200-273,2012,25.11~26.03,신규,22,11,2025,100,19.1513,7,884-2,45,,,첨단중앙로106번길 65-4,0,00065,00004,4289610,1,12330,12330,월계동,,광산구,12330,아파트,전월세,202511,아파트 전월세,,,,,,광산구|월계동|884-2|첨단중앙로106번길 65-4|00065|00004,35.215133360486,126.847005173109,광주광역시 광산구 월계동 884-2,전남광주통합특별시 광산구 첨단중앙로106번길 65-4,광산구,첨단2동,1233062600,성공,북구,첨단2동,True,광산구 첨단2동,북구 첨단2동,100,45,19.1513,광산구 첨단중앙로106번길 65-4,True
아름마을휴먼시아2단지,29200-248,2009,25.11~27.11,신규,19,11,2025,"4,330",46.9,10,1064,7,,,수등로123번길 22,0,00022,00000,4289327,1,12330,12330,신가동,,광산구,12330,아파트,전월세,202511,아파트 전월세,,,,,,광산구|신가동|1064|수등로123번길 22|00022|00000,35.1842119227205,126.82398140206,광주광역시 광산구 신가동 1064,전남광주통합특별시 광산구 수등로123번길 22,광산구,수완동,1233063700,성공,광산구,수완동,True,광산구 수완동,광산구 수완동,4330,7,46.9,광산구 수등로123번길 22,True
장자울마을휴먼시아5단지,29200-256,2009,25.12~27.11,갱신,20,11,2025,"3,609",51.93,7,504,19,"3,504",19,풍영로145번길 42,0,00042,00000,4289671,1,12330,12330,흑석동,,광산구,12330,아파트,전월세,202511,아파트 전월세,,,,,,광산구|흑석동|504|풍영로145번길 42|00042|00000,35.1849233891164,126.811481524903,광주광역시 광산구 흑석동 504,전남광주통합특별시 광산구 풍영로145번길 42,광산구,수완동,1233063700,성공,광산구,수완동,True,광산구 수완동,광산구 수완동,3609,19,51.93,광산구 풍영로145번길 42,True
광주수완6신완마을휴먼시아,29200-263,2010,25.12~27.11,갱신,20,11,2025,"3,366",46.9,12,1044,19,,15,풍영로329번길 51,0,00051,00000,4289681,1,12330,12330,장덕동,,광산구,12330,아파트,전월세,202511,아파트 전월세,,,,,,광산구|장덕동|1044|풍영로329번길 51|00051|00000,35.1993201857989,126.811785931546,광주광역시 광산구 장덕동 1044,전남광주통합특별시 광산구 풍영로329번길 51,광산구,수완동,1233063700,성공,광산구,수완동,True,광산구 수완동,광산구 수완동,3366,19,46.9,광산구 풍영로329번길 51,True
아름마을휴먼시아2단지,29200-248,2009,25.12~27.11,갱신,19,11,2025,"2,830",46.9,14,1064,15,"2,622",14,수등로123번길 22,0,00022,00000,4289327,1,12330,12330,신가동,,광산구,12330,아파트,전월세,202511,아파트 전월세,,,,,,광산구|신가동|1064|수등로123번길 22|00022|00000,35.1842119227205,126.82398140206,광주광역시 광산구 신가동 1064,전남광주통합특별시 광산구 수등로123번길 22,광산구,수완동,1233063700,성공,광산구,수완동,True,광산구 수완동,광산구 수완동,2830,15,46.9,광산구 수등로123번길 22,True
광주수완6신완마을휴먼시아,29200-263,2010,26.01~27.12,갱신,19,11,2025,"5,783",51.26,14,1044,11,"5,285",8,풍영로329번길 51,0,00051,00000,4289681,1,12330,12330,장덕동,,광산구,12330,아파트,전월세,202511,아파트 전월세,,,,,,광산구|장덕동|1044|풍영로329번길 51|00051|00000,35.1993201857989,126.811785931546,광주광역시 광산구 장덕동 1044,전남광주통합특별시 광산구 풍영로329번길 51,광산구,수완동,1233063700,성공,광산구,수완동,True,광산구 수완동,광산구 수완동,5783,11,51.26,광산구 풍영로329번길 51,True
아름마을휴먼시아3단지,29200-260,2009,25.12~27.11,갱신,14,11,2025,"2,077",39.72,2,1202,12,"1,982",11,하남대로261번길 11,0,00011,00000,4289685,1,12330,12330,신가동,,광산구,12330,아파트,전월세,202511,아파트 전월세,,,,,,광산구|신가동|1202|하남대로261번길 11|00011|00000,35.1803936905995,126.820478944492,광주광역시 광산구 신가동 1202,전남광주통합특별시 광산구 하남대로261번길 11,광산구,수완동,1233063700,성공,광산구,수완동,True,광산구 수완동,광산구 수완동,2077,12,39.72,광산구 하남대로261번길 11,True
아름마을휴먼시아3단지,29200-260,2009,25.12~27.11,갱신,18,11,2025,"2,077",39.48,3,1202,12,"1,982",11,하남대로261번길 11,0,00011,00000,4289685,1,12330,12330,신가동,,광산구,12330,아파트,전월세,202511,아파트 전월세,,,,,,광산구|신가동|1202|하남대로261번길 11|00011|00000,35.1803936905995,126.820478944492,광주광역시 광산구 신가동 1202,전남광주통합특별시 광산구 하남대로261번길 11,광산구,수완동,1233063700,성공,광산구,수완동,True,광산구 수완동,광산구 수완동,2077,12,39.48,광산구 하남대로261번길 11,True
하남주공(2단지),29200-39,1991,25.11~27.11,신규,18,11,2025,500,44.52,9,1571-1,45,,,월곡산정로 12,0,00012,00000,3163042,1,12330,12330,우산동,,광산구,12330,아파트,전월세,202511,아파트 전월세,,,,,,광산구|우산동|1571-1|월곡산정로 12|00012|00000,35.1651071402315,126.803686058,광주광역시 광산구 우산동 1571-1,전남광주통합특별시 광산구 월곡산정로 12,광산구,우산동,1233058000,성공,광산구,우산동,True,광산구 우산동,광산구 우산동,500,45,44.52,광산구 월곡산정로 12,True
아름마을휴먼시아3단지,29200-260,2009,25.12~27.11,갱신,18,11,2025,"2,939",39.48,9,1202,7,"2,841",7,하남대로261번길 11,0,00011,00000,4289685,1,12330,12330,신가동,,광산구,12330,아파트,전월세,202511,아파트 전월세,,,,,,광산구|신가동|1202|하남대로261번길 11|00011|00000,35.1803936905995,126.820478944492,광주광역시 광산구 신가동 1202,전남광주통합특별시 광산구 하남대로261번길 11,광산구,수완동,1233063700,성공,광산구,수완동,True,광산구 수완동,광산구 수완동,2939,7,39.48,광산구 하남대로261번길 11,True
장자울마을휴먼시아4단지,29200-257,2009,26.01~27.12,갱신,17,11,2025,"2,915",46.9,11,517,16,"2,700",15,풍영로145번길 43,0,00043,00000,4289671,1,12330,12330,흑석동,,광산구,12330,아파트,전월세,202511,아파트 전월세,,,,,,광산구|흑석동|517|풍영로145번길 43|00043|00000,35.1837458369346,126.811293211321,광주광역시 광산구 흑석동 517,전남광주통합특별시 광산구 풍영로145번길 43,광산구,수완동,1233063700,성공,광산구,수완동,True,광산구 수완동,광산구 수완동,2915,16,46.9,광산구 풍영로145번길 43,True
에이엠시티4차,29200-318,2014,25.12~26.12,신규,14,11,2025,300,32.3203,6,660-7,40,,,첨단중앙로152번길 17-6,0,00017,00006,4289613,1,12330,12330,쌍암동,,광산구,12330,아파트,전월세,202511,아파트 전월세,,,,,,광산구|쌍암동|660-7|첨단중앙로152번길 17-6|00017|00006,35.2193014166222,126.843435669554,광주광역시 광산구 쌍암동 660-7,전남광주통합특별시 광산구 첨단중앙로152번길 17-6,광산구,첨단1동,1233062400,성공,광산구,첨단1동,True,광산구 첨단1동,광산구 첨단1동,300,40,32.3203,광산구 첨단중앙로152번길 17-6,True
첨단도휘에드가2차,29200-350,2015,25.12~27.12,신규,13,11,2025,"5,100",19.69,12,694-70,5,,,월계로 223-20,0,00223,00020,3163039,1,12330,12330,쌍암동,,광산구,12330,아파트,전월세,202511,아파트 전월세,,,,,,광산구|쌍암동|694-70|월계로 223-20|00223|00020,35.2153858800186,126.850509647451,광주광역시 광산구 쌍암동 694-70,전남광주통합특별시 광산구 월계로 223-20,광산구,첨단2동,1233062600,성공,북구,첨단2동,True,광산구 첨단2동,북구 첨단2동,5100,5,19.69,광산구 월계로 223-20,True
하남주공(2단지),29200-39,1991,25.12~27.12,신규,12,11,2025,"7,400",44.52,14,1571-1,0,,,월곡산정로 12,0,00012,00000,3163042,1,12330,12330,우산동,,광산구,12330,아파트,전월세,202511,아파트 전월세,,,,,,광산구|우산동|1571-1|월곡산정로 12|00012|00000,35.1651071402315,126.803686058,광주광역시 광산구 우산동 1571-1,전남광주통합특별시 광산구 월곡산정로 12,광산구,우산동,1233058000,성공,광산구,우산동,True,광산구 우산동,광산구 우산동,7400,0,44.52,광산구 월곡산정로 12,True
에이엠시티5차,29200-307,2013,25.11~26.11,신규,8,11,2025,300,19.1284,7,682-1,38,,,임방울대로825번길 19,0,00019,00000,4289554,1,12330,12330,쌍암동,,광산구,12330,아파트,전월세,202511,아파트 전월세,,,,,,광산구|쌍암동|682-1|임방울대로825번길 19|00019|00000,35.2187157362366,126.847688221979,광주광역시 광산구 쌍암동 682-1,전남광주통합특별시 광산구 임방울대로825번길 19,광산구,첨단1동,1233062400,성공,광산구,첨단1동,True,광산구 첨단1동,광산구 첨단1동,300,38,19.1284,광산구 임방울대로825번길 19,True
광주수완7신완마을휴먼시아,29200-264,2011,25.12~27.11,갱신,12,11,2025,"2,724",46.9,7,1037,15,,14,풍영로329번길 50,0,00050,00000,4289681,1,12330,12330,장덕동,,광산구,12330,아파트,전월세,202511,아파트 전월세,,,,,,광산구|장덕동|1037|풍영로329번길 50|00050|00000,35.2014118295745,126.812869241031,광주광역시 광산구 장덕동 1037,전남광주통합특별시 광산구 풍영로329번길 50,광산구,수완동,1233063700,성공,광산구,수완동,True,광산구 수완동,광산구 수완동,2724,15,46.9,광산구 풍영로329번길 50,True
하남주공(2단지),29200-39,1991,25.11~27.11,신규,1,11,2025,300,44.52,12,1571-1,45,,,월곡산정로 12,0,00012,00000,3163042,1,12330,12330,우산동,,광산구,12330,아파트,전월세,202511,아파트 전월세,,,,,,광산구|우산동|1571-1|월곡산정로 12|00012|00000,35.1651071402315,126.803686058,광주광역시 광산구 우산동 1571-1,전남광주통합특별시 광산구 월곡산정로 12,광산구,우산동,1233058000,성공,광산구,우산동,True,광산구 우산동,광산구 우산동,300,45,44.52,광산구 월곡산정로 12,True
아름마을휴먼시아2단지,29200-248,2009,25.12~27.11,갱신,12,11,2025,"2,830",46.9,12,1064,15,"2,748",15,수등로123번길 22,0,00022,00000,4289327,1,12330,12330,신가동,,광산구,12330,아파트,전월세,202511,아파트 전월세,,,,,,광산구|신가동|1064|수등로123번길 22|00022|00000,35.1842119227205,126.82398140206,광주광역시 광산구 신가동 1064,전남광주통합특별시 광산구 수등로123번길 22,광산구,수완동,1233063700,성공,광산구,수완동,True,광산구 수완동,광산구 수완동,2830,15,46.9,광산구 수등로123번길 22,True
광주수완6신완마을휴먼시아,29200-263,2010,25.12~27.11,갱신,10,11,2025,"2,778",46.9,16,1044,15,"2,778",15,풍영로329번길 51,0,00051,00000,4289681,1,12330,12330,장덕동,,광산구,12330,아파트,전월세,202511,아파트 전월세,,,,,,광산구|장덕동|1044|풍영로329번길 51|00051|00000,35.1993201857989,126.811785931546,광주광역시 광산구 장덕동 1044,전남광주통합특별시 광산구 풍영로329번길 51,광산구,수완동,1233063700,성공,광산구,수완동,True,광산구 수완동,광산구 수완동,2778,15,46.9,광산구 풍영로329번길 51,True
광주수완6신완마을휴먼시아,29200-263,2010,25.12~27.11,갱신,10,11,2025,"3,440",51.82,6,1044,19,"3,285",18,풍영로329번길 51,0,00051,00000,4289681,1,12330,12330,장덕동,,광산구,12330,아파트,전월세,202511,아파트 전월세,,,,,,광산구|장덕동|1044|풍영로329번길 51|00051|00000,35.1993201857989,126.811785931546,광주광역시 광산구 장덕동 1044,전남광주통합특별시 광산구 풍영로329번길 51,광산구,수완동,1233063700,성공,광산구,수완동,True,광산구 수완동,광산구 수완동,3440,19,51.82,광산구 풍영로329번길 51,True
아름마을휴먼시아3단지,29200-260,2009,25.12~27.11,갱신,10,11,2025,"2,808",46.9,11,1202,16,"2,679",15,하남대로261번길 11,0,00011,00000,4289685,1,12330,12330,신가동,,광산구,12330,아파트,전월세,202511,아파트 전월세,,,,,,광산구|신가동|1202|하남대로261번길 11|00011|00000,35.1803936905995,126.820478944492,광주광역시 광산구 신가동 1202,전남광주통합특별시 광산구 하남대로261번길 11,광산구,수완동,1233063700,성공,광산구,수완동,True,광산구 수완동,광산구 수완동,2808,16,46.9,광산구 하남대로261번길 11,True
하남주공(2단지),29200-39,1991,25.11~27.11,신규,1,11,2025,300,44.52,7,1571-1,42,,,월곡산정로 12,0,00012,00000,3163042,1,12330,12330,우산동,,광산구,12330,아파트,전월세,202511,아파트 전월세,,,,,,광산구|우산동|1571-1|월곡산정로 12|00012|00000,35.1651071402315,126.803686058,광주광역시 광산구 우산동 1571-1,전남광주통합특별시 광산구 월곡산정로 12,광산구,우산동,1233058000,성공,광산구,우산동,True,광산구 우산동,광산구 우산동,300,42,44.52,광산구 월곡산정로 12,True
첨단AM-City3차,29200-295,2013,25.12~27.12,신규,7,11,2025,"4,000",19.1437,7,661-8,0,,,첨단중앙로152번길 17-12,0,00017,00012,4289613,1,12330,12330,쌍암동,,광산구,12330,아파트,전월세,202511,아파트 전월세,,,,,,광산구|쌍암동|661-8|첨단중앙로152번길 17-12|00017|00012,35.2201158823372,126.843440476063,광주광역시 광산구 쌍암동 661-8,전남광주통합특별시 광산구 첨단중앙로152번길 17-12,광산구,첨단1동,1233062400,성공,광산구,첨단1동,True,광산구 첨단1동,광산구 첨단1동,4000,0,19.1437,광산구 첨단중앙로152번길 17-12,True
아름마을휴먼시아3단지,29200-260,2009,25.12~27.11,갱신,4,11,2025,"2,939",39.72,10,1202,7,"2,841",7,하남대로261번길 11,0,00011,00000,4289685,1,12330,12330,신가동,,광산구,12330,아파트,전월세,202511,아파트 전월세,,,,,,광산구|신가동|1202|하남대로261번길 11|00011|00000,35.1803936905995,126.820478944492,광주광역시 광산구 신가동 1202,전남광주통합특별시 광산구 하남대로261번길 11,광산구,수완동,1233063700,성공,광산구,수완동,True,광산구 수완동,광산구 수완동,2939,7,39.72,광산구 하남대로261번길 11,True
무들에코클래스,29200-323,2014,25.11~26.03,신규,4,11,2025,100,19.9836,3,893-1,40,,,임방울대로826번길 60-5,0,00060,00005,4289555,1,12330,12330,월계동,,광산구,12330,아파트,전월세,202511,아파트 전월세,,,,,,광산구|월계동|893-1|임방울대로826번길 60-5|00060|00005,35.2144820852673,126.847824082744,광주광역시 광산구 월계동 893-1,전남광주통합특별시 광산구 임방울대로826번길 60-5,광산구,첨단2동,1233062600,성공,북구,첨단2동,True,광산구 첨단2동,북구 첨단2동,100,40,19.9836,광산구 임방울대로826번길 60-5,True
하남주공(2단지),29200-39,1991,25.11~27.11,신규,4,11,2025,300,44.52,5,1571-1,40,,,월곡산정로 12,0,00012,00000,3163042,1,12330,12330,우산동,,광산구,12330,아파트,전월세,202511,아파트 전월세,,,,,,광산구|우산동|1571-1|월곡산정로 12|00012|00000,35.1651071402315,126.803686058,광주광역시 광산구 우산동 1571-1,전남광주통합특별시 광산구 월곡산정로 12,광산구,우산동,1233058000,성공,광산구,우산동,True,광산구 우산동,광산구 우산동,300,40,44.52,광산구 월곡산정로 12,True
첨단센트럴파크2차,29200-399,2018,25.12~27.12,갱신,1,11,2025,"13,500",41.83,9,676-3,0,"13,000",,첨단중앙로170번길 87,0,00087,00000,4289614,1,12330,12330,쌍암동,사용,광산구,12330,아파트,전월세,202511,아파트 전월세,,,,,,광산구|쌍암동|676-3|첨단중앙로170번길 87|00087|00000,35.2209763822162,126.84687920672,광주광역시 광산구 쌍암동 676-3,전남광주통합특별시 광산구 첨단중앙로170번길 87,광산구,첨단1동,1233062400,성공,광산구,첨단1동,True,광산구 첨단1동,광산구 첨단1동,13500,0,41.83,광산구 첨단중앙로170번길 87,True
AM-City하이클래스,29110-324,2014,26.01~27.01,신규,11,12,2025,500,15.1697,10,154-1,35,,,금남로 185,0,00185,00000,3009019,1,12210,12210,금남로5가,,동구,12210,아파트,전월세,202512,아파트 전월세,,,,,,동구|금남로5가|154-1|금남로 185|00185|00000,35.1517659240292,126.913725421103,광주광역시 동구 금남로5가 154-1,전남광주통합특별시 동구 금남로 185,동구,충장동,1221052500,성공,동구,충장동,True,동구 충장동,동구 충장동,500,35,15.1697,동구 금남로 185,True
AM-City하이클래스,29110-324,2014,25.12~26.12,신규,22,12,2025,300,15.1697,6,154-1,37,,,금남로 185,0,00185,00000,3009019,1,12210,12210,금남로5가,,동구,12210,아파트,전월세,202512,아파트 전월세,,,,,,동구|금남로5가|154-1|금남로 185|00185|00000,35.1517659240292,126.913725421103,광주광역시 동구 금남로5가 154-1,전남광주통합특별시 동구 금남로 185,동구,충장동,1221052500,성공,동구,충장동,True,동구 충장동,동구 충장동,300,37,15.1697,동구 금남로 185,True
충장고운라피네,29110-348,2017,26.03~28.03,신규,23,12,2025,"15,000",49.831,10,34,0,,,충장로58번길 14,,00014,00000,4277237,0,12210,12210,충장로4가,,동구,12210,아파트,전월세,202512,아파트 전월세,,,,,,동구|충장로4가|34|충장로58번길 14|00014|00000,35.1493869644374,126.913097129313,광주광역시 동구 충장로4가 34,전남광주통합특별시 동구 충장로58번길 14,동구,충장동,1221052500,성공,동구,충장동,True,동구 충장동,동구 충장동,15000,0,49.831,동구 충장로58번길 14,True
AM-City하이클래스,29110-324,2014,25.12~26.12,신규,14,12,2025,"1,000",15.1697,9,154-1,29,,,금남로 185,0,00185,00000,3009019,1,12210,12210,금남로5가,,동구,12210,아파트,전월세,202512,아파트 전월세,,,,,,동구|금남로5가|154-1|금남로 185|00185|00000,35.1517659240292,126.913725421103,광주광역시 동구 금남로5가 154-1,전남광주통합특별시 동구 금남로 185,동구,충장동,1221052500,성공,동구,충장동,True,동구 충장동,동구 충장동,1000,29,15.1697,동구 금남로 185,True
AM-City하이클래스,29110-324,2014,25.12~26.12,신규,2,12,2025,300,15.1697,15,154-1,35,,,금남로 185,0,00185,00000,3009019,1,12210,12210,금남로5가,,동구,12210,아파트,전월세,202512,아파트 전월세,,,,,,동구|금남로5가|154-1|금남로 185|00185|00000,35.1517659240292,126.913725421103,광주광역시 동구 금남로5가 154-1,전남광주통합특별시 동구 금남로 185,동구,충장동,1221052500,성공,동구,충장동,True,동구 충장동,동구 충장동,300,35,15.1697,동구 금남로 185,True
충장고운라피네,29110-348,2017,26.01~28.01,신규,6,12,2025,"15,000",49.831,12,34,0,,,충장로58번길 14,,00014,00000,4277237,0,12210,12210,충장로4가,,동구,12210,아파트,전월세,202512,아파트 전월세,,,,,,동구|충장로4가|34|충장로58번길 14|00014|00000,35.1493869644374,126.913097129313,광주광역시 동구 충장로4가 34,전남광주통합특별시 동구 충장로58번길 14,동구,충장동,1221052500,성공,동구,충장동,True,동구 충장동,동구 충장동,15000,0,49.831,동구 충장로58번길 14,True
농성동유탑유블레스,29140-335,2012,26.01~26.07,신규,29,12,2025,300,19.7906,9,112-1,40,,,경열로45번길 13,0,00013,00000,4280012,1,12240,12240,농성동,,서구,12240,아파트,전월세,202512,아파트 전월세,,,,,,서구|농성동|112-1|경열로45번길 13|00013|00000,35.1522648956668,126.891494681592,광주광역시 서구 농성동 112-1,전남광주통합특별시 서구 경열로45번길 13,서구,농성1동,1224065000,성공,서구,농성1동,True,서구 농성1동,서구 농성1동,300,40,19.7906,서구 경열로45번길 13,True
광주농성LH1단지,29140-418,2022,25.12~28.01,신규,23,12,2025,"1,408",16.98,1,707,7,,,월산로 242,0,00242,00000,3009015,0,12240,12240,농성동,,서구,12240,아파트,전월세,202512,아파트 전월세,,,,,,서구|농성동|707|월산로 242|00242|00000,35.157862996557,126.890222110213,광주광역시 서구 농성동 707,전남광주통합특별시 서구 월산로 242,서구,농성1동,1224065000,성공,서구,농성1동,True,서구 농성1동,서구 농성1동,1408,7,16.98,서구 월산로 242,True
농성동유탑유블레스,29140-335,2012,26.01~26.12,신규,31,12,2025,300,19.7906,8,112-1,36,,,경열로45번길 13,0,00013,00000,4280012,1,12240,12240,농성동,,서구,12240,아파트,전월세,202512,아파트 전월세,,,,,,서구|농성동|112-1|경열로45번길 13|00013|00000,35.1522648956668,126.891494681592,광주광역시 서구 농성동 112-1,전남광주통합특별시 서구 경열로45번길 13,서구,농성1동,1224065000,성공,서구,농성1동,True,서구 농성1동,서구 농성1동,300,36,19.7906,서구 경열로45번길 13,True
농성동유탑유블레스,29140-335,2012,25.12~26.12,신규,1,12,2025,500,30.0792,12,112-1,50,,,경열로45번길 13,0,00013,00000,4280012,1,12240,12240,농성동,,서구,12240,아파트,전월세,202512,아파트 전월세,,,,,,서구|농성동|112-1|경열로45번길 13|00013|00000,35.1522648956668,126.891494681592,광주광역시 서구 농성동 112-1,전남광주통합특별시 서구 경열로45번길 13,서구,농성1동,1224065000,성공,서구,농성1동,True,서구 농성1동,서구 농성1동,500,50,30.0792,서구 경열로45번길 13,True
농성동유탑유블레스,29140-335,2012,25.12~26.12,신규,22,12,2025,300,19.7906,13,112-1,35,,,경열로45번길 13,0,00013,00000,4280012,1,12240,12240,농성동,,서구,12240,아파트,전월세,202512,아파트 전월세,,,,,,서구|농성동|112-1|경열로45번길 13|00013|00000,35.1522648956668,126.891494681592,광주광역시 서구 농성동 112-1,전남광주통합특별시 서구 경열로45번길 13,서구,농성1동,1224065000,성공,서구,농성1동,True,서구 농성1동,서구 농성1동,300,35,19.7906,서구 경열로45번길 13,True
농성빛여울채아파트,29140-384,2017,26.01~27.12,갱신,24,12,2025,"1,293",29.4903,9,700,10,"1,293",10,월산로 164-3,0,00164,00003,3009015,0,12240,12240,농성동,,서구,12240,아파트,전월세,202512,아파트 전월세,,,,,,서구|농성동|700|월산로 164-3|00164|00003,35.1530164634149,126.895718866371,광주광역시 서구 농성동 700,전남광주통합특별시 서구 월산로 164-3,서구,농성1동,1224065000,성공,서구,농성1동,True,서구 농성1동,서구 농성1동,1293,10,29.4903,서구 월산로 164-3,True
농성동유탑유블레스,29140-335,2012,25.12~26.12,신규,7,12,2025,300,19.7906,6,112-1,35,,,경열로45번길 13,0,00013,00000,4280012,1,12240,12240,농성동,,서구,12240,아파트,전월세,202512,아파트 전월세,,,,,,서구|농성동|112-1|경열로45번길 13|00013|00000,35.1522648956668,126.891494681592,광주광역시 서구 농성동 112-1,전남광주통합특별시 서구 경열로45번길 13,서구,농성1동,1224065000,성공,서구,농성1동,True,서구 농성1동,서구 농성1동,300,35,19.7906,서구 경열로45번길 13,True
농성동유탑유블레스,29140-335,2012,25.12~26.12,신규,16,12,2025,300,19.7906,2,112-1,33,,,경열로45번길 13,0,00013,00000,4280012,1,12240,12240,농성동,,서구,12240,아파트,전월세,202512,아파트 전월세,,,,,,서구|농성동|112-1|경열로45번길 13|00013|00000,35.1522648956668,126.891494681592,광주광역시 서구 농성동 112-1,전남광주통합특별시 서구 경열로45번길 13,서구,농성1동,1224065000,성공,서구,농성1동,True,서구 농성1동,서구 농성1동,300,33,19.7906,서구 경열로45번길 13,True
농성동유탑유블레스,29140-335,2012,25.12~26.12,신규,13,12,2025,300,19.7906,4,112-1,35,,,경열로45번길 13,0,00013,00000,4280012,1,12240,12240,농성동,,서구,12240,아파트,전월세,202512,아파트 전월세,,,,,,서구|농성동|112-1|경열로45번길 13|00013|00000,35.1522648956668,126.891494681592,광주광역시 서구 농성동 112-1,전남광주통합특별시 서구 경열로45번길 13,서구,농성1동,1224065000,성공,서구,농성1동,True,서구 농성1동,서구 농성1동,300,35,19.7906,서구 경열로45번길 13,True
농성동유탑유블레스,29140-335,2012,25.12~26.12,신규,7,12,2025,300,19.7906,7,112-1,35,,,경열로45번길 13,0,00013,00000,4280012,1,12240,12240,농성동,,서구,12240,아파트,전월세,202512,아파트 전월세,,,,,,서구|농성동|112-1|경열로45번길 13|00013|00000,35.1522648956668,126.891494681592,광주광역시 서구 농성동 112-1,전남광주통합특별시 서구 경열로45번길 13,서구,농성1동,1224065000,성공,서구,농성1동,True,서구 농성1동,서구 농성1동,300,35,19.7906,서구 경열로45번길 13,True
엘에이치송화마을8단지,29155-395,2018,,,17,12,2025,"2,988",36.72,9,825,17,,,노대실로 9,0,00009,00000,3161003,0,12270,12270,노대동,,남구,12270,아파트,전월세,202512,아파트 전월세,,,,,,남구|노대동|825|노대실로 9|00009|00000,35.1088035081054,126.905394245253,광주광역시 남구 노대동 825,전남광주통합특별시 남구 노대실로 9,남구,효덕동,1227071000,성공,남구,효덕동,True,남구 효덕동,남구 효덕동,2988,17,36.72,남구 노대실로 9,True
송화마을휴먼시아(진월3블럭주공),29155-304,2007,25.12~28.01,신규,26,12,2025,737,51.93,2,731,25,,,효우로60번길 10,0,00010,00000,4283741,1,12270,12270,노대동,,남구,12270,아파트,전월세,202512,아파트 전월세,,,,,,남구|노대동|731|효우로60번길 10|00010|00000,35.1097155897455,126.903323235324,광주광역시 남구 노대동 731,전남광주통합특별시 남구 효우로60번길 10,남구,효덕동,1227071000,성공,남구,효덕동,True,남구 효덕동,남구 효덕동,737,25,51.93,남구 효우로60번길 10,True
엘에이치송화마을8단지,29155-395,2018,25.12~28.01,신규,17,12,2025,"2,988",36.72,4,825,17,,,노대실로 9,0,00009,00000,3161003,0,12270,12270,노대동,,남구,12270,아파트,전월세,202512,아파트 전월세,,,,,,남구|노대동|825|노대실로 9|00009|00000,35.1088035081054,126.905394245253,광주광역시 남구 노대동 825,전남광주통합특별시 남구 노대실로 9,남구,효덕동,1227071000,성공,남구,효덕동,True,남구 효덕동,남구 효덕동,2988,17,36.72,남구 노대실로 9,True
송화마을휴먼시아(진월4블럭주공),29155-305,2007,26.01~27.12,갱신,30,12,2025,"3,350",39.85,12,734,15,"2,375",9,효우로60번길 9,0,00009,00000,4283741,1,12270,12270,노대동,,남구,12270,아파트,전월세,202512,아파트 전월세,,,,,,남구|노대동|734|효우로60번길 9|00009|00000,35.1076086354032,126.903198596274,광주광역시 남구 노대동 734,전남광주통합특별시 남구 효우로60번길 9,남구,효덕동,1227071000,성공,남구,효덕동,True,남구 효덕동,남구 효덕동,3350,15,39.85,남구 효우로60번길 9,True
효천엘에이치천년나무7단지,29155-391,2017,25.12~28.01,신규,17,12,2025,"2,326",26.54,9,713,13,,,행암길 9,0,00009,00000,4283689,0,12270,12270,행암동,,남구,12270,아파트,전월세,202512,아파트 전월세,,,,,,남구|행암동|713|행암길 9|00009|00000,35.1026108867821,126.896298377775,광주광역시 남구 행암동 713,전남광주통합특별시 남구 행암길 9,남구,효덕동,1227071000,성공,남구,효덕동,True,남구 효덕동,남구 효덕동,2326,13,26.54,남구 행암길 9,True
광주효천1엘에이치1단지,29155-421,2021,25.12~28.01,신규,22,12,2025,"3,184",46.91,3,679,28,,,효천로 176,0,00176,00000,3351956,1,12270,12270,임암동,,남구,12270,아파트,전월세,202512,아파트 전월세,,,,,,남구|임암동|679|효천로 176|00176|00000,35.1076021714696,126.863505319348,광주광역시 남구 임암동 679,전남광주통합특별시 남구 효천로 176,남구,송암동,1227072000,성공,남구,송암동,True,남구 송암동,남구 송암동,3184,28,46.91,남구 효천로 176,True
광주효천1엘에이치1단지,29155-421,2021,25.12~28.01,신규,22,12,2025,"1,803",37.7,6,679,21,,,효천로 176,0,00176,00000,3351956,1,12270,12270,임암동,,남구,12270,아파트,전월세,202512,아파트 전월세,,,,,,남구|임암동|679|효천로 176|00176|00000,35.1076021714696,126.863505319348,광주광역시 남구 임암동 679,전남광주통합특별시 남구 효천로 176,남구,송암동,1227072000,성공,남구,송암동,True,남구 송암동,남구 송암동,1803,21,37.7,남구 효천로 176,True
효천엘에이치천년나무7단지,29155-391,2017,26.01~27.12,갱신,29,12,2025,"2,229",36.81,13,713,21,"3,078",17,행암길 9,0,00009,00000,4283689,0,12270,12270,행암동,,남구,12270,아파트,전월세,202512,아파트 전월세,,,,,,남구|행암동|713|행암길 9|00009|00000,35.1026108867821,126.896298377775,광주광역시 남구 행암동 713,전남광주통합특별시 남구 행암길 9,남구,효덕동,1227071000,성공,남구,효덕동,True,남구 효덕동,남구 효덕동,2229,21,36.81,남구 행암길 9,True
효천엘에이치천년나무7단지,29155-391,2017,26.01~27.12,갱신,29,12,2025,405,16.99,13,713,11,"1,469",8,행암길 9,0,00009,00000,4283689,0,12270,12270,행암동,,남구,12270,아파트,전월세,202512,아파트 전월세,,,,,,남구|행암동|713|행암길 9|00009|00000,35.1026108867821,126.896298377775,광주광역시 남구 행암동 713,전남광주통합특별시 남구 행암길 9,남구,효덕동,1227071000,성공,남구,효덕동,True,남구 효덕동,남구 효덕동,405,11,16.99,남구 행암길 9,True
송화마을휴먼시아(진월4블럭주공),29155-305,2007,26.01~27.12,갱신,29,12,2025,"5,358",59.17,7,734,18,"5,150",17,효우로60번길 9,0,00009,00000,4283741,1,12270,12270,노대동,,남구,12270,아파트,전월세,202512,아파트 전월세,,,,,,남구|노대동|734|효우로60번길 9|00009|00000,35.1076086354032,126.903198596274,광주광역시 남구 노대동 734,전남광주통합특별시 남구 효우로60번길 9,남구,효덕동,1227071000,성공,남구,효덕동,True,남구 효덕동,남구 효덕동,5358,18,59.17,남구 효우로60번길 9,True
엘에이치송화마을8단지,29155-395,2018,25.12~27.12,갱신,29,12,2025,"4,688",36.72,2,825,7,"2,988",17,노대실로 9,0,00009,00000,3161003,0,12270,12270,노대동,,남구,12270,아파트,전월세,202512,아파트 전월세,,,,,,남구|노대동|825|노대실로 9|00009|00000,35.1088035081054,126.905394245253,광주광역시 남구 노대동 825,전남광주통합특별시 남구 노대실로 9,남구,효덕동,1227071000,성공,남구,효덕동,True,남구 효덕동,남구 효덕동,4688,7,36.72,남구 노대실로 9,True
엘에이치송화마을8단지,29155-395,2018,25.12~27.12,신규,26,12,2025,"4,688",36.72,1,825,7,,,노대실로 9,0,00009,00000,3161003,0,12270,12270,노대동,,남구,12270,아파트,전월세,202512,아파트 전월세,,,,,,남구|노대동|825|노대실로 9|00009|00000,35.1088035081054,126.905394245253,광주광역시 남구 노대동 825,전남광주통합특별시 남구 노대실로 9,남구,효덕동,1227071000,성공,남구,효덕동,True,남구 효덕동,남구 효덕동,4688,7,36.72,남구 노대실로 9,True
광주효천1엘에이치3단지,29155-403,2020,26.01~27.12,갱신,26,12,2025,"5,712",44.97,4,731,8,"3,450",18,효천중앙로 35,0,00035,00000,3351961,0,12270,12270,임암동,,남구,12270,아파트,전월세,202512,아파트 전월세,,,,,,남구|임암동|731|효천중앙로 35|00035|00000,35.1035679937987,126.87276883408,광주광역시 남구 임암동 731,전남광주통합특별시 남구 효천중앙로 35,남구,송암동,1227072000,성공,남구,송암동,True,남구 송암동,남구 송암동,5712,8,44.97,남구 효천중앙로 35,True
송화마을휴먼시아(진월4블럭주공),29155-305,2007,26.01~27.12,갱신,16,12,2025,"2,179",39.72,12,734,12,"2,075",11,효우로60번길 9,0,00009,00000,4283741,1,12270,12270,노대동,,남구,12270,아파트,전월세,202512,아파트 전월세,,,,,,남구|노대동|734|효우로60번길 9|00009|00000,35.1076086354032,126.903198596274,광주광역시 남구 노대동 734,전남광주통합특별시 남구 효우로60번길 9,남구,효덕동,1227071000,성공,남구,효덕동,True,남구 효덕동,남구 효덕동,2179,12,39.72,남구 효우로60번길 9,True
송화마을휴먼시아(진월3블럭주공),29155-304,2007,25.12~28.01,신규,24,12,2025,598,46.9,6,731,21,,,효우로60번길 10,0,00010,00000,4283741,1,12270,12270,노대동,,남구,12270,아파트,전월세,202512,아파트 전월세,,,,,,남구|노대동|731|효우로60번길 10|00010|00000,35.1097155897455,126.903323235324,광주광역시 남구 노대동 731,전남광주통합특별시 남구 효우로60번길 10,남구,효덕동,1227071000,성공,남구,효덕동,True,남구 효덕동,남구 효덕동,598,21,46.9,남구 효우로60번길 10,True
효천엘에이치천년나무7단지,29155-391,2017,25.12~28.01,신규,17,12,2025,"2,326",26.54,3,713,13,,,행암길 9,0,00009,00000,4283689,0,12270,12270,행암동,,남구,12270,아파트,전월세,202512,아파트 전월세,,,,,,남구|행암동|713|행암길 9|00009|00000,35.1026108867821,126.896298377775,광주광역시 남구 행암동 713,전남광주통합특별시 남구 행암길 9,남구,효덕동,1227071000,성공,남구,효덕동,True,남구 효덕동,남구 효덕동,2326,13,26.54,남구 행암길 9,True
송화마을휴먼시아(진월3블럭주공),29155-304,2007,26.01~27.12,갱신,23,12,2025,"3,872",46.9,6,731,7,"2,552",14,효우로60번길 10,0,00010,00000,4283741,1,12270,12270,노대동,,남구,12270,아파트,전월세,202512,아파트 전월세,,,,,,남구|노대동|731|효우로60번길 10|00010|00000,35.1097155897455,126.903323235324,광주광역시 남구 노대동 731,전남광주통합특별시 남구 효우로60번길 10,남구,효덕동,1227071000,성공,남구,효덕동,True,남구 효덕동,남구 효덕동,3872,7,46.9,남구 효우로60번길 10,True
효천엘에이치천년나무7단지,29155-391,2017,25.12~27.12,갱신,22,12,2025,"3,547",26.54,6,713,6,"2,347",13,행암길 9,0,00009,00000,4283689,0,12270,12270,행암동,,남구,12270,아파트,전월세,202512,아파트 전월세,,,,,,남구|행암동|713|행암길 9|00009|00000,35.1026108867821,126.896298377775,광주광역시 남구 행암동 713,전남광주통합특별시 남구 행암길 9,남구,효덕동,1227071000,성공,남구,효덕동,True,남구 효덕동,남구 효덕동,3547,6,26.54,남구 행암길 9,True
광주효천1엘에이치1단지,29155-421,2021,25.12~28.01,신규,22,12,2025,"1,803",37.7,3,679,21,,,효천로 176,0,00176,00000,3351956,1,12270,12270,임암동,,남구,12270,아파트,전월세,202512,아파트 전월세,,,,,,남구|임암동|679|효천로 176|00176|00000,35.1076021714696,126.863505319348,광주광역시 남구 임암동 679,전남광주통합특별시 남구 효천로 176,남구,송암동,1227072000,성공,남구,송암동,True,남구 송암동,남구 송암동,1803,21,37.7,남구 효천로 176,True
효천엘에이치천년나무7단지,29155-391,2017,25.12~28.01,신규,17,12,2025,"2,347",26.54,19,713,13,,,행암길 9,0,00009,00000,4283689,0,12270,12270,행암동,,남구,12270,아파트,전월세,202512,아파트 전월세,,,,,,남구|행암동|713|행암길 9|00009|00000,35.1026108867821,126.896298377775,광주광역시 남구 행암동 713,전남광주통합특별시 남구 행암길 9,남구,효덕동,1227071000,성공,남구,효덕동,True,남구 효덕동,남구 효덕동,2347,13,26.54,남구 행암길 9,True
송화마을휴먼시아(진월4블럭주공),29155-305,2007,26.01~27.12,갱신,19,12,2025,"2,579",39.72,4,734,9,"2,475",88,효우로60번길 9,0,00009,00000,4283741,1,12270,12270,노대동,,남구,12270,아파트,전월세,202512,아파트 전월세,,,,,,남구|노대동|734|효우로60번길 9|00009|00000,35.1076086354032,126.903198596274,광주광역시 남구 노대동 734,전남광주통합특별시 남구 효우로60번길 9,남구,효덕동,1227071000,성공,남구,효덕동,True,남구 효덕동,남구 효덕동,2579,9,39.72,남구 효우로60번길 9,True
송화마을휴먼시아(진월3블럭주공),29155-304,2007,26.01~27.12,갱신,16,12,2025,"2,672",46.9,3,731,14,"2,552",14,효우로60번길 10,0,00010,00000,4283741,1,12270,12270,노대동,,남구,12270,아파트,전월세,202512,아파트 전월세,,,,,,남구|노대동|731|효우로60번길 10|00010|00000,35.1097155897455,126.903323235324,광주광역시 남구 노대동 731,전남광주통합특별시 남구 효우로60번길 10,남구,효덕동,1227071000,성공,남구,효덕동,True,남구 효덕동,남구 효덕동,2672,14,46.9,남구 효우로60번길 10,True
송화마을휴먼시아(진월1블럭주공),29155-307,2007,25.12~27.12,갱신,18,12,2025,"3,058",39.72,4,725,7,"2,158",12,효우로60번길 50,0,00050,00000,4283741,1,12270,12270,노대동,,남구,12270,아파트,전월세,202512,아파트 전월세,,,,,,남구|노대동|725|효우로60번길 50|00050|00000,35.1093929954418,126.900214471772,광주광역시 남구 노대동 725,전남광주통합특별시 남구 효우로60번길 50,남구,효덕동,1227071000,성공,남구,효덕동,True,남구 효덕동,남구 효덕동,3058,7,39.72,남구 효우로60번길 50,True
송화마을휴먼시아(진월3블럭주공),29155-304,2007,26.01~27.12,갱신,10,12,2025,"2,672",46.9,15,731,14,"2,552",14,효우로60번길 10,0,00010,00000,4283741,1,12270,12270,노대동,,남구,12270,아파트,전월세,202512,아파트 전월세,,,,,,남구|노대동|731|효우로60번길 10|00010|00000,35.1097155897455,126.903323235324,광주광역시 남구 노대동 731,전남광주통합특별시 남구 효우로60번길 10,남구,효덕동,1227071000,성공,남구,효덕동,True,남구 효덕동,남구 효덕동,2672,14,46.9,남구 효우로60번길 10,True
효천엘에이치천년나무7단지,29155-391,2017,26.01~27.12,갱신,18,12,2025,"1,805",16.99,16,713,7,"1,469",8,행암길 9,0,00009,00000,4283689,0,12270,12270,행암동,,남구,12270,아파트,전월세,202512,아파트 전월세,,,,,,남구|행암동|713|행암길 9|00009|00000,35.1026108867821,126.896298377775,광주광역시 남구 행암동 713,전남광주통합특별시 남구 행암길 9,남구,효덕동,1227071000,성공,남구,효덕동,True,남구 효덕동,남구 효덕동,1805,7,16.99,남구 행암길 9,True
송화마을휴먼시아(진월3블럭주공),29155-304,2007,26.01~27.12,갱신,10,12,2025,"2,672",46.9,10,731,14,"2,552",14,효우로60번길 10,0,00010,00000,4283741,1,12270,12270,노대동,,남구,12270,아파트,전월세,202512,아파트 전월세,,,,,,남구|노대동|731|효우로60번길 10|00010|00000,35.1097155897455,126.903323235324,광주광역시 남구 노대동 731,전남광주통합특별시 남구 효우로60번길 10,남구,효덕동,1227071000,성공,남구,효덕동,True,남구 효덕동,남구 효덕동,2672,14,46.9,남구 효우로60번길 10,True
효천엘에이치천년나무7단지,29155-391,2017,26.01~27.12,갱신,18,12,2025,"4,170",44.96,2,713,23,"3,906",22,행암길 9,0,00009,00000,4283689,0,12270,12270,행암동,,남구,12270,아파트,전월세,202512,아파트 전월세,,,,,,남구|행암동|713|행암길 9|00009|00000,35.1026108867821,126.896298377775,광주광역시 남구 행암동 713,전남광주통합특별시 남구 행암길 9,남구,효덕동,1227071000,성공,남구,효덕동,True,남구 효덕동,남구 효덕동,4170,23,44.96,남구 행암길 9,True
효천엘에이치천년나무7단지,29155-391,2017,26.01~27.12,신규,18,12,2025,"6,770",44.96,3,713,10,,,행암길 9,0,00009,00000,4283689,0,12270,12270,행암동,,남구,12270,아파트,전월세,202512,아파트 전월세,,,,,,남구|행암동|713|행암길 9|00009|00000,35.1026108867821,126.896298377775,광주광역시 남구 행암동 713,전남광주통합특별시 남구 행암길 9,남구,효덕동,1227071000,성공,남구,효덕동,True,남구 효덕동,남구 효덕동,6770,10,44.96,남구 행암길 9,True
광주효천1엘에이치1단지,29155-421,2021,26.01~27.12,갱신,18,12,2025,"1,025",26.63,3,679,13,996,13,효천로 176,0,00176,00000,3351956,1,12270,12270,임암동,,남구,12270,아파트,전월세,202512,아파트 전월세,,,,,,남구|임암동|679|효천로 176|00176|00000,35.1076021714696,126.863505319348,광주광역시 남구 임암동 679,전남광주통합특별시 남구 효천로 176,남구,송암동,1227072000,성공,남구,송암동,True,남구 송암동,남구 송암동,1025,13,26.63,남구 효천로 176,True
효천엘에이치천년나무7단지,29155-391,2017,26.01~27.12,갱신,17,12,2025,"1,421",16.99,15,713,8,"1,387",8,행암길 9,0,00009,00000,4283689,0,12270,12270,행암동,,남구,12270,아파트,전월세,202512,아파트 전월세,,,,,,남구|행암동|713|행암길 9|00009|00000,35.1026108867821,126.896298377775,광주광역시 남구 행암동 713,전남광주통합특별시 남구 행암길 9,남구,효덕동,1227071000,성공,남구,효덕동,True,남구 효덕동,남구 효덕동,1421,8,16.99,남구 행암길 9,True
효천엘에이치천년나무7단지,29155-391,2017,25.12~28.01,신규,17,12,2025,"1,505",16.99,11,713,8,,,행암길 9,0,00009,00000,4283689,0,12270,12270,행암동,,남구,12270,아파트,전월세,202512,아파트 전월세,,,,,,남구|행암동|713|행암길 9|00009|00000,35.1026108867821,126.896298377775,광주광역시 남구 행암동 713,전남광주통합특별시 남구 행암길 9,남구,효덕동,1227071000,성공,남구,효덕동,True,남구 효덕동,남구 효덕동,1505,8,16.99,남구 행암길 9,True
송화마을휴먼시아(진월4블럭주공),29155-305,2007,26.01~27.12,갱신,17,12,2025,"2,179",39.72,14,734,12,"2,075",11,효우로60번길 9,0,00009,00000,4283741,1,12270,12270,노대동,,남구,12270,아파트,전월세,202512,아파트 전월세,,,,,,남구|노대동|734|효우로60번길 9|00009|00000,35.1076086354032,126.903198596274,광주광역시 남구 노대동 734,전남광주통합특별시 남구 효우로60번길 9,남구,효덕동,1227071000,성공,남구,효덕동,True,남구 효덕동,남구 효덕동,2179,12,39.72,남구 효우로60번길 9,True
무등산센트럴파크,29155-323,2009,26.01~28.01,신규,14,12,2025,"18,500",51.85,1,562,0,,,방림로 31,0,00031,00000,3161004,1,12270,12270,방림동,,남구,12270,아파트,전월세,202512,아파트 전월세,,,,,,남구|방림동|562|방림로 31|00031|00000,35.1357426094961,126.919915877944,광주광역시 남구 방림동 562,전남광주통합특별시 남구 방림로 31,남구,방림1동,1227052000,성공,남구,방림1동,True,남구 방림1동,남구 방림1동,18500,0,51.85,남구 방림로 31,True
효천엘에이치천년나무7단지,29155-391,2017,26.01~27.12,갱신,16,12,2025,305,16.99,7,713,12,"1,469",8,행암길 9,0,00009,00000,4283689,0,12270,12270,행암동,,남구,12270,아파트,전월세,202512,아파트 전월세,,,,,,남구|행암동|713|행암길 9|00009|00000,35.1026108867821,126.896298377775,광주광역시 남구 행암동 713,전남광주통합특별시 남구 행암길 9,남구,효덕동,1227071000,성공,남구,효덕동,True,남구 효덕동,남구 효덕동,305,12,16.99,남구 행암길 9,True
효천엘에이치천년나무7단지,29155-391,2017,26.01~27.12,갱신,16,12,2025,"2,347",26.54,11,713,13,"2,297",13,행암길 9,0,00009,00000,4283689,0,12270,12270,행암동,,남구,12270,아파트,전월세,202512,아파트 전월세,,,,,,남구|행암동|713|행암길 9|00009|00000,35.1026108867821,126.896298377775,광주광역시 남구 행암동 713,전남광주통합특별시 남구 행암길 9,남구,효덕동,1227071000,성공,남구,효덕동,True,남구 효덕동,남구 효덕동,2347,13,26.54,남구 행암길 9,True
송화마을휴먼시아(진월4블럭주공),29155-305,2007,26.01~27.12,갱신,16,12,2025,"2,179",39.85,15,734,12,"2,075",11,효우로60번길 9,0,00009,00000,4283741,1,12270,12270,노대동,,남구,12270,아파트,전월세,202512,아파트 전월세,,,,,,남구|노대동|734|효우로60번길 9|00009|00000,35.1076086354032,126.903198596274,광주광역시 남구 노대동 734,전남광주통합특별시 남구 효우로60번길 9,남구,효덕동,1227071000,성공,남구,효덕동,True,남구 효덕동,남구 효덕동,2179,12,39.85,남구 효우로60번길 9,True
효천엘에이치천년나무7단지,29155-391,2017,26.01~27.12,갱신,10,12,2025,"3,229",36.81,20,713,18,"3,078",17,행암길 9,0,00009,00000,4283689,0,12270,12270,행암동,,남구,12270,아파트,전월세,202512,아파트 전월세,,,,,,남구|행암동|713|행암길 9|00009|00000,35.1026108867821,126.896298377775,광주광역시 남구 행암동 713,전남광주통합특별시 남구 행암길 9,남구,효덕동,1227071000,성공,남구,효덕동,True,남구 효덕동,남구 효덕동,3229,18,36.81,남구 행암길 9,True
엘에이치송화마을8단지,29155-395,2018,26.01~27.12,갱신,5,12,2025,"4,516",36.72,5,825,7,"2,844",16,노대실로 9,0,00009,00000,3161003,0,12270,12270,노대동,,남구,12270,아파트,전월세,202512,아파트 전월세,,,,,,남구|노대동|825|노대실로 9|00009|00000,35.1088035081054,126.905394245253,광주광역시 남구 노대동 825,전남광주통합특별시 남구 노대실로 9,남구,효덕동,1227071000,성공,남구,효덕동,True,남구 효덕동,남구 효덕동,4516,7,36.72,남구 노대실로 9,True
송화마을휴먼시아(진월3블럭주공),29155-304,2007,26.01~27.12,갱신,3,12,2025,"3,872",46.59,2,731,7,"2,552",14,효우로60번길 10,0,00010,00000,4283741,1,12270,12270,노대동,,남구,12270,아파트,전월세,202512,아파트 전월세,,,,,,남구|노대동|731|효우로60번길 10|00010|00000,35.1097155897455,126.903323235324,광주광역시 남구 노대동 731,전남광주통합특별시 남구 효우로60번길 10,남구,효덕동,1227071000,성공,남구,효덕동,True,남구 효덕동,남구 효덕동,3872,7,46.59,남구 효우로60번길 10,True
송화마을휴먼시아(진월3블럭주공),29155-304,2007,26.01~27.12,신규,3,12,2025,"2,672",46.9,13,731,14,,,효우로60번길 10,0,00010,00000,4283741,1,12270,12270,노대동,,남구,12270,아파트,전월세,202512,아파트 전월세,,,,,,남구|노대동|731|효우로60번길 10|00010|00000,35.1097155897455,126.903323235324,광주광역시 남구 노대동 731,전남광주통합특별시 남구 효우로60번길 10,남구,효덕동,1227071000,성공,남구,효덕동,True,남구 효덕동,남구 효덕동,2672,14,46.9,남구 효우로60번길 10,True
효천엘에이치천년나무7단지,29155-391,2017,26.01~27.12,갱신,2,12,2025,"1,805",16.99,15,713,7,"1,769",7,행암길 9,0,00009,00000,4283689,0,12270,12270,행암동,,남구,12270,아파트,전월세,202512,아파트 전월세,,,,,,남구|행암동|713|행암길 9|00009|00000,35.1026108867821,126.896298377775,광주광역시 남구 행암동 713,전남광주통합특별시 남구 행암길 9,남구,효덕동,1227071000,성공,남구,효덕동,True,남구 효덕동,남구 효덕동,1805,7,16.99,남구 행암길 9,True
엘에이치송화마을8단지,29155-395,2018,26.01~27.12,신규,2,12,2025,"2,916",36.72,10,825,17,,,노대실로 9,0,00009,00000,3161003,0,12270,12270,노대동,,남구,12270,아파트,전월세,202512,아파트 전월세,,,,,,남구|노대동|825|노대실로 9|00009|00000,35.1088035081054,126.905394245253,광주광역시 남구 노대동 825,전남광주통합특별시 남구 노대실로 9,남구,효덕동,1227071000,성공,남구,효덕동,True,남구 효덕동,남구 효덕동,2916,17,36.72,남구 노대실로 9,True
효천엘에이치천년나무7단지,29155-391,2017,26.01~27.12,갱신,1,12,2025,"1,621",16.99,19,713,7,"1,587",7,행암길 9,0,00009,00000,4283689,0,12270,12270,행암동,,남구,12270,아파트,전월세,202512,아파트 전월세,,,,,,남구|행암동|713|행암길 9|00009|00000,35.1026108867821,126.896298377775,광주광역시 남구 행암동 713,전남광주통합특별시 남구 행암길 9,남구,효덕동,1227071000,성공,남구,효덕동,True,남구 효덕동,남구 효덕동,1621,7,16.99,남구 행암길 9,True
용봉주공,29170-227,2004,26.01~27.12,갱신,19,12,2025,"2,775",51.95,20,1461,11,"2,715",10,매곡로 20,0,00020,00000,3162014,1,12300,12300,용봉동,,북구,12300,아파트,전월세,202512,아파트 전월세,,,,,,북구|용봉동|1461|매곡로 20|00020|00000,35.1866483726599,126.895825017945,광주광역시 북구 용봉동 1461,전남광주통합특별시 북구 매곡로 20,북구,용봉동,1230059000,성공,북구,용봉동,True,북구 용봉동,북구 용봉동,2775,11,51.95,북구 매곡로 20,True
용봉주공,29170-227,2004,26.01~27.12,갱신,18,12,2025,"2,116",51.95,19,1461,16,"2,055",15,매곡로 20,0,00020,00000,3162014,1,12300,12300,용봉동,,북구,12300,아파트,전월세,202512,아파트 전월세,,,,,,북구|용봉동|1461|매곡로 20|00020|00000,35.1866483726599,126.895825017945,광주광역시 북구 용봉동 1461,전남광주통합특별시 북구 매곡로 20,북구,용봉동,1230059000,성공,북구,용봉동,True,북구 용봉동,북구 용봉동,2116,16,51.95,북구 매곡로 20,True
하남주공(2단지),29200-39,1991,,,29,12,2025,300,44.52,9,1571-1,42,,,월곡산정로 12,0,00012,00000,3163042,1,12330,12330,우산동,,광산구,12330,아파트,전월세,202512,아파트 전월세,,,,,,광산구|우산동|1571-1|월곡산정로 12|00012|00000,35.1651071402315,126.803686058,광주광역시 광산구 우산동 1571-1,전남광주통합특별시 광산구 월곡산정로 12,광산구,우산동,1233058000,성공,광산구,우산동,True,광산구 우산동,광산구 우산동,300,42,44.52,광산구 월곡산정로 12,True
하남주공(2단지),29200-39,1991,,,31,12,2025,"6,000",44.94,12,1571-1,7,,,월곡산정로 12,0,00012,00000,3163042,1,12330,12330,우산동,,광산구,12330,아파트,전월세,202512,아파트 전월세,,,,,,광산구|우산동|1571-1|월곡산정로 12|00012|00000,35.1651071402315,126.803686058,광주광역시 광산구 우산동 1571-1,전남광주통합특별시 광산구 월곡산정로 12,광산구,우산동,1233058000,성공,광산구,우산동,True,광산구 우산동,광산구 우산동,6000,7,44.94,광산구 월곡산정로 12,True
광주첨단엘에이치3단지,29200-424,2020,,,24,12,2025,"3,438",36.72,10,869-2,19,,,임방울대로800번길 11-5,,00011,00005,4289552,0,12330,12330,월계동,,광산구,12330,아파트,전월세,202512,아파트 전월세,,,,,,광산구|월계동|869-2|임방울대로800번길 11-5|00011|00005,35.2172126334807,126.846821692809,광주광역시 광산구 월계동 869-2,전남광주통합특별시 광산구 임방울대로800번길 11-5,광산구,첨단2동,1233062600,성공,북구,첨단2동,True,광산구 첨단2동,북구 첨단2동,3438,19,36.72,광산구 임방울대로800번길 11-5,True
장자울마을휴먼시아4단지,29200-257,2009,,,9,12,2025,"4,330",46.9,14,517,7,,,풍영로145번길 43,0,00043,00000,4289671,1,12330,12330,흑석동,,광산구,12330,아파트,전월세,202512,아파트 전월세,,,,,,광산구|흑석동|517|풍영로145번길 43|00043|00000,35.1837458369346,126.811293211321,광주광역시 광산구 흑석동 517,전남광주통합특별시 광산구 풍영로145번길 43,광산구,수완동,1233063700,성공,광산구,수완동,True,광산구 수완동,광산구 수완동,4330,7,46.9,광산구 풍영로145번길 43,True
아름마을휴먼시아1단지,29200-247,2009,26.03~28.02,갱신,26,12,2025,"3,295",39.72,2,1061,8,"2,114",12,수등로123번길 70,0,00070,00000,4289327,1,12330,12330,신가동,,광산구,12330,아파트,전월세,202512,아파트 전월세,,,,,,광산구|신가동|1061|수등로123번길 70|00070|00000,35.1858460602035,126.824527935674,광주광역시 광산구 신가동 1061,전남광주통합특별시 광산구 수등로123번길 70,광산구,수완동,1233063700,성공,광산구,수완동,True,광산구 수완동,광산구 수완동,3295,8,39.72,광산구 수등로123번길 70,True
하남주공(2단지),29200-39,1991,26.01~28.01,신규,29,12,2025,300,44.52,9,1571-1,42,,,월곡산정로 12,0,00012,00000,3163042,1,12330,12330,우산동,,광산구,12330,아파트,전월세,202512,아파트 전월세,,,,,,광산구|우산동|1571-1|월곡산정로 12|00012|00000,35.1651071402315,126.803686058,광주광역시 광산구 우산동 1571-1,전남광주통합특별시 광산구 월곡산정로 12,광산구,우산동,1233058000,성공,광산구,우산동,True,광산구 우산동,광산구 우산동,300,42,44.52,광산구 월곡산정로 12,True
하남주공(2단지),29200-39,1991,26.02~28.02,신규,2,12,2025,"7,000",44.52,9,1571-1,0,,,월곡산정로 12,0,00012,00000,3163042,1,12330,12330,우산동,,광산구,12330,아파트,전월세,202512,아파트 전월세,,,,,,광산구|우산동|1571-1|월곡산정로 12|00012|00000,35.1651071402315,126.803686058,광주광역시 광산구 우산동 1571-1,전남광주통합특별시 광산구 월곡산정로 12,광산구,우산동,1233058000,성공,광산구,우산동,True,광산구 우산동,광산구 우산동,7000,0,44.52,광산구 월곡산정로 12,True
아름마을휴먼시아2단지,29200-248,2009,26.01~27.12,갱신,31,12,2025,"2,221",39.48,13,1064,12,"2,156",12,수등로123번길 22,0,00022,00000,4289327,1,12330,12330,신가동,,광산구,12330,아파트,전월세,202512,아파트 전월세,,,,,,광산구|신가동|1064|수등로123번길 22|00022|00000,35.1842119227205,126.82398140206,광주광역시 광산구 신가동 1064,전남광주통합특별시 광산구 수등로123번길 22,광산구,수완동,1233063700,성공,광산구,수완동,True,광산구 수완동,광산구 수완동,2221,12,39.48,광산구 수등로123번길 22,True
첨단도휘에드가2차,29200-350,2015,25.12~26.12,갱신,26,12,2025,"2,000",19.69,8,694-70,26,,25,월계로 223-20,0,00223,00020,3163039,1,12330,12330,쌍암동,,광산구,12330,아파트,전월세,202512,아파트 전월세,,,,,,광산구|쌍암동|694-70|월계로 223-20|00223|00020,35.2153858800186,126.850509647451,광주광역시 광산구 쌍암동 694-70,전남광주통합특별시 광산구 월계로 223-20,광산구,첨단2동,1233062600,성공,북구,첨단2동,True,광산구 첨단2동,북구 첨단2동,2000,26,19.69,광산구 월계로 223-20,True
아름마을휴먼시아3단지,29200-260,2009,25.12~28.01,신규,16,12,2025,"2,160",39.48,5,1202,12,,,하남대로261번길 11,0,00011,00000,4289685,1,12330,12330,신가동,,광산구,12330,아파트,전월세,202512,아파트 전월세,,,,,,광산구|신가동|1202|하남대로261번길 11|00011|00000,35.1803936905995,126.820478944492,광주광역시 광산구 신가동 1202,전남광주통합특별시 광산구 하남대로261번길 11,광산구,수완동,1233063700,성공,광산구,수완동,True,광산구 수완동,광산구 수완동,2160,12,39.48,광산구 하남대로261번길 11,True
광주첨단엘에이치1단지,29200-425,2020,25.12~28.01,신규,23,12,2025,"3,218",21.88,4,657-4,7,,,첨단중앙로152번길 6-8,,00006,00008,4289613,0,12330,12330,쌍암동,,광산구,12330,아파트,전월세,202512,아파트 전월세,,,,,,광산구|쌍암동|657-4|첨단중앙로152번길 6-8|00006|00008,35.2182552786944,126.842577336818,광주광역시 광산구 쌍암동 657-4,전남광주통합특별시 광산구 첨단중앙로152번길 6-8,광산구,첨단1동,1233062400,성공,광산구,첨단1동,True,광산구 첨단1동,광산구 첨단1동,3218,7,21.88,광산구 첨단중앙로152번길 6-8,True
광주첨단엘에이치3단지,29200-424,2020,25.12~28.01,신규,24,12,2025,"5,338",36.72,9,869-2,8,,,임방울대로800번길 11-5,,00011,00005,4289552,0,12330,12330,월계동,,광산구,12330,아파트,전월세,202512,아파트 전월세,,,,,,광산구|월계동|869-2|임방울대로800번길 11-5|00011|00005,35.2172126334807,126.846821692809,광주광역시 광산구 월계동 869-2,전남광주통합특별시 광산구 임방울대로800번길 11-5,광산구,첨단2동,1233062600,성공,북구,첨단2동,True,광산구 첨단2동,북구 첨단2동,5338,8,36.72,광산구 임방울대로800번길 11-5,True
첨단센트럴파크2차,29200-399,2018,26.01~28.01,신규,29,12,2025,"10,000",41.83,17,676-3,35,,,첨단중앙로170번길 87,0,00087,00000,4289614,1,12330,12330,쌍암동,,광산구,12330,아파트,전월세,202512,아파트 전월세,,,,,,광산구|쌍암동|676-3|첨단중앙로170번길 87|00087|00000,35.2209763822162,126.84687920672,광주광역시 광산구 쌍암동 676-3,전남광주통합특별시 광산구 첨단중앙로170번길 87,광산구,첨단1동,1233062400,성공,광산구,첨단1동,True,광산구 첨단1동,광산구 첨단1동,10000,35,41.83,광산구 첨단중앙로170번길 87,True
광주첨단엘에이치1단지,29200-425,2020,25.12~28.01,신규,23,12,2025,"2,094",21.88,8,657-4,11,,,첨단중앙로152번길 6-8,,00006,00008,4289613,0,12330,12330,쌍암동,,광산구,12330,아파트,전월세,202512,아파트 전월세,,,,,,광산구|쌍암동|657-4|첨단중앙로152번길 6-8|00006|00008,35.2182552786944,126.842577336818,광주광역시 광산구 쌍암동 657-4,전남광주통합특별시 광산구 첨단중앙로152번길 6-8,광산구,첨단1동,1233062400,성공,광산구,첨단1동,True,광산구 첨단1동,광산구 첨단1동,2094,11,21.88,광산구 첨단중앙로152번길 6-8,True
광주수완6신완마을휴먼시아,29200-263,2010,26.02~28.01,갱신,17,12,2025,"5,540",51.82,8,1044,8,"5,385",7,풍영로329번길 51,0,00051,00000,4289681,1,12330,12330,장덕동,,광산구,12330,아파트,전월세,202512,아파트 전월세,,,,,,광산구|장덕동|1044|풍영로329번길 51|00051|00000,35.1993201857989,126.811785931546,광주광역시 광산구 장덕동 1044,전남광주통합특별시 광산구 풍영로329번길 51,광산구,수완동,1233063700,성공,광산구,수완동,True,광산구 수완동,광산구 수완동,5540,8,51.82,광산구 풍영로329번길 51,True
아름마을휴먼시아3단지,29200-260,2009,25.12~28.01,신규,16,12,2025,"2,160",39.72,8,1202,12,,,하남대로261번길 11,0,00011,00000,4289685,1,12330,12330,신가동,,광산구,12330,아파트,전월세,202512,아파트 전월세,,,,,,광산구|신가동|1202|하남대로261번길 11|00011|00000,35.1803936905995,126.820478944492,광주광역시 광산구 신가동 1202,전남광주통합특별시 광산구 하남대로261번길 11,광산구,수완동,1233063700,성공,광산구,수완동,True,광산구 수완동,광산구 수완동,2160,12,39.72,광산구 하남대로261번길 11,True
고실마을휴먼시아8단지,29200-262,2010,26.01~27.12,갱신,5,12,2025,"2,117",39.25,4,1098,12,"2,022",11,풍영로330번길 15,0,00015,00000,4289682,1,12330,12330,장덕동,,광산구,12330,아파트,전월세,202512,아파트 전월세,,,,,,광산구|장덕동|1098|풍영로330번길 15|00015|00000,35.2015313255941,126.816684307953,광주광역시 광산구 장덕동 1098,전남광주통합특별시 광산구 풍영로330번길 15,광산구,수완동,1233063700,성공,광산구,수완동,True,광산구 수완동,광산구 수완동,2117,12,39.25,광산구 풍영로330번길 15,True
첨단센트럴파크2차,29200-399,2018,26.01~28.01,신규,29,12,2025,"10,000",41.83,17,676-3,35,,,첨단중앙로170번길 87,0,00087,00000,4289614,1,12330,12330,쌍암동,,광산구,12330,아파트,전월세,202512,아파트 전월세,,,,,,광산구|쌍암동|676-3|첨단중앙로170번길 87|00087|00000,35.2209763822162,126.84687920672,광주광역시 광산구 쌍암동 676-3,전남광주통합특별시 광산구 첨단중앙로170번길 87,광산구,첨단1동,1233062400,성공,광산구,첨단1동,True,광산구 첨단1동,광산구 첨단1동,10000,35,41.83,광산구 첨단중앙로170번길 87,True
무들에코클래스,29200-323,2014,25.12~26.12,신규,30,12,2025,400,19.9836,12,893-1,37,,,임방울대로826번길 60-5,0,00060,00005,4289555,1,12330,12330,월계동,,광산구,12330,아파트,전월세,202512,아파트 전월세,,,,,,광산구|월계동|893-1|임방울대로826번길 60-5|00060|00005,35.2144820852673,126.847824082744,광주광역시 광산구 월계동 893-1,전남광주통합특별시 광산구 임방울대로826번길 60-5,광산구,첨단2동,1233062600,성공,북구,첨단2동,True,광산구 첨단2동,북구 첨단2동,400,37,19.9836,광산구 임방울대로826번길 60-5,True
첨단AM-City스카이하이2차,29200-338,2015,26.01~27.01,신규,17,12,2025,300,19.2584,9,878-4,35,,,첨단중앙로106번길 65-11,0,00065,00011,4289610,0,12330,12330,월계동,,광산구,12330,아파트,전월세,202512,아파트 전월세,,,,,,광산구|월계동|878-4|첨단중앙로106번길 65-11|00065|00011,35.2158649451099,126.846545140704,광주광역시 광산구 월계동 878-4,전남광주통합특별시 광산구 첨단중앙로106번길 65-11,광산구,첨단2동,1233062600,성공,북구,첨단2동,True,광산구 첨단2동,북구 첨단2동,300,35,19.2584,광산구 첨단중앙로106번길 65-11,True
첨단도휘에드가2차,29200-350,2015,25.12~26.12,신규,20,12,2025,300,19.13,4,694-70,36,,,월계로 223-20,0,00223,00020,3163039,1,12330,12330,쌍암동,,광산구,12330,아파트,전월세,202512,아파트 전월세,,,,,,광산구|쌍암동|694-70|월계로 223-20|00223|00020,35.2153858800186,126.850509647451,광주광역시 광산구 쌍암동 694-70,전남광주통합특별시 광산구 월계로 223-20,광산구,첨단2동,1233062600,성공,북구,첨단2동,True,광산구 첨단2동,북구 첨단2동,300,36,19.13,광산구 월계로 223-20,True
첨단도휘에드가2차,29200-350,2015,26.01~27.01,신규,17,12,2025,300,19.69,9,694-70,38,,,월계로 223-20,0,00223,00020,3163039,1,12330,12330,쌍암동,,광산구,12330,아파트,전월세,202512,아파트 전월세,,,,,,광산구|쌍암동|694-70|월계로 223-20|00223|00020,35.2153858800186,126.850509647451,광주광역시 광산구 쌍암동 694-70,전남광주통합특별시 광산구 월계로 223-20,광산구,첨단2동,1233062600,성공,북구,첨단2동,True,광산구 첨단2동,북구 첨단2동,300,38,19.69,광산구 월계로 223-20,True
첨단도휘에드가2차,29200-350,2015,25.12~26.12,신규,18,12,2025,300,19.69,5,694-70,38,,,월계로 223-20,0,00223,00020,3163039,1,12330,12330,쌍암동,,광산구,12330,아파트,전월세,202512,아파트 전월세,,,,,,광산구|쌍암동|694-70|월계로 223-20|00223|00020,35.2153858800186,126.850509647451,광주광역시 광산구 쌍암동 694-70,전남광주통합특별시 광산구 월계로 223-20,광산구,첨단2동,1233062600,성공,북구,첨단2동,True,광산구 첨단2동,북구 첨단2동,300,38,19.69,광산구 월계로 223-20,True
하남주공(2단지),29200-39,1991,25.12~27.12,신규,8,12,2025,300,44.52,15,1571-1,42,,,월곡산정로 12,0,00012,00000,3163042,1,12330,12330,우산동,,광산구,12330,아파트,전월세,202512,아파트 전월세,,,,,,광산구|우산동|1571-1|월곡산정로 12|00012|00000,35.1651071402315,126.803686058,광주광역시 광산구 우산동 1571-1,전남광주통합특별시 광산구 월곡산정로 12,광산구,우산동,1233058000,성공,광산구,우산동,True,광산구 우산동,광산구 우산동,300,42,44.52,광산구 월곡산정로 12,True
광주첨단엘에이치3단지,29200-424,2020,25.12~28.01,신규,24,12,2025,"1,674",16.8,8,869-2,9,,,임방울대로800번길 11-5,,00011,00005,4289552,0,12330,12330,월계동,,광산구,12330,아파트,전월세,202512,아파트 전월세,,,,,,광산구|월계동|869-2|임방울대로800번길 11-5|00011|00005,35.2172126334807,126.846821692809,광주광역시 광산구 월계동 869-2,전남광주통합특별시 광산구 임방울대로800번길 11-5,광산구,첨단2동,1233062600,성공,북구,첨단2동,True,광산구 첨단2동,북구 첨단2동,1674,9,16.8,광산구 임방울대로800번길 11-5,True
광주우산엘에이치1단지,29200-422,2019,25.12~26.01,신규,9,12,2025,"2,311",26.41,6,1599-1,12,,,무진대로 246-7,,00246,00007,2009009,0,12330,12330,우산동,,광산구,12330,아파트,전월세,202512,아파트 전월세,,,,,,광산구|우산동|1599-1|무진대로 246-7|00246|00007,35.1605509336336,126.807603506014,광주광역시 광산구 우산동 1599-1,전남광주통합특별시 광산구 무진대로 246-7,광산구,우산동,1233058000,성공,광산구,우산동,True,광산구 우산동,광산구 우산동,2311,12,26.41,광산구 무진대로 246-7,True
무들에코클래스,29200-323,2014,26.01~26.12,신규,16,12,2025,"1,500",19.9836,10,893-1,22,,,임방울대로826번길 60-5,0,00060,00005,4289555,1,12330,12330,월계동,,광산구,12330,아파트,전월세,202512,아파트 전월세,,,,,,광산구|월계동|893-1|임방울대로826번길 60-5|00060|00005,35.2144820852673,126.847824082744,광주광역시 광산구 월계동 893-1,전남광주통합특별시 광산구 임방울대로826번길 60-5,광산구,첨단2동,1233062600,성공,북구,첨단2동,True,광산구 첨단2동,북구 첨단2동,1500,22,19.9836,광산구 임방울대로826번길 60-5,True
에이엠시티4차,29200-318,2014,26.01~28.01,신규,13,12,2025,"3,000",32.3203,8,660-7,30,,,첨단중앙로152번길 17-6,0,00017,00006,4289613,1,12330,12330,쌍암동,,광산구,12330,아파트,전월세,202512,아파트 전월세,,,,,,광산구|쌍암동|660-7|첨단중앙로152번길 17-6|00017|00006,35.2193014166222,126.843435669554,광주광역시 광산구 쌍암동 660-7,전남광주통합특별시 광산구 첨단중앙로152번길 17-6,광산구,첨단1동,1233062400,성공,광산구,첨단1동,True,광산구 첨단1동,광산구 첨단1동,3000,30,32.3203,광산구 첨단중앙로152번길 17-6,True
하남주공(2단지),29200-39,1991,25.12~27.12,신규,11,12,2025,200,44.52,2,1571-1,40,,,월곡산정로 12,0,00012,00000,3163042,1,12330,12330,우산동,,광산구,12330,아파트,전월세,202512,아파트 전월세,,,,,,광산구|우산동|1571-1|월곡산정로 12|00012|00000,35.1651071402315,126.803686058,광주광역시 광산구 우산동 1571-1,전남광주통합특별시 광산구 월곡산정로 12,광산구,우산동,1233058000,성공,광산구,우산동,True,광산구 우산동,광산구 우산동,200,40,44.52,광산구 월곡산정로 12,True
에이엠시티4차,29200-318,2014,26.01~27.01,신규,13,12,2025,500,32.3203,5,660-7,45,,,첨단중앙로152번길 17-6,0,00017,00006,4289613,1,12330,12330,쌍암동,,광산구,12330,아파트,전월세,202512,아파트 전월세,,,,,,광산구|쌍암동|660-7|첨단중앙로152번길 17-6|00017|00006,35.2193014166222,126.843435669554,광주광역시 광산구 쌍암동 660-7,전남광주통합특별시 광산구 첨단중앙로152번길 17-6,광산구,첨단1동,1233062400,성공,광산구,첨단1동,True,광산구 첨단1동,광산구 첨단1동,500,45,32.3203,광산구 첨단중앙로152번길 17-6,True
광주수완7신완마을휴먼시아,29200-264,2011,25.12~28.01,신규,16,12,2025,"2,778",46.9,7,1037,16,,,풍영로329번길 50,0,00050,00000,4289681,1,12330,12330,장덕동,,광산구,12330,아파트,전월세,202512,아파트 전월세,,,,,,광산구|장덕동|1037|풍영로329번길 50|00050|00000,35.2014118295745,126.812869241031,광주광역시 광산구 장덕동 1037,전남광주통합특별시 광산구 풍영로329번길 50,광산구,수완동,1233063700,성공,광산구,수완동,True,광산구 수완동,광산구 수완동,2778,16,46.9,광산구 풍영로329번길 50,True
광주수완7신완마을휴먼시아,29200-264,2011,25.12~28.01,신규,16,12,2025,"2,778",46.9,3,1037,16,,,풍영로329번길 50,0,00050,00000,4289681,1,12330,12330,장덕동,,광산구,12330,아파트,전월세,202512,아파트 전월세,,,,,,광산구|장덕동|1037|풍영로329번길 50|00050|00000,35.2014118295745,126.812869241031,광주광역시 광산구 장덕동 1037,전남광주통합특별시 광산구 풍영로329번길 50,광산구,수완동,1233063700,성공,광산구,수완동,True,광산구 수완동,광산구 수완동,2778,16,46.9,광산구 풍영로329번길 50,True
장자울마을휴먼시아4단지,29200-257,2009,25.12~28.01,신규,29,12,2025,"2,830",46.9,6,517,15,,,풍영로145번길 43,0,00043,00000,4289671,1,12330,12330,흑석동,,광산구,12330,아파트,전월세,202512,아파트 전월세,,,,,,광산구|흑석동|517|풍영로145번길 43|00043|00000,35.1837458369346,126.811293211321,광주광역시 광산구 흑석동 517,전남광주통합특별시 광산구 풍영로145번길 43,광산구,수완동,1233063700,성공,광산구,수완동,True,광산구 수완동,광산구 수완동,2830,15,46.9,광산구 풍영로145번길 43,True
에이엠시티5차,29200-307,2013,26.01~27.01,신규,10,12,2025,300,19.1284,7,682-1,38,,,임방울대로825번길 19,0,00019,00000,4289554,1,12330,12330,쌍암동,,광산구,12330,아파트,전월세,202512,아파트 전월세,,,,,,광산구|쌍암동|682-1|임방울대로825번길 19|00019|00000,35.2187157362366,126.847688221979,광주광역시 광산구 쌍암동 682-1,전남광주통합특별시 광산구 임방울대로825번길 19,광산구,첨단1동,1233062400,성공,광산구,첨단1동,True,광산구 첨단1동,광산구 첨단1동,300,38,19.1284,광산구 임방울대로825번길 19,True
첨단센트럴파크2차,29200-399,2018,26.01~27.01,신규,13,12,2025,"1,500",41.83,16,676-3,65,,,첨단중앙로170번길 87,0,00087,00000,4289614,1,12330,12330,쌍암동,,광산구,12330,아파트,전월세,202512,아파트 전월세,,,,,,광산구|쌍암동|676-3|첨단중앙로170번길 87|00087|00000,35.2209763822162,126.84687920672,광주광역시 광산구 쌍암동 676-3,전남광주통합특별시 광산구 첨단중앙로170번길 87,광산구,첨단1동,1233062400,성공,광산구,첨단1동,True,광산구 첨단1동,광산구 첨단1동,1500,65,41.83,광산구 첨단중앙로170번길 87,True
아름마을휴먼시아1단지,29200-247,2009,26.03~28.02,갱신,26,12,2025,"5,609",51.93,4,1061,9,"3,609",19,수등로123번길 70,0,00070,00000,4289327,1,12330,12330,신가동,,광산구,12330,아파트,전월세,202512,아파트 전월세,,,,,,광산구|신가동|1061|수등로123번길 70|00070|00000,35.1858460602035,126.824527935674,광주광역시 광산구 신가동 1061,전남광주통합특별시 광산구 수등로123번길 70,광산구,수완동,1233063700,성공,광산구,수완동,True,광산구 수완동,광산구 수완동,5609,9,51.93,광산구 수등로123번길 70,True
한양에드가302동,29200-309,2013,26.01~27.01,신규,31,12,2025,500,25.6308,9,694-115,43,,,월계로 223-17,0,00223,00017,3163039,2,12330,12330,쌍암동,,광산구,12330,아파트,전월세,202512,아파트 전월세,,,,,,광산구|쌍암동|694-115|월계로 223-17|00223|00017,35.2149023369798,126.849588941863,광주광역시 광산구 쌍암동 694-115,전남광주통합특별시 광산구 월계로 223-17,광산구,첨단2동,1233062600,성공,북구,첨단2동,True,광산구 첨단2동,북구 첨단2동,500,43,25.6308,광산구 월계로 223-17,True
무들에코클래스,29200-323,2014,25.12~26.12,신규,31,12,2025,"2,000",19.9836,6,893-1,19,,,임방울대로826번길 60-5,0,00060,00005,4289555,1,12330,12330,월계동,,광산구,12330,아파트,전월세,202512,아파트 전월세,,,,,,광산구|월계동|893-1|임방울대로826번길 60-5|00060|00005,35.2144820852673,126.847824082744,광주광역시 광산구 월계동 893-1,전남광주통합특별시 광산구 임방울대로826번길 60-5,광산구,첨단2동,1233062600,성공,북구,첨단2동,True,광산구 첨단2동,북구 첨단2동,2000,19,19.9836,광산구 임방울대로826번길 60-5,True
첨단AM-City3차,29200-295,2013,26.01~26.12,신규,15,12,2025,300,19.1437,3,661-8,38,,,첨단중앙로152번길 17-12,0,00017,00012,4289613,1,12330,12330,쌍암동,,광산구,12330,아파트,전월세,202512,아파트 전월세,,,,,,광산구|쌍암동|661-8|첨단중앙로152번길 17-12|00017|00012,35.2201158823372,126.843440476063,광주광역시 광산구 쌍암동 661-8,전남광주통합특별시 광산구 첨단중앙로152번길 17-12,광산구,첨단1동,1233062400,성공,광산구,첨단1동,True,광산구 첨단1동,광산구 첨단1동,300,38,19.1437,광산구 첨단중앙로152번길 17-12,True
무들에코클래스,29200-323,2014,25.12~26.12,신규,31,12,2025,500,19.9836,5,893-1,38,,,임방울대로826번길 60-5,0,00060,00005,4289555,1,12330,12330,월계동,,광산구,12330,아파트,전월세,202512,아파트 전월세,,,,,,광산구|월계동|893-1|임방울대로826번길 60-5|00060|00005,35.2144820852673,126.847824082744,광주광역시 광산구 월계동 893-1,전남광주통합특별시 광산구 임방울대로826번길 60-5,광산구,첨단2동,1233062600,성공,북구,첨단2동,True,광산구 첨단2동,북구 첨단2동,500,38,19.9836,광산구 임방울대로826번길 60-5,True
광주수완7신완마을휴먼시아,29200-264,2011,25.12~28.01,신규,16,12,2025,"2,778",46.98,10,1037,16,,,풍영로329번길 50,0,00050,00000,4289681,1,12330,12330,장덕동,,광산구,12330,아파트,전월세,202512,아파트 전월세,,,,,,광산구|장덕동|1037|풍영로329번길 50|00050|00000,35.2014118295745,126.812869241031,광주광역시 광산구 장덕동 1037,전남광주통합특별시 광산구 풍영로329번길 50,광산구,수완동,1233063700,성공,광산구,수완동,True,광산구 수완동,광산구 수완동,2778,16,46.98,광산구 풍영로329번길 50,True
첨단센트럴파크2차,29200-399,2018,25.12~27.12,신규,23,12,2025,"15,000",41.83,8,676-3,0,,,첨단중앙로170번길 87,0,00087,00000,4289614,1,12330,12330,쌍암동,,광산구,12330,아파트,전월세,202512,아파트 전월세,,,,,,광산구|쌍암동|676-3|첨단중앙로170번길 87|00087|00000,35.2209763822162,126.84687920672,광주광역시 광산구 쌍암동 676-3,전남광주통합특별시 광산구 첨단중앙로170번길 87,광산구,첨단1동,1233062400,성공,광산구,첨단1동,True,광산구 첨단1동,광산구 첨단1동,15000,0,41.83,광산구 첨단중앙로170번길 87,True
아름마을휴먼시아3단지,29200-260,2009,25.12~28.01,신규,16,12,2025,"2,160",39.72,10,1202,12,,,하남대로261번길 11,0,00011,00000,4289685,1,12330,12330,신가동,,광산구,12330,아파트,전월세,202512,아파트 전월세,,,,,,광산구|신가동|1202|하남대로261번길 11|00011|00000,35.1803936905995,126.820478944492,광주광역시 광산구 신가동 1202,전남광주통합특별시 광산구 하남대로261번길 11,광산구,수완동,1233063700,성공,광산구,수완동,True,광산구 수완동,광산구 수완동,2160,12,39.72,광산구 하남대로261번길 11,True
윤진리안채,29200-391,2017,25.12~26.11,신규,1,12,2025,500,28.7459,9,694-74,50,,,첨단강변로99번길 21,0,00021,00000,4289601,0,12330,12330,쌍암동,,광산구,12330,아파트,전월세,202512,아파트 전월세,,,,,,광산구|쌍암동|694-74|첨단강변로99번길 21|00021|00000,35.2151862774642,126.851132647598,광주광역시 광산구 쌍암동 694-74,전남광주통합특별시 광산구 첨단강변로99번길 21,광산구,첨단2동,1233062600,성공,북구,첨단2동,True,광산구 첨단2동,북구 첨단2동,500,50,28.7459,광산구 첨단강변로99번길 21,True
광주수완7신완마을휴먼시아,29200-264,2011,25.12~28.01,신규,16,12,2025,"2,117",39.96,10,1037,12,,,풍영로329번길 50,0,00050,00000,4289681,1,12330,12330,장덕동,,광산구,12330,아파트,전월세,202512,아파트 전월세,,,,,,광산구|장덕동|1037|풍영로329번길 50|00050|00000,35.2014118295745,126.812869241031,광주광역시 광산구 장덕동 1037,전남광주통합특별시 광산구 풍영로329번길 50,광산구,수완동,1233063700,성공,광산구,수완동,True,광산구 수완동,광산구 수완동,2117,12,39.96,광산구 풍영로329번길 50,True
고실마을휴먼시아8단지,29200-262,2010,26.01~27.12,갱신,16,12,2025,"2,075",39.25,17,1098,12,"1,982",11,풍영로330번길 15,0,00015,00000,4289682,1,12330,12330,장덕동,,광산구,12330,아파트,전월세,202512,아파트 전월세,,,,,,광산구|장덕동|1098|풍영로330번길 15|00015|00000,35.2015313255941,126.816684307953,광주광역시 광산구 장덕동 1098,전남광주통합특별시 광산구 풍영로330번길 15,광산구,수완동,1233063700,성공,광산구,수완동,True,광산구 수완동,광산구 수완동,2075,12,39.25,광산구 풍영로330번길 15,True
첨단도휘에드가2차,29200-350,2015,26.02~27.02,신규,30,12,2025,"1,500",19.69,7,694-70,26,,,월계로 223-20,0,00223,00020,3163039,1,12330,12330,쌍암동,,광산구,12330,아파트,전월세,202512,아파트 전월세,,,,,,광산구|쌍암동|694-70|월계로 223-20|00223|00020,35.2153858800186,126.850509647451,광주광역시 광산구 쌍암동 694-70,전남광주통합특별시 광산구 월계로 223-20,광산구,첨단2동,1233062600,성공,북구,첨단2동,True,광산구 첨단2동,북구 첨단2동,1500,26,19.69,광산구 월계로 223-20,True
한양에드가302동,29200-309,2013,26.01~27.01,신규,30,12,2025,300,19.853,10,694-115,36,,,월계로 223-17,0,00223,00017,3163039,2,12330,12330,쌍암동,,광산구,12330,아파트,전월세,202512,아파트 전월세,,,,,,광산구|쌍암동|694-115|월계로 223-17|00223|00017,35.2149023369798,126.849588941863,광주광역시 광산구 쌍암동 694-115,전남광주통합특별시 광산구 월계로 223-17,광산구,첨단2동,1233062600,성공,북구,첨단2동,True,광산구 첨단2동,북구 첨단2동,300,36,19.853,광산구 월계로 223-17,True
아름마을휴먼시아1단지,29200-247,2009,26.02~28.01,신규,29,12,2025,"3,048",39.72,8,1061,17,,,수등로123번길 70,0,00070,00000,4289327,1,12330,12330,신가동,,광산구,12330,아파트,전월세,202512,아파트 전월세,,,,,,광산구|신가동|1061|수등로123번길 70|00070|00000,35.1858460602035,126.824527935674,광주광역시 광산구 신가동 1061,전남광주통합특별시 광산구 수등로123번길 70,광산구,수완동,1233063700,성공,광산구,수완동,True,광산구 수완동,광산구 수완동,3048,17,39.72,광산구 수등로123번길 70,True
에이엠시티4차,29200-318,2014,26.02~28.02,신규,29,12,2025,500,19.8192,10,660-7,42,,,첨단중앙로152번길 17-6,0,00017,00006,4289613,1,12330,12330,쌍암동,,광산구,12330,아파트,전월세,202512,아파트 전월세,,,,,,광산구|쌍암동|660-7|첨단중앙로152번길 17-6|00017|00006,35.2193014166222,126.843435669554,광주광역시 광산구 쌍암동 660-7,전남광주통합특별시 광산구 첨단중앙로152번길 17-6,광산구,첨단1동,1233062400,성공,광산구,첨단1동,True,광산구 첨단1동,광산구 첨단1동,500,42,19.8192,광산구 첨단중앙로152번길 17-6,True
광주우산엘에이치1단지,29200-422,2019,25.12~28.01,신규,22,12,2025,"1,448",16.84,10,1599-1,7,,,무진대로 246-7,,00246,00007,2009009,0,12330,12330,우산동,,광산구,12330,아파트,전월세,202512,아파트 전월세,,,,,,광산구|우산동|1599-1|무진대로 246-7|00246|00007,35.1605509336336,126.807603506014,광주광역시 광산구 우산동 1599-1,전남광주통합특별시 광산구 무진대로 246-7,광산구,우산동,1233058000,성공,광산구,우산동,True,광산구 우산동,광산구 우산동,1448,7,16.84,광산구 무진대로 246-7,True
광주첨단엘에이치3단지,29200-424,2020,26.01~27.12,갱신,29,12,2025,"3,693",36.72,6,869-2,19,"3,576",18,임방울대로800번길 11-5,,00011,00005,4289552,0,12330,12330,월계동,,광산구,12330,아파트,전월세,202512,아파트 전월세,,,,,,광산구|월계동|869-2|임방울대로800번길 11-5|00011|00005,35.2172126334807,126.846821692809,광주광역시 광산구 월계동 869-2,전남광주통합특별시 광산구 임방울대로800번길 11-5,광산구,첨단2동,1233062600,성공,북구,첨단2동,True,광산구 첨단2동,북구 첨단2동,3693,19,36.72,광산구 임방울대로800번길 11-5,True
에이엠시티4차,29200-318,2014,25.12~26.12,신규,8,12,2025,300,22.1404,6,660-7,40,,,첨단중앙로152번길 17-6,0,00017,00006,4289613,1,12330,12330,쌍암동,,광산구,12330,아파트,전월세,202512,아파트 전월세,,,,,,광산구|쌍암동|660-7|첨단중앙로152번길 17-6|00017|00006,35.2193014166222,126.843435669554,광주광역시 광산구 쌍암동 660-7,전남광주통합특별시 광산구 첨단중앙로152번길 17-6,광산구,첨단1동,1233062400,성공,광산구,첨단1동,True,광산구 첨단1동,광산구 첨단1동,300,40,22.1404,광산구 첨단중앙로152번길 17-6,True
하남주공(2단지),29200-39,1991,26.01~28.01,신규,26,12,2025,"6,000",38.64,3,1571-1,0,,,월곡산정로 12,0,00012,00000,3163042,1,12330,12330,우산동,,광산구,12330,아파트,전월세,202512,아파트 전월세,,,,,,광산구|우산동|1571-1|월곡산정로 12|00012|00000,35.1651071402315,126.803686058,광주광역시 광산구 우산동 1571-1,전남광주통합특별시 광산구 월곡산정로 12,광산구,우산동,1233058000,성공,광산구,우산동,True,광산구 우산동,광산구 우산동,6000,0,38.64,광산구 월곡산정로 12,True
광주첨단엘에이치3단지,29200-424,2020,25.12~28.01,신규,24,12,2025,"3,438",36.72,4,869-2,19,,,임방울대로800번길 11-5,,00011,00005,4289552,0,12330,12330,월계동,,광산구,12330,아파트,전월세,202512,아파트 전월세,,,,,,광산구|월계동|869-2|임방울대로800번길 11-5|00011|00005,35.2172126334807,126.846821692809,광주광역시 광산구 월계동 869-2,전남광주통합특별시 광산구 임방울대로800번길 11-5,광산구,첨단2동,1233062600,성공,북구,첨단2동,True,광산구 첨단2동,북구 첨단2동,3438,19,36.72,광산구 임방울대로800번길 11-5,True
윤진리안채,29200-391,2017,26.01~27.01,신규,24,12,2025,"5,000",28.7459,12,694-74,50,,,첨단강변로99번길 21,0,00021,00000,4289601,0,12330,12330,쌍암동,,광산구,12330,아파트,전월세,202512,아파트 전월세,,,,,,광산구|쌍암동|694-74|첨단강변로99번길 21|00021|00000,35.2151862774642,126.851132647598,광주광역시 광산구 쌍암동 694-74,전남광주통합특별시 광산구 첨단강변로99번길 21,광산구,첨단2동,1233062600,성공,북구,첨단2동,True,광산구 첨단2동,북구 첨단2동,5000,50,28.7459,광산구 첨단강변로99번길 21,True
하남주공1단지,29200-114,1990,25.12~28.01,신규,22,12,2025,272,26.37,3,1571-1,5,,,월곡산정로 12,0,00012,00000,3163042,1,12330,12330,우산동,,광산구,12330,아파트,전월세,202512,아파트 전월세,,,,,,광산구|우산동|1571-1|월곡산정로 12|00012|00000,35.1651071402315,126.803686058,광주광역시 광산구 우산동 1571-1,전남광주통합특별시 광산구 월곡산정로 12,광산구,우산동,1233058000,성공,광산구,우산동,True,광산구 우산동,광산구 우산동,272,5,26.37,광산구 월곡산정로 12,True
아름마을휴먼시아3단지,29200-260,2009,25.12~27.12,갱신,26,12,2025,"4,335",46.9,12,1202,7,"2,835",16,하남대로261번길 11,0,00011,00000,4289685,1,12330,12330,신가동,,광산구,12330,아파트,전월세,202512,아파트 전월세,,,,,,광산구|신가동|1202|하남대로261번길 11|00011|00000,35.1803936905995,126.820478944492,광주광역시 광산구 신가동 1202,전남광주통합특별시 광산구 하남대로261번길 11,광산구,수완동,1233063700,성공,광산구,수완동,True,광산구 수완동,광산구 수완동,4335,7,46.9,광산구 하남대로261번길 11,True
장자울마을휴먼시아4단지,29200-257,2009,25.12~28.01,신규,9,12,2025,"3,156",39.48,13,517,6,,,풍영로145번길 43,0,00043,00000,4289671,1,12330,12330,흑석동,,광산구,12330,아파트,전월세,202512,아파트 전월세,,,,,,광산구|흑석동|517|풍영로145번길 43|00043|00000,35.1837458369346,126.811293211321,광주광역시 광산구 흑석동 517,전남광주통합특별시 광산구 풍영로145번길 43,광산구,수완동,1233063700,성공,광산구,수완동,True,광산구 수완동,광산구 수완동,3156,6,39.48,광산구 풍영로145번길 43,True
광주수완6신완마을휴먼시아,29200-263,2010,26.01~27.12,갱신,24,12,2025,"2,778",46.9,8,1044,15,,15,풍영로329번길 51,0,00051,00000,4289681,1,12330,12330,장덕동,,광산구,12330,아파트,전월세,202512,아파트 전월세,,,,,,광산구|장덕동|1044|풍영로329번길 51|00051|00000,35.1993201857989,126.811785931546,광주광역시 광산구 장덕동 1044,전남광주통합특별시 광산구 풍영로329번길 51,광산구,수완동,1233063700,성공,광산구,수완동,True,광산구 수완동,광산구 수완동,2778,15,46.9,광산구 풍영로329번길 51,True
첨단도휘에드가2차,29200-350,2015,25.12~26.12,신규,18,12,2025,"1,000",19.69,13,694-70,31,,,월계로 223-20,0,00223,00020,3163039,1,12330,12330,쌍암동,,광산구,12330,아파트,전월세,202512,아파트 전월세,,,,,,광산구|쌍암동|694-70|월계로 223-20|00223|00020,35.2153858800186,126.850509647451,광주광역시 광산구 쌍암동 694-70,전남광주통합특별시 광산구 월계로 223-20,광산구,첨단2동,1233062600,성공,북구,첨단2동,True,광산구 첨단2동,북구 첨단2동,1000,31,19.69,광산구 월계로 223-20,True
하남주공(2단지),29200-39,1991,25.12~27.12,신규,8,12,2025,300,44.52,14,1571-1,42,,,월곡산정로 12,0,00012,00000,3163042,1,12330,12330,우산동,,광산구,12330,아파트,전월세,202512,아파트 전월세,,,,,,광산구|우산동|1571-1|월곡산정로 12|00012|00000,35.1651071402315,126.803686058,광주광역시 광산구 우산동 1571-1,전남광주통합특별시 광산구 월곡산정로 12,광산구,우산동,1233058000,성공,광산구,우산동,True,광산구 우산동,광산구 우산동,300,42,44.52,광산구 월곡산정로 12,True
광주첨단엘에이치3단지,29200-424,2020,25.12~28.01,신규,24,12,2025,"3,438",36.72,6,869-2,19,,,임방울대로800번길 11-5,,00011,00005,4289552,0,12330,12330,월계동,,광산구,12330,아파트,전월세,202512,아파트 전월세,,,,,,광산구|월계동|869-2|임방울대로800번길 11-5|00011|00005,35.2172126334807,126.846821692809,광주광역시 광산구 월계동 869-2,전남광주통합특별시 광산구 임방울대로800번길 11-5,광산구,첨단2동,1233062600,성공,북구,첨단2동,True,광산구 첨단2동,북구 첨단2동,3438,19,36.72,광산구 임방울대로800번길 11-5,True
하남주공(2단지),29200-39,1991,25.12~27.12,신규,22,12,2025,300,44.52,13,1571-1,45,,,월곡산정로 12,0,00012,00000,3163042,1,12330,12330,우산동,,광산구,12330,아파트,전월세,202512,아파트 전월세,,,,,,광산구|우산동|1571-1|월곡산정로 12|00012|00000,35.1651071402315,126.803686058,광주광역시 광산구 우산동 1571-1,전남광주통합특별시 광산구 월곡산정로 12,광산구,우산동,1233058000,성공,광산구,우산동,True,광산구 우산동,광산구 우산동,300,45,44.52,광산구 월곡산정로 12,True
광주첨단엘에이치1단지,29200-425,2020,25.12~28.01,신규,23,12,2025,594,21.88,8,657-4,16,,,첨단중앙로152번길 6-8,,00006,00008,4289613,0,12330,12330,쌍암동,,광산구,12330,아파트,전월세,202512,아파트 전월세,,,,,,광산구|쌍암동|657-4|첨단중앙로152번길 6-8|00006|00008,35.2182552786944,126.842577336818,광주광역시 광산구 쌍암동 657-4,전남광주통합특별시 광산구 첨단중앙로152번길 6-8,광산구,첨단1동,1233062400,성공,광산구,첨단1동,True,광산구 첨단1동,광산구 첨단1동,594,16,21.88,광산구 첨단중앙로152번길 6-8,True
광주첨단엘에이치1단지,29200-425,2020,25.12~28.01,신규,23,12,2025,594,21.88,5,657-4,16,,,첨단중앙로152번길 6-8,,00006,00008,4289613,0,12330,12330,쌍암동,,광산구,12330,아파트,전월세,202512,아파트 전월세,,,,,,광산구|쌍암동|657-4|첨단중앙로152번길 6-8|00006|00008,35.2182552786944,126.842577336818,광주광역시 광산구 쌍암동 657-4,전남광주통합특별시 광산구 첨단중앙로152번길 6-8,광산구,첨단1동,1233062400,성공,광산구,첨단1동,True,광산구 첨단1동,광산구 첨단1동,594,16,21.88,광산구 첨단중앙로152번길 6-8,True
광주첨단엘에이치2단지,29200-426,2020,25.12~28.01,신규,23,12,2025,"3,438",36.72,8,683-2,19,,,임방울대로825번길 9,0,00009,00000,4289554,0,12330,12330,쌍암동,,광산구,12330,아파트,전월세,202512,아파트 전월세,,,,,,광산구|쌍암동|683-2|임방울대로825번길 9|00009|00000,35.218229827909,126.848341882075,광주광역시 광산구 쌍암동 683-2,전남광주통합특별시 광산구 임방울대로825번길 9,광산구,첨단1동,1233062400,성공,광산구,첨단1동,True,광산구 첨단1동,광산구 첨단1동,3438,19,36.72,광산구 임방울대로825번길 9,True
무들에코클래스,29200-323,2014,25.12~26.12,신규,5,12,2025,"1,000",19.9836,11,893-1,31,,,임방울대로826번길 60-5,0,00060,00005,4289555,1,12330,12330,월계동,,광산구,12330,아파트,전월세,202512,아파트 전월세,,,,,,광산구|월계동|893-1|임방울대로826번길 60-5|00060|00005,35.2144820852673,126.847824082744,광주광역시 광산구 월계동 893-1,전남광주통합특별시 광산구 임방울대로826번길 60-5,광산구,첨단2동,1233062600,성공,북구,첨단2동,True,광산구 첨단2동,북구 첨단2동,1000,31,19.9836,광산구 임방울대로826번길 60-5,True
광주수완7신완마을휴먼시아,29200-264,2011,25.12~28.01,신규,16,12,2025,"2,778",46.9,4,1037,16,,,풍영로329번길 50,0,00050,00000,4289681,1,12330,12330,장덕동,,광산구,12330,아파트,전월세,202512,아파트 전월세,,,,,,광산구|장덕동|1037|풍영로329번길 50|00050|00000,35.2014118295745,126.812869241031,광주광역시 광산구 장덕동 1037,전남광주통합특별시 광산구 풍영로329번길 50,광산구,수완동,1233063700,성공,광산구,수완동,True,광산구 수완동,광산구 수완동,2778,16,46.9,광산구 풍영로329번길 50,True
첨단센트럴파크2차,29200-399,2018,26.01~28.01,신규,18,12,2025,"14,000",41.83,18,676-3,0,,,첨단중앙로170번길 87,0,00087,00000,4289614,1,12330,12330,쌍암동,,광산구,12330,아파트,전월세,202512,아파트 전월세,,,,,,광산구|쌍암동|676-3|첨단중앙로170번길 87|00087|00000,35.2209763822162,126.84687920672,광주광역시 광산구 쌍암동 676-3,전남광주통합특별시 광산구 첨단중앙로170번길 87,광산구,첨단1동,1233062400,성공,광산구,첨단1동,True,광산구 첨단1동,광산구 첨단1동,14000,0,41.83,광산구 첨단중앙로170번길 87,True
첨단도휘에드가2차,29200-350,2015,25.12~26.12,갱신,19,12,2025,500,19.69,5,694-70,40,"2,000",28,월계로 223-20,0,00223,00020,3163039,1,12330,12330,쌍암동,,광산구,12330,아파트,전월세,202512,아파트 전월세,,,,,,광산구|쌍암동|694-70|월계로 223-20|00223|00020,35.2153858800186,126.850509647451,광주광역시 광산구 쌍암동 694-70,전남광주통합특별시 광산구 월계로 223-20,광산구,첨단2동,1233062600,성공,북구,첨단2동,True,광산구 첨단2동,북구 첨단2동,500,40,19.69,광산구 월계로 223-20,True
한양에드가302동,29200-309,2013,25.12~26.12,신규,8,12,2025,300,24.8708,9,694-115,40,,,월계로 223-17,0,00223,00017,3163039,2,12330,12330,쌍암동,,광산구,12330,아파트,전월세,202512,아파트 전월세,,,,,,광산구|쌍암동|694-115|월계로 223-17|00223|00017,35.2149023369798,126.849588941863,광주광역시 광산구 쌍암동 694-115,전남광주통합특별시 광산구 월계로 223-17,광산구,첨단2동,1233062600,성공,북구,첨단2동,True,광산구 첨단2동,북구 첨단2동,300,40,24.8708,광산구 월계로 223-17,True
광주우산엘에이치1단지,29200-422,2019,25.12~28.01,신규,9,12,2025,"1,534",16.86,4,1599-1,8,,,무진대로 246-7,,00246,00007,2009009,0,12330,12330,우산동,,광산구,12330,아파트,전월세,202512,아파트 전월세,,,,,,광산구|우산동|1599-1|무진대로 246-7|00246|00007,35.1605509336336,126.807603506014,광주광역시 광산구 우산동 1599-1,전남광주통합특별시 광산구 무진대로 246-7,광산구,우산동,1233058000,성공,광산구,우산동,True,광산구 우산동,광산구 우산동,1534,8,16.86,광산구 무진대로 246-7,True
에이엠시티4차,29200-318,2014,26.01~28.01,신규,17,12,2025,"5,000",32.3203,9,660-7,15,,,첨단중앙로152번길 17-6,0,00017,00006,4289613,1,12330,12330,쌍암동,,광산구,12330,아파트,전월세,202512,아파트 전월세,,,,,,광산구|쌍암동|660-7|첨단중앙로152번길 17-6|00017|00006,35.2193014166222,126.843435669554,광주광역시 광산구 쌍암동 660-7,전남광주통합특별시 광산구 첨단중앙로152번길 17-6,광산구,첨단1동,1233062400,성공,광산구,첨단1동,True,광산구 첨단1동,광산구 첨단1동,5000,15,32.3203,광산구 첨단중앙로152번길 17-6,True
장자울마을휴먼시아4단지,29200-257,2009,26.01~27.12,갱신,16,12,2025,"3,498",46.9,5,517,19,"2,830",15,풍영로145번길 43,0,00043,00000,4289671,1,12330,12330,흑석동,,광산구,12330,아파트,전월세,202512,아파트 전월세,,,,,,광산구|흑석동|517|풍영로145번길 43|00043|00000,35.1837458369346,126.811293211321,광주광역시 광산구 흑석동 517,전남광주통합특별시 광산구 풍영로145번길 43,광산구,수완동,1233063700,성공,광산구,수완동,True,광산구 수완동,광산구 수완동,3498,19,46.9,광산구 풍영로145번길 43,True
첨단도휘에드가2차,29200-350,2015,25.12~26.12,신규,16,12,2025,300,19.89,7,694-70,38,,,월계로 223-20,0,00223,00020,3163039,1,12330,12330,쌍암동,,광산구,12330,아파트,전월세,202512,아파트 전월세,,,,,,광산구|쌍암동|694-70|월계로 223-20|00223|00020,35.2153858800186,126.850509647451,광주광역시 광산구 쌍암동 694-70,전남광주통합특별시 광산구 월계로 223-20,광산구,첨단2동,1233062600,성공,북구,첨단2동,True,광산구 첨단2동,북구 첨단2동,300,38,19.89,광산구 월계로 223-20,True
광주우산엘에이치1단지,29200-422,2019,26.01~27.12,신규,16,12,2025,"4,530",36.44,5,1599-1,13,,,무진대로 246-7,,00246,00007,2009009,0,12330,12330,우산동,,광산구,12330,아파트,전월세,202512,아파트 전월세,,,,,,광산구|우산동|1599-1|무진대로 246-7|00246|00007,35.1605509336336,126.807603506014,광주광역시 광산구 우산동 1599-1,전남광주통합특별시 광산구 무진대로 246-7,광산구,우산동,1233058000,성공,광산구,우산동,True,광산구 우산동,광산구 우산동,4530,13,36.44,광산구 무진대로 246-7,True
아름마을휴먼시아2단지,29200-248,2009,26.02~28.01,갱신,16,12,2025,"2,215",46.9,4,1064,18,"2,830",15,수등로123번길 22,0,00022,00000,4289327,1,12330,12330,신가동,,광산구,12330,아파트,전월세,202512,아파트 전월세,,,,,,광산구|신가동|1064|수등로123번길 22|00022|00000,35.1842119227205,126.82398140206,광주광역시 광산구 신가동 1064,전남광주통합특별시 광산구 수등로123번길 22,광산구,수완동,1233063700,성공,광산구,수완동,True,광산구 수완동,광산구 수완동,2215,18,46.9,광산구 수등로123번길 22,True
고실마을휴먼시아8단지,29200-262,2010,26.01~27.12,갱신,15,12,2025,"3,117",39.25,13,1098,7,"2,022",11,풍영로330번길 15,0,00015,00000,4289682,1,12330,12330,장덕동,,광산구,12330,아파트,전월세,202512,아파트 전월세,,,,,,광산구|장덕동|1098|풍영로330번길 15|00015|00000,35.2015313255941,126.816684307953,광주광역시 광산구 장덕동 1098,전남광주통합특별시 광산구 풍영로330번길 15,광산구,수완동,1233063700,성공,광산구,수완동,True,광산구 수완동,광산구 수완동,3117,7,39.25,광산구 풍영로330번길 15,True
광주하남엘에이치천년나무,29200-414,2019,25.12~28.01,신규,15,12,2025,"2,966",36.02,5,1611-3,15,,,용아로 175-6,,00175,00006,3163035,0,12330,12330,우산동,,광산구,12330,아파트,전월세,202512,아파트 전월세,,,,,,광산구|우산동|1611-3|용아로 175-6|00175|00006,35.1599080758315,126.800246035505,광주광역시 광산구 우산동 1611-3,전남광주통합특별시 광산구 용아로 175-6,광산구,우산동,1233058000,성공,광산구,우산동,True,광산구 우산동,광산구 우산동,2966,15,36.02,광산구 용아로 175-6,True
장자울마을휴먼시아4단지,29200-257,2009,26.01~27.12,갱신,15,12,2025,"2,156",39.72,8,517,12,"1,997",11,풍영로145번길 43,0,00043,00000,4289671,1,12330,12330,흑석동,,광산구,12330,아파트,전월세,202512,아파트 전월세,,,,,,광산구|흑석동|517|풍영로145번길 43|00043|00000,35.1837458369346,126.811293211321,광주광역시 광산구 흑석동 517,전남광주통합특별시 광산구 풍영로145번길 43,광산구,수완동,1233063700,성공,광산구,수완동,True,광산구 수완동,광산구 수완동,2156,12,39.72,광산구 풍영로145번길 43,True
한양에드가302동,29200-309,2013,25.12~26.12,신규,11,12,2025,300,25.6308,5,694-115,44,,,월계로 223-17,0,00223,00017,3163039,2,12330,12330,쌍암동,,광산구,12330,아파트,전월세,202512,아파트 전월세,,,,,,광산구|쌍암동|694-115|월계로 223-17|00223|00017,35.2149023369798,126.849588941863,광주광역시 광산구 쌍암동 694-115,전남광주통합특별시 광산구 월계로 223-17,광산구,첨단2동,1233062600,성공,북구,첨단2동,True,광산구 첨단2동,북구 첨단2동,300,44,25.6308,광산구 월계로 223-17,True
광주수완6신완마을휴먼시아,29200-263,2010,26.01~27.12,갱신,11,12,2025,"2,778",46.9,15,1044,15,"2,653",15,풍영로329번길 51,0,00051,00000,4289681,1,12330,12330,장덕동,,광산구,12330,아파트,전월세,202512,아파트 전월세,,,,,,광산구|장덕동|1044|풍영로329번길 51|00051|00000,35.1993201857989,126.811785931546,광주광역시 광산구 장덕동 1044,전남광주통합특별시 광산구 풍영로329번길 51,광산구,수완동,1233063700,성공,광산구,수완동,True,광산구 수완동,광산구 수완동,2778,15,46.9,광산구 풍영로329번길 51,True
광주우산엘에이치1단지,29200-422,2019,26.01~27.12,신규,10,12,2025,"2,311",26.41,12,1599-1,12,,,무진대로 246-7,,00246,00007,2009009,0,12330,12330,우산동,,광산구,12330,아파트,전월세,202512,아파트 전월세,,,,,,광산구|우산동|1599-1|무진대로 246-7|00246|00007,35.1605509336336,126.807603506014,광주광역시 광산구 우산동 1599-1,전남광주통합특별시 광산구 무진대로 246-7,광산구,우산동,1233058000,성공,광산구,우산동,True,광산구 우산동,광산구 우산동,2311,12,26.41,광산구 무진대로 246-7,True
고실마을휴먼시아8단지,29200-262,2010,26.01~27.12,갱신,9,12,2025,"2,075",39.25,3,1098,12,"1,982",11,풍영로330번길 15,0,00015,00000,4289682,1,12330,12330,장덕동,,광산구,12330,아파트,전월세,202512,아파트 전월세,,,,,,광산구|장덕동|1098|풍영로330번길 15|00015|00000,35.2015313255941,126.816684307953,광주광역시 광산구 장덕동 1098,전남광주통합특별시 광산구 풍영로330번길 15,광산구,수완동,1233063700,성공,광산구,수완동,True,광산구 수완동,광산구 수완동,2075,12,39.25,광산구 풍영로330번길 15,True
첨단도휘에드가2차,29200-350,2015,26.01~28.01,신규,9,12,2025,"4,850",19.69,7,694-70,0,,,월계로 223-20,0,00223,00020,3163039,1,12330,12330,쌍암동,,광산구,12330,아파트,전월세,202512,아파트 전월세,,,,,,광산구|쌍암동|694-70|월계로 223-20|00223|00020,35.2153858800186,126.850509647451,광주광역시 광산구 쌍암동 694-70,전남광주통합특별시 광산구 월계로 223-20,광산구,첨단2동,1233062600,성공,북구,첨단2동,True,광산구 첨단2동,북구 첨단2동,4850,0,19.69,광산구 월계로 223-20,True
아름마을휴먼시아3단지,29200-260,2009,26.01~27.12,갱신,8,12,2025,"2,639",39.72,1,1202,10,"2,541",10,하남대로261번길 11,0,00011,00000,4289685,1,12330,12330,신가동,,광산구,12330,아파트,전월세,202512,아파트 전월세,,,,,,광산구|신가동|1202|하남대로261번길 11|00011|00000,35.1803936905995,126.820478944492,광주광역시 광산구 신가동 1202,전남광주통합특별시 광산구 하남대로261번길 11,광산구,수완동,1233063700,성공,광산구,수완동,True,광산구 수완동,광산구 수완동,2639,10,39.72,광산구 하남대로261번길 11,True
첨단센트럴파크2차,29200-399,2018,26.01~28.01,신규,5,12,2025,"14,400",47.44,11,676-3,0,,,첨단중앙로170번길 87,0,00087,00000,4289614,1,12330,12330,쌍암동,,광산구,12330,아파트,전월세,202512,아파트 전월세,,,,,,광산구|쌍암동|676-3|첨단중앙로170번길 87|00087|00000,35.2209763822162,126.84687920672,광주광역시 광산구 쌍암동 676-3,전남광주통합특별시 광산구 첨단중앙로170번길 87,광산구,첨단1동,1233062400,성공,광산구,첨단1동,True,광산구 첨단1동,광산구 첨단1동,14400,0,47.44,광산구 첨단중앙로170번길 87,True
광주수완7신완마을휴먼시아,29200-264,2011,26.01~27.12,갱신,5,12,2025,"2,751",46.85,8,1037,15,"2,671",15,풍영로329번길 50,0,00050,00000,4289681,1,12330,12330,장덕동,,광산구,12330,아파트,전월세,202512,아파트 전월세,,,,,,광산구|장덕동|1037|풍영로329번길 50|00050|00000,35.2014118295745,126.812869241031,광주광역시 광산구 장덕동 1037,전남광주통합특별시 광산구 풍영로329번길 50,광산구,수완동,1233063700,성공,광산구,수완동,True,광산구 수완동,광산구 수완동,2751,15,46.85,광산구 풍영로329번길 50,True
하남주공(2단지),29200-39,1991,25.12~27.12,신규,4,12,2025,"7,000",44.52,3,1571-1,0,,,월곡산정로 12,0,00012,00000,3163042,1,12330,12330,우산동,,광산구,12330,아파트,전월세,202512,아파트 전월세,,,,,,광산구|우산동|1571-1|월곡산정로 12|00012|00000,35.1651071402315,126.803686058,광주광역시 광산구 우산동 1571-1,전남광주통합특별시 광산구 월곡산정로 12,광산구,우산동,1233058000,성공,광산구,우산동,True,광산구 우산동,광산구 우산동,7000,0,44.52,광산구 월곡산정로 12,True
광주수완6신완마을휴먼시아,29200-263,2010,26.01~27.12,갱신,4,12,2025,"3,473",51.82,16,1044,19,"2,627",15,풍영로329번길 51,0,00051,00000,4289681,1,12330,12330,장덕동,,광산구,12330,아파트,전월세,202512,아파트 전월세,,,,,,광산구|장덕동|1044|풍영로329번길 51|00051|00000,35.1993201857989,126.811785931546,광주광역시 광산구 장덕동 1044,전남광주통합특별시 광산구 풍영로329번길 51,광산구,수완동,1233063700,성공,광산구,수완동,True,광산구 수완동,광산구 수완동,3473,19,51.82,광산구 풍영로329번길 51,True
첨단센트럴파크2차,29200-399,2018,25.12~27.12,신규,1,12,2025,"14,400",47.44,11,676-3,0,,,첨단중앙로170번길 87,0,00087,00000,4289614,1,12330,12330,쌍암동,,광산구,12330,아파트,전월세,202512,아파트 전월세,,,,,,광산구|쌍암동|676-3|첨단중앙로170번길 87|00087|00000,35.2209763822162,126.84687920672,광주광역시 광산구 쌍암동 676-3,전남광주통합특별시 광산구 첨단중앙로170번길 87,광산구,첨단1동,1233062400,성공,광산구,첨단1동,True,광산구 첨단1동,광산구 첨단1동,14400,0,47.44,광산구 첨단중앙로170번길 87,True
광주우산엘에이치1단지,29200-422,2019,25.12~27.11,갱신,1,12,2025,"1,748",16.33,6,1599-1,5,"1,421",8,무진대로 246-7,,00246,00007,2009009,0,12330,12330,우산동,,광산구,12330,아파트,전월세,202512,아파트 전월세,,,,,,광산구|우산동|1599-1|무진대로 246-7|00246|00007,35.1605509336336,126.807603506014,광주광역시 광산구 우산동 1599-1,전남광주통합특별시 광산구 무진대로 246-7,광산구,우산동,1233058000,성공,광산구,우산동,True,광산구 우산동,광산구 우산동,1748,5,16.33,광산구 무진대로 246-7,True
광주하남엘에이치천년나무,29200-414,2019,25.12~27.12,신규,1,12,2025,"2,942",26.03,11,1611-3,6,,,용아로 175-6,,00175,00006,3163035,0,12330,12330,우산동,,광산구,12330,아파트,전월세,202512,아파트 전월세,,,,,,광산구|우산동|1611-3|용아로 175-6|00175|00006,35.1599080758315,126.800246035505,광주광역시 광산구 우산동 1611-3,전남광주통합특별시 광산구 용아로 175-6,광산구,우산동,1233058000,성공,광산구,우산동,True,광산구 우산동,광산구 우산동,2942,6,26.03,광산구 용아로 175-6,True
광주수완6신완마을휴먼시아,29200-263,2010,25.12~27.11,갱신,1,12,2025,"5,621",51.26,9,1044,10,"3,317",18,풍영로329번길 51,0,00051,00000,4289681,1,12330,12330,장덕동,,광산구,12330,아파트,전월세,202512,아파트 전월세,,,,,,광산구|장덕동|1044|풍영로329번길 51|00051|00000,35.1993201857989,126.811785931546,광주광역시 광산구 장덕동 1044,전남광주통합특별시 광산구 풍영로329번길 51,광산구,수완동,1233063700,성공,광산구,수완동,True,광산구 수완동,광산구 수완동,5621,10,51.26,광산구 풍영로329번길 51,True
AM-City하이클래스,29110-324,2014,26.02~27.02,신규,29,1,2026,300,15.1697,6,154-1,35,,,금남로 185,0,00185,00000,3009019,1,12210,12210,금남로5가,,동구,12210,아파트,전월세,202601,아파트 전월세,,,,,,동구|금남로5가|154-1|금남로 185|00185|00000,35.1517659240292,126.913725421103,광주광역시 동구 금남로5가 154-1,전남광주통합특별시 동구 금남로 185,동구,충장동,1221052500,성공,동구,충장동,True,동구 충장동,동구 충장동,300,35,15.1697,동구 금남로 185,True
AM-City하이클래스,29110-324,2014,26.01~27.01,신규,31,1,2026,300,15.1697,12,154-1,35,,,금남로 185,0,00185,00000,3009019,1,12210,12210,금남로5가,,동구,12210,아파트,전월세,202601,아파트 전월세,,,,,,동구|금남로5가|154-1|금남로 185|00185|00000,35.1517659240292,126.913725421103,광주광역시 동구 금남로5가 154-1,전남광주통합특별시 동구 금남로 185,동구,충장동,1221052500,성공,동구,충장동,True,동구 충장동,동구 충장동,300,35,15.1697,동구 금남로 185,True
AM-City하이클래스,29110-324,2014,26.01~28.01,신규,13,1,2026,300,15.1697,9,154-1,36,,,금남로 185,0,00185,00000,3009019,1,12210,12210,금남로5가,,동구,12210,아파트,전월세,202601,아파트 전월세,,,,,,동구|금남로5가|154-1|금남로 185|00185|00000,35.1517659240292,126.913725421103,광주광역시 동구 금남로5가 154-1,전남광주통합특별시 동구 금남로 185,동구,충장동,1221052500,성공,동구,충장동,True,동구 충장동,동구 충장동,300,36,15.1697,동구 금남로 185,True
충장고운라피네,29110-348,2017,26.02~28.02,신규,15,1,2026,"1,000",49.831,15,34,70,,,충장로58번길 14,,00014,00000,4277237,0,12210,12210,충장로4가,,동구,12210,아파트,전월세,202601,아파트 전월세,,,,,,동구|충장로4가|34|충장로58번길 14|00014|00000,35.1493869644374,126.913097129313,광주광역시 동구 충장로4가 34,전남광주통합특별시 동구 충장로58번길 14,동구,충장동,1221052500,성공,동구,충장동,True,동구 충장동,동구 충장동,1000,70,49.831,동구 충장로58번길 14,True
AM-City하이클래스,29110-324,2014,26.01~27.01,신규,7,1,2026,300,15.1697,6,154-1,37,,,금남로 185,0,00185,00000,3009019,1,12210,12210,금남로5가,,동구,12210,아파트,전월세,202601,아파트 전월세,,,,,,동구|금남로5가|154-1|금남로 185|00185|00000,35.1517659240292,126.913725421103,광주광역시 동구 금남로5가 154-1,전남광주통합특별시 동구 금남로 185,동구,충장동,1221052500,성공,동구,충장동,True,동구 충장동,동구 충장동,300,37,15.1697,동구 금남로 185,True
충장고운라피네,29110-348,2017,26.01~27.07,신규,4,1,2026,"12,257",49.831,13,34,0,,,충장로58번길 14,,00014,00000,4277237,0,12210,12210,충장로4가,,동구,12210,아파트,전월세,202601,아파트 전월세,,,,,,동구|충장로4가|34|충장로58번길 14|00014|00000,35.1493869644374,126.913097129313,광주광역시 동구 충장로4가 34,전남광주통합특별시 동구 충장로58번길 14,동구,충장동,1221052500,성공,동구,충장동,True,동구 충장동,동구 충장동,12257,0,49.831,동구 충장로58번길 14,True
농성동유탑유블레스,29140-335,2012,26.02~27.02,신규,25,1,2026,300,19.7906,8,112-1,35,,,경열로45번길 13,0,00013,00000,4280012,1,12240,12240,농성동,,서구,12240,아파트,전월세,202601,아파트 전월세,,,,,,서구|농성동|112-1|경열로45번길 13|00013|00000,35.1522648956668,126.891494681592,광주광역시 서구 농성동 112-1,전남광주통합특별시 서구 경열로45번길 13,서구,농성1동,1224065000,성공,서구,농성1동,True,서구 농성1동,서구 농성1동,300,35,19.7906,서구 경열로45번길 13,True
농성동유탑유블레스,29140-335,2012,26.02~28.02,신규,21,1,2026,"1,000",19.7906,13,112-1,36,,,경열로45번길 13,0,00013,00000,4280012,1,12240,12240,농성동,,서구,12240,아파트,전월세,202601,아파트 전월세,,,,,,서구|농성동|112-1|경열로45번길 13|00013|00000,35.1522648956668,126.891494681592,광주광역시 서구 농성동 112-1,전남광주통합특별시 서구 경열로45번길 13,서구,농성1동,1224065000,성공,서구,농성1동,True,서구 농성1동,서구 농성1동,1000,36,19.7906,서구 경열로45번길 13,True
농성동유탑유블레스,29140-335,2012,26.01~27.01,신규,20,1,2026,"3,100",19.7906,5,112-1,20,,,경열로45번길 13,0,00013,00000,4280012,1,12240,12240,농성동,,서구,12240,아파트,전월세,202601,아파트 전월세,,,,,,서구|농성동|112-1|경열로45번길 13|00013|00000,35.1522648956668,126.891494681592,광주광역시 서구 농성동 112-1,전남광주통합특별시 서구 경열로45번길 13,서구,농성1동,1224065000,성공,서구,농성1동,True,서구 농성1동,서구 농성1동,3100,20,19.7906,서구 경열로45번길 13,True
농성동유탑유블레스,29140-335,2012,26.01~28.01,신규,8,1,2026,"4,000",19.7906,4,112-1,10,,,경열로45번길 13,0,00013,00000,4280012,1,12240,12240,농성동,,서구,12240,아파트,전월세,202601,아파트 전월세,,,,,,서구|농성동|112-1|경열로45번길 13|00013|00000,35.1522648956668,126.891494681592,광주광역시 서구 농성동 112-1,전남광주통합특별시 서구 경열로45번길 13,서구,농성1동,1224065000,성공,서구,농성1동,True,서구 농성1동,서구 농성1동,4000,10,19.7906,서구 경열로45번길 13,True
농성빛여울채아파트,29140-384,2017,26.02~28.01,갱신,9,1,2026,"1,293",29.4903,10,700,10,"1,293",10,월산로 164-3,0,00164,00003,3009015,0,12240,12240,농성동,,서구,12240,아파트,전월세,202601,아파트 전월세,,,,,,서구|농성동|700|월산로 164-3|00164|00003,35.1530164634149,126.895718866371,광주광역시 서구 농성동 700,전남광주통합특별시 서구 월산로 164-3,서구,농성1동,1224065000,성공,서구,농성1동,True,서구 농성1동,서구 농성1동,1293,10,29.4903,서구 월산로 164-3,True
송화마을휴먼시아(진월1블럭주공),29155-307,2007,,,30,1,2026,"2,724",46.9,4,725,15,,,효우로60번길 50,0,00050,00000,4283741,1,12270,12270,노대동,,남구,12270,아파트,전월세,202601,아파트 전월세,,,,,,남구|노대동|725|효우로60번길 50|00050|00000,35.1093929954418,126.900214471772,광주광역시 남구 노대동 725,전남광주통합특별시 남구 효우로60번길 50,남구,효덕동,1227071000,성공,남구,효덕동,True,남구 효덕동,남구 효덕동,2724,15,46.9,남구 효우로60번길 50,True
광주효천1엘에이치1단지,29155-421,2021,,,22,1,2026,"3,184",46.91,5,679,28,,,효천로 176,0,00176,00000,3351956,1,12270,12270,임암동,,남구,12270,아파트,전월세,202601,아파트 전월세,,,,,,남구|임암동|679|효천로 176|00176|00000,35.1076021714696,126.863505319348,광주광역시 남구 임암동 679,전남광주통합특별시 남구 효천로 176,남구,송암동,1227072000,성공,남구,송암동,True,남구 송암동,남구 송암동,3184,28,46.91,남구 효천로 176,True
엘에이치송화마을8단지,29155-395,2018,26.01~28.02,신규,27,1,2026,"2,988",36.72,7,825,17,,,노대실로 9,0,00009,00000,3161003,0,12270,12270,노대동,,남구,12270,아파트,전월세,202601,아파트 전월세,,,,,,남구|노대동|825|노대실로 9|00009|00000,35.1088035081054,126.905394245253,광주광역시 남구 노대동 825,전남광주통합특별시 남구 노대실로 9,남구,효덕동,1227071000,성공,남구,효덕동,True,남구 효덕동,남구 효덕동,2988,17,36.72,남구 노대실로 9,True
무등산센트럴파크,29155-323,2009,26.02~28.02,신규,10,1,2026,"4,000",51.85,8,562,50,,,방림로 31,0,00031,00000,3161004,1,12270,12270,방림동,,남구,12270,아파트,전월세,202601,아파트 전월세,,,,,,남구|방림동|562|방림로 31|00031|00000,35.1357426094961,126.919915877944,광주광역시 남구 방림동 562,전남광주통합특별시 남구 방림로 31,남구,방림1동,1227052000,성공,남구,방림1동,True,남구 방림1동,남구 방림1동,4000,50,51.85,남구 방림로 31,True
엘에이치송화마을8단지,29155-395,2018,26.01~28.02,신규,27,1,2026,"2,988",36.72,1,825,17,,,노대실로 9,0,00009,00000,3161003,0,12270,12270,노대동,,남구,12270,아파트,전월세,202601,아파트 전월세,,,,,,남구|노대동|825|노대실로 9|00009|00000,35.1088035081054,126.905394245253,광주광역시 남구 노대동 825,전남광주통합특별시 남구 노대실로 9,남구,효덕동,1227071000,성공,남구,효덕동,True,남구 효덕동,남구 효덕동,2988,17,36.72,남구 노대실로 9,True
광주효천1엘에이치3단지,29155-403,2020,26.01~28.02,신규,26,1,2026,300,21.84,15,731,11,,,효천중앙로 35,0,00035,00000,3351961,0,12270,12270,임암동,,남구,12270,아파트,전월세,202601,아파트 전월세,,,,,,남구|임암동|731|효천중앙로 35|00035|00000,35.1035679937987,126.87276883408,광주광역시 남구 임암동 731,전남광주통합특별시 남구 효천중앙로 35,남구,송암동,1227072000,성공,남구,송암동,True,남구 송암동,남구 송암동,300,11,21.84,남구 효천중앙로 35,True
광주효천1엘에이치1단지,29155-421,2021,26.01~28.02,신규,22,1,2026,"3,184",46.74,5,679,28,,,효천로 176,0,00176,00000,3351956,1,12270,12270,임암동,,남구,12270,아파트,전월세,202601,아파트 전월세,,,,,,남구|임암동|679|효천로 176|00176|00000,35.1076021714696,126.863505319348,광주광역시 남구 임암동 679,전남광주통합특별시 남구 효천로 176,남구,송암동,1227072000,성공,남구,송암동,True,남구 송암동,남구 송암동,3184,28,46.74,남구 효천로 176,True
광주효천1엘에이치3단지,29155-403,2020,26.03~28.02,갱신,27,1,2026,"5,712",44.97,6,731,8,"5,550",8,효천중앙로 35,0,00035,00000,3351961,0,12270,12270,임암동,,남구,12270,아파트,전월세,202601,아파트 전월세,,,,,,남구|임암동|731|효천중앙로 35|00035|00000,35.1035679937987,126.87276883408,광주광역시 남구 임암동 731,전남광주통합특별시 남구 효천중앙로 35,남구,송암동,1227072000,성공,남구,송암동,True,남구 송암동,남구 송암동,5712,8,44.97,남구 효천중앙로 35,True
송화마을휴먼시아(진월3블럭주공),29155-304,2007,26.02~28.01,갱신,28,1,2026,"3,624",46.9,8,731,10,"2,478",13,효우로60번길 10,0,00010,00000,4283741,1,12270,12270,노대동,,남구,12270,아파트,전월세,202601,아파트 전월세,,,,,,남구|노대동|731|효우로60번길 10|00010|00000,35.1097155897455,126.903323235324,광주광역시 남구 노대동 731,전남광주통합특별시 남구 효우로60번길 10,남구,효덕동,1227071000,성공,남구,효덕동,True,남구 효덕동,남구 효덕동,3624,10,46.9,남구 효우로60번길 10,True
효천엘에이치천년나무7단지,29155-391,2017,26.01~28.02,신규,21,1,2026,"1,421",16.99,12,713,8,,,행암길 9,0,00009,00000,4283689,0,12270,12270,행암동,,남구,12270,아파트,전월세,202601,아파트 전월세,,,,,,남구|행암동|713|행암길 9|00009|00000,35.1026108867821,126.896298377775,광주광역시 남구 행암동 713,전남광주통합특별시 남구 행암길 9,남구,효덕동,1227071000,성공,남구,효덕동,True,남구 효덕동,남구 효덕동,1421,8,16.99,남구 행암길 9,True
광주효천1엘에이치3단지,29155-403,2020,26.01~28.02,신규,26,1,2026,"1,018",26.7,17,731,12,,,효천중앙로 35,0,00035,00000,3351961,0,12270,12270,임암동,,남구,12270,아파트,전월세,202601,아파트 전월세,,,,,,남구|임암동|731|효천중앙로 35|00035|00000,35.1035679937987,126.87276883408,광주광역시 남구 임암동 731,전남광주통합특별시 남구 효천중앙로 35,남구,송암동,1227072000,성공,남구,송암동,True,남구 송암동,남구 송암동,1018,12,26.7,남구 효천중앙로 35,True
엘에이치송화마을8단지,29155-395,2018,26.02~28.01,갱신,26,1,2026,"4,816",36.72,10,825,7,"2,916",17,노대실로 9,0,00009,00000,3161003,0,12270,12270,노대동,,남구,12270,아파트,전월세,202601,아파트 전월세,,,,,,남구|노대동|825|노대실로 9|00009|00000,35.1088035081054,126.905394245253,광주광역시 남구 노대동 825,전남광주통합특별시 남구 노대실로 9,남구,효덕동,1227071000,성공,남구,효덕동,True,남구 효덕동,남구 효덕동,4816,7,36.72,남구 노대실로 9,True
효천엘에이치천년나무7단지,29155-391,2017,26.01~28.02,신규,21,1,2026,"2,326",26.54,4,713,13,,,행암길 9,0,00009,00000,4283689,0,12270,12270,행암동,,남구,12270,아파트,전월세,202601,아파트 전월세,,,,,,남구|행암동|713|행암길 9|00009|00000,35.1026108867821,126.896298377775,광주광역시 남구 행암동 713,전남광주통합특별시 남구 행암길 9,남구,효덕동,1227071000,성공,남구,효덕동,True,남구 효덕동,남구 효덕동,2326,13,26.54,남구 행암길 9,True
송화마을휴먼시아(진월3블럭주공),29155-304,2007,26.02~28.01,갱신,8,1,2026,"2,724",46.9,9,731,15,"2,594",14,효우로60번길 10,0,00010,00000,4283741,1,12270,12270,노대동,,남구,12270,아파트,전월세,202601,아파트 전월세,,,,,,남구|노대동|731|효우로60번길 10|00010|00000,35.1097155897455,126.903323235324,광주광역시 남구 노대동 731,전남광주통합특별시 남구 효우로60번길 10,남구,효덕동,1227071000,성공,남구,효덕동,True,남구 효덕동,남구 효덕동,2724,15,46.9,남구 효우로60번길 10,True
송화마을휴먼시아(진월3블럭주공),29155-304,2007,26.02~28.01,갱신,22,1,2026,"3,595",51.93,2,731,20,"3,113",17,효우로60번길 10,0,00010,00000,4283741,1,12270,12270,노대동,,남구,12270,아파트,전월세,202601,아파트 전월세,,,,,,남구|노대동|731|효우로60번길 10|00010|00000,35.1097155897455,126.903323235324,광주광역시 남구 노대동 731,전남광주통합특별시 남구 효우로60번길 10,남구,효덕동,1227071000,성공,남구,효덕동,True,남구 효덕동,남구 효덕동,3595,20,51.93,남구 효우로60번길 10,True
광주효천1엘에이치3단지,29155-403,2020,26.01~28.02,신규,22,1,2026,"2,182",26.7,12,731,11,,,효천중앙로 35,0,00035,00000,3351961,0,12270,12270,임암동,,남구,12270,아파트,전월세,202601,아파트 전월세,,,,,,남구|임암동|731|효천중앙로 35|00035|00000,35.1035679937987,126.87276883408,광주광역시 남구 임암동 731,전남광주통합특별시 남구 효천중앙로 35,남구,송암동,1227072000,성공,남구,송암동,True,남구 송암동,남구 송암동,2182,11,26.7,남구 효천중앙로 35,True
송화마을휴먼시아(진월3블럭주공),29155-304,2007,26.02~28.01,갱신,21,1,2026,"4,168",51.89,2,731,12,"4,013",11,효우로60번길 10,0,00010,00000,4283741,1,12270,12270,노대동,,남구,12270,아파트,전월세,202601,아파트 전월세,,,,,,남구|노대동|731|효우로60번길 10|00010|00000,35.1097155897455,126.903323235324,광주광역시 남구 노대동 731,전남광주통합특별시 남구 효우로60번길 10,남구,효덕동,1227071000,성공,남구,효덕동,True,남구 효덕동,남구 효덕동,4168,12,51.89,남구 효우로60번길 10,True
송화마을휴먼시아(진월1블럭주공),29155-307,2007,26.02~28.01,갱신,19,1,2026,"2,179",39.85,8,725,12,"2,075",12,효우로60번길 50,0,00050,00000,4283741,1,12270,12270,노대동,,남구,12270,아파트,전월세,202601,아파트 전월세,,,,,,남구|노대동|725|효우로60번길 50|00050|00000,35.1093929954418,126.900214471772,광주광역시 남구 노대동 725,전남광주통합특별시 남구 효우로60번길 50,남구,효덕동,1227071000,성공,남구,효덕동,True,남구 효덕동,남구 효덕동,2179,12,39.85,남구 효우로60번길 50,True
효천엘에이치천년나무7단지,29155-391,2017,26.01~28.02,신규,21,1,2026,"2,347",26.54,4,713,13,,,행암길 9,0,00009,00000,4283689,0,12270,12270,행암동,,남구,12270,아파트,전월세,202601,아파트 전월세,,,,,,남구|행암동|713|행암길 9|00009|00000,35.1026108867821,126.896298377775,광주광역시 남구 행암동 713,전남광주통합특별시 남구 행암길 9,남구,효덕동,1227071000,성공,남구,효덕동,True,남구 효덕동,남구 효덕동,2347,13,26.54,남구 행암길 9,True
송화마을휴먼시아(진월3블럭주공),29155-304,2007,26.02~28.01,갱신,20,1,2026,"4,168",51.93,5,731,12,"4,013",11,효우로60번길 10,0,00010,00000,4283741,1,12270,12270,노대동,,남구,12270,아파트,전월세,202601,아파트 전월세,,,,,,남구|노대동|731|효우로60번길 10|00010|00000,35.1097155897455,126.903323235324,광주광역시 남구 노대동 731,전남광주통합특별시 남구 효우로60번길 10,남구,효덕동,1227071000,성공,남구,효덕동,True,남구 효덕동,남구 효덕동,4168,12,51.93,남구 효우로60번길 10,True
송화마을휴먼시아(진월3블럭주공),29155-304,2007,26.02~28.01,갱신,16,1,2026,"4,568",51.93,8,731,12,"4,413",11,효우로60번길 10,0,00010,00000,4283741,1,12270,12270,노대동,,남구,12270,아파트,전월세,202601,아파트 전월세,,,,,,남구|노대동|731|효우로60번길 10|00010|00000,35.1097155897455,126.903323235324,광주광역시 남구 노대동 731,전남광주통합특별시 남구 효우로60번길 10,남구,효덕동,1227071000,성공,남구,효덕동,True,남구 효덕동,남구 효덕동,4568,12,51.93,남구 효우로60번길 10,True
송화마을휴먼시아(진월1블럭주공),29155-307,2007,26.02~28.01,갱신,16,1,2026,"2,679",39.72,2,725,10,"2,575",9,효우로60번길 50,0,00050,00000,4283741,1,12270,12270,노대동,,남구,12270,아파트,전월세,202601,아파트 전월세,,,,,,남구|노대동|725|효우로60번길 50|00050|00000,35.1093929954418,126.900214471772,광주광역시 남구 노대동 725,전남광주통합특별시 남구 효우로60번길 50,남구,효덕동,1227071000,성공,남구,효덕동,True,남구 효덕동,남구 효덕동,2679,10,39.72,남구 효우로60번길 50,True
송화마을휴먼시아(진월3블럭주공),29155-304,2007,26.02~28.01,갱신,15,1,2026,"2,724",46.9,3,731,15,"2,594",14,효우로60번길 10,0,00010,00000,4283741,1,12270,12270,노대동,,남구,12270,아파트,전월세,202601,아파트 전월세,,,,,,남구|노대동|731|효우로60번길 10|00010|00000,35.1097155897455,126.903323235324,광주광역시 남구 노대동 731,전남광주통합특별시 남구 효우로60번길 10,남구,효덕동,1227071000,성공,남구,효덕동,True,남구 효덕동,남구 효덕동,2724,15,46.9,남구 효우로60번길 10,True
효천엘에이치천년나무7단지,29155-391,2017,26.02~28.01,갱신,13,1,2026,"1,805",16.99,8,713,7,"1,469",8,행암길 9,0,00009,00000,4283689,0,12270,12270,행암동,,남구,12270,아파트,전월세,202601,아파트 전월세,,,,,,남구|행암동|713|행암길 9|00009|00000,35.1026108867821,126.896298377775,광주광역시 남구 행암동 713,전남광주통합특별시 남구 행암길 9,남구,효덕동,1227071000,성공,남구,효덕동,True,남구 효덕동,남구 효덕동,1805,7,16.99,남구 행암길 9,True
송화마을휴먼시아(진월3블럭주공),29155-304,2007,26.02~28.01,갱신,8,1,2026,"3,824",46.9,7,731,8,"3,694",7,효우로60번길 10,0,00010,00000,4283741,1,12270,12270,노대동,,남구,12270,아파트,전월세,202601,아파트 전월세,,,,,,남구|노대동|731|효우로60번길 10|00010|00000,35.1097155897455,126.903323235324,광주광역시 남구 노대동 731,전남광주통합특별시 남구 효우로60번길 10,남구,효덕동,1227071000,성공,남구,효덕동,True,남구 효덕동,남구 효덕동,3824,8,46.9,남구 효우로60번길 10,True
광주효천1엘에이치1단지,29155-421,2021,26.02~28.01,갱신,7,1,2026,"1,025",26.63,2,679,13,996,13,효천로 176,0,00176,00000,3351956,1,12270,12270,임암동,,남구,12270,아파트,전월세,202601,아파트 전월세,,,,,,남구|임암동|679|효천로 176|00176|00000,35.1076021714696,126.863505319348,광주광역시 남구 임암동 679,전남광주통합특별시 남구 효천로 176,남구,송암동,1227072000,성공,남구,송암동,True,남구 송암동,남구 송암동,1025,13,26.63,남구 효천로 176,True
효천엘에이치천년나무7단지,29155-391,2017,26.02~28.01,갱신,7,1,2026,"4,870",36.81,8,713,8,"3,078",17,행암길 9,0,00009,00000,4283689,0,12270,12270,행암동,,남구,12270,아파트,전월세,202601,아파트 전월세,,,,,,남구|행암동|713|행암길 9|00009|00000,35.1026108867821,126.896298377775,광주광역시 남구 행암동 713,전남광주통합특별시 남구 행암길 9,남구,효덕동,1227071000,성공,남구,효덕동,True,남구 효덕동,남구 효덕동,4870,8,36.81,남구 행암길 9,True
송화마을휴먼시아(진월3블럭주공),29155-304,2007,26.02~28.01,갱신,7,1,2026,"3,268",51.93,14,731,18,"3,113",17,효우로60번길 10,0,00010,00000,4283741,1,12270,12270,노대동,,남구,12270,아파트,전월세,202601,아파트 전월세,,,,,,남구|노대동|731|효우로60번길 10|00010|00000,35.1097155897455,126.903323235324,광주광역시 남구 노대동 731,전남광주통합특별시 남구 효우로60번길 10,남구,효덕동,1227071000,성공,남구,효덕동,True,남구 효덕동,남구 효덕동,3268,18,51.93,남구 효우로60번길 10,True
모아미래도,29170-226,2001,,,25,1,2026,"1,000",36.0791,11,1406-1,40,,,저불로 21,0,00021,00000,3162067,1,12300,12300,용봉동,,북구,12300,아파트,전월세,202601,아파트 전월세,,,,,,북구|용봉동|1406-1|저불로 21|00021|00000,35.176412339897,126.894098954572,광주광역시 북구 용봉동 1406-1,전남광주통합특별시 북구 저불로 21,북구,용봉동,1230059000,성공,북구,용봉동,True,북구 용봉동,북구 용봉동,1000,40,36.0791,북구 저불로 21,True
모아미래도,29170-226,2001,26.02~28.01,신규,25,1,2026,"1,000",36.0791,11,1406-1,40,,,저불로 21,0,00021,00000,3162067,1,12300,12300,용봉동,,북구,12300,아파트,전월세,202601,아파트 전월세,,,,,,북구|용봉동|1406-1|저불로 21|00021|00000,35.176412339897,126.894098954572,광주광역시 북구 용봉동 1406-1,전남광주통합특별시 북구 저불로 21,북구,용봉동,1230059000,성공,북구,용봉동,True,북구 용봉동,북구 용봉동,1000,40,36.0791,북구 저불로 21,True
모아미래도,29170-226,2001,26.01~27.01,신규,27,1,2026,"1,000",36.0791,8,1406-1,40,,,저불로 21,0,00021,00000,3162067,1,12300,12300,용봉동,,북구,12300,아파트,전월세,202601,아파트 전월세,,,,,,북구|용봉동|1406-1|저불로 21|00021|00000,35.176412339897,126.894098954572,광주광역시 북구 용봉동 1406-1,전남광주통합특별시 북구 저불로 21,북구,용봉동,1230059000,성공,북구,용봉동,True,북구 용봉동,북구 용봉동,1000,40,36.0791,북구 저불로 21,True
한양에드가302동,29200-309,2013,,,17,1,2026,500,25.6308,5,694-115,45,,,월계로 223-17,0,00223,00017,3163039,2,12330,12330,쌍암동,,광산구,12330,아파트,전월세,202601,아파트 전월세,,,,,,광산구|쌍암동|694-115|월계로 223-17|00223|00017,35.2149023369798,126.849588941863,광주광역시 광산구 쌍암동 694-115,전남광주통합특별시 광산구 월계로 223-17,광산구,첨단2동,1233062600,성공,북구,첨단2동,True,광산구 첨단2동,북구 첨단2동,500,45,25.6308,광산구 월계로 223-17,True
한양에드가302동,29200-309,2013,26.01~27.01,신규,17,1,2026,500,25.6308,5,694-115,45,,,월계로 223-17,0,00223,00017,3163039,2,12330,12330,쌍암동,,광산구,12330,아파트,전월세,202601,아파트 전월세,,,,,,광산구|쌍암동|694-115|월계로 223-17|00223|00017,35.2149023369798,126.849588941863,광주광역시 광산구 쌍암동 694-115,전남광주통합특별시 광산구 월계로 223-17,광산구,첨단2동,1233062600,성공,북구,첨단2동,True,광산구 첨단2동,북구 첨단2동,500,45,25.6308,광산구 월계로 223-17,True
광주수완7신완마을휴먼시아,29200-264,2011,26.02~28.01,갱신,5,1,2026,"3,096",39.25,4,1037,7,"2,942",6,풍영로329번길 50,0,00050,00000,4289681,1,12330,12330,장덕동,,광산구,12330,아파트,전월세,202601,아파트 전월세,,,,,,광산구|장덕동|1037|풍영로329번길 50|00050|00000,35.2014118295745,126.812869241031,광주광역시 광산구 장덕동 1037,전남광주통합특별시 광산구 풍영로329번길 50,광산구,수완동,1233063700,성공,광산구,수완동,True,광산구 수완동,광산구 수완동,3096,7,39.25,광산구 풍영로329번길 50,True
광주첨단엘에이치2단지,29200-426,2020,26.01~28.02,신규,21,1,2026,"3,438",36.72,9,683-2,19,,,임방울대로825번길 9,0,00009,00000,4289554,0,12330,12330,쌍암동,,광산구,12330,아파트,전월세,202601,아파트 전월세,,,,,,광산구|쌍암동|683-2|임방울대로825번길 9|00009|00000,35.218229827909,126.848341882075,광주광역시 광산구 쌍암동 683-2,전남광주통합특별시 광산구 임방울대로825번길 9,광산구,첨단1동,1233062400,성공,광산구,첨단1동,True,광산구 첨단1동,광산구 첨단1동,3438,19,36.72,광산구 임방울대로825번길 9,True
광주하남엘에이치천년나무,29200-414,2019,26.01~28.01,신규,16,1,2026,"3,042",26.03,4,1611-3,11,,,용아로 175-6,,00175,00006,3163035,0,12330,12330,우산동,,광산구,12330,아파트,전월세,202601,아파트 전월세,,,,,,광산구|우산동|1611-3|용아로 175-6|00175|00006,35.1599080758315,126.800246035505,광주광역시 광산구 우산동 1611-3,전남광주통합특별시 광산구 용아로 175-6,광산구,우산동,1233058000,성공,광산구,우산동,True,광산구 우산동,광산구 우산동,3042,11,26.03,광산구 용아로 175-6,True
에이엠시티4차,29200-318,2014,26.03~27.03,신규,30,1,2026,500,22.1404,5,660-7,40,,,첨단중앙로152번길 17-6,0,00017,00006,4289613,1,12330,12330,쌍암동,,광산구,12330,아파트,전월세,202601,아파트 전월세,,,,,,광산구|쌍암동|660-7|첨단중앙로152번길 17-6|00017|00006,35.2193014166222,126.843435669554,광주광역시 광산구 쌍암동 660-7,전남광주통합특별시 광산구 첨단중앙로152번길 17-6,광산구,첨단1동,1233062400,성공,광산구,첨단1동,True,광산구 첨단1동,광산구 첨단1동,500,40,22.1404,광산구 첨단중앙로152번길 17-6,True
첨단도휘에드가2차,29200-350,2015,26.02~27.02,신규,21,1,2026,300,19.13,8,694-70,40,,,월계로 223-20,0,00223,00020,3163039,1,12330,12330,쌍암동,,광산구,12330,아파트,전월세,202601,아파트 전월세,,,,,,광산구|쌍암동|694-70|월계로 223-20|00223|00020,35.2153858800186,126.850509647451,광주광역시 광산구 쌍암동 694-70,전남광주통합특별시 광산구 월계로 223-20,광산구,첨단2동,1233062600,성공,북구,첨단2동,True,광산구 첨단2동,북구 첨단2동,300,40,19.13,광산구 월계로 223-20,True
시영2차(우산빛여울채),29200-115,1992,26.02~28.02,신규,29,1,2026,310,31.5,12,1603-1,6,,,우산로 17,0,00017,00000,3163037,1,12330,12330,우산동,,광산구,12330,아파트,전월세,202601,아파트 전월세,,,,,,광산구|우산동|1603-1|우산로 17|00017|00000,35.1595040617071,126.802816530404,광주광역시 광산구 우산동 1603-1,전남광주통합특별시 광산구 우산로 17,광산구,우산동,1233058000,성공,광산구,우산동,True,광산구 우산동,광산구 우산동,310,6,31.5,광산구 우산로 17,True
하남주공(2단지),29200-39,1991,26.02~28.02,신규,22,1,2026,300,44.52,6,1571-1,45,,,월곡산정로 12,0,00012,00000,3163042,1,12330,12330,우산동,,광산구,12330,아파트,전월세,202601,아파트 전월세,,,,,,광산구|우산동|1571-1|월곡산정로 12|00012|00000,35.1651071402315,126.803686058,광주광역시 광산구 우산동 1571-1,전남광주통합특별시 광산구 월곡산정로 12,광산구,우산동,1233058000,성공,광산구,우산동,True,광산구 우산동,광산구 우산동,300,45,44.52,광산구 월곡산정로 12,True
에이엠시티5차,29200-307,2013,26.01~27.01,신규,12,1,2026,500,19.1284,5,682-1,39,,,임방울대로825번길 19,0,00019,00000,4289554,1,12330,12330,쌍암동,,광산구,12330,아파트,전월세,202601,아파트 전월세,,,,,,광산구|쌍암동|682-1|임방울대로825번길 19|00019|00000,35.2187157362366,126.847688221979,광주광역시 광산구 쌍암동 682-1,전남광주통합특별시 광산구 임방울대로825번길 19,광산구,첨단1동,1233062400,성공,광산구,첨단1동,True,광산구 첨단1동,광산구 첨단1동,500,39,19.1284,광산구 임방울대로825번길 19,True
윤진리안채,29200-391,2017,26.01~27.01,신규,13,1,2026,500,28.7459,13,694-74,50,,,첨단강변로99번길 21,0,00021,00000,4289601,0,12330,12330,쌍암동,,광산구,12330,아파트,전월세,202601,아파트 전월세,,,,,,광산구|쌍암동|694-74|첨단강변로99번길 21|00021|00000,35.2151862774642,126.851132647598,광주광역시 광산구 쌍암동 694-74,전남광주통합특별시 광산구 첨단강변로99번길 21,광산구,첨단2동,1233062600,성공,북구,첨단2동,True,광산구 첨단2동,북구 첨단2동,500,50,28.7459,광산구 첨단강변로99번길 21,True
하남주공(2단지),29200-39,1991,26.02~28.02,신규,24,1,2026,300,44.52,15,1571-1,40,,,월곡산정로 12,0,00012,00000,3163042,1,12330,12330,우산동,,광산구,12330,아파트,전월세,202601,아파트 전월세,,,,,,광산구|우산동|1571-1|월곡산정로 12|00012|00000,35.1651071402315,126.803686058,광주광역시 광산구 우산동 1571-1,전남광주통합특별시 광산구 월곡산정로 12,광산구,우산동,1233058000,성공,광산구,우산동,True,광산구 우산동,광산구 우산동,300,40,44.52,광산구 월곡산정로 12,True
광주우산엘에이치1단지,29200-422,2019,26.01~28.01,신규,1,1,2026,"1,734",16.84,7,1599-1,7,,,무진대로 246-7,,00246,00007,2009009,0,12330,12330,우산동,,광산구,12330,아파트,전월세,202601,아파트 전월세,,,,,,광산구|우산동|1599-1|무진대로 246-7|00246|00007,35.1605509336336,126.807603506014,광주광역시 광산구 우산동 1599-1,전남광주통합특별시 광산구 무진대로 246-7,광산구,우산동,1233058000,성공,광산구,우산동,True,광산구 우산동,광산구 우산동,1734,7,16.84,광산구 무진대로 246-7,True
에이엠시티5차,29200-307,2013,26.02~27.02,신규,21,1,2026,300,19.1284,3,682-1,38,,,임방울대로825번길 19,0,00019,00000,4289554,1,12330,12330,쌍암동,,광산구,12330,아파트,전월세,202601,아파트 전월세,,,,,,광산구|쌍암동|682-1|임방울대로825번길 19|00019|00000,35.2187157362366,126.847688221979,광주광역시 광산구 쌍암동 682-1,전남광주통합특별시 광산구 임방울대로825번길 19,광산구,첨단1동,1233062400,성공,광산구,첨단1동,True,광산구 첨단1동,광산구 첨단1동,300,38,19.1284,광산구 임방울대로825번길 19,True
하남주공(2단지),29200-39,1991,26.02~28.02,신규,27,1,2026,500,44.52,2,1571-1,37,,,월곡산정로 12,0,00012,00000,3163042,1,12330,12330,우산동,,광산구,12330,아파트,전월세,202601,아파트 전월세,,,,,,광산구|우산동|1571-1|월곡산정로 12|00012|00000,35.1651071402315,126.803686058,광주광역시 광산구 우산동 1571-1,전남광주통합특별시 광산구 월곡산정로 12,광산구,우산동,1233058000,성공,광산구,우산동,True,광산구 우산동,광산구 우산동,500,37,44.52,광산구 월곡산정로 12,True
무들에코클래스,29200-323,2014,26.01~27.01,신규,10,1,2026,500,19.9836,8,893-1,37,,,임방울대로826번길 60-5,0,00060,00005,4289555,1,12330,12330,월계동,,광산구,12330,아파트,전월세,202601,아파트 전월세,,,,,,광산구|월계동|893-1|임방울대로826번길 60-5|00060|00005,35.2144820852673,126.847824082744,광주광역시 광산구 월계동 893-1,전남광주통합특별시 광산구 임방울대로826번길 60-5,광산구,첨단2동,1233062600,성공,북구,첨단2동,True,광산구 첨단2동,북구 첨단2동,500,37,19.9836,광산구 임방울대로826번길 60-5,True
첨단AM-City스카이하이2차,29200-338,2015,26.02~28.02,신규,24,1,2026,"2,000",19.2584,10,878-4,24,,,첨단중앙로106번길 65-11,0,00065,00011,4289610,0,12330,12330,월계동,,광산구,12330,아파트,전월세,202601,아파트 전월세,,,,,,광산구|월계동|878-4|첨단중앙로106번길 65-11|00065|00011,35.2158649451099,126.846545140704,광주광역시 광산구 월계동 878-4,전남광주통합특별시 광산구 첨단중앙로106번길 65-11,광산구,첨단2동,1233062600,성공,북구,첨단2동,True,광산구 첨단2동,북구 첨단2동,2000,24,19.2584,광산구 첨단중앙로106번길 65-11,True
첨단AM-City,29200-273,2012,26.02~27.02,신규,19,1,2026,500,19.1513,5,884-2,30,,,첨단중앙로106번길 65-4,0,00065,00004,4289610,1,12330,12330,월계동,,광산구,12330,아파트,전월세,202601,아파트 전월세,,,,,,광산구|월계동|884-2|첨단중앙로106번길 65-4|00065|00004,35.215133360486,126.847005173109,광주광역시 광산구 월계동 884-2,전남광주통합특별시 광산구 첨단중앙로106번길 65-4,광산구,첨단2동,1233062600,성공,북구,첨단2동,True,광산구 첨단2동,북구 첨단2동,500,30,19.1513,광산구 첨단중앙로106번길 65-4,True
에이엠시티5차,29200-307,2013,26.01~27.01,신규,17,1,2026,300,19.1284,6,682-1,40,,,임방울대로825번길 19,0,00019,00000,4289554,1,12330,12330,쌍암동,,광산구,12330,아파트,전월세,202601,아파트 전월세,,,,,,광산구|쌍암동|682-1|임방울대로825번길 19|00019|00000,35.2187157362366,126.847688221979,광주광역시 광산구 쌍암동 682-1,전남광주통합특별시 광산구 임방울대로825번길 19,광산구,첨단1동,1233062400,성공,광산구,첨단1동,True,광산구 첨단1동,광산구 첨단1동,300,40,19.1284,광산구 임방울대로825번길 19,True
첨단도휘에드가2차,29200-350,2015,26.02~27.02,신규,28,1,2026,500,19.69,11,694-70,37,,,월계로 223-20,0,00223,00020,3163039,1,12330,12330,쌍암동,,광산구,12330,아파트,전월세,202601,아파트 전월세,,,,,,광산구|쌍암동|694-70|월계로 223-20|00223|00020,35.2153858800186,126.850509647451,광주광역시 광산구 쌍암동 694-70,전남광주통합특별시 광산구 월계로 223-20,광산구,첨단2동,1233062600,성공,북구,첨단2동,True,광산구 첨단2동,북구 첨단2동,500,37,19.69,광산구 월계로 223-20,True
광주첨단엘에이치3단지,29200-424,2020,26.01~28.02,신규,21,1,2026,"3,438",36.72,7,869-2,19,,,임방울대로800번길 11-5,,00011,00005,4289552,0,12330,12330,월계동,,광산구,12330,아파트,전월세,202601,아파트 전월세,,,,,,광산구|월계동|869-2|임방울대로800번길 11-5|00011|00005,35.2172126334807,126.846821692809,광주광역시 광산구 월계동 869-2,전남광주통합특별시 광산구 임방울대로800번길 11-5,광산구,첨단2동,1233062600,성공,북구,첨단2동,True,광산구 첨단2동,북구 첨단2동,3438,19,36.72,광산구 임방울대로800번길 11-5,True
무들에코클래스,29200-323,2014,26.01~27.01,신규,17,1,2026,500,19.9836,5,893-1,35,,,임방울대로826번길 60-5,0,00060,00005,4289555,1,12330,12330,월계동,,광산구,12330,아파트,전월세,202601,아파트 전월세,,,,,,광산구|월계동|893-1|임방울대로826번길 60-5|00060|00005,35.2144820852673,126.847824082744,광주광역시 광산구 월계동 893-1,전남광주통합특별시 광산구 임방울대로826번길 60-5,광산구,첨단2동,1233062600,성공,북구,첨단2동,True,광산구 첨단2동,북구 첨단2동,500,35,19.9836,광산구 임방울대로826번길 60-5,True
첨단도휘에드가2차,29200-350,2015,26.01~27.01,신규,6,1,2026,300,19.13,8,694-70,35,,,월계로 223-20,0,00223,00020,3163039,1,12330,12330,쌍암동,,광산구,12330,아파트,전월세,202601,아파트 전월세,,,,,,광산구|쌍암동|694-70|월계로 223-20|00223|00020,35.2153858800186,126.850509647451,광주광역시 광산구 쌍암동 694-70,전남광주통합특별시 광산구 월계로 223-20,광산구,첨단2동,1233062600,성공,북구,첨단2동,True,광산구 첨단2동,북구 첨단2동,300,35,19.13,광산구 월계로 223-20,True
하남주공(2단지),29200-39,1991,26.02~28.02,신규,13,1,2026,300,44.52,12,1571-1,47,,,월곡산정로 12,0,00012,00000,3163042,1,12330,12330,우산동,,광산구,12330,아파트,전월세,202601,아파트 전월세,,,,,,광산구|우산동|1571-1|월곡산정로 12|00012|00000,35.1651071402315,126.803686058,광주광역시 광산구 우산동 1571-1,전남광주통합특별시 광산구 월곡산정로 12,광산구,우산동,1233058000,성공,광산구,우산동,True,광산구 우산동,광산구 우산동,300,47,44.52,광산구 월곡산정로 12,True
하남주공(2단지),29200-39,1991,26.01~28.01,신규,12,1,2026,300,44.52,3,1571-1,40,,,월곡산정로 12,0,00012,00000,3163042,1,12330,12330,우산동,,광산구,12330,아파트,전월세,202601,아파트 전월세,,,,,,광산구|우산동|1571-1|월곡산정로 12|00012|00000,35.1651071402315,126.803686058,광주광역시 광산구 우산동 1571-1,전남광주통합특별시 광산구 월곡산정로 12,광산구,우산동,1233058000,성공,광산구,우산동,True,광산구 우산동,광산구 우산동,300,40,44.52,광산구 월곡산정로 12,True
첨단도휘에드가2차,29200-350,2015,26.01~27.01,신규,28,1,2026,300,19.69,12,694-70,45,,,월계로 223-20,0,00223,00020,3163039,1,12330,12330,쌍암동,,광산구,12330,아파트,전월세,202601,아파트 전월세,,,,,,광산구|쌍암동|694-70|월계로 223-20|00223|00020,35.2153858800186,126.850509647451,광주광역시 광산구 쌍암동 694-70,전남광주통합특별시 광산구 월계로 223-20,광산구,첨단2동,1233062600,성공,북구,첨단2동,True,광산구 첨단2동,북구 첨단2동,300,45,19.69,광산구 월계로 223-20,True
에이엠시티4차,29200-318,2014,26.03~27.03,신규,31,1,2026,500,22.1404,5,660-7,40,,,첨단중앙로152번길 17-6,0,00017,00006,4289613,1,12330,12330,쌍암동,,광산구,12330,아파트,전월세,202601,아파트 전월세,,,,,,광산구|쌍암동|660-7|첨단중앙로152번길 17-6|00017|00006,35.2193014166222,126.843435669554,광주광역시 광산구 쌍암동 660-7,전남광주통합특별시 광산구 첨단중앙로152번길 17-6,광산구,첨단1동,1233062400,성공,광산구,첨단1동,True,광산구 첨단1동,광산구 첨단1동,500,40,22.1404,광산구 첨단중앙로152번길 17-6,True
첨단센트럴파크2차,29200-399,2018,26.02~28.02,갱신,30,1,2026,"16,000",47.44,12,676-3,0,"16,000",,첨단중앙로170번길 87,0,00087,00000,4289614,1,12330,12330,쌍암동,,광산구,12330,아파트,전월세,202601,아파트 전월세,,,,,,광산구|쌍암동|676-3|첨단중앙로170번길 87|00087|00000,35.2209763822162,126.84687920672,광주광역시 광산구 쌍암동 676-3,전남광주통합특별시 광산구 첨단중앙로170번길 87,광산구,첨단1동,1233062400,성공,광산구,첨단1동,True,광산구 첨단1동,광산구 첨단1동,16000,0,47.44,광산구 첨단중앙로170번길 87,True
첨단센트럴파크2차,29200-399,2018,26.01~28.01,신규,5,1,2026,"1,000",47.44,7,676-3,65,,,첨단중앙로170번길 87,0,00087,00000,4289614,1,12330,12330,쌍암동,,광산구,12330,아파트,전월세,202601,아파트 전월세,,,,,,광산구|쌍암동|676-3|첨단중앙로170번길 87|00087|00000,35.2209763822162,126.84687920672,광주광역시 광산구 쌍암동 676-3,전남광주통합특별시 광산구 첨단중앙로170번길 87,광산구,첨단1동,1233062400,성공,광산구,첨단1동,True,광산구 첨단1동,광산구 첨단1동,1000,65,47.44,광산구 첨단중앙로170번길 87,True
에이엠시티5차,29200-307,2013,26.01~27.01,신규,31,1,2026,300,19.1284,7,682-1,38,,,임방울대로825번길 19,0,00019,00000,4289554,1,12330,12330,쌍암동,,광산구,12330,아파트,전월세,202601,아파트 전월세,,,,,,광산구|쌍암동|682-1|임방울대로825번길 19|00019|00000,35.2187157362366,126.847688221979,광주광역시 광산구 쌍암동 682-1,전남광주통합특별시 광산구 임방울대로825번길 19,광산구,첨단1동,1233062400,성공,광산구,첨단1동,True,광산구 첨단1동,광산구 첨단1동,300,38,19.1284,광산구 임방울대로825번길 19,True
첨단도휘에드가2차,29200-350,2015,26.01~27.01,신규,15,1,2026,300,19.69,12,694-70,38,,,월계로 223-20,0,00223,00020,3163039,1,12330,12330,쌍암동,,광산구,12330,아파트,전월세,202601,아파트 전월세,,,,,,광산구|쌍암동|694-70|월계로 223-20|00223|00020,35.2153858800186,126.850509647451,광주광역시 광산구 쌍암동 694-70,전남광주통합특별시 광산구 월계로 223-20,광산구,첨단2동,1233062600,성공,북구,첨단2동,True,광산구 첨단2동,북구 첨단2동,300,38,19.69,광산구 월계로 223-20,True
무들에코클래스,29200-323,2014,26.01~27.01,신규,6,1,2026,300,19.9836,10,893-1,37,,,임방울대로826번길 60-5,0,00060,00005,4289555,1,12330,12330,월계동,,광산구,12330,아파트,전월세,202601,아파트 전월세,,,,,,광산구|월계동|893-1|임방울대로826번길 60-5|00060|00005,35.2144820852673,126.847824082744,광주광역시 광산구 월계동 893-1,전남광주통합특별시 광산구 임방울대로826번길 60-5,광산구,첨단2동,1233062600,성공,북구,첨단2동,True,광산구 첨단2동,북구 첨단2동,300,37,19.9836,광산구 임방울대로826번길 60-5,True
첨단AM-City스카이하이2차,29200-338,2015,26.01~27.01,신규,19,1,2026,300,19.2584,7,878-4,40,,,첨단중앙로106번길 65-11,0,00065,00011,4289610,0,12330,12330,월계동,,광산구,12330,아파트,전월세,202601,아파트 전월세,,,,,,광산구|월계동|878-4|첨단중앙로106번길 65-11|00065|00011,35.2158649451099,126.846545140704,광주광역시 광산구 월계동 878-4,전남광주통합특별시 광산구 첨단중앙로106번길 65-11,광산구,첨단2동,1233062600,성공,북구,첨단2동,True,광산구 첨단2동,북구 첨단2동,300,40,19.2584,광산구 첨단중앙로106번길 65-11,True
광주첨단엘에이치3단지,29200-424,2020,26.02~28.01,갱신,30,1,2026,"1,523",16.8,9,869-2,8,"1,479",8,임방울대로800번길 11-5,,00011,00005,4289552,0,12330,12330,월계동,,광산구,12330,아파트,전월세,202601,아파트 전월세,,,,,,광산구|월계동|869-2|임방울대로800번길 11-5|00011|00005,35.2172126334807,126.846821692809,광주광역시 광산구 월계동 869-2,전남광주통합특별시 광산구 임방울대로800번길 11-5,광산구,첨단2동,1233062600,성공,북구,첨단2동,True,광산구 첨단2동,북구 첨단2동,1523,8,16.8,광산구 임방울대로800번길 11-5,True
첨단AM-City,29200-273,2012,26.01~27.01,신규,21,1,2026,500,19.1513,8,884-2,40,,,첨단중앙로106번길 65-4,0,00065,00004,4289610,1,12330,12330,월계동,,광산구,12330,아파트,전월세,202601,아파트 전월세,,,,,,광산구|월계동|884-2|첨단중앙로106번길 65-4|00065|00004,35.215133360486,126.847005173109,광주광역시 광산구 월계동 884-2,전남광주통합특별시 광산구 첨단중앙로106번길 65-4,광산구,첨단2동,1233062600,성공,북구,첨단2동,True,광산구 첨단2동,북구 첨단2동,500,40,19.1513,광산구 첨단중앙로106번길 65-4,True
하남주공(2단지),29200-39,1991,26.02~28.01,신규,29,1,2026,300,38.64,13,1571-1,40,,,월곡산정로 12,0,00012,00000,3163042,1,12330,12330,우산동,,광산구,12330,아파트,전월세,202601,아파트 전월세,,,,,,광산구|우산동|1571-1|월곡산정로 12|00012|00000,35.1651071402315,126.803686058,광주광역시 광산구 우산동 1571-1,전남광주통합특별시 광산구 월곡산정로 12,광산구,우산동,1233058000,성공,광산구,우산동,True,광산구 우산동,광산구 우산동,300,40,38.64,광산구 월곡산정로 12,True
광주수완7신완마을휴먼시아,29200-264,2011,26.02~28.01,신규,28,1,2026,"2,724",46.85,4,1037,15,,,풍영로329번길 50,0,00050,00000,4289681,1,12330,12330,장덕동,,광산구,12330,아파트,전월세,202601,아파트 전월세,,,,,,광산구|장덕동|1037|풍영로329번길 50|00050|00000,35.2014118295745,126.812869241031,광주광역시 광산구 장덕동 1037,전남광주통합특별시 광산구 풍영로329번길 50,광산구,수완동,1233063700,성공,광산구,수완동,True,광산구 수완동,광산구 수완동,2724,15,46.85,광산구 풍영로329번길 50,True
아름마을휴먼시아1단지,29200-247,2009,26.02~28.01,신규,20,1,2026,"2,828",46.9,9,1061,15,,,수등로123번길 70,0,00070,00000,4289327,1,12330,12330,신가동,,광산구,12330,아파트,전월세,202601,아파트 전월세,,,,,,광산구|신가동|1061|수등로123번길 70|00070|00000,35.1858460602035,126.824527935674,광주광역시 광산구 신가동 1061,전남광주통합특별시 광산구 수등로123번길 70,광산구,수완동,1233063700,성공,광산구,수완동,True,광산구 수완동,광산구 수완동,2828,15,46.9,광산구 수등로123번길 70,True
첨단도휘에드가2차,29200-350,2015,26.02~27.02,신규,27,1,2026,300,19.69,5,694-70,38,,,월계로 223-20,0,00223,00020,3163039,1,12330,12330,쌍암동,,광산구,12330,아파트,전월세,202601,아파트 전월세,,,,,,광산구|쌍암동|694-70|월계로 223-20|00223|00020,35.2153858800186,126.850509647451,광주광역시 광산구 쌍암동 694-70,전남광주통합특별시 광산구 월계로 223-20,광산구,첨단2동,1233062600,성공,북구,첨단2동,True,광산구 첨단2동,북구 첨단2동,300,38,19.69,광산구 월계로 223-20,True
첨단도휘에드가2차,29200-350,2015,26.02~27.02,신규,17,1,2026,300,19.69,3,694-70,38,,,월계로 223-20,0,00223,00020,3163039,1,12330,12330,쌍암동,,광산구,12330,아파트,전월세,202601,아파트 전월세,,,,,,광산구|쌍암동|694-70|월계로 223-20|00223|00020,35.2153858800186,126.850509647451,광주광역시 광산구 쌍암동 694-70,전남광주통합특별시 광산구 월계로 223-20,광산구,첨단2동,1233062600,성공,북구,첨단2동,True,광산구 첨단2동,북구 첨단2동,300,38,19.69,광산구 월계로 223-20,True
광주수완7신완마을휴먼시아,29200-264,2011,26.02~28.01,갱신,27,1,2026,"3,324",46.9,12,1037,11,"3,244",11,풍영로329번길 50,0,00050,00000,4289681,1,12330,12330,장덕동,,광산구,12330,아파트,전월세,202601,아파트 전월세,,,,,,광산구|장덕동|1037|풍영로329번길 50|00050|00000,35.2014118295745,126.812869241031,광주광역시 광산구 장덕동 1037,전남광주통합특별시 광산구 풍영로329번길 50,광산구,수완동,1233063700,성공,광산구,수완동,True,광산구 수완동,광산구 수완동,3324,11,46.9,광산구 풍영로329번길 50,True
한양에드가302동,29200-309,2013,26.01~27.01,신규,9,1,2026,300,19.853,10,694-115,35,,,월계로 223-17,0,00223,00017,3163039,2,12330,12330,쌍암동,,광산구,12330,아파트,전월세,202601,아파트 전월세,,,,,,광산구|쌍암동|694-115|월계로 223-17|00223|00017,35.2149023369798,126.849588941863,광주광역시 광산구 쌍암동 694-115,전남광주통합특별시 광산구 월계로 223-17,광산구,첨단2동,1233062600,성공,북구,첨단2동,True,광산구 첨단2동,북구 첨단2동,300,35,19.853,광산구 월계로 223-17,True
첨단도휘에드가2차,29200-350,2015,26.01~27.01,신규,3,1,2026,300,19.69,10,694-70,38,,,월계로 223-20,0,00223,00020,3163039,1,12330,12330,쌍암동,,광산구,12330,아파트,전월세,202601,아파트 전월세,,,,,,광산구|쌍암동|694-70|월계로 223-20|00223|00020,35.2153858800186,126.850509647451,광주광역시 광산구 쌍암동 694-70,전남광주통합특별시 광산구 월계로 223-20,광산구,첨단2동,1233062600,성공,북구,첨단2동,True,광산구 첨단2동,북구 첨단2동,300,38,19.69,광산구 월계로 223-20,True
한양에드가302동,29200-309,2013,26.01~26.10,신규,20,1,2026,300,24.8708,7,694-115,40,,,월계로 223-17,0,00223,00017,3163039,2,12330,12330,쌍암동,,광산구,12330,아파트,전월세,202601,아파트 전월세,,,,,,광산구|쌍암동|694-115|월계로 223-17|00223|00017,35.2149023369798,126.849588941863,광주광역시 광산구 쌍암동 694-115,전남광주통합특별시 광산구 월계로 223-17,광산구,첨단2동,1233062600,성공,북구,첨단2동,True,광산구 첨단2동,북구 첨단2동,300,40,24.8708,광산구 월계로 223-17,True
광주수완6신완마을휴먼시아,29200-263,2010,26.02~28.01,갱신,26,1,2026,"3,534",46.9,10,1044,17,"3,334",18,풍영로329번길 51,0,00051,00000,4289681,1,12330,12330,장덕동,,광산구,12330,아파트,전월세,202601,아파트 전월세,,,,,,광산구|장덕동|1044|풍영로329번길 51|00051|00000,35.1993201857989,126.811785931546,광주광역시 광산구 장덕동 1044,전남광주통합특별시 광산구 풍영로329번길 51,광산구,수완동,1233063700,성공,광산구,수완동,True,광산구 수완동,광산구 수완동,3534,17,46.9,광산구 풍영로329번길 51,True
무들에코클래스,29200-323,2014,26.01~27.01,신규,24,1,2026,300,19.9836,3,893-1,37,,,임방울대로826번길 60-5,0,00060,00005,4289555,1,12330,12330,월계동,,광산구,12330,아파트,전월세,202601,아파트 전월세,,,,,,광산구|월계동|893-1|임방울대로826번길 60-5|00060|00005,35.2144820852673,126.847824082744,광주광역시 광산구 월계동 893-1,전남광주통합특별시 광산구 임방울대로826번길 60-5,광산구,첨단2동,1233062600,성공,북구,첨단2동,True,광산구 첨단2동,북구 첨단2동,300,37,19.9836,광산구 임방울대로826번길 60-5,True
고실마을휴먼시아8단지,29200-262,2010,26.03~28.02,갱신,23,1,2026,"2,117",39.94,1,1098,12,"2,022",11,풍영로330번길 15,0,00015,00000,4289682,1,12330,12330,장덕동,,광산구,12330,아파트,전월세,202601,아파트 전월세,,,,,,광산구|장덕동|1098|풍영로330번길 15|00015|00000,35.2015313255941,126.816684307953,광주광역시 광산구 장덕동 1098,전남광주통합특별시 광산구 풍영로330번길 15,광산구,수완동,1233063700,성공,광산구,수완동,True,광산구 수완동,광산구 수완동,2117,12,39.94,광산구 풍영로330번길 15,True
아름마을휴먼시아3단지,29200-260,2009,26.02~28.01,갱신,22,1,2026,"4,308",46.9,6,1202,8,"4,179",7,하남대로261번길 11,0,00011,00000,4289685,1,12330,12330,신가동,,광산구,12330,아파트,전월세,202601,아파트 전월세,,,,,,광산구|신가동|1202|하남대로261번길 11|00011|00000,35.1803936905995,126.820478944492,광주광역시 광산구 신가동 1202,전남광주통합특별시 광산구 하남대로261번길 11,광산구,수완동,1233063700,성공,광산구,수완동,True,광산구 수완동,광산구 수완동,4308,8,46.9,광산구 하남대로261번길 11,True
광주첨단엘에이치3단지,29200-424,2020,26.01~28.02,신규,21,1,2026,"3,438",36.72,6,869-2,19,,,임방울대로800번길 11-5,,00011,00005,4289552,0,12330,12330,월계동,,광산구,12330,아파트,전월세,202601,아파트 전월세,,,,,,광산구|월계동|869-2|임방울대로800번길 11-5|00011|00005,35.2172126334807,126.846821692809,광주광역시 광산구 월계동 869-2,전남광주통합특별시 광산구 임방울대로800번길 11-5,광산구,첨단2동,1233062600,성공,북구,첨단2동,True,광산구 첨단2동,북구 첨단2동,3438,19,36.72,광산구 임방울대로800번길 11-5,True
광주첨단엘에이치2단지,29200-426,2020,26.01~28.02,신규,21,1,2026,"2,632",26.97,9,683-2,14,,,임방울대로825번길 9,0,00009,00000,4289554,0,12330,12330,쌍암동,,광산구,12330,아파트,전월세,202601,아파트 전월세,,,,,,광산구|쌍암동|683-2|임방울대로825번길 9|00009|00000,35.218229827909,126.848341882075,광주광역시 광산구 쌍암동 683-2,전남광주통합특별시 광산구 임방울대로825번길 9,광산구,첨단1동,1233062400,성공,광산구,첨단1동,True,광산구 첨단1동,광산구 첨단1동,2632,14,26.97,광산구 임방울대로825번길 9,True
첨단도휘에드가2차,29200-350,2015,26.02~27.01,갱신,19,1,2026,300,19.69,7,694-70,40,300,45,월계로 223-20,0,00223,00020,3163039,1,12330,12330,쌍암동,,광산구,12330,아파트,전월세,202601,아파트 전월세,,,,,,광산구|쌍암동|694-70|월계로 223-20|00223|00020,35.2153858800186,126.850509647451,광주광역시 광산구 쌍암동 694-70,전남광주통합특별시 광산구 월계로 223-20,광산구,첨단2동,1233062600,성공,북구,첨단2동,True,광산구 첨단2동,북구 첨단2동,300,40,19.69,광산구 월계로 223-20,True
첨단도휘에드가2차,29200-350,2015,26.02~27.01,갱신,19,1,2026,300,19.13,6,694-70,40,300,45,월계로 223-20,0,00223,00020,3163039,1,12330,12330,쌍암동,,광산구,12330,아파트,전월세,202601,아파트 전월세,,,,,,광산구|쌍암동|694-70|월계로 223-20|00223|00020,35.2153858800186,126.850509647451,광주광역시 광산구 쌍암동 694-70,전남광주통합특별시 광산구 월계로 223-20,광산구,첨단2동,1233062600,성공,북구,첨단2동,True,광산구 첨단2동,북구 첨단2동,300,40,19.13,광산구 월계로 223-20,True
첨단도휘에드가2차,29200-350,2015,26.01~27.01,갱신,19,1,2026,300,19.69,5,694-70,40,300,45,월계로 223-20,0,00223,00020,3163039,1,12330,12330,쌍암동,,광산구,12330,아파트,전월세,202601,아파트 전월세,,,,,,광산구|쌍암동|694-70|월계로 223-20|00223|00020,35.2153858800186,126.850509647451,광주광역시 광산구 쌍암동 694-70,전남광주통합특별시 광산구 월계로 223-20,광산구,첨단2동,1233062600,성공,북구,첨단2동,True,광산구 첨단2동,북구 첨단2동,300,40,19.69,광산구 월계로 223-20,True
에이엠시티5차,29200-307,2013,26.01~28.01,신규,4,1,2026,500,19.1284,3,682-1,38,,,임방울대로825번길 19,0,00019,00000,4289554,1,12330,12330,쌍암동,,광산구,12330,아파트,전월세,202601,아파트 전월세,,,,,,광산구|쌍암동|682-1|임방울대로825번길 19|00019|00000,35.2187157362366,126.847688221979,광주광역시 광산구 쌍암동 682-1,전남광주통합특별시 광산구 임방울대로825번길 19,광산구,첨단1동,1233062400,성공,광산구,첨단1동,True,광산구 첨단1동,광산구 첨단1동,500,38,19.1284,광산구 임방울대로825번길 19,True
첨단도휘에드가2차,29200-350,2015,26.02~27.01,갱신,19,1,2026,300,19.69,6,694-70,40,300,47,월계로 223-20,0,00223,00020,3163039,1,12330,12330,쌍암동,,광산구,12330,아파트,전월세,202601,아파트 전월세,,,,,,광산구|쌍암동|694-70|월계로 223-20|00223|00020,35.2153858800186,126.850509647451,광주광역시 광산구 쌍암동 694-70,전남광주통합특별시 광산구 월계로 223-20,광산구,첨단2동,1233062600,성공,북구,첨단2동,True,광산구 첨단2동,북구 첨단2동,300,40,19.69,광산구 월계로 223-20,True
광주하남엘에이치천년나무,29200-414,2019,26.02~28.01,갱신,21,1,2026,528,26.03,10,1611-3,16,"2,171",13,용아로 175-6,,00175,00006,3163035,0,12330,12330,우산동,,광산구,12330,아파트,전월세,202601,아파트 전월세,,,,,,광산구|우산동|1611-3|용아로 175-6|00175|00006,35.1599080758315,126.800246035505,광주광역시 광산구 우산동 1611-3,전남광주통합특별시 광산구 용아로 175-6,광산구,우산동,1233058000,성공,광산구,우산동,True,광산구 우산동,광산구 우산동,528,16,26.03,광산구 용아로 175-6,True
아름마을휴먼시아1단지,29200-247,2009,26.03~28.02,갱신,21,1,2026,"2,221",39.72,13,1061,12,"2,156",12,수등로123번길 70,0,00070,00000,4289327,1,12330,12330,신가동,,광산구,12330,아파트,전월세,202601,아파트 전월세,,,,,,광산구|신가동|1061|수등로123번길 70|00070|00000,35.1858460602035,126.824527935674,광주광역시 광산구 신가동 1061,전남광주통합특별시 광산구 수등로123번길 70,광산구,수완동,1233063700,성공,광산구,수완동,True,광산구 수완동,광산구 수완동,2221,12,39.72,광산구 수등로123번길 70,True
에이엠시티센트럴파크,29200-349,2015,26.02~28.02,신규,20,1,2026,"11,000",40.9226,14,676-2,0,,,첨단중앙로182번길 50,,00050,00000,4289616,1,12330,12330,쌍암동,,광산구,12330,아파트,전월세,202601,아파트 전월세,,,,,,광산구|쌍암동|676-2|첨단중앙로182번길 50|00050|00000,35.2215170161494,126.846882804545,광주광역시 광산구 쌍암동 676-2,전남광주통합특별시 광산구 첨단중앙로182번길 50,광산구,첨단1동,1233062400,성공,광산구,첨단1동,True,광산구 첨단1동,광산구 첨단1동,11000,0,40.9226,광산구 첨단중앙로182번길 50,True
무들에코클래스,29200-323,2014,26.01~27.01,신규,20,1,2026,400,19.9836,9,893-1,37,,,임방울대로826번길 60-5,0,00060,00005,4289555,1,12330,12330,월계동,,광산구,12330,아파트,전월세,202601,아파트 전월세,,,,,,광산구|월계동|893-1|임방울대로826번길 60-5|00060|00005,35.2144820852673,126.847824082744,광주광역시 광산구 월계동 893-1,전남광주통합특별시 광산구 임방울대로826번길 60-5,광산구,첨단2동,1233062600,성공,북구,첨단2동,True,광산구 첨단2동,북구 첨단2동,400,37,19.9836,광산구 임방울대로826번길 60-5,True
윤진리안채,29200-391,2017,26.01~27.01,신규,9,1,2026,500,28.373,15,694-74,55,,,첨단강변로99번길 21,0,00021,00000,4289601,0,12330,12330,쌍암동,,광산구,12330,아파트,전월세,202601,아파트 전월세,,,,,,광산구|쌍암동|694-74|첨단강변로99번길 21|00021|00000,35.2151862774642,126.851132647598,광주광역시 광산구 쌍암동 694-74,전남광주통합특별시 광산구 첨단강변로99번길 21,광산구,첨단2동,1233062600,성공,북구,첨단2동,True,광산구 첨단2동,북구 첨단2동,500,55,28.373,광산구 첨단강변로99번길 21,True
첨단도휘에드가2차,29200-350,2015,26.02~28.02,신규,19,1,2026,"4,840",19.69,9,694-70,0,,,월계로 223-20,0,00223,00020,3163039,1,12330,12330,쌍암동,,광산구,12330,아파트,전월세,202601,아파트 전월세,,,,,,광산구|쌍암동|694-70|월계로 223-20|00223|00020,35.2153858800186,126.850509647451,광주광역시 광산구 쌍암동 694-70,전남광주통합특별시 광산구 월계로 223-20,광산구,첨단2동,1233062600,성공,북구,첨단2동,True,광산구 첨단2동,북구 첨단2동,4840,0,19.69,광산구 월계로 223-20,True
첨단AM-City,29200-273,2012,26.01~27.01,신규,10,1,2026,300,19.1513,8,884-2,38,,,첨단중앙로106번길 65-4,0,00065,00004,4289610,1,12330,12330,월계동,,광산구,12330,아파트,전월세,202601,아파트 전월세,,,,,,광산구|월계동|884-2|첨단중앙로106번길 65-4|00065|00004,35.215133360486,126.847005173109,광주광역시 광산구 월계동 884-2,전남광주통합특별시 광산구 첨단중앙로106번길 65-4,광산구,첨단2동,1233062600,성공,북구,첨단2동,True,광산구 첨단2동,북구 첨단2동,300,38,19.1513,광산구 첨단중앙로106번길 65-4,True
아름마을휴먼시아2단지,29200-248,2009,26.02~28.01,갱신,16,1,2026,"2,830",46.9,10,1064,15,"2,748",15,수등로123번길 22,0,00022,00000,4289327,1,12330,12330,신가동,,광산구,12330,아파트,전월세,202601,아파트 전월세,,,,,,광산구|신가동|1064|수등로123번길 22|00022|00000,35.1842119227205,126.82398140206,광주광역시 광산구 신가동 1064,전남광주통합특별시 광산구 수등로123번길 22,광산구,수완동,1233063700,성공,광산구,수완동,True,광산구 수완동,광산구 수완동,2830,15,46.9,광산구 수등로123번길 22,True
장자울마을휴먼시아5단지,29200-256,2009,26.02~28.01,갱신,16,1,2026,"2,830",46.9,5,504,15,"2,748",15,풍영로145번길 42,0,00042,00000,4289671,1,12330,12330,흑석동,,광산구,12330,아파트,전월세,202601,아파트 전월세,,,,,,광산구|흑석동|504|풍영로145번길 42|00042|00000,35.1849233891164,126.811481524903,광주광역시 광산구 흑석동 504,전남광주통합특별시 광산구 풍영로145번길 42,광산구,수완동,1233063700,성공,광산구,수완동,True,광산구 수완동,광산구 수완동,2830,15,46.9,광산구 풍영로145번길 42,True
첨단AM-City,29200-273,2012,26.01~27.01,신규,14,1,2026,"1,000",19.1513,3,884-2,30,,,첨단중앙로106번길 65-4,0,00065,00004,4289610,1,12330,12330,월계동,,광산구,12330,아파트,전월세,202601,아파트 전월세,,,,,,광산구|월계동|884-2|첨단중앙로106번길 65-4|00065|00004,35.215133360486,126.847005173109,광주광역시 광산구 월계동 884-2,전남광주통합특별시 광산구 첨단중앙로106번길 65-4,광산구,첨단2동,1233062600,성공,북구,첨단2동,True,광산구 첨단2동,북구 첨단2동,1000,30,19.1513,광산구 첨단중앙로106번길 65-4,True
광주첨단엘에이치2단지,29200-426,2020,26.01~28.01,신규,9,1,2026,"5,638",36.72,10,683-2,8,,,임방울대로825번길 9,0,00009,00000,4289554,0,12330,12330,쌍암동,,광산구,12330,아파트,전월세,202601,아파트 전월세,,,,,,광산구|쌍암동|683-2|임방울대로825번길 9|00009|00000,35.218229827909,126.848341882075,광주광역시 광산구 쌍암동 683-2,전남광주통합특별시 광산구 임방울대로825번길 9,광산구,첨단1동,1233062400,성공,광산구,첨단1동,True,광산구 첨단1동,광산구 첨단1동,5638,8,36.72,광산구 임방울대로825번길 9,True
에이엠시티4차,29200-318,2014,26.02~27.02,신규,15,1,2026,500,22.1404,4,660-7,40,,,첨단중앙로152번길 17-6,0,00017,00006,4289613,1,12330,12330,쌍암동,,광산구,12330,아파트,전월세,202601,아파트 전월세,,,,,,광산구|쌍암동|660-7|첨단중앙로152번길 17-6|00017|00006,35.2193014166222,126.843435669554,광주광역시 광산구 쌍암동 660-7,전남광주통합특별시 광산구 첨단중앙로152번길 17-6,광산구,첨단1동,1233062400,성공,광산구,첨단1동,True,광산구 첨단1동,광산구 첨단1동,500,40,22.1404,광산구 첨단중앙로152번길 17-6,True
첨단도휘에드가2차,29200-350,2015,26.01~27.01,신규,7,1,2026,"2,000",19.69,8,694-70,20,,,월계로 223-20,0,00223,00020,3163039,1,12330,12330,쌍암동,,광산구,12330,아파트,전월세,202601,아파트 전월세,,,,,,광산구|쌍암동|694-70|월계로 223-20|00223|00020,35.2153858800186,126.850509647451,광주광역시 광산구 쌍암동 694-70,전남광주통합특별시 광산구 월계로 223-20,광산구,첨단2동,1233062600,성공,북구,첨단2동,True,광산구 첨단2동,북구 첨단2동,2000,20,19.69,광산구 월계로 223-20,True
첨단AM-City,29200-273,2012,26.01~27.01,신규,7,1,2026,500,19.1513,5,884-2,40,,,첨단중앙로106번길 65-4,0,00065,00004,4289610,1,12330,12330,월계동,,광산구,12330,아파트,전월세,202601,아파트 전월세,,,,,,광산구|월계동|884-2|첨단중앙로106번길 65-4|00065|00004,35.215133360486,126.847005173109,광주광역시 광산구 월계동 884-2,전남광주통합특별시 광산구 첨단중앙로106번길 65-4,광산구,첨단2동,1233062600,성공,북구,첨단2동,True,광산구 첨단2동,북구 첨단2동,500,40,19.1513,광산구 첨단중앙로106번길 65-4,True
첨단AM-City,29200-273,2012,26.01~27.01,신규,6,1,2026,500,19.1513,7,884-2,40,,,첨단중앙로106번길 65-4,0,00065,00004,4289610,1,12330,12330,월계동,,광산구,12330,아파트,전월세,202601,아파트 전월세,,,,,,광산구|월계동|884-2|첨단중앙로106번길 65-4|00065|00004,35.215133360486,126.847005173109,광주광역시 광산구 월계동 884-2,전남광주통합특별시 광산구 첨단중앙로106번길 65-4,광산구,첨단2동,1233062600,성공,북구,첨단2동,True,광산구 첨단2동,북구 첨단2동,500,40,19.1513,광산구 첨단중앙로106번길 65-4,True
광주우산엘에이치1단지,29200-422,2019,26.02~28.01,갱신,14,1,2026,"5,177",36.44,3,1599-1,6,"3,026",18,무진대로 246-7,,00246,00007,2009009,0,12330,12330,우산동,,광산구,12330,아파트,전월세,202601,아파트 전월세,,,,,,광산구|우산동|1599-1|무진대로 246-7|00246|00007,35.1605509336336,126.807603506014,광주광역시 광산구 우산동 1599-1,전남광주통합특별시 광산구 무진대로 246-7,광산구,우산동,1233058000,성공,광산구,우산동,True,광산구 우산동,광산구 우산동,5177,6,36.44,광산구 무진대로 246-7,True
광주첨단엘에이치3단지,29200-424,2020,26.02~28.01,갱신,14,1,2026,"3,458",26.97,11,869-2,7,"3,387",6,임방울대로800번길 11-5,,00011,00005,4289552,0,12330,12330,월계동,사용,광산구,12330,아파트,전월세,202601,아파트 전월세,,,,,,광산구|월계동|869-2|임방울대로800번길 11-5|00011|00005,35.2172126334807,126.846821692809,광주광역시 광산구 월계동 869-2,전남광주통합특별시 광산구 임방울대로800번길 11-5,광산구,첨단2동,1233062600,성공,북구,첨단2동,True,광산구 첨단2동,북구 첨단2동,3458,7,26.97,광산구 임방울대로800번길 11-5,True
아름마을휴먼시아1단지,29200-247,2009,26.01~28.02,신규,12,1,2026,"3,504",51.93,10,1061,19,,,수등로123번길 70,0,00070,00000,4289327,1,12330,12330,신가동,,광산구,12330,아파트,전월세,202601,아파트 전월세,,,,,,광산구|신가동|1061|수등로123번길 70|00070|00000,35.1858460602035,126.824527935674,광주광역시 광산구 신가동 1061,전남광주통합특별시 광산구 수등로123번길 70,광산구,수완동,1233063700,성공,광산구,수완동,True,광산구 수완동,광산구 수완동,3504,19,51.93,광산구 수등로123번길 70,True
장자울마을휴먼시아4단지,29200-257,2009,26.02~28.01,갱신,9,1,2026,"2,156",39.72,13,517,12,"2,156",12,풍영로145번길 43,0,00043,00000,4289671,1,12330,12330,흑석동,,광산구,12330,아파트,전월세,202601,아파트 전월세,,,,,,광산구|흑석동|517|풍영로145번길 43|00043|00000,35.1837458369346,126.811293211321,광주광역시 광산구 흑석동 517,전남광주통합특별시 광산구 풍영로145번길 43,광산구,수완동,1233063700,성공,광산구,수완동,True,광산구 수완동,광산구 수완동,2156,12,39.72,광산구 풍영로145번길 43,True
하남주공(2단지),29200-39,1991,26.02~28.02,신규,13,1,2026,400,44.52,7,1571-1,43,,,월곡산정로 12,0,00012,00000,3163042,1,12330,12330,우산동,,광산구,12330,아파트,전월세,202601,아파트 전월세,,,,,,광산구|우산동|1571-1|월곡산정로 12|00012|00000,35.1651071402315,126.803686058,광주광역시 광산구 우산동 1571-1,전남광주통합특별시 광산구 월곡산정로 12,광산구,우산동,1233058000,성공,광산구,우산동,True,광산구 우산동,광산구 우산동,400,43,44.52,광산구 월곡산정로 12,True
하남주공(2단지),29200-39,1991,26.01~28.01,신규,4,1,2026,300,38.64,9,1571-1,42,,,월곡산정로 12,0,00012,00000,3163042,1,12330,12330,우산동,,광산구,12330,아파트,전월세,202601,아파트 전월세,,,,,,광산구|우산동|1571-1|월곡산정로 12|00012|00000,35.1651071402315,126.803686058,광주광역시 광산구 우산동 1571-1,전남광주통합특별시 광산구 월곡산정로 12,광산구,우산동,1233058000,성공,광산구,우산동,True,광산구 우산동,광산구 우산동,300,42,38.64,광산구 월곡산정로 12,True
아름마을휴먼시아3단지,29200-260,2009,26.02~28.01,갱신,12,1,2026,"2,808",46.9,5,1202,16,"2,808",16,하남대로261번길 11,0,00011,00000,4289685,1,12330,12330,신가동,,광산구,12330,아파트,전월세,202601,아파트 전월세,,,,,,광산구|신가동|1202|하남대로261번길 11|00011|00000,35.1803936905995,126.820478944492,광주광역시 광산구 신가동 1202,전남광주통합특별시 광산구 하남대로261번길 11,광산구,수완동,1233063700,성공,광산구,수완동,True,광산구 수완동,광산구 수완동,2808,16,46.9,광산구 하남대로261번길 11,True
첨단AM-City스카이하이2차,29200-338,2015,26.01~28.01,신규,10,1,2026,300,19.2584,3,878-4,39,,,첨단중앙로106번길 65-11,0,00065,00011,4289610,0,12330,12330,월계동,,광산구,12330,아파트,전월세,202601,아파트 전월세,,,,,,광산구|월계동|878-4|첨단중앙로106번길 65-11|00065|00011,35.2158649451099,126.846545140704,광주광역시 광산구 월계동 878-4,전남광주통합특별시 광산구 첨단중앙로106번길 65-11,광산구,첨단2동,1233062600,성공,북구,첨단2동,True,광산구 첨단2동,북구 첨단2동,300,39,19.2584,광산구 첨단중앙로106번길 65-11,True
에이엠시티센트럴파크,29200-349,2015,26.01~27.01,신규,9,1,2026,"1,000",40.9226,14,676-2,60,,,첨단중앙로182번길 50,,00050,00000,4289616,1,12330,12330,쌍암동,,광산구,12330,아파트,전월세,202601,아파트 전월세,,,,,,광산구|쌍암동|676-2|첨단중앙로182번길 50|00050|00000,35.2215170161494,126.846882804545,광주광역시 광산구 쌍암동 676-2,전남광주통합특별시 광산구 첨단중앙로182번길 50,광산구,첨단1동,1233062400,성공,광산구,첨단1동,True,광산구 첨단1동,광산구 첨단1동,1000,60,40.9226,광산구 첨단중앙로182번길 50,True
첨단도휘에드가2차,29200-350,2015,26.01~27.01,신규,5,1,2026,300,19.69,12,694-70,38,,,월계로 223-20,0,00223,00020,3163039,1,12330,12330,쌍암동,,광산구,12330,아파트,전월세,202601,아파트 전월세,,,,,,광산구|쌍암동|694-70|월계로 223-20|00223|00020,35.2153858800186,126.850509647451,광주광역시 광산구 쌍암동 694-70,전남광주통합특별시 광산구 월계로 223-20,광산구,첨단2동,1233062600,성공,북구,첨단2동,True,광산구 첨단2동,북구 첨단2동,300,38,19.69,광산구 월계로 223-20,True
장자울마을휴먼시아5단지,29200-256,2009,26.02~28.01,갱신,9,1,2026,"4,130",46.9,10,504,8,"2,830",15,풍영로145번길 42,0,00042,00000,4289671,1,12330,12330,흑석동,,광산구,12330,아파트,전월세,202601,아파트 전월세,,,,,,광산구|흑석동|504|풍영로145번길 42|00042|00000,35.1849233891164,126.811481524903,광주광역시 광산구 흑석동 504,전남광주통합특별시 광산구 풍영로145번길 42,광산구,수완동,1233063700,성공,광산구,수완동,True,광산구 수완동,광산구 수완동,4130,8,46.9,광산구 풍영로145번길 42,True
아름마을휴먼시아1단지,29200-247,2009,26.03~28.02,갱신,9,1,2026,"4,358",46.9,3,1061,7,"4,275",6,수등로123번길 70,0,00070,00000,4289327,1,12330,12330,신가동,,광산구,12330,아파트,전월세,202601,아파트 전월세,,,,,,광산구|신가동|1061|수등로123번길 70|00070|00000,35.1858460602035,126.824527935674,광주광역시 광산구 신가동 1061,전남광주통합특별시 광산구 수등로123번길 70,광산구,수완동,1233063700,성공,광산구,수완동,True,광산구 수완동,광산구 수완동,4358,7,46.9,광산구 수등로123번길 70,True
광주첨단엘에이치1단지,29200-425,2020,26.02~28.01,신규,9,1,2026,"1,817",21.88,7,657-4,9,,,첨단중앙로152번길 6-8,,00006,00008,4289613,0,12330,12330,쌍암동,,광산구,12330,아파트,전월세,202601,아파트 전월세,,,,,,광산구|쌍암동|657-4|첨단중앙로152번길 6-8|00006|00008,35.2182552786944,126.842577336818,광주광역시 광산구 쌍암동 657-4,전남광주통합특별시 광산구 첨단중앙로152번길 6-8,광산구,첨단1동,1233062400,성공,광산구,첨단1동,True,광산구 첨단1동,광산구 첨단1동,1817,9,21.88,광산구 첨단중앙로152번길 6-8,True
아름마을휴먼시아3단지,29200-260,2009,26.01~28.01,갱신,9,1,2026,"3,060",39.72,10,1202,8,"2,160",12,하남대로261번길 11,0,00011,00000,4289685,1,12330,12330,신가동,,광산구,12330,아파트,전월세,202601,아파트 전월세,,,,,,광산구|신가동|1202|하남대로261번길 11|00011|00000,35.1803936905995,126.820478944492,광주광역시 광산구 신가동 1202,전남광주통합특별시 광산구 하남대로261번길 11,광산구,수완동,1233063700,성공,광산구,수완동,True,광산구 수완동,광산구 수완동,3060,8,39.72,광산구 하남대로261번길 11,True
하남주공(2단지),29200-39,1991,26.01~28.01,신규,8,1,2026,300,44.52,11,1571-1,42,,,월곡산정로 12,0,00012,00000,3163042,1,12330,12330,우산동,,광산구,12330,아파트,전월세,202601,아파트 전월세,,,,,,광산구|우산동|1571-1|월곡산정로 12|00012|00000,35.1651071402315,126.803686058,광주광역시 광산구 우산동 1571-1,전남광주통합특별시 광산구 월곡산정로 12,광산구,우산동,1233058000,성공,광산구,우산동,True,광산구 우산동,광산구 우산동,300,42,44.52,광산구 월곡산정로 12,True
에이엠시티센트럴파크,29200-349,2015,26.02~28.02,신규,7,1,2026,"1,000",40.9226,13,676-2,65,,,첨단중앙로182번길 50,,00050,00000,4289616,1,12330,12330,쌍암동,,광산구,12330,아파트,전월세,202601,아파트 전월세,,,,,,광산구|쌍암동|676-2|첨단중앙로182번길 50|00050|00000,35.2215170161494,126.846882804545,광주광역시 광산구 쌍암동 676-2,전남광주통합특별시 광산구 첨단중앙로182번길 50,광산구,첨단1동,1233062400,성공,광산구,첨단1동,True,광산구 첨단1동,광산구 첨단1동,1000,65,40.9226,광산구 첨단중앙로182번길 50,True
하남주공(2단지),29200-39,1991,26.02~28.02,신규,7,1,2026,"7,290",44.52,3,1571-1,0,,,월곡산정로 12,0,00012,00000,3163042,1,12330,12330,우산동,,광산구,12330,아파트,전월세,202601,아파트 전월세,,,,,,광산구|우산동|1571-1|월곡산정로 12|00012|00000,35.1651071402315,126.803686058,광주광역시 광산구 우산동 1571-1,전남광주통합특별시 광산구 월곡산정로 12,광산구,우산동,1233058000,성공,광산구,우산동,True,광산구 우산동,광산구 우산동,7290,0,44.52,광산구 월곡산정로 12,True
첨단AM-City,29200-273,2012,26.01~27.01,신규,3,1,2026,400,19.1513,6,884-2,38,,,첨단중앙로106번길 65-4,0,00065,00004,4289610,1,12330,12330,월계동,,광산구,12330,아파트,전월세,202601,아파트 전월세,,,,,,광산구|월계동|884-2|첨단중앙로106번길 65-4|00065|00004,35.215133360486,126.847005173109,광주광역시 광산구 월계동 884-2,전남광주통합특별시 광산구 첨단중앙로106번길 65-4,광산구,첨단2동,1233062600,성공,북구,첨단2동,True,광산구 첨단2동,북구 첨단2동,400,38,19.1513,광산구 첨단중앙로106번길 65-4,True
고실마을휴먼시아8단지,29200-262,2010,26.02~28.01,갱신,6,1,2026,"2,328",39.96,4,1098,13,"3,022",6,풍영로330번길 15,0,00015,00000,4289682,1,12330,12330,장덕동,,광산구,12330,아파트,전월세,202601,아파트 전월세,,,,,,광산구|장덕동|1098|풍영로330번길 15|00015|00000,35.2015313255941,126.816684307953,광주광역시 광산구 장덕동 1098,전남광주통합특별시 광산구 풍영로330번길 15,광산구,수완동,1233063700,성공,광산구,수완동,True,광산구 수완동,광산구 수완동,2328,13,39.96,광산구 풍영로330번길 15,True
첨단도휘에드가2차,29200-350,2015,26.02~28.02,신규,5,1,2026,"4,830",19.69,9,694-70,0,,,월계로 223-20,0,00223,00020,3163039,1,12330,12330,쌍암동,,광산구,12330,아파트,전월세,202601,아파트 전월세,,,,,,광산구|쌍암동|694-70|월계로 223-20|00223|00020,35.2153858800186,126.850509647451,광주광역시 광산구 쌍암동 694-70,전남광주통합특별시 광산구 월계로 223-20,광산구,첨단2동,1233062600,성공,북구,첨단2동,True,광산구 첨단2동,북구 첨단2동,4830,0,19.69,광산구 월계로 223-20,True
광주첨단엘에이치3단지,29200-424,2020,26.02~28.01,갱신,5,1,2026,"1,813",16.8,4,869-2,7,"1,679",6,임방울대로800번길 11-5,,00011,00005,4289552,0,12330,12330,월계동,,광산구,12330,아파트,전월세,202601,아파트 전월세,,,,,,광산구|월계동|869-2|임방울대로800번길 11-5|00011|00005,35.2172126334807,126.846821692809,광주광역시 광산구 월계동 869-2,전남광주통합특별시 광산구 임방울대로800번길 11-5,광산구,첨단2동,1233062600,성공,북구,첨단2동,True,광산구 첨단2동,북구 첨단2동,1813,7,16.8,광산구 임방울대로800번길 11-5,True
무들에코클래스,29200-323,2014,26.01~26.12,갱신,1,1,2026,200,38.5156,4,893-1,50,"2,000",47,임방울대로826번길 60-5,0,00060,00005,4289555,1,12330,12330,월계동,,광산구,12330,아파트,전월세,202601,아파트 전월세,,,,,,광산구|월계동|893-1|임방울대로826번길 60-5|00060|00005,35.2144820852673,126.847824082744,광주광역시 광산구 월계동 893-1,전남광주통합특별시 광산구 임방울대로826번길 60-5,광산구,첨단2동,1233062600,성공,북구,첨단2동,True,광산구 첨단2동,북구 첨단2동,200,50,38.5156,광산구 임방울대로826번길 60-5,True
AM-City하이클래스,29110-324,2014,26.03~27.03,신규,26,2,2026,500,17.67,10,154-1,38,,,금남로 185,0,00185,00000,3009019,1,12210,12210,금남로5가,,동구,12210,아파트,전월세,202602,아파트 전월세,,,,,,동구|금남로5가|154-1|금남로 185|00185|00000,35.1517659240292,126.913725421103,광주광역시 동구 금남로5가 154-1,전남광주통합특별시 동구 금남로 185,동구,충장동,1221052500,성공,동구,충장동,True,동구 충장동,동구 충장동,500,38,17.67,동구 금남로 185,True
AM-City하이클래스,29110-324,2014,26.02~27.02,신규,28,2,2026,300,17.67,15,154-1,40,,,금남로 185,0,00185,00000,3009019,1,12210,12210,금남로5가,,동구,12210,아파트,전월세,202602,아파트 전월세,,,,,,동구|금남로5가|154-1|금남로 185|00185|00000,35.1517659240292,126.913725421103,광주광역시 동구 금남로5가 154-1,전남광주통합특별시 동구 금남로 185,동구,충장동,1221052500,성공,동구,충장동,True,동구 충장동,동구 충장동,300,40,17.67,동구 금남로 185,True
AM-City하이클래스,29110-324,2014,26.03~26.09,신규,27,2,2026,300,17.67,14,154-1,40,,,금남로 185,0,00185,00000,3009019,1,12210,12210,금남로5가,,동구,12210,아파트,전월세,202602,아파트 전월세,,,,,,동구|금남로5가|154-1|금남로 185|00185|00000,35.1517659240292,126.913725421103,광주광역시 동구 금남로5가 154-1,전남광주통합특별시 동구 금남로 185,동구,충장동,1221052500,성공,동구,충장동,True,동구 충장동,동구 충장동,300,40,17.67,동구 금남로 185,True
AM-City하이클래스,29110-324,2014,26.02~27.02,신규,21,2,2026,300,15.1697,11,154-1,37,,,금남로 185,0,00185,00000,3009019,1,12210,12210,금남로5가,,동구,12210,아파트,전월세,202602,아파트 전월세,,,,,,동구|금남로5가|154-1|금남로 185|00185|00000,35.1517659240292,126.913725421103,광주광역시 동구 금남로5가 154-1,전남광주통합특별시 동구 금남로 185,동구,충장동,1221052500,성공,동구,충장동,True,동구 충장동,동구 충장동,300,37,15.1697,동구 금남로 185,True
AM-City하이클래스,29110-324,2014,26.02~27.02,신규,7,2,2026,500,17.67,8,154-1,37,,,금남로 185,0,00185,00000,3009019,1,12210,12210,금남로5가,,동구,12210,아파트,전월세,202602,아파트 전월세,,,,,,동구|금남로5가|154-1|금남로 185|00185|00000,35.1517659240292,126.913725421103,광주광역시 동구 금남로5가 154-1,전남광주통합특별시 동구 금남로 185,동구,충장동,1221052500,성공,동구,충장동,True,동구 충장동,동구 충장동,500,37,17.67,동구 금남로 185,True
AM-City하이클래스,29110-324,2014,26.02~27.02,신규,21,2,2026,500,17.67,13,154-1,38,,,금남로 185,0,00185,00000,3009019,1,12210,12210,금남로5가,,동구,12210,아파트,전월세,202602,아파트 전월세,,,,,,동구|금남로5가|154-1|금남로 185|00185|00000,35.1517659240292,126.913725421103,광주광역시 동구 금남로5가 154-1,전남광주통합특별시 동구 금남로 185,동구,충장동,1221052500,성공,동구,충장동,True,동구 충장동,동구 충장동,500,38,17.67,동구 금남로 185,True
AM-City하이클래스,29110-324,2014,26.03~27.02,신규,6,2,2026,500,15.1697,7,154-1,35,,,금남로 185,0,00185,00000,3009019,1,12210,12210,금남로5가,,동구,12210,아파트,전월세,202602,아파트 전월세,,,,,,동구|금남로5가|154-1|금남로 185|00185|00000,35.1517659240292,126.913725421103,광주광역시 동구 금남로5가 154-1,전남광주통합특별시 동구 금남로 185,동구,충장동,1221052500,성공,동구,충장동,True,동구 충장동,동구 충장동,500,35,15.1697,동구 금남로 185,True
AM-City하이클래스,29110-324,2014,26.02~27.02,신규,11,2,2026,300,15.1697,7,154-1,35,,,금남로 185,0,00185,00000,3009019,1,12210,12210,금남로5가,,동구,12210,아파트,전월세,202602,아파트 전월세,,,,,,동구|금남로5가|154-1|금남로 185|00185|00000,35.1517659240292,126.913725421103,광주광역시 동구 금남로5가 154-1,전남광주통합특별시 동구 금남로 185,동구,충장동,1221052500,성공,동구,충장동,True,동구 충장동,동구 충장동,300,35,15.1697,동구 금남로 185,True
AM-City하이클래스,29110-324,2014,26.02~27.02,신규,15,2,2026,500,15.1697,8,154-1,35,,,금남로 185,0,00185,00000,3009019,1,12210,12210,금남로5가,,동구,12210,아파트,전월세,202602,아파트 전월세,,,,,,동구|금남로5가|154-1|금남로 185|00185|00000,35.1517659240292,126.913725421103,광주광역시 동구 금남로5가 154-1,전남광주통합특별시 동구 금남로 185,동구,충장동,1221052500,성공,동구,충장동,True,동구 충장동,동구 충장동,500,35,15.1697,동구 금남로 185,True
AM-City하이클래스,29110-324,2014,26.02~27.02,신규,13,2,2026,500,17.67,13,154-1,40,,,금남로 185,0,00185,00000,3009019,1,12210,12210,금남로5가,,동구,12210,아파트,전월세,202602,아파트 전월세,,,,,,동구|금남로5가|154-1|금남로 185|00185|00000,35.1517659240292,126.913725421103,광주광역시 동구 금남로5가 154-1,전남광주통합특별시 동구 금남로 185,동구,충장동,1221052500,성공,동구,충장동,True,동구 충장동,동구 충장동,500,40,17.67,동구 금남로 185,True
AM-City하이클래스,29110-324,2014,26.02~27.02,신규,5,2,2026,"1,000",17.67,13,154-1,33,,,금남로 185,0,00185,00000,3009019,1,12210,12210,금남로5가,,동구,12210,아파트,전월세,202602,아파트 전월세,,,,,,동구|금남로5가|154-1|금남로 185|00185|00000,35.1517659240292,126.913725421103,광주광역시 동구 금남로5가 154-1,전남광주통합특별시 동구 금남로 185,동구,충장동,1221052500,성공,동구,충장동,True,동구 충장동,동구 충장동,1000,33,17.67,동구 금남로 185,True
농성동유탑유블레스,29140-335,2012,26.03~28.02,신규,25,2,2026,300,19.7906,3,112-1,35,,,경열로45번길 13,0,00013,00000,4280012,1,12240,12240,농성동,,서구,12240,아파트,전월세,202602,아파트 전월세,,,,,,서구|농성동|112-1|경열로45번길 13|00013|00000,35.1522648956668,126.891494681592,광주광역시 서구 농성동 112-1,전남광주통합특별시 서구 경열로45번길 13,서구,농성1동,1224065000,성공,서구,농성1동,True,서구 농성1동,서구 농성1동,300,35,19.7906,서구 경열로45번길 13,True
농성동유탑유블레스,29140-335,2012,26.02~27.02,신규,25,2,2026,300,19.7906,10,112-1,35,,,경열로45번길 13,0,00013,00000,4280012,1,12240,12240,농성동,,서구,12240,아파트,전월세,202602,아파트 전월세,,,,,,서구|농성동|112-1|경열로45번길 13|00013|00000,35.1522648956668,126.891494681592,광주광역시 서구 농성동 112-1,전남광주통합특별시 서구 경열로45번길 13,서구,농성1동,1224065000,성공,서구,농성1동,True,서구 농성1동,서구 농성1동,300,35,19.7906,서구 경열로45번길 13,True
농성동유탑유블레스,29140-335,2012,26.02~27.02,신규,11,2,2026,300,19.7906,4,112-1,34,,,경열로45번길 13,0,00013,00000,4280012,1,12240,12240,농성동,,서구,12240,아파트,전월세,202602,아파트 전월세,,,,,,서구|농성동|112-1|경열로45번길 13|00013|00000,35.1522648956668,126.891494681592,광주광역시 서구 농성동 112-1,전남광주통합특별시 서구 경열로45번길 13,서구,농성1동,1224065000,성공,서구,농성1동,True,서구 농성1동,서구 농성1동,300,34,19.7906,서구 경열로45번길 13,True
금호빛여울채,29140-154,1993,26.03~28.03,신규,23,2,2026,311,30.31,2,743-3,6,,,운천로32번길 23,0,00023,00000,4280316,1,12240,12240,금호동,,서구,12240,아파트,전월세,202602,아파트 전월세,,,,,,서구|금호동|743-3|운천로32번길 23|00023|00000,35.1364497780665,126.861974576909,광주광역시 서구 금호동 743-3,전남광주통합특별시 서구 운천로32번길 23,서구,금호1동,1224082100,성공,서구,금호1동,True,서구 금호1동,서구 금호1동,311,6,30.31,서구 운천로32번길 23,True
농성동유탑유블레스,29140-335,2012,26.03~27.02,신규,25,2,2026,300,19.6832,6,112-1,43,,,경열로45번길 13,0,00013,00000,4280012,1,12240,12240,농성동,,서구,12240,아파트,전월세,202602,아파트 전월세,,,,,,서구|농성동|112-1|경열로45번길 13|00013|00000,35.1522648956668,126.891494681592,광주광역시 서구 농성동 112-1,전남광주통합특별시 서구 경열로45번길 13,서구,농성1동,1224065000,성공,서구,농성1동,True,서구 농성1동,서구 농성1동,300,43,19.6832,서구 경열로45번길 13,True
농성동유탑유블레스,29140-335,2012,26.02~27.02,신규,2,2,2026,300,19.7906,5,112-1,35,,,경열로45번길 13,0,00013,00000,4280012,1,12240,12240,농성동,,서구,12240,아파트,전월세,202602,아파트 전월세,,,,,,서구|농성동|112-1|경열로45번길 13|00013|00000,35.1522648956668,126.891494681592,광주광역시 서구 농성동 112-1,전남광주통합특별시 서구 경열로45번길 13,서구,농성1동,1224065000,성공,서구,농성1동,True,서구 농성1동,서구 농성1동,300,35,19.7906,서구 경열로45번길 13,True
농성동유탑유블레스,29140-335,2012,26.02~27.02,신규,25,2,2026,300,19.7906,11,112-1,37,,,경열로45번길 13,0,00013,00000,4280012,1,12240,12240,농성동,,서구,12240,아파트,전월세,202602,아파트 전월세,,,,,,서구|농성동|112-1|경열로45번길 13|00013|00000,35.1522648956668,126.891494681592,광주광역시 서구 농성동 112-1,전남광주통합특별시 서구 경열로45번길 13,서구,농성1동,1224065000,성공,서구,농성1동,True,서구 농성1동,서구 농성1동,300,37,19.7906,서구 경열로45번길 13,True
광주효천1엘에이치1단지,29155-421,2021,,,2,2,2026,"6,484",46.91,5,679,11,,,효천로 176,0,00176,00000,3351956,1,12270,12270,임암동,,남구,12270,아파트,전월세,202602,아파트 전월세,,,,,,남구|임암동|679|효천로 176|00176|00000,35.1076021714696,126.863505319348,광주광역시 남구 임암동 679,전남광주통합특별시 남구 효천로 176,남구,송암동,1227072000,성공,남구,송암동,True,남구 송암동,남구 송암동,6484,11,46.91,남구 효천로 176,True
송화마을휴먼시아(진월3블럭주공),29155-304,2007,26.03~28.02,갱신,9,2,2026,"2,724",46.9,9,731,15,"2,594",14,효우로60번길 10,0,00010,00000,4283741,1,12270,12270,노대동,,남구,12270,아파트,전월세,202602,아파트 전월세,,,,,,남구|노대동|731|효우로60번길 10|00010|00000,35.1097155897455,126.903323235324,광주광역시 남구 노대동 731,전남광주통합특별시 남구 효우로60번길 10,남구,효덕동,1227071000,성공,남구,효덕동,True,남구 효덕동,남구 효덕동,2724,15,46.9,남구 효우로60번길 10,True
엘에이치송화마을8단지,29155-395,2018,26.02~28.03,신규,24,2,2026,"2,988",36.72,3,825,17,,,노대실로 9,0,00009,00000,3161003,0,12270,12270,노대동,,남구,12270,아파트,전월세,202602,아파트 전월세,,,,,,남구|노대동|825|노대실로 9|00009|00000,35.1088035081054,126.905394245253,광주광역시 남구 노대동 825,전남광주통합특별시 남구 노대실로 9,남구,효덕동,1227071000,성공,남구,효덕동,True,남구 효덕동,남구 효덕동,2988,17,36.72,남구 노대실로 9,True
엘에이치송화마을8단지,29155-395,2018,26.02~28.03,신규,24,2,2026,"1,382",16.85,12,825,8,,,노대실로 9,0,00009,00000,3161003,0,12270,12270,노대동,,남구,12270,아파트,전월세,202602,아파트 전월세,,,,,,남구|노대동|825|노대실로 9|00009|00000,35.1088035081054,126.905394245253,광주광역시 남구 노대동 825,전남광주통합특별시 남구 노대실로 9,남구,효덕동,1227071000,성공,남구,효덕동,True,남구 효덕동,남구 효덕동,1382,8,16.85,남구 노대실로 9,True
송화마을휴먼시아(진월3블럭주공),29155-304,2007,26.02~28.03,갱신,27,2,2026,"4,424",46.9,14,731,6,"2,724",15,효우로60번길 10,0,00010,00000,4283741,1,12270,12270,노대동,,남구,12270,아파트,전월세,202602,아파트 전월세,,,,,,남구|노대동|731|효우로60번길 10|00010|00000,35.1097155897455,126.903323235324,광주광역시 남구 노대동 731,전남광주통합특별시 남구 효우로60번길 10,남구,효덕동,1227071000,성공,남구,효덕동,True,남구 효덕동,남구 효덕동,4424,6,46.9,남구 효우로60번길 10,True
광주효천1엘에이치1단지,29155-421,2021,26.02~28.03,신규,24,2,2026,"1,803",37.7,4,679,21,,,효천로 176,0,00176,00000,3351956,1,12270,12270,임암동,,남구,12270,아파트,전월세,202602,아파트 전월세,,,,,,남구|임암동|679|효천로 176|00176|00000,35.1076021714696,126.863505319348,광주광역시 남구 임암동 679,전남광주통합특별시 남구 효천로 176,남구,송암동,1227072000,성공,남구,송암동,True,남구 송암동,남구 송암동,1803,21,37.7,남구 효천로 176,True
효천엘에이치천년나무7단지,29155-391,2017,26.02~28.03,신규,24,2,2026,"2,196",26.54,1,713,12,,,행암길 9,0,00009,00000,4283689,0,12270,12270,행암동,,남구,12270,아파트,전월세,202602,아파트 전월세,,,,,,남구|행암동|713|행암길 9|00009|00000,35.1026108867821,126.896298377775,광주광역시 남구 행암동 713,전남광주통합특별시 남구 행암길 9,남구,효덕동,1227071000,성공,남구,효덕동,True,남구 효덕동,남구 효덕동,2196,12,26.54,남구 행암길 9,True
엘에이치송화마을8단지,29155-395,2018,26.02~28.02,갱신,24,2,2026,"4,988",36.72,7,825,7,"2,988",17,노대실로 9,0,00009,00000,3161003,0,12270,12270,노대동,,남구,12270,아파트,전월세,202602,아파트 전월세,,,,,,남구|노대동|825|노대실로 9|00009|00000,35.1088035081054,126.905394245253,광주광역시 남구 노대동 825,전남광주통합특별시 남구 노대실로 9,남구,효덕동,1227071000,성공,남구,효덕동,True,남구 효덕동,남구 효덕동,4988,7,36.72,남구 노대실로 9,True
광주효천1엘에이치3단지,29155-403,2020,26.02~28.02,신규,23,2,2026,"3,182",26.7,12,731,6,,,효천중앙로 35,0,00035,00000,3351961,0,12270,12270,임암동,,남구,12270,아파트,전월세,202602,아파트 전월세,,,,,,남구|임암동|731|효천중앙로 35|00035|00000,35.1035679937987,126.87276883408,광주광역시 남구 임암동 731,전남광주통합특별시 남구 효천중앙로 35,남구,송암동,1227072000,성공,남구,송암동,True,남구 송암동,남구 송암동,3182,6,26.7,남구 효천중앙로 35,True
엘에이치송화마을8단지,29155-395,2018,26.03~28.02,갱신,20,2,2026,"4,516",36.72,5,825,7,"4,444",7,노대실로 9,0,00009,00000,3161003,0,12270,12270,노대동,,남구,12270,아파트,전월세,202602,아파트 전월세,,,,,,남구|노대동|825|노대실로 9|00009|00000,35.1088035081054,126.905394245253,광주광역시 남구 노대동 825,전남광주통합특별시 남구 노대실로 9,남구,효덕동,1227071000,성공,남구,효덕동,True,남구 효덕동,남구 효덕동,4516,7,36.72,남구 노대실로 9,True
효천엘에이치천년나무6단지아파트,29155-379,2016,26.03~27.09,신규,9,2,2026,"1,500",51.87,5,539,60,,,효우2로 90,0,00090,00000,3162075,1,12270,12270,행암동,,남구,12270,아파트,전월세,202602,아파트 전월세,,,,,,남구|행암동|539|효우2로 90|00090|00000,35.0991849700401,126.883590539706,광주광역시 남구 행암동 539,전남광주통합특별시 남구 효우2로 90,남구,송암동,1227072000,성공,남구,송암동,True,남구 송암동,남구 송암동,1500,60,51.87,남구 효우2로 90,True
엘에이치송화마을8단지,29155-395,2018,26.03~28.02,갱신,10,2,2026,"5,399",36.72,5,825,11,"4,683",7,노대실로 9,0,00009,00000,3161003,0,12270,12270,노대동,,남구,12270,아파트,전월세,202602,아파트 전월세,,,,,,남구|노대동|825|노대실로 9|00009|00000,35.1088035081054,126.905394245253,광주광역시 남구 노대동 825,전남광주통합특별시 남구 노대실로 9,남구,효덕동,1227071000,성공,남구,효덕동,True,남구 효덕동,남구 효덕동,5399,11,36.72,남구 노대실로 9,True
광주효천1엘에이치1단지,29155-421,2021,26.03~28.02,갱신,3,2,2026,"1,036",26.63,8,679,13,"1,006",13,효천로 176,0,00176,00000,3351956,1,12270,12270,임암동,,남구,12270,아파트,전월세,202602,아파트 전월세,,,,,,남구|임암동|679|효천로 176|00176|00000,35.1076021714696,126.863505319348,광주광역시 남구 임암동 679,전남광주통합특별시 남구 효천로 176,남구,송암동,1227072000,성공,남구,송암동,True,남구 송암동,남구 송암동,1036,13,26.63,남구 효천로 176,True
용봉주공,29170-227,2004,26.02~28.03,신규,24,2,2026,"2,118",51.49,3,1461,16,,,매곡로 20,0,00020,00000,3162014,1,12300,12300,용봉동,,북구,12300,아파트,전월세,202602,아파트 전월세,,,,,,북구|용봉동|1461|매곡로 20|00020|00000,35.1866483726599,126.895825017945,광주광역시 북구 용봉동 1461,전남광주통합특별시 북구 매곡로 20,북구,용봉동,1230059000,성공,북구,용봉동,True,북구 용봉동,북구 용봉동,2118,16,51.49,북구 매곡로 20,True
첨단센트럴파크2차,29200-399,2018,,,21,2,2026,"1,000",41.83,8,676-3,58,,,첨단중앙로170번길 87,0,00087,00000,4289614,1,12330,12330,쌍암동,,광산구,12330,아파트,전월세,202602,아파트 전월세,,,,,,광산구|쌍암동|676-3|첨단중앙로170번길 87|00087|00000,35.2209763822162,126.84687920672,광주광역시 광산구 쌍암동 676-3,전남광주통합특별시 광산구 첨단중앙로170번길 87,광산구,첨단1동,1233062400,성공,광산구,첨단1동,True,광산구 첨단1동,광산구 첨단1동,1000,58,41.83,광산구 첨단중앙로170번길 87,True
하남주공(2단지),29200-39,1991,,,10,2,2026,"4,000",44.52,14,1571-1,15,,,월곡산정로 12,0,00012,00000,3163042,1,12330,12330,우산동,,광산구,12330,아파트,전월세,202602,아파트 전월세,,,,,,광산구|우산동|1571-1|월곡산정로 12|00012|00000,35.1651071402315,126.803686058,광주광역시 광산구 우산동 1571-1,전남광주통합특별시 광산구 월곡산정로 12,광산구,우산동,1233058000,성공,광산구,우산동,True,광산구 우산동,광산구 우산동,4000,15,44.52,광산구 월곡산정로 12,True
에이엠시티5차,29200-307,2013,26.03~27.03,신규,10,2,2026,300,19.1284,4,682-1,42,,,임방울대로825번길 19,0,00019,00000,4289554,1,12330,12330,쌍암동,,광산구,12330,아파트,전월세,202602,아파트 전월세,,,,,,광산구|쌍암동|682-1|임방울대로825번길 19|00019|00000,35.2187157362366,126.847688221979,광주광역시 광산구 쌍암동 682-1,전남광주통합특별시 광산구 임방울대로825번길 19,광산구,첨단1동,1233062400,성공,광산구,첨단1동,True,광산구 첨단1동,광산구 첨단1동,300,42,19.1284,광산구 임방울대로825번길 19,True
에이엠시티센트럴파크,29200-349,2015,26.02~27.02,신규,22,2,2026,500,40.9226,4,676-2,63,,,첨단중앙로182번길 50,,00050,00000,4289616,1,12330,12330,쌍암동,,광산구,12330,아파트,전월세,202602,아파트 전월세,,,,,,광산구|쌍암동|676-2|첨단중앙로182번길 50|00050|00000,35.2215170161494,126.846882804545,광주광역시 광산구 쌍암동 676-2,전남광주통합특별시 광산구 첨단중앙로182번길 50,광산구,첨단1동,1233062400,성공,광산구,첨단1동,True,광산구 첨단1동,광산구 첨단1동,500,63,40.9226,광산구 첨단중앙로182번길 50,True
하남주공(2단지),29200-39,1991,26.03~28.03,신규,27,2,2026,300,44.94,9,1571-1,50,,,월곡산정로 12,0,00012,00000,3163042,1,12330,12330,우산동,,광산구,12330,아파트,전월세,202602,아파트 전월세,,,,,,광산구|우산동|1571-1|월곡산정로 12|00012|00000,35.1651071402315,126.803686058,광주광역시 광산구 우산동 1571-1,전남광주통합특별시 광산구 월곡산정로 12,광산구,우산동,1233058000,성공,광산구,우산동,True,광산구 우산동,광산구 우산동,300,50,44.94,광산구 월곡산정로 12,True
에이엠시티센트럴파크,29200-349,2015,26.02~31.02,신규,20,2,2026,300,40.9226,12,676-2,60,,,첨단중앙로182번길 50,,00050,00000,4289616,1,12330,12330,쌍암동,,광산구,12330,아파트,전월세,202602,아파트 전월세,,,,,,광산구|쌍암동|676-2|첨단중앙로182번길 50|00050|00000,35.2215170161494,126.846882804545,광주광역시 광산구 쌍암동 676-2,전남광주통합특별시 광산구 첨단중앙로182번길 50,광산구,첨단1동,1233062400,성공,광산구,첨단1동,True,광산구 첨단1동,광산구 첨단1동,300,60,40.9226,광산구 첨단중앙로182번길 50,True
무들에코클래스,29200-323,2014,26.03~27.03,신규,12,2,2026,400,19.9836,14,893-1,37,,,임방울대로826번길 60-5,0,00060,00005,4289555,1,12330,12330,월계동,,광산구,12330,아파트,전월세,202602,아파트 전월세,,,,,,광산구|월계동|893-1|임방울대로826번길 60-5|00060|00005,35.2144820852673,126.847824082744,광주광역시 광산구 월계동 893-1,전남광주통합특별시 광산구 임방울대로826번길 60-5,광산구,첨단2동,1233062600,성공,북구,첨단2동,True,광산구 첨단2동,북구 첨단2동,400,37,19.9836,광산구 임방울대로826번길 60-5,True
하남주공(2단지),29200-39,1991,26.02~28.02,신규,7,2,2026,300,44.52,6,1571-1,42,,,월곡산정로 12,0,00012,00000,3163042,1,12330,12330,우산동,,광산구,12330,아파트,전월세,202602,아파트 전월세,,,,,,광산구|우산동|1571-1|월곡산정로 12|00012|00000,35.1651071402315,126.803686058,광주광역시 광산구 우산동 1571-1,전남광주통합특별시 광산구 월곡산정로 12,광산구,우산동,1233058000,성공,광산구,우산동,True,광산구 우산동,광산구 우산동,300,42,44.52,광산구 월곡산정로 12,True
신가주공1차,29200-131,2002,26.02~28.03,신규,25,2,2026,"2,039",51.95,10,963-1,8,,,수등로 204,0,00204,00000,3163025,2,12330,12330,신가동,,광산구,12330,아파트,전월세,202602,아파트 전월세,,,,,,광산구|신가동|963-1|수등로 204|00204|00000,35.1845341688073,126.831079076561,광주광역시 광산구 신가동 963-1,전남광주통합특별시 광산구 수등로 204,광산구,신가동,1233063000,성공,광산구,신가동,True,광산구 신가동,광산구 신가동,2039,8,51.95,광산구 수등로 204,True
무들에코클래스,29200-323,2014,26.03~27.03,신규,28,2,2026,400,19.9836,15,893-1,37,,,임방울대로826번길 60-5,0,00060,00005,4289555,1,12330,12330,월계동,,광산구,12330,아파트,전월세,202602,아파트 전월세,,,,,,광산구|월계동|893-1|임방울대로826번길 60-5|00060|00005,35.2144820852673,126.847824082744,광주광역시 광산구 월계동 893-1,전남광주통합특별시 광산구 임방울대로826번길 60-5,광산구,첨단2동,1233062600,성공,북구,첨단2동,True,광산구 첨단2동,북구 첨단2동,400,37,19.9836,광산구 임방울대로826번길 60-5,True
하남주공(2단지),29200-39,1991,26.02~28.02,신규,19,2,2026,300,38.64,7,1571-1,40,,,월곡산정로 12,0,00012,00000,3163042,1,12330,12330,우산동,,광산구,12330,아파트,전월세,202602,아파트 전월세,,,,,,광산구|우산동|1571-1|월곡산정로 12|00012|00000,35.1651071402315,126.803686058,광주광역시 광산구 우산동 1571-1,전남광주통합특별시 광산구 월곡산정로 12,광산구,우산동,1233058000,성공,광산구,우산동,True,광산구 우산동,광산구 우산동,300,40,38.64,광산구 월곡산정로 12,True
아름마을휴먼시아3단지,29200-260,2009,26.03~28.02,갱신,20,2,2026,"2,181",39.72,5,1202,12,"2,492",14,하남대로261번길 11,0,00011,00000,4289685,1,12330,12330,신가동,,광산구,12330,아파트,전월세,202602,아파트 전월세,,,,,,광산구|신가동|1202|하남대로261번길 11|00011|00000,35.1803936905995,126.820478944492,광주광역시 광산구 신가동 1202,전남광주통합특별시 광산구 하남대로261번길 11,광산구,수완동,1233063700,성공,광산구,수완동,True,광산구 수완동,광산구 수완동,2181,12,39.72,광산구 하남대로261번길 11,True
윤진리안채,29200-391,2017,26.03~28.03,신규,13,2,2026,"8,000",28.7459,15,694-74,0,,,첨단강변로99번길 21,0,00021,00000,4289601,0,12330,12330,쌍암동,,광산구,12330,아파트,전월세,202602,아파트 전월세,,,,,,광산구|쌍암동|694-74|첨단강변로99번길 21|00021|00000,35.2151862774642,126.851132647598,광주광역시 광산구 쌍암동 694-74,전남광주통합특별시 광산구 첨단강변로99번길 21,광산구,첨단2동,1233062600,성공,북구,첨단2동,True,광산구 첨단2동,북구 첨단2동,8000,0,28.7459,광산구 첨단강변로99번길 21,True
첨단도휘에드가2차,29200-350,2015,26.03~27.03,신규,21,2,2026,"2,000",19.69,6,694-70,28,,,월계로 223-20,0,00223,00020,3163039,1,12330,12330,쌍암동,,광산구,12330,아파트,전월세,202602,아파트 전월세,,,,,,광산구|쌍암동|694-70|월계로 223-20|00223|00020,35.2153858800186,126.850509647451,광주광역시 광산구 쌍암동 694-70,전남광주통합특별시 광산구 월계로 223-20,광산구,첨단2동,1233062600,성공,북구,첨단2동,True,광산구 첨단2동,북구 첨단2동,2000,28,19.69,광산구 월계로 223-20,True
무들에코클래스,29200-323,2014,26.02~28.02,신규,26,2,2026,"2,000",41.0792,10,893-1,20,,,임방울대로826번길 60-5,0,00060,00005,4289555,1,12330,12330,월계동,,광산구,12330,아파트,전월세,202602,아파트 전월세,,,,,,광산구|월계동|893-1|임방울대로826번길 60-5|00060|00005,35.2144820852673,126.847824082744,광주광역시 광산구 월계동 893-1,전남광주통합특별시 광산구 임방울대로826번길 60-5,광산구,첨단2동,1233062600,성공,북구,첨단2동,True,광산구 첨단2동,북구 첨단2동,2000,20,41.0792,광산구 임방울대로826번길 60-5,True
무들에코클래스,29200-323,2014,26.03~27.03,신규,12,2,2026,500,19.9836,14,893-1,37,,,임방울대로826번길 60-5,0,00060,00005,4289555,1,12330,12330,월계동,,광산구,12330,아파트,전월세,202602,아파트 전월세,,,,,,광산구|월계동|893-1|임방울대로826번길 60-5|00060|00005,35.2144820852673,126.847824082744,광주광역시 광산구 월계동 893-1,전남광주통합특별시 광산구 임방울대로826번길 60-5,광산구,첨단2동,1233062600,성공,북구,첨단2동,True,광산구 첨단2동,북구 첨단2동,500,37,19.9836,광산구 임방울대로826번길 60-5,True
첨단도휘에드가2차,29200-350,2015,26.03~27.03,신규,28,2,2026,300,19.69,7,694-70,39,,,월계로 223-20,0,00223,00020,3163039,1,12330,12330,쌍암동,,광산구,12330,아파트,전월세,202602,아파트 전월세,,,,,,광산구|쌍암동|694-70|월계로 223-20|00223|00020,35.2153858800186,126.850509647451,광주광역시 광산구 쌍암동 694-70,전남광주통합특별시 광산구 월계로 223-20,광산구,첨단2동,1233062600,성공,북구,첨단2동,True,광산구 첨단2동,북구 첨단2동,300,39,19.69,광산구 월계로 223-20,True
윤진리안채,29200-391,2017,26.03~27.03,신규,24,2,2026,500,28.373,11,694-74,50,,,첨단강변로99번길 21,0,00021,00000,4289601,0,12330,12330,쌍암동,,광산구,12330,아파트,전월세,202602,아파트 전월세,,,,,,광산구|쌍암동|694-74|첨단강변로99번길 21|00021|00000,35.2151862774642,126.851132647598,광주광역시 광산구 쌍암동 694-74,전남광주통합특별시 광산구 첨단강변로99번길 21,광산구,첨단2동,1233062600,성공,북구,첨단2동,True,광산구 첨단2동,북구 첨단2동,500,50,28.373,광산구 첨단강변로99번길 21,True
하남주공(2단지),29200-39,1991,26.02~28.02,신규,25,2,2026,300,44.52,15,1571-1,40,,,월곡산정로 12,0,00012,00000,3163042,1,12330,12330,우산동,,광산구,12330,아파트,전월세,202602,아파트 전월세,,,,,,광산구|우산동|1571-1|월곡산정로 12|00012|00000,35.1651071402315,126.803686058,광주광역시 광산구 우산동 1571-1,전남광주통합특별시 광산구 월곡산정로 12,광산구,우산동,1233058000,성공,광산구,우산동,True,광산구 우산동,광산구 우산동,300,40,44.52,광산구 월곡산정로 12,True
첨단도휘에드가2차,29200-350,2015,26.03~27.03,신규,25,2,2026,300,19.69,10,694-70,38,,,월계로 223-20,0,00223,00020,3163039,1,12330,12330,쌍암동,,광산구,12330,아파트,전월세,202602,아파트 전월세,,,,,,광산구|쌍암동|694-70|월계로 223-20|00223|00020,35.2153858800186,126.850509647451,광주광역시 광산구 쌍암동 694-70,전남광주통합특별시 광산구 월계로 223-20,광산구,첨단2동,1233062600,성공,북구,첨단2동,True,광산구 첨단2동,북구 첨단2동,300,38,19.69,광산구 월계로 223-20,True
무들에코클래스,29200-323,2014,26.02~27.02,신규,28,2,2026,400,19.9836,11,893-1,40,,,임방울대로826번길 60-5,0,00060,00005,4289555,1,12330,12330,월계동,,광산구,12330,아파트,전월세,202602,아파트 전월세,,,,,,광산구|월계동|893-1|임방울대로826번길 60-5|00060|00005,35.2144820852673,126.847824082744,광주광역시 광산구 월계동 893-1,전남광주통합특별시 광산구 임방울대로826번길 60-5,광산구,첨단2동,1233062600,성공,북구,첨단2동,True,광산구 첨단2동,북구 첨단2동,400,40,19.9836,광산구 임방울대로826번길 60-5,True
첨단도휘에드가2차,29200-350,2015,26.03~27.03,신규,20,2,2026,300,19.69,10,694-70,39,,,월계로 223-20,0,00223,00020,3163039,1,12330,12330,쌍암동,,광산구,12330,아파트,전월세,202602,아파트 전월세,,,,,,광산구|쌍암동|694-70|월계로 223-20|00223|00020,35.2153858800186,126.850509647451,광주광역시 광산구 쌍암동 694-70,전남광주통합특별시 광산구 월계로 223-20,광산구,첨단2동,1233062600,성공,북구,첨단2동,True,광산구 첨단2동,북구 첨단2동,300,39,19.69,광산구 월계로 223-20,True
무들에코클래스,29200-323,2014,26.02~27.02,신규,14,2,2026,500,19.9836,8,893-1,35,,,임방울대로826번길 60-5,0,00060,00005,4289555,1,12330,12330,월계동,,광산구,12330,아파트,전월세,202602,아파트 전월세,,,,,,광산구|월계동|893-1|임방울대로826번길 60-5|00060|00005,35.2144820852673,126.847824082744,광주광역시 광산구 월계동 893-1,전남광주통합특별시 광산구 임방울대로826번길 60-5,광산구,첨단2동,1233062600,성공,북구,첨단2동,True,광산구 첨단2동,북구 첨단2동,500,35,19.9836,광산구 임방울대로826번길 60-5,True
에이엠시티4차,29200-318,2014,26.02~27.02,신규,23,2,2026,300,22.1404,5,660-7,35,,,첨단중앙로152번길 17-6,0,00017,00006,4289613,1,12330,12330,쌍암동,,광산구,12330,아파트,전월세,202602,아파트 전월세,,,,,,광산구|쌍암동|660-7|첨단중앙로152번길 17-6|00017|00006,35.2193014166222,126.843435669554,광주광역시 광산구 쌍암동 660-7,전남광주통합특별시 광산구 첨단중앙로152번길 17-6,광산구,첨단1동,1233062400,성공,광산구,첨단1동,True,광산구 첨단1동,광산구 첨단1동,300,35,22.1404,광산구 첨단중앙로152번길 17-6,True
하남주공(2단지),29200-39,1991,26.03~28.03,신규,28,2,2026,200,44.52,11,1571-1,55,,,월곡산정로 12,0,00012,00000,3163042,1,12330,12330,우산동,,광산구,12330,아파트,전월세,202602,아파트 전월세,,,,,,광산구|우산동|1571-1|월곡산정로 12|00012|00000,35.1651071402315,126.803686058,광주광역시 광산구 우산동 1571-1,전남광주통합특별시 광산구 월곡산정로 12,광산구,우산동,1233058000,성공,광산구,우산동,True,광산구 우산동,광산구 우산동,200,55,44.52,광산구 월곡산정로 12,True
아름마을휴먼시아3단지,29200-260,2009,26.03~28.02,갱신,24,2,2026,"2,863",46.9,10,1202,16,"2,726",16,하남대로261번길 11,0,00011,00000,4289685,1,12330,12330,신가동,,광산구,12330,아파트,전월세,202602,아파트 전월세,,,,,,광산구|신가동|1202|하남대로261번길 11|00011|00000,35.1803936905995,126.820478944492,광주광역시 광산구 신가동 1202,전남광주통합특별시 광산구 하남대로261번길 11,광산구,수완동,1233063700,성공,광산구,수완동,True,광산구 수완동,광산구 수완동,2863,16,46.9,광산구 하남대로261번길 11,True
첨단AM-City2차,29200-281,2012,26.02~27.02,신규,26,2,2026,300,19.1244,5,658-7,40,,,첨단중앙로152번길 6-13,0,00006,00013,4289613,1,12330,12330,쌍암동,,광산구,12330,아파트,전월세,202602,아파트 전월세,,,,,,광산구|쌍암동|658-7|첨단중앙로152번길 6-13|00006|00013,35.2186388118667,126.843557651778,광주광역시 광산구 쌍암동 658-7,전남광주통합특별시 광산구 첨단중앙로152번길 6-13,광산구,첨단1동,1233062400,성공,광산구,첨단1동,True,광산구 첨단1동,광산구 첨단1동,300,40,19.1244,광산구 첨단중앙로152번길 6-13,True
첨단도휘에드가2차,29200-350,2015,26.02~27.02,신규,8,2,2026,300,19.89,10,694-70,39,,,월계로 223-20,0,00223,00020,3163039,1,12330,12330,쌍암동,,광산구,12330,아파트,전월세,202602,아파트 전월세,,,,,,광산구|쌍암동|694-70|월계로 223-20|00223|00020,35.2153858800186,126.850509647451,광주광역시 광산구 쌍암동 694-70,전남광주통합특별시 광산구 월계로 223-20,광산구,첨단2동,1233062600,성공,북구,첨단2동,True,광산구 첨단2동,북구 첨단2동,300,39,19.89,광산구 월계로 223-20,True
무들에코클래스,29200-323,2014,26.02~26.04,신규,26,2,2026,100,19.9836,5,893-1,90,,,임방울대로826번길 60-5,0,00060,00005,4289555,1,12330,12330,월계동,,광산구,12330,아파트,전월세,202602,아파트 전월세,,,,,,광산구|월계동|893-1|임방울대로826번길 60-5|00060|00005,35.2144820852673,126.847824082744,광주광역시 광산구 월계동 893-1,전남광주통합특별시 광산구 임방울대로826번길 60-5,광산구,첨단2동,1233062600,성공,북구,첨단2동,True,광산구 첨단2동,북구 첨단2동,100,90,19.9836,광산구 임방울대로826번길 60-5,True
아름마을휴먼시아3단지,29200-260,2009,26.03~28.02,갱신,26,2,2026,"2,181",39.72,11,1202,12,"2,181",12,하남대로261번길 11,0,00011,00000,4289685,1,12330,12330,신가동,,광산구,12330,아파트,전월세,202602,아파트 전월세,,,,,,광산구|신가동|1202|하남대로261번길 11|00011|00000,35.1803936905995,126.820478944492,광주광역시 광산구 신가동 1202,전남광주통합특별시 광산구 하남대로261번길 11,광산구,수완동,1233063700,성공,광산구,수완동,True,광산구 수완동,광산구 수완동,2181,12,39.72,광산구 하남대로261번길 11,True
아름마을휴먼시아1단지,29200-247,2009,26.03~28.02,갱신,26,2,2026,"2,915",46.9,3,1061,16,"2,700",15,수등로123번길 70,0,00070,00000,4289327,1,12330,12330,신가동,,광산구,12330,아파트,전월세,202602,아파트 전월세,,,,,,광산구|신가동|1061|수등로123번길 70|00070|00000,35.1858460602035,126.824527935674,광주광역시 광산구 신가동 1061,전남광주통합특별시 광산구 수등로123번길 70,광산구,수완동,1233063700,성공,광산구,수완동,True,광산구 수완동,광산구 수완동,2915,16,46.9,광산구 수등로123번길 70,True
아름마을휴먼시아3단지,29200-260,2009,26.03~28.02,갱신,26,2,2026,"3,298",46.9,3,1202,14,"3,162",13,하남대로261번길 11,0,00011,00000,4289685,1,12330,12330,신가동,,광산구,12330,아파트,전월세,202602,아파트 전월세,,,,,,광산구|신가동|1202|하남대로261번길 11|00011|00000,35.1803936905995,126.820478944492,광주광역시 광산구 신가동 1202,전남광주통합특별시 광산구 하남대로261번길 11,광산구,수완동,1233063700,성공,광산구,수완동,True,광산구 수완동,광산구 수완동,3298,14,46.9,광산구 하남대로261번길 11,True
무들에코클래스,29200-323,2014,26.02~27.02,갱신,25,2,2026,300,19.9836,14,893-1,37,300,37,임방울대로826번길 60-5,0,00060,00005,4289555,1,12330,12330,월계동,,광산구,12330,아파트,전월세,202602,아파트 전월세,,,,,,광산구|월계동|893-1|임방울대로826번길 60-5|00060|00005,35.2144820852673,126.847824082744,광주광역시 광산구 월계동 893-1,전남광주통합특별시 광산구 임방울대로826번길 60-5,광산구,첨단2동,1233062600,성공,북구,첨단2동,True,광산구 첨단2동,북구 첨단2동,300,37,19.9836,광산구 임방울대로826번길 60-5,True
아름마을휴먼시아1단지,29200-247,2009,26.04~28.03,갱신,25,2,2026,"3,077",39.72,6,1061,8,"2,838",6,수등로123번길 70,0,00070,00000,4289327,1,12330,12330,신가동,,광산구,12330,아파트,전월세,202602,아파트 전월세,,,,,,광산구|신가동|1061|수등로123번길 70|00070|00000,35.1858460602035,126.824527935674,광주광역시 광산구 신가동 1061,전남광주통합특별시 광산구 수등로123번길 70,광산구,수완동,1233063700,성공,광산구,수완동,True,광산구 수완동,광산구 수완동,3077,8,39.72,광산구 수등로123번길 70,True
아름마을휴먼시아3단지,29200-260,2009,26.03~28.02,갱신,25,2,2026,"3,409",46.9,11,1202,16,"3,259",15,하남대로261번길 11,0,00011,00000,4289685,1,12330,12330,신가동,,광산구,12330,아파트,전월세,202602,아파트 전월세,,,,,,광산구|신가동|1202|하남대로261번길 11|00011|00000,35.1803936905995,126.820478944492,광주광역시 광산구 신가동 1202,전남광주통합특별시 광산구 하남대로261번길 11,광산구,수완동,1233063700,성공,광산구,수완동,True,광산구 수완동,광산구 수완동,3409,16,46.9,광산구 하남대로261번길 11,True
아름마을휴먼시아3단지,29200-260,2009,26.03~28.02,갱신,23,2,2026,"4,363",46.9,5,1202,8,"4,226",8,하남대로261번길 11,0,00011,00000,4289685,1,12330,12330,신가동,,광산구,12330,아파트,전월세,202602,아파트 전월세,,,,,,광산구|신가동|1202|하남대로261번길 11|00011|00000,35.1803936905995,126.820478944492,광주광역시 광산구 신가동 1202,전남광주통합특별시 광산구 하남대로261번길 11,광산구,수완동,1233063700,성공,광산구,수완동,True,광산구 수완동,광산구 수완동,4363,8,46.9,광산구 하남대로261번길 11,True
아름마을휴먼시아3단지,29200-260,2009,26.03~28.02,신규,24,2,2026,"2,863",46.9,13,1202,16,,,하남대로261번길 11,0,00011,00000,4289685,1,12330,12330,신가동,,광산구,12330,아파트,전월세,202602,아파트 전월세,,,,,,광산구|신가동|1202|하남대로261번길 11|00011|00000,35.1803936905995,126.820478944492,광주광역시 광산구 신가동 1202,전남광주통합특별시 광산구 하남대로261번길 11,광산구,수완동,1233063700,성공,광산구,수완동,True,광산구 수완동,광산구 수완동,2863,16,46.9,광산구 하남대로261번길 11,True
첨단센트럴파크2차,29200-399,2018,26.03~28.03,신규,7,2,2026,"13,000",41.83,17,676-3,0,,,첨단중앙로170번길 87,0,00087,00000,4289614,1,12330,12330,쌍암동,,광산구,12330,아파트,전월세,202602,아파트 전월세,,,,,,광산구|쌍암동|676-3|첨단중앙로170번길 87|00087|00000,35.2209763822162,126.84687920672,광주광역시 광산구 쌍암동 676-3,전남광주통합특별시 광산구 첨단중앙로170번길 87,광산구,첨단1동,1233062400,성공,광산구,첨단1동,True,광산구 첨단1동,광산구 첨단1동,13000,0,41.83,광산구 첨단중앙로170번길 87,True
광주수완7신완마을휴먼시아,29200-264,2011,26.03~28.02,갱신,25,2,2026,"2,805",46.9,10,1037,16,"2,599",15,풍영로329번길 50,0,00050,00000,4289681,1,12330,12330,장덕동,,광산구,12330,아파트,전월세,202602,아파트 전월세,,,,,,광산구|장덕동|1037|풍영로329번길 50|00050|00000,35.2014118295745,126.812869241031,광주광역시 광산구 장덕동 1037,전남광주통합특별시 광산구 풍영로329번길 50,광산구,수완동,1233063700,성공,광산구,수완동,True,광산구 수완동,광산구 수완동,2805,16,46.9,광산구 풍영로329번길 50,True
아름마을휴먼시아3단지,29200-260,2009,26.03~28.02,갱신,25,2,2026,"3,149",46.9,11,1202,17,"3,271",18,하남대로261번길 11,0,00011,00000,4289685,1,12330,12330,신가동,,광산구,12330,아파트,전월세,202602,아파트 전월세,,,,,,광산구|신가동|1202|하남대로261번길 11|00011|00000,35.1803936905995,126.820478944492,광주광역시 광산구 신가동 1202,전남광주통합특별시 광산구 하남대로261번길 11,광산구,수완동,1233063700,성공,광산구,수완동,True,광산구 수완동,광산구 수완동,3149,17,46.9,광산구 하남대로261번길 11,True
아름마을휴먼시아3단지,29200-260,2009,26.03~28.02,신규,24,2,2026,"2,863",46.9,11,1202,16,,,하남대로261번길 11,0,00011,00000,4289685,1,12330,12330,신가동,,광산구,12330,아파트,전월세,202602,아파트 전월세,,,,,,광산구|신가동|1202|하남대로261번길 11|00011|00000,35.1803936905995,126.820478944492,광주광역시 광산구 신가동 1202,전남광주통합특별시 광산구 하남대로261번길 11,광산구,수완동,1233063700,성공,광산구,수완동,True,광산구 수완동,광산구 수완동,2863,16,46.9,광산구 하남대로261번길 11,True
광주첨단엘에이치3단지,29200-424,2020,26.02~28.03,신규,24,2,2026,"1,674",16.8,5,869-2,9,,,임방울대로800번길 11-5,,00011,00005,4289552,0,12330,12330,월계동,,광산구,12330,아파트,전월세,202602,아파트 전월세,,,,,,광산구|월계동|869-2|임방울대로800번길 11-5|00011|00005,35.2172126334807,126.846821692809,광주광역시 광산구 월계동 869-2,전남광주통합특별시 광산구 임방울대로800번길 11-5,광산구,첨단2동,1233062600,성공,북구,첨단2동,True,광산구 첨단2동,북구 첨단2동,1674,9,16.8,광산구 임방울대로800번길 11-5,True
광주수완6신완마을휴먼시아,29200-263,2010,26.03~28.02,갱신,23,2,2026,"2,778",46.9,3,1044,15,"2,581",14,풍영로329번길 51,0,00051,00000,4289681,1,12330,12330,장덕동,,광산구,12330,아파트,전월세,202602,아파트 전월세,,,,,,광산구|장덕동|1044|풍영로329번길 51|00051|00000,35.1993201857989,126.811785931546,광주광역시 광산구 장덕동 1044,전남광주통합특별시 광산구 풍영로329번길 51,광산구,수완동,1233063700,성공,광산구,수완동,True,광산구 수완동,광산구 수완동,2778,15,46.9,광산구 풍영로329번길 51,True
광주첨단엘에이치3단지,29200-424,2020,26.02~28.03,신규,24,2,2026,"1,674",16.8,6,869-2,9,,,임방울대로800번길 11-5,,00011,00005,4289552,0,12330,12330,월계동,,광산구,12330,아파트,전월세,202602,아파트 전월세,,,,,,광산구|월계동|869-2|임방울대로800번길 11-5|00011|00005,35.2172126334807,126.846821692809,광주광역시 광산구 월계동 869-2,전남광주통합특별시 광산구 임방울대로800번길 11-5,광산구,첨단2동,1233062600,성공,북구,첨단2동,True,광산구 첨단2동,북구 첨단2동,1674,9,16.8,광산구 임방울대로800번길 11-5,True
한양에드가302동,29200-309,2013,26.02~27.02,신규,14,2,2026,"2,000",24.8708,8,694-115,30,,,월계로 223-17,0,00223,00017,3163039,2,12330,12330,쌍암동,,광산구,12330,아파트,전월세,202602,아파트 전월세,,,,,,광산구|쌍암동|694-115|월계로 223-17|00223|00017,35.2149023369798,126.849588941863,광주광역시 광산구 쌍암동 694-115,전남광주통합특별시 광산구 월계로 223-17,광산구,첨단2동,1233062600,성공,북구,첨단2동,True,광산구 첨단2동,북구 첨단2동,2000,30,24.8708,광산구 월계로 223-17,True
장자울마을휴먼시아5단지,29200-256,2009,26.02~28.03,신규,24,2,2026,"2,830",46.9,1,504,15,,,풍영로145번길 42,0,00042,00000,4289671,1,12330,12330,흑석동,,광산구,12330,아파트,전월세,202602,아파트 전월세,,,,,,광산구|흑석동|504|풍영로145번길 42|00042|00000,35.1849233891164,126.811481524903,광주광역시 광산구 흑석동 504,전남광주통합특별시 광산구 풍영로145번길 42,광산구,수완동,1233063700,성공,광산구,수완동,True,광산구 수완동,광산구 수완동,2830,15,46.9,광산구 풍영로145번길 42,True
아름마을휴먼시아3단지,29200-260,2009,26.03~28.02,갱신,23,2,2026,"2,581",39.72,11,1202,10,"2,477",9,하남대로261번길 11,0,00011,00000,4289685,1,12330,12330,신가동,,광산구,12330,아파트,전월세,202602,아파트 전월세,,,,,,광산구|신가동|1202|하남대로261번길 11|00011|00000,35.1803936905995,126.820478944492,광주광역시 광산구 신가동 1202,전남광주통합특별시 광산구 하남대로261번길 11,광산구,수완동,1233063700,성공,광산구,수완동,True,광산구 수완동,광산구 수완동,2581,10,39.72,광산구 하남대로261번길 11,True
아름마을휴먼시아3단지,29200-260,2009,26.03~28.02,갱신,23,2,2026,"2,863",46.9,5,1202,16,"2,531",14,하남대로261번길 11,0,00011,00000,4289685,1,12330,12330,신가동,,광산구,12330,아파트,전월세,202602,아파트 전월세,,,,,,광산구|신가동|1202|하남대로261번길 11|00011|00000,35.1803936905995,126.820478944492,광주광역시 광산구 신가동 1202,전남광주통합특별시 광산구 하남대로261번길 11,광산구,수완동,1233063700,성공,광산구,수완동,True,광산구 수완동,광산구 수완동,2863,16,46.9,광산구 하남대로261번길 11,True
무들에코클래스,29200-323,2014,26.02~28.02,신규,21,2,2026,"1,000",19.9836,6,893-1,32,,,임방울대로826번길 60-5,0,00060,00005,4289555,1,12330,12330,월계동,,광산구,12330,아파트,전월세,202602,아파트 전월세,,,,,,광산구|월계동|893-1|임방울대로826번길 60-5|00060|00005,35.2144820852673,126.847824082744,광주광역시 광산구 월계동 893-1,전남광주통합특별시 광산구 임방울대로826번길 60-5,광산구,첨단2동,1233062600,성공,북구,첨단2동,True,광산구 첨단2동,북구 첨단2동,1000,32,19.9836,광산구 임방울대로826번길 60-5,True
광주수완7신완마을휴먼시아,29200-264,2011,26.03~28.02,신규,23,2,2026,"2,724",46.98,11,1037,15,,,풍영로329번길 50,0,00050,00000,4289681,1,12330,12330,장덕동,,광산구,12330,아파트,전월세,202602,아파트 전월세,,,,,,광산구|장덕동|1037|풍영로329번길 50|00050|00000,35.2014118295745,126.812869241031,광주광역시 광산구 장덕동 1037,전남광주통합특별시 광산구 풍영로329번길 50,광산구,수완동,1233063700,성공,광산구,수완동,True,광산구 수완동,광산구 수완동,2724,15,46.98,광산구 풍영로329번길 50,True
아름마을휴먼시아3단지,29200-260,2009,26.03~28.02,갱신,23,2,2026,"2,863",46.9,3,1202,16,"2,863",15,하남대로261번길 11,0,00011,00000,4289685,1,12330,12330,신가동,,광산구,12330,아파트,전월세,202602,아파트 전월세,,,,,,광산구|신가동|1202|하남대로261번길 11|00011|00000,35.1803936905995,126.820478944492,광주광역시 광산구 신가동 1202,전남광주통합특별시 광산구 하남대로261번길 11,광산구,수완동,1233063700,성공,광산구,수완동,True,광산구 수완동,광산구 수완동,2863,16,46.9,광산구 하남대로261번길 11,True
아름마을휴먼시아3단지,29200-260,2009,26.03~28.02,갱신,23,2,2026,"4,463",46.9,11,1202,8,"4,326",7,하남대로261번길 11,0,00011,00000,4289685,1,12330,12330,신가동,,광산구,12330,아파트,전월세,202602,아파트 전월세,,,,,,광산구|신가동|1202|하남대로261번길 11|00011|00000,35.1803936905995,126.820478944492,광주광역시 광산구 신가동 1202,전남광주통합특별시 광산구 하남대로261번길 11,광산구,수완동,1233063700,성공,광산구,수완동,True,광산구 수완동,광산구 수완동,4463,8,46.9,광산구 하남대로261번길 11,True
아름마을휴먼시아3단지,29200-260,2009,26.03~28.02,갱신,23,2,2026,"4,463",46.9,11,1202,8,"4,201",6,하남대로261번길 11,0,00011,00000,4289685,1,12330,12330,신가동,,광산구,12330,아파트,전월세,202602,아파트 전월세,,,,,,광산구|신가동|1202|하남대로261번길 11|00011|00000,35.1803936905995,126.820478944492,광주광역시 광산구 신가동 1202,전남광주통합특별시 광산구 하남대로261번길 11,광산구,수완동,1233063700,성공,광산구,수완동,True,광산구 수완동,광산구 수완동,4463,8,46.9,광산구 하남대로261번길 11,True
광주첨단엘에이치3단지,29200-424,2020,26.02~28.02,갱신,20,2,2026,"5,638",36.72,6,869-2,8,"3,438",19,임방울대로800번길 11-5,,00011,00005,4289552,0,12330,12330,월계동,,광산구,12330,아파트,전월세,202602,아파트 전월세,,,,,,광산구|월계동|869-2|임방울대로800번길 11-5|00011|00005,35.2172126334807,126.846821692809,광주광역시 광산구 월계동 869-2,전남광주통합특별시 광산구 임방울대로800번길 11-5,광산구,첨단2동,1233062600,성공,북구,첨단2동,True,광산구 첨단2동,북구 첨단2동,5638,8,36.72,광산구 임방울대로800번길 11-5,True
아름마을휴먼시아3단지,29200-260,2009,26.03~28.02,갱신,23,2,2026,"2,163",46.9,1,1202,18,"2,026",17,하남대로261번길 11,0,00011,00000,4289685,1,12330,12330,신가동,,광산구,12330,아파트,전월세,202602,아파트 전월세,,,,,,광산구|신가동|1202|하남대로261번길 11|00011|00000,35.1803936905995,126.820478944492,광주광역시 광산구 신가동 1202,전남광주통합특별시 광산구 하남대로261번길 11,광산구,수완동,1233063700,성공,광산구,수완동,True,광산구 수완동,광산구 수완동,2163,18,46.9,광산구 하남대로261번길 11,True
아름마을휴먼시아3단지,29200-260,2009,26.03~28.02,신규,23,2,2026,"3,544",51.93,2,1202,19,,,하남대로261번길 11,0,00011,00000,4289685,1,12330,12330,신가동,,광산구,12330,아파트,전월세,202602,아파트 전월세,,,,,,광산구|신가동|1202|하남대로261번길 11|00011|00000,35.1803936905995,126.820478944492,광주광역시 광산구 신가동 1202,전남광주통합특별시 광산구 하남대로261번길 11,광산구,수완동,1233063700,성공,광산구,수완동,True,광산구 수완동,광산구 수완동,3544,19,51.93,광산구 하남대로261번길 11,True
첨단센트럴파크2차,29200-399,2018,26.02~27.06,신규,21,2,2026,"1,000",41.83,8,676-3,58,,,첨단중앙로170번길 87,0,00087,00000,4289614,1,12330,12330,쌍암동,,광산구,12330,아파트,전월세,202602,아파트 전월세,,,,,,광산구|쌍암동|676-3|첨단중앙로170번길 87|00087|00000,35.2209763822162,126.84687920672,광주광역시 광산구 쌍암동 676-3,전남광주통합특별시 광산구 첨단중앙로170번길 87,광산구,첨단1동,1233062400,성공,광산구,첨단1동,True,광산구 첨단1동,광산구 첨단1동,1000,58,41.83,광산구 첨단중앙로170번길 87,True
아름마을휴먼시아3단지,29200-260,2009,26.03~28.02,갱신,23,2,2026,"2,863",46.9,5,1202,16,"2,726",15,하남대로261번길 11,0,00011,00000,4289685,1,12330,12330,신가동,,광산구,12330,아파트,전월세,202602,아파트 전월세,,,,,,광산구|신가동|1202|하남대로261번길 11|00011|00000,35.1803936905995,126.820478944492,광주광역시 광산구 신가동 1202,전남광주통합특별시 광산구 하남대로261번길 11,광산구,수완동,1233063700,성공,광산구,수완동,True,광산구 수완동,광산구 수완동,2863,16,46.9,광산구 하남대로261번길 11,True
아름마을휴먼시아3단지,29200-260,2009,26.03~28.02,갱신,23,2,2026,"2,181",39.72,6,1202,12,"2,077",12,하남대로261번길 11,0,00011,00000,4289685,1,12330,12330,신가동,,광산구,12330,아파트,전월세,202602,아파트 전월세,,,,,,광산구|신가동|1202|하남대로261번길 11|00011|00000,35.1803936905995,126.820478944492,광주광역시 광산구 신가동 1202,전남광주통합특별시 광산구 하남대로261번길 11,광산구,수완동,1233063700,성공,광산구,수완동,True,광산구 수완동,광산구 수완동,2181,12,39.72,광산구 하남대로261번길 11,True
하남주공(2단지),29200-39,1991,26.03~28.03,신규,14,2,2026,300,38.64,6,1571-1,39,,,월곡산정로 12,0,00012,00000,3163042,1,12330,12330,우산동,,광산구,12330,아파트,전월세,202602,아파트 전월세,,,,,,광산구|우산동|1571-1|월곡산정로 12|00012|00000,35.1651071402315,126.803686058,광주광역시 광산구 우산동 1571-1,전남광주통합특별시 광산구 월곡산정로 12,광산구,우산동,1233058000,성공,광산구,우산동,True,광산구 우산동,광산구 우산동,300,39,38.64,광산구 월곡산정로 12,True
광주수완7신완마을휴먼시아,29200-264,2011,26.03~28.02,갱신,20,2,2026,"2,096",39.25,8,1037,12,"2,035",12,풍영로329번길 50,0,00050,00000,4289681,1,12330,12330,장덕동,,광산구,12330,아파트,전월세,202602,아파트 전월세,,,,,,광산구|장덕동|1037|풍영로329번길 50|00050|00000,35.2014118295745,126.812869241031,광주광역시 광산구 장덕동 1037,전남광주통합특별시 광산구 풍영로329번길 50,광산구,수완동,1233063700,성공,광산구,수완동,True,광산구 수완동,광산구 수완동,2096,12,39.25,광산구 풍영로329번길 50,True
에이엠시티4차,29200-318,2014,26.02~27.02,신규,19,2,2026,300,22.1404,8,660-7,40,,,첨단중앙로152번길 17-6,0,00017,00006,4289613,1,12330,12330,쌍암동,,광산구,12330,아파트,전월세,202602,아파트 전월세,,,,,,광산구|쌍암동|660-7|첨단중앙로152번길 17-6|00017|00006,35.2193014166222,126.843435669554,광주광역시 광산구 쌍암동 660-7,전남광주통합특별시 광산구 첨단중앙로152번길 17-6,광산구,첨단1동,1233062400,성공,광산구,첨단1동,True,광산구 첨단1동,광산구 첨단1동,300,40,22.1404,광산구 첨단중앙로152번길 17-6,True
광주수완6신완마을휴먼시아,29200-263,2010,26.03~28.02,갱신,19,2,2026,"2,778",46.9,13,1044,15,"2,468",14,풍영로329번길 51,0,00051,00000,4289681,1,12330,12330,장덕동,,광산구,12330,아파트,전월세,202602,아파트 전월세,,,,,,광산구|장덕동|1044|풍영로329번길 51|00051|00000,35.1993201857989,126.811785931546,광주광역시 광산구 장덕동 1044,전남광주통합특별시 광산구 풍영로329번길 51,광산구,수완동,1233063700,성공,광산구,수완동,True,광산구 수완동,광산구 수완동,2778,15,46.9,광산구 풍영로329번길 51,True
광주첨단엘에이치3단지,29200-424,2020,26.03~28.02,갱신,12,2,2026,"3,640",26.97,7,869-2,6,"3,566",6,임방울대로800번길 11-5,,00011,00005,4289552,0,12330,12330,월계동,,광산구,12330,아파트,전월세,202602,아파트 전월세,,,,,,광산구|월계동|869-2|임방울대로800번길 11-5|00011|00005,35.2172126334807,126.846821692809,광주광역시 광산구 월계동 869-2,전남광주통합특별시 광산구 임방울대로800번길 11-5,광산구,첨단2동,1233062600,성공,북구,첨단2동,True,광산구 첨단2동,북구 첨단2동,3640,6,26.97,광산구 임방울대로800번길 11-5,True
아름마을휴먼시아3단지,29200-260,2009,26.03~28.02,신규,13,2,2026,"2,863",46.9,7,1202,16,,,하남대로261번길 11,0,00011,00000,4289685,1,12330,12330,신가동,,광산구,12330,아파트,전월세,202602,아파트 전월세,,,,,,광산구|신가동|1202|하남대로261번길 11|00011|00000,35.1803936905995,126.820478944492,광주광역시 광산구 신가동 1202,전남광주통합특별시 광산구 하남대로261번길 11,광산구,수완동,1233063700,성공,광산구,수완동,True,광산구 수완동,광산구 수완동,2863,16,46.9,광산구 하남대로261번길 11,True
아름마을휴먼시아1단지,29200-247,2009,26.02~28.03,신규,10,2,2026,"1,085",46.9,5,1061,16,,,수등로123번길 70,0,00070,00000,4289327,1,12330,12330,신가동,,광산구,12330,아파트,전월세,202602,아파트 전월세,,,,,,광산구|신가동|1061|수등로123번길 70|00070|00000,35.1858460602035,126.824527935674,광주광역시 광산구 신가동 1061,전남광주통합특별시 광산구 수등로123번길 70,광산구,수완동,1233063700,성공,광산구,수완동,True,광산구 수완동,광산구 수완동,1085,16,46.9,광산구 수등로123번길 70,True
아름마을휴먼시아1단지,29200-247,2009,26.03~28.02,갱신,11,2,2026,"2,915",46.9,10,1061,16,"2,830",15,수등로123번길 70,0,00070,00000,4289327,1,12330,12330,신가동,,광산구,12330,아파트,전월세,202602,아파트 전월세,,,,,,광산구|신가동|1061|수등로123번길 70|00070|00000,35.1858460602035,126.824527935674,광주광역시 광산구 신가동 1061,전남광주통합특별시 광산구 수등로123번길 70,광산구,수완동,1233063700,성공,광산구,수완동,True,광산구 수완동,광산구 수완동,2915,16,46.9,광산구 수등로123번길 70,True
광주수완6신완마을휴먼시아,29200-263,2010,26.03~28.02,신규,12,2,2026,"3,278",46.9,11,1044,13,,,풍영로329번길 51,0,00051,00000,4289681,1,12330,12330,장덕동,,광산구,12330,아파트,전월세,202602,아파트 전월세,,,,,,광산구|장덕동|1044|풍영로329번길 51|00051|00000,35.1993201857989,126.811785931546,광주광역시 광산구 장덕동 1044,전남광주통합특별시 광산구 풍영로329번길 51,광산구,수완동,1233063700,성공,광산구,수완동,True,광산구 수완동,광산구 수완동,3278,13,46.9,광산구 풍영로329번길 51,True
아름마을휴먼시아3단지,29200-260,2009,26.03~28.02,갱신,11,2,2026,"3,263",46.9,6,1202,13,"3,326",11,하남대로261번길 11,0,00011,00000,4289685,1,12330,12330,신가동,,광산구,12330,아파트,전월세,202602,아파트 전월세,,,,,,광산구|신가동|1202|하남대로261번길 11|00011|00000,35.1803936905995,126.820478944492,광주광역시 광산구 신가동 1202,전남광주통합특별시 광산구 하남대로261번길 11,광산구,수완동,1233063700,성공,광산구,수완동,True,광산구 수완동,광산구 수완동,3263,13,46.9,광산구 하남대로261번길 11,True
에이엠시티4차,29200-318,2014,26.02~28.02,신규,1,2,2026,"6,900",19.8192,10,660-7,0,,,첨단중앙로152번길 17-6,0,00017,00006,4289613,1,12330,12330,쌍암동,,광산구,12330,아파트,전월세,202602,아파트 전월세,,,,,,광산구|쌍암동|660-7|첨단중앙로152번길 17-6|00017|00006,35.2193014166222,126.843435669554,광주광역시 광산구 쌍암동 660-7,전남광주통합특별시 광산구 첨단중앙로152번길 17-6,광산구,첨단1동,1233062400,성공,광산구,첨단1동,True,광산구 첨단1동,광산구 첨단1동,6900,0,19.8192,광산구 첨단중앙로152번길 17-6,True
첨단센트럴파크2차,29200-399,2018,26.03~28.03,신규,7,2,2026,"13,800",41.83,17,676-3,0,,,첨단중앙로170번길 87,0,00087,00000,4289614,1,12330,12330,쌍암동,,광산구,12330,아파트,전월세,202602,아파트 전월세,,,,,,광산구|쌍암동|676-3|첨단중앙로170번길 87|00087|00000,35.2209763822162,126.84687920672,광주광역시 광산구 쌍암동 676-3,전남광주통합특별시 광산구 첨단중앙로170번길 87,광산구,첨단1동,1233062400,성공,광산구,첨단1동,True,광산구 첨단1동,광산구 첨단1동,13800,0,41.83,광산구 첨단중앙로170번길 87,True
아름마을휴먼시아3단지,29200-260,2009,26.03~28.02,신규,5,2,2026,"2,181",39.72,1,1202,12,,,하남대로261번길 11,0,00011,00000,4289685,1,12330,12330,신가동,,광산구,12330,아파트,전월세,202602,아파트 전월세,,,,,,광산구|신가동|1202|하남대로261번길 11|00011|00000,35.1803936905995,126.820478944492,광주광역시 광산구 신가동 1202,전남광주통합특별시 광산구 하남대로261번길 11,광산구,수완동,1233063700,성공,광산구,수완동,True,광산구 수완동,광산구 수완동,2181,12,39.72,광산구 하남대로261번길 11,True
첨단AM-City,29200-273,2012,26.02~27.02,신규,5,2,2026,0,19.1513,4,884-2,42,,,첨단중앙로106번길 65-4,0,00065,00004,4289610,1,12330,12330,월계동,,광산구,12330,아파트,전월세,202602,아파트 전월세,,,,,,광산구|월계동|884-2|첨단중앙로106번길 65-4|00065|00004,35.215133360486,126.847005173109,광주광역시 광산구 월계동 884-2,전남광주통합특별시 광산구 첨단중앙로106번길 65-4,광산구,첨단2동,1233062600,성공,북구,첨단2동,True,광산구 첨단2동,북구 첨단2동,0,42,19.1513,광산구 첨단중앙로106번길 65-4,True
첨단AM-City,29200-273,2012,26.02~27.02,신규,5,2,2026,0,19.1513,5,884-2,42,,,첨단중앙로106번길 65-4,0,00065,00004,4289610,1,12330,12330,월계동,,광산구,12330,아파트,전월세,202602,아파트 전월세,,,,,,광산구|월계동|884-2|첨단중앙로106번길 65-4|00065|00004,35.215133360486,126.847005173109,광주광역시 광산구 월계동 884-2,전남광주통합특별시 광산구 첨단중앙로106번길 65-4,광산구,첨단2동,1233062600,성공,북구,첨단2동,True,광산구 첨단2동,북구 첨단2동,0,42,19.1513,광산구 첨단중앙로106번길 65-4,True
장자울마을휴먼시아5단지,29200-256,2009,26.03~28.02,신규,4,2,2026,"3,504",51.93,14,504,19,,,풍영로145번길 42,0,00042,00000,4289671,1,12330,12330,흑석동,,광산구,12330,아파트,전월세,202602,아파트 전월세,,,,,,광산구|흑석동|504|풍영로145번길 42|00042|00000,35.1849233891164,126.811481524903,광주광역시 광산구 흑석동 504,전남광주통합특별시 광산구 풍영로145번길 42,광산구,수완동,1233063700,성공,광산구,수완동,True,광산구 수완동,광산구 수완동,3504,19,51.93,광산구 풍영로145번길 42,True
아름마을휴먼시아1단지,29200-247,2009,26.02~28.03,신규,3,2,2026,"2,199",39.72,4,1061,12,,,수등로123번길 70,0,00070,00000,4289327,1,12330,12330,신가동,,광산구,12330,아파트,전월세,202602,아파트 전월세,,,,,,광산구|신가동|1061|수등로123번길 70|00070|00000,35.1858460602035,126.824527935674,광주광역시 광산구 신가동 1061,전남광주통합특별시 광산구 수등로123번길 70,광산구,수완동,1233063700,성공,광산구,수완동,True,광산구 수완동,광산구 수완동,2199,12,39.72,광산구 수등로123번길 70,True
광주수완7신완마을휴먼시아,29200-264,2011,26.03~28.02,갱신,3,2,2026,"2,096",39.25,5,1037,12,"2,035",12,풍영로329번길 50,0,00050,00000,4289681,1,12330,12330,장덕동,,광산구,12330,아파트,전월세,202602,아파트 전월세,,,,,,광산구|장덕동|1037|풍영로329번길 50|00050|00000,35.2014118295745,126.812869241031,광주광역시 광산구 장덕동 1037,전남광주통합특별시 광산구 풍영로329번길 50,광산구,수완동,1233063700,성공,광산구,수완동,True,광산구 수완동,광산구 수완동,2096,12,39.25,광산구 풍영로329번길 50,True
장자울마을휴먼시아4단지,29200-257,2009,26.03~28.02,갱신,3,2,2026,"4,304",51.93,9,517,13,"3,402",18,풍영로145번길 43,0,00043,00000,4289671,1,12330,12330,흑석동,,광산구,12330,아파트,전월세,202602,아파트 전월세,,,,,,광산구|흑석동|517|풍영로145번길 43|00043|00000,35.1837458369346,126.811293211321,광주광역시 광산구 흑석동 517,전남광주통합특별시 광산구 풍영로145번길 43,광산구,수완동,1233063700,성공,광산구,수완동,True,광산구 수완동,광산구 수완동,4304,13,51.93,광산구 풍영로145번길 43,True
AM-City하이클래스,29110-324,2014,26.04~27.04,신규,24,3,2026,500,15.1697,8,154-1,35,,,금남로 185,0,00185,00000,3009019,1,12210,12210,금남로5가,,동구,12210,아파트,전월세,202603,아파트 전월세,,,,,,동구|금남로5가|154-1|금남로 185|00185|00000,35.1517659240292,126.913725421103,광주광역시 동구 금남로5가 154-1,전남광주통합특별시 동구 금남로 185,동구,충장동,1221052500,성공,동구,충장동,True,동구 충장동,동구 충장동,500,35,15.1697,동구 금남로 185,True
AM-City하이클래스,29110-324,2014,26.03~27.03,신규,10,3,2026,500,15.1697,8,154-1,35,,,금남로 185,0,00185,00000,3009019,1,12210,12210,금남로5가,,동구,12210,아파트,전월세,202603,아파트 전월세,,,,,,동구|금남로5가|154-1|금남로 185|00185|00000,35.1517659240292,126.913725421103,광주광역시 동구 금남로5가 154-1,전남광주통합특별시 동구 금남로 185,동구,충장동,1221052500,성공,동구,충장동,True,동구 충장동,동구 충장동,500,35,15.1697,동구 금남로 185,True
AM-City하이클래스,29110-324,2014,26.03~28.03,신규,15,3,2026,"1,000",15.1697,15,154-1,30,,,금남로 185,0,00185,00000,3009019,1,12210,12210,금남로5가,,동구,12210,아파트,전월세,202603,아파트 전월세,,,,,,동구|금남로5가|154-1|금남로 185|00185|00000,35.1517659240292,126.913725421103,광주광역시 동구 금남로5가 154-1,전남광주통합특별시 동구 금남로 185,동구,충장동,1221052500,성공,동구,충장동,True,동구 충장동,동구 충장동,1000,30,15.1697,동구 금남로 185,True
AM-City하이클래스,29110-324,2014,26.03~27.03,신규,11,3,2026,500,17.67,10,154-1,38,,,금남로 185,0,00185,00000,3009019,1,12210,12210,금남로5가,,동구,12210,아파트,전월세,202603,아파트 전월세,,,,,,동구|금남로5가|154-1|금남로 185|00185|00000,35.1517659240292,126.913725421103,광주광역시 동구 금남로5가 154-1,전남광주통합특별시 동구 금남로 185,동구,충장동,1221052500,성공,동구,충장동,True,동구 충장동,동구 충장동,500,38,17.67,동구 금남로 185,True
AM-City하이클래스,29110-324,2014,26.03~26.04,신규,7,3,2026,"1,500",15.1697,15,154-1,27,,,금남로 185,0,00185,00000,3009019,1,12210,12210,금남로5가,,동구,12210,아파트,전월세,202603,아파트 전월세,,,,,,동구|금남로5가|154-1|금남로 185|00185|00000,35.1517659240292,126.913725421103,광주광역시 동구 금남로5가 154-1,전남광주통합특별시 동구 금남로 185,동구,충장동,1221052500,성공,동구,충장동,True,동구 충장동,동구 충장동,1500,27,15.1697,동구 금남로 185,True
AM-City하이클래스,29110-324,2014,26.03~27.01,신규,3,3,2026,300,17.67,7,154-1,40,,,금남로 185,0,00185,00000,3009019,1,12210,12210,금남로5가,,동구,12210,아파트,전월세,202603,아파트 전월세,,,,,,동구|금남로5가|154-1|금남로 185|00185|00000,35.1517659240292,126.913725421103,광주광역시 동구 금남로5가 154-1,전남광주통합특별시 동구 금남로 185,동구,충장동,1221052500,성공,동구,충장동,True,동구 충장동,동구 충장동,300,40,17.67,동구 금남로 185,True
농성동유탑유블레스,29140-335,2012,26.04~27.03,신규,27,3,2026,300,19.7906,6,112-1,35,,,경열로45번길 13,0,00013,00000,4280012,1,12240,12240,농성동,,서구,12240,아파트,전월세,202603,아파트 전월세,,,,,,서구|농성동|112-1|경열로45번길 13|00013|00000,35.1522648956668,126.891494681592,광주광역시 서구 농성동 112-1,전남광주통합특별시 서구 경열로45번길 13,서구,농성1동,1224065000,성공,서구,농성1동,True,서구 농성1동,서구 농성1동,300,35,19.7906,서구 경열로45번길 13,True
농성동유탑유블레스,29140-335,2012,26.04~28.04,신규,31,3,2026,300,19.7906,5,112-1,35,,,경열로45번길 13,0,00013,00000,4280012,1,12240,12240,농성동,,서구,12240,아파트,전월세,202603,아파트 전월세,,,,,,서구|농성동|112-1|경열로45번길 13|00013|00000,35.1522648956668,126.891494681592,광주광역시 서구 농성동 112-1,전남광주통합특별시 서구 경열로45번길 13,서구,농성1동,1224065000,성공,서구,농성1동,True,서구 농성1동,서구 농성1동,300,35,19.7906,서구 경열로45번길 13,True
농성동유탑유블레스,29140-335,2012,26.03~27.03,신규,13,3,2026,300,19.7906,4,112-1,35,,,경열로45번길 13,0,00013,00000,4280012,1,12240,12240,농성동,,서구,12240,아파트,전월세,202603,아파트 전월세,,,,,,서구|농성동|112-1|경열로45번길 13|00013|00000,35.1522648956668,126.891494681592,광주광역시 서구 농성동 112-1,전남광주통합특별시 서구 경열로45번길 13,서구,농성1동,1224065000,성공,서구,농성1동,True,서구 농성1동,서구 농성1동,300,35,19.7906,서구 경열로45번길 13,True
농성동유탑유블레스,29140-335,2012,26.03~27.03,신규,10,3,2026,300,19.7906,12,112-1,36,,,경열로45번길 13,0,00013,00000,4280012,1,12240,12240,농성동,,서구,12240,아파트,전월세,202603,아파트 전월세,,,,,,서구|농성동|112-1|경열로45번길 13|00013|00000,35.1522648956668,126.891494681592,광주광역시 서구 농성동 112-1,전남광주통합특별시 서구 경열로45번길 13,서구,농성1동,1224065000,성공,서구,농성1동,True,서구 농성1동,서구 농성1동,300,36,19.7906,서구 경열로45번길 13,True
광주효천1엘에이치1단지,29155-421,2021,,,24,3,2026,"3,248",46.74,1,679,28,,,효천로 176,0,00176,00000,3351956,1,12270,12270,임암동,,남구,12270,아파트,전월세,202603,아파트 전월세,,,,,,남구|임암동|679|효천로 176|00176|00000,35.1076021714696,126.863505319348,광주광역시 남구 임암동 679,전남광주통합특별시 남구 효천로 176,남구,송암동,1227072000,성공,남구,송암동,True,남구 송암동,남구 송암동,3248,28,46.74,남구 효천로 176,True
송화마을휴먼시아(진월1블럭주공),29155-307,2007,26.03~27.02,신규,27,3,2026,"3,217",39.85,3,725,6,,,효우로60번길 50,0,00050,00000,4283741,1,12270,12270,노대동,,남구,12270,아파트,전월세,202603,아파트 전월세,,,,,,남구|노대동|725|효우로60번길 50|00050|00000,35.1093929954418,126.900214471772,광주광역시 남구 노대동 725,전남광주통합특별시 남구 효우로60번길 50,남구,효덕동,1227071000,성공,남구,효덕동,True,남구 효덕동,남구 효덕동,3217,6,39.85,남구 효우로60번길 50,True
광주효천1엘에이치1단지,29155-421,2021,26.03~28.03,신규,25,3,2026,"6,484",46.74,4,679,11,,,효천로 176,0,00176,00000,3351956,1,12270,12270,임암동,,남구,12270,아파트,전월세,202603,아파트 전월세,,,,,,남구|임암동|679|효천로 176|00176|00000,35.1076021714696,126.863505319348,광주광역시 남구 임암동 679,전남광주통합특별시 남구 효천로 176,남구,송암동,1227072000,성공,남구,송암동,True,남구 송암동,남구 송암동,6484,11,46.74,남구 효천로 176,True
효천엘에이치천년나무7단지,29155-391,2017,26.03~28.04,신규,24,3,2026,"2,196",26.54,2,713,12,,,행암길 9,0,00009,00000,4283689,0,12270,12270,행암동,,남구,12270,아파트,전월세,202603,아파트 전월세,,,,,,남구|행암동|713|행암길 9|00009|00000,35.1026108867821,126.896298377775,광주광역시 남구 행암동 713,전남광주통합특별시 남구 행암길 9,남구,효덕동,1227071000,성공,남구,효덕동,True,남구 효덕동,남구 효덕동,2196,12,26.54,남구 행암길 9,True
엘에이치송화마을8단지,29155-395,2018,26.03~28.04,신규,24,3,2026,"2,988",36.72,5,825,17,,,노대실로 9,0,00009,00000,3161003,0,12270,12270,노대동,,남구,12270,아파트,전월세,202603,아파트 전월세,,,,,,남구|노대동|825|노대실로 9|00009|00000,35.1088035081054,126.905394245253,광주광역시 남구 노대동 825,전남광주통합특별시 남구 노대실로 9,남구,효덕동,1227071000,성공,남구,효덕동,True,남구 효덕동,남구 효덕동,2988,17,36.72,남구 노대실로 9,True
광주효천1엘에이치1단지,29155-421,2021,26.03~28.04,신규,25,3,2026,"2,346",26.63,4,679,7,,,효천로 176,0,00176,00000,3351956,1,12270,12270,임암동,,남구,12270,아파트,전월세,202603,아파트 전월세,,,,,,남구|임암동|679|효천로 176|00176|00000,35.1076021714696,126.863505319348,광주광역시 남구 임암동 679,전남광주통합특별시 남구 효천로 176,남구,송암동,1227072000,성공,남구,송암동,True,남구 송암동,남구 송암동,2346,7,26.63,남구 효천로 176,True
효천엘에이치천년나무7단지,29155-391,2017,26.03~28.04,신규,24,3,2026,"2,347",26.54,12,713,13,,,행암길 9,0,00009,00000,4283689,0,12270,12270,행암동,,남구,12270,아파트,전월세,202603,아파트 전월세,,,,,,남구|행암동|713|행암길 9|00009|00000,35.1026108867821,126.896298377775,광주광역시 남구 행암동 713,전남광주통합특별시 남구 행암길 9,남구,효덕동,1227071000,성공,남구,효덕동,True,남구 효덕동,남구 효덕동,2347,13,26.54,남구 행암길 9,True
송화마을휴먼시아(진월3블럭주공),29155-304,2007,26.04~28.03,갱신,24,3,2026,"2,724",46.59,3,731,15,"2,594",14,효우로60번길 10,0,00010,00000,4283741,1,12270,12270,노대동,,남구,12270,아파트,전월세,202603,아파트 전월세,,,,,,남구|노대동|731|효우로60번길 10|00010|00000,35.1097155897455,126.903323235324,광주광역시 남구 노대동 731,전남광주통합특별시 남구 효우로60번길 10,남구,효덕동,1227071000,성공,남구,효덕동,True,남구 효덕동,남구 효덕동,2724,15,46.59,남구 효우로60번길 10,True
송화마을휴먼시아(진월3블럭주공),29155-304,2007,26.04~28.03,갱신,27,3,2026,"4,168",51.93,6,731,12,"4,013",11,효우로60번길 10,0,00010,00000,4283741,1,12270,12270,노대동,,남구,12270,아파트,전월세,202603,아파트 전월세,,,,,,남구|노대동|731|효우로60번길 10|00010|00000,35.1097155897455,126.903323235324,광주광역시 남구 노대동 731,전남광주통합특별시 남구 효우로60번길 10,남구,효덕동,1227071000,성공,남구,효덕동,True,남구 효덕동,남구 효덕동,4168,12,51.93,남구 효우로60번길 10,True
광주효천1엘에이치1단지,29155-421,2021,26.03~28.03,갱신,26,3,2026,"4,203",37.7,4,679,9,"1,803",21,효천로 176,0,00176,00000,3351956,1,12270,12270,임암동,,남구,12270,아파트,전월세,202603,아파트 전월세,,,,,,남구|임암동|679|효천로 176|00176|00000,35.1076021714696,126.863505319348,광주광역시 남구 임암동 679,전남광주통합특별시 남구 효천로 176,남구,송암동,1227072000,성공,남구,송암동,True,남구 송암동,남구 송암동,4203,9,37.7,남구 효천로 176,True
효천엘에이치천년나무7단지,29155-391,2017,26.03~28.03,갱신,26,3,2026,"3,396",26.54,1,713,6,"2,196",12,행암길 9,0,00009,00000,4283689,0,12270,12270,행암동,,남구,12270,아파트,전월세,202603,아파트 전월세,,,,,,남구|행암동|713|행암길 9|00009|00000,35.1026108867821,126.896298377775,광주광역시 남구 행암동 713,전남광주통합특별시 남구 행암길 9,남구,효덕동,1227071000,성공,남구,효덕동,True,남구 효덕동,남구 효덕동,3396,6,26.54,남구 행암길 9,True
광주효천1엘에이치3단지,29155-403,2020,26.04~28.03,갱신,25,3,2026,"1,382",16.76,13,731,7,"1,357",7,효천중앙로 35,0,00035,00000,3351961,0,12270,12270,임암동,,남구,12270,아파트,전월세,202603,아파트 전월세,,,,,,남구|임암동|731|효천중앙로 35|00035|00000,35.1035679937987,126.87276883408,광주광역시 남구 임암동 731,전남광주통합특별시 남구 효천중앙로 35,남구,송암동,1227072000,성공,남구,송암동,True,남구 송암동,남구 송암동,1382,7,16.76,남구 효천중앙로 35,True
송화마을휴먼시아(진월4블럭주공),29155-305,2007,26.03~28.04,신규,23,3,2026,"2,179",39.72,4,734,12,,,효우로60번길 9,0,00009,00000,4283741,1,12270,12270,노대동,,남구,12270,아파트,전월세,202603,아파트 전월세,,,,,,남구|노대동|734|효우로60번길 9|00009|00000,35.1076086354032,126.903198596274,광주광역시 남구 노대동 734,전남광주통합특별시 남구 효우로60번길 9,남구,효덕동,1227071000,성공,남구,효덕동,True,남구 효덕동,남구 효덕동,2179,12,39.72,남구 효우로60번길 9,True
엘에이치송화마을8단지,29155-395,2018,26.03~28.04,신규,24,3,2026,"2,192",26.93,2,825,12,,,노대실로 9,0,00009,00000,3161003,0,12270,12270,노대동,,남구,12270,아파트,전월세,202603,아파트 전월세,,,,,,남구|노대동|825|노대실로 9|00009|00000,35.1088035081054,126.905394245253,광주광역시 남구 노대동 825,전남광주통합특별시 남구 노대실로 9,남구,효덕동,1227071000,성공,남구,효덕동,True,남구 효덕동,남구 효덕동,2192,12,26.93,남구 노대실로 9,True
송화마을휴먼시아(진월3블럭주공),29155-304,2007,26.03~28.04,신규,24,3,2026,"3,268",51.93,2,731,18,,,효우로60번길 10,0,00010,00000,4283741,1,12270,12270,노대동,,남구,12270,아파트,전월세,202603,아파트 전월세,,,,,,남구|노대동|731|효우로60번길 10|00010|00000,35.1097155897455,126.903323235324,광주광역시 남구 노대동 731,전남광주통합특별시 남구 효우로60번길 10,남구,효덕동,1227071000,성공,남구,효덕동,True,남구 효덕동,남구 효덕동,3268,18,51.93,남구 효우로60번길 10,True
광주효천1엘에이치3단지,29155-403,2020,26.04~28.03,갱신,23,3,2026,"1,382",16.76,17,731,7,"1,357",7,효천중앙로 35,0,00035,00000,3351961,0,12270,12270,임암동,,남구,12270,아파트,전월세,202603,아파트 전월세,,,,,,남구|임암동|731|효천중앙로 35|00035|00000,35.1035679937987,126.87276883408,광주광역시 남구 임암동 731,전남광주통합특별시 남구 효천중앙로 35,남구,송암동,1227072000,성공,남구,송암동,True,남구 송암동,남구 송암동,1382,7,16.76,남구 효천중앙로 35,True
송화마을휴먼시아(진월3블럭주공),29155-304,2007,26.04~28.03,갱신,12,3,2026,"2,805",46.9,2,731,15,"2,672",14,효우로60번길 10,0,00010,00000,4283741,1,12270,12270,노대동,,남구,12270,아파트,전월세,202603,아파트 전월세,,,,,,남구|노대동|731|효우로60번길 10|00010|00000,35.1097155897455,126.903323235324,광주광역시 남구 노대동 731,전남광주통합특별시 남구 효우로60번길 10,남구,효덕동,1227071000,성공,남구,효덕동,True,남구 효덕동,남구 효덕동,2805,15,46.9,남구 효우로60번길 10,True
송화마을휴먼시아(진월1블럭주공),29155-307,2007,26.04~28.03,갱신,11,3,2026,"2,724",46.9,12,725,15,"2,478",13,효우로60번길 50,0,00050,00000,4283741,1,12270,12270,노대동,,남구,12270,아파트,전월세,202603,아파트 전월세,,,,,,남구|노대동|725|효우로60번길 50|00050|00000,35.1093929954418,126.900214471772,광주광역시 남구 노대동 725,전남광주통합특별시 남구 효우로60번길 50,남구,효덕동,1227071000,성공,남구,효덕동,True,남구 효덕동,남구 효덕동,2724,15,46.9,남구 효우로60번길 50,True
광주효천1엘에이치1단지,29155-421,2021,26.03~28.02,신규,3,3,2026,"6,484",46.74,5,679,11,,,효천로 176,0,00176,00000,3351956,1,12270,12270,임암동,,남구,12270,아파트,전월세,202603,아파트 전월세,,,,,,남구|임암동|679|효천로 176|00176|00000,35.1076021714696,126.863505319348,광주광역시 남구 임암동 679,전남광주통합특별시 남구 효천로 176,남구,송암동,1227072000,성공,남구,송암동,True,남구 송암동,남구 송암동,6484,11,46.74,남구 효천로 176,True
모아미래도,29170-226,2001,26.04~27.03,신규,17,3,2026,"1,000",36.0791,3,1406-1,40,,,저불로 21,0,00021,00000,3162067,1,12300,12300,용봉동,,북구,12300,아파트,전월세,202603,아파트 전월세,,,,,,북구|용봉동|1406-1|저불로 21|00021|00000,35.176412339897,126.894098954572,광주광역시 북구 용봉동 1406-1,전남광주통합특별시 북구 저불로 21,북구,용봉동,1230059000,성공,북구,용봉동,True,북구 용봉동,북구 용봉동,1000,40,36.0791,북구 저불로 21,True
용봉주공,29170-227,2004,26.04~28.03,갱신,12,3,2026,"2,116",51.95,16,1461,16,"2,055",15,매곡로 20,0,00020,00000,3162014,1,12300,12300,용봉동,,북구,12300,아파트,전월세,202603,아파트 전월세,,,,,,북구|용봉동|1461|매곡로 20|00020|00000,35.1866483726599,126.895825017945,광주광역시 북구 용봉동 1461,전남광주통합특별시 북구 매곡로 20,북구,용봉동,1230059000,성공,북구,용봉동,True,북구 용봉동,북구 용봉동,2116,16,51.95,북구 매곡로 20,True
하남주공(2단지),29200-39,1991,26.04~28.04,신규,25,3,2026,500,44.52,15,1571-1,35,,,월곡산정로 12,0,00012,00000,3163042,1,12330,12330,우산동,,광산구,12330,아파트,전월세,202603,아파트 전월세,,,,,,광산구|우산동|1571-1|월곡산정로 12|00012|00000,35.1651071402315,126.803686058,광주광역시 광산구 우산동 1571-1,전남광주통합특별시 광산구 월곡산정로 12,광산구,우산동,1233058000,성공,광산구,우산동,True,광산구 우산동,광산구 우산동,500,35,44.52,광산구 월곡산정로 12,True
광주우산엘에이치1단지,29200-422,2019,26.03~28.04,신규,24,3,2026,"1,541",16.84,8,1599-1,8,,,무진대로 246-7,,00246,00007,2009009,0,12330,12330,우산동,,광산구,12330,아파트,전월세,202603,아파트 전월세,,,,,,광산구|우산동|1599-1|무진대로 246-7|00246|00007,35.1605509336336,126.807603506014,광주광역시 광산구 우산동 1599-1,전남광주통합특별시 광산구 무진대로 246-7,광산구,우산동,1233058000,성공,광산구,우산동,True,광산구 우산동,광산구 우산동,1541,8,16.84,광산구 무진대로 246-7,True
광주우산엘에이치1단지,29200-422,2019,26.03~28.04,신규,24,3,2026,"3,204",36.44,6,1599-1,17,,,무진대로 246-7,,00246,00007,2009009,0,12330,12330,우산동,,광산구,12330,아파트,전월세,202603,아파트 전월세,,,,,,광산구|우산동|1599-1|무진대로 246-7|00246|00007,35.1605509336336,126.807603506014,광주광역시 광산구 우산동 1599-1,전남광주통합특별시 광산구 무진대로 246-7,광산구,우산동,1233058000,성공,광산구,우산동,True,광산구 우산동,광산구 우산동,3204,17,36.44,광산구 무진대로 246-7,True
무들에코클래스,29200-323,2014,26.05~28.05,신규,31,3,2026,"1,000",41.0792,15,893-1,60,,,임방울대로826번길 60-5,0,00060,00005,4289555,1,12330,12330,월계동,,광산구,12330,아파트,전월세,202603,아파트 전월세,,,,,,광산구|월계동|893-1|임방울대로826번길 60-5|00060|00005,35.2144820852673,126.847824082744,광주광역시 광산구 월계동 893-1,전남광주통합특별시 광산구 임방울대로826번길 60-5,광산구,첨단2동,1233062600,성공,북구,첨단2동,True,광산구 첨단2동,북구 첨단2동,1000,60,41.0792,광산구 임방울대로826번길 60-5,True
윤진리안채,29200-391,2017,26.04~27.04,신규,17,3,2026,500,28.7459,11,694-74,53,,,첨단강변로99번길 21,0,00021,00000,4289601,0,12330,12330,쌍암동,,광산구,12330,아파트,전월세,202603,아파트 전월세,,,,,,광산구|쌍암동|694-74|첨단강변로99번길 21|00021|00000,35.2151862774642,126.851132647598,광주광역시 광산구 쌍암동 694-74,전남광주통합특별시 광산구 첨단강변로99번길 21,광산구,첨단2동,1233062600,성공,북구,첨단2동,True,광산구 첨단2동,북구 첨단2동,500,53,28.7459,광산구 첨단강변로99번길 21,True
첨단AM-City,29200-273,2012,26.04~26.07,신규,27,3,2026,100,19.1513,7,884-2,50,,,첨단중앙로106번길 65-4,0,00065,00004,4289610,1,12330,12330,월계동,,광산구,12330,아파트,전월세,202603,아파트 전월세,,,,,,광산구|월계동|884-2|첨단중앙로106번길 65-4|00065|00004,35.215133360486,126.847005173109,광주광역시 광산구 월계동 884-2,전남광주통합특별시 광산구 첨단중앙로106번길 65-4,광산구,첨단2동,1233062600,성공,북구,첨단2동,True,광산구 첨단2동,북구 첨단2동,100,50,19.1513,광산구 첨단중앙로106번길 65-4,True
광주수완7신완마을휴먼시아,29200-264,2011,26.05~28.04,신규,27,3,2026,"2,751",46.85,11,1037,15,,,풍영로329번길 50,0,00050,00000,4289681,1,12330,12330,장덕동,,광산구,12330,아파트,전월세,202603,아파트 전월세,,,,,,광산구|장덕동|1037|풍영로329번길 50|00050|00000,35.2014118295745,126.812869241031,광주광역시 광산구 장덕동 1037,전남광주통합특별시 광산구 풍영로329번길 50,광산구,수완동,1233063700,성공,광산구,수완동,True,광산구 수완동,광산구 수완동,2751,15,46.85,광산구 풍영로329번길 50,True
광주수완7신완마을휴먼시아,29200-264,2011,26.03~28.04,신규,24,3,2026,578,46.9,12,1037,22,,,풍영로329번길 50,0,00050,00000,4289681,1,12330,12330,장덕동,,광산구,12330,아파트,전월세,202603,아파트 전월세,,,,,,광산구|장덕동|1037|풍영로329번길 50|00050|00000,35.2014118295745,126.812869241031,광주광역시 광산구 장덕동 1037,전남광주통합특별시 광산구 풍영로329번길 50,광산구,수완동,1233063700,성공,광산구,수완동,True,광산구 수완동,광산구 수완동,578,22,46.9,광산구 풍영로329번길 50,True
에이엠시티센트럴파크,29200-349,2015,26.04~28.04,신규,14,3,2026,500,40.9226,12,676-2,73,,,첨단중앙로182번길 50,,00050,00000,4289616,1,12330,12330,쌍암동,,광산구,12330,아파트,전월세,202603,아파트 전월세,,,,,,광산구|쌍암동|676-2|첨단중앙로182번길 50|00050|00000,35.2215170161494,126.846882804545,광주광역시 광산구 쌍암동 676-2,전남광주통합특별시 광산구 첨단중앙로182번길 50,광산구,첨단1동,1233062400,성공,광산구,첨단1동,True,광산구 첨단1동,광산구 첨단1동,500,73,40.9226,광산구 첨단중앙로182번길 50,True
고실마을휴먼시아8단지,29200-262,2010,26.03~28.04,신규,24,3,2026,"2,137",39.96,2,1098,12,,,풍영로330번길 15,0,00015,00000,4289682,1,12330,12330,장덕동,,광산구,12330,아파트,전월세,202603,아파트 전월세,,,,,,광산구|장덕동|1098|풍영로330번길 15|00015|00000,35.2015313255941,126.816684307953,광주광역시 광산구 장덕동 1098,전남광주통합특별시 광산구 풍영로330번길 15,광산구,수완동,1233063700,성공,광산구,수완동,True,광산구 수완동,광산구 수완동,2137,12,39.96,광산구 풍영로330번길 15,True
첨단도휘에드가2차,29200-350,2015,26.04~27.03,신규,30,3,2026,300,19.69,3,694-70,40,,,월계로 223-20,0,00223,00020,3163039,1,12330,12330,쌍암동,,광산구,12330,아파트,전월세,202603,아파트 전월세,,,,,,광산구|쌍암동|694-70|월계로 223-20|00223|00020,35.2153858800186,126.850509647451,광주광역시 광산구 쌍암동 694-70,전남광주통합특별시 광산구 월계로 223-20,광산구,첨단2동,1233062600,성공,북구,첨단2동,True,광산구 첨단2동,북구 첨단2동,300,40,19.69,광산구 월계로 223-20,True
첨단도휘에드가2차,29200-350,2015,26.03~27.03,신규,30,3,2026,300,19.69,4,694-70,40,,,월계로 223-20,0,00223,00020,3163039,1,12330,12330,쌍암동,,광산구,12330,아파트,전월세,202603,아파트 전월세,,,,,,광산구|쌍암동|694-70|월계로 223-20|00223|00020,35.2153858800186,126.850509647451,광주광역시 광산구 쌍암동 694-70,전남광주통합특별시 광산구 월계로 223-20,광산구,첨단2동,1233062600,성공,북구,첨단2동,True,광산구 첨단2동,북구 첨단2동,300,40,19.69,광산구 월계로 223-20,True
첨단센트럴파크2차,29200-399,2018,26.04~28.04,신규,27,3,2026,"1,000",47.44,16,676-3,70,,,첨단중앙로170번길 87,0,00087,00000,4289614,1,12330,12330,쌍암동,,광산구,12330,아파트,전월세,202603,아파트 전월세,,,,,,광산구|쌍암동|676-3|첨단중앙로170번길 87|00087|00000,35.2209763822162,126.84687920672,광주광역시 광산구 쌍암동 676-3,전남광주통합특별시 광산구 첨단중앙로170번길 87,광산구,첨단1동,1233062400,성공,광산구,첨단1동,True,광산구 첨단1동,광산구 첨단1동,1000,70,47.44,광산구 첨단중앙로170번길 87,True
무들에코클래스,29200-323,2014,26.04~27.04,신규,27,3,2026,300,19.9836,3,893-1,38,,,임방울대로826번길 60-5,0,00060,00005,4289555,1,12330,12330,월계동,,광산구,12330,아파트,전월세,202603,아파트 전월세,,,,,,광산구|월계동|893-1|임방울대로826번길 60-5|00060|00005,35.2144820852673,126.847824082744,광주광역시 광산구 월계동 893-1,전남광주통합특별시 광산구 임방울대로826번길 60-5,광산구,첨단2동,1233062600,성공,북구,첨단2동,True,광산구 첨단2동,북구 첨단2동,300,38,19.9836,광산구 임방울대로826번길 60-5,True
첨단도휘에드가2차,29200-350,2015,26.03~28.03,신규,30,3,2026,300,20.81,3,694-70,40,,,월계로 223-20,0,00223,00020,3163039,1,12330,12330,쌍암동,,광산구,12330,아파트,전월세,202603,아파트 전월세,,,,,,광산구|쌍암동|694-70|월계로 223-20|00223|00020,35.2153858800186,126.850509647451,광주광역시 광산구 쌍암동 694-70,전남광주통합특별시 광산구 월계로 223-20,광산구,첨단2동,1233062600,성공,북구,첨단2동,True,광산구 첨단2동,북구 첨단2동,300,40,20.81,광산구 월계로 223-20,True
아름마을휴먼시아1단지,29200-247,2009,26.03~28.04,신규,30,3,2026,"2,885",46.9,11,1061,16,,,수등로123번길 70,0,00070,00000,4289327,1,12330,12330,신가동,,광산구,12330,아파트,전월세,202603,아파트 전월세,,,,,,광산구|신가동|1061|수등로123번길 70|00070|00000,35.1858460602035,126.824527935674,광주광역시 광산구 신가동 1061,전남광주통합특별시 광산구 수등로123번길 70,광산구,수완동,1233063700,성공,광산구,수완동,True,광산구 수완동,광산구 수완동,2885,16,46.9,광산구 수등로123번길 70,True
광주수완7신완마을휴먼시아,29200-264,2011,26.03~28.04,신규,24,3,2026,"2,117",39.96,5,1037,12,,,풍영로329번길 50,0,00050,00000,4289681,1,12330,12330,장덕동,,광산구,12330,아파트,전월세,202603,아파트 전월세,,,,,,광산구|장덕동|1037|풍영로329번길 50|00050|00000,35.2014118295745,126.812869241031,광주광역시 광산구 장덕동 1037,전남광주통합특별시 광산구 풍영로329번길 50,광산구,수완동,1233063700,성공,광산구,수완동,True,광산구 수완동,광산구 수완동,2117,12,39.96,광산구 풍영로329번길 50,True
한양에드가302동,29200-309,2013,26.03~27.03,신규,25,3,2026,300,22.513,10,694-115,39,,,월계로 223-17,0,00223,00017,3163039,2,12330,12330,쌍암동,,광산구,12330,아파트,전월세,202603,아파트 전월세,,,,,,광산구|쌍암동|694-115|월계로 223-17|00223|00017,35.2149023369798,126.849588941863,광주광역시 광산구 쌍암동 694-115,전남광주통합특별시 광산구 월계로 223-17,광산구,첨단2동,1233062600,성공,북구,첨단2동,True,광산구 첨단2동,북구 첨단2동,300,39,22.513,광산구 월계로 223-17,True
고실마을휴먼시아8단지,29200-262,2010,26.03~28.04,신규,24,3,2026,"2,137",39.96,10,1098,12,,,풍영로330번길 15,0,00015,00000,4289682,1,12330,12330,장덕동,,광산구,12330,아파트,전월세,202603,아파트 전월세,,,,,,광산구|장덕동|1098|풍영로330번길 15|00015|00000,35.2015313255941,126.816684307953,광주광역시 광산구 장덕동 1098,전남광주통합특별시 광산구 풍영로330번길 15,광산구,수완동,1233063700,성공,광산구,수완동,True,광산구 수완동,광산구 수완동,2137,12,39.96,광산구 풍영로330번길 15,True
첨단도휘에드가2차,29200-350,2015,26.03~27.03,신규,16,3,2026,300,19.69,13,694-70,39,,,월계로 223-20,0,00223,00020,3163039,1,12330,12330,쌍암동,,광산구,12330,아파트,전월세,202603,아파트 전월세,,,,,,광산구|쌍암동|694-70|월계로 223-20|00223|00020,35.2153858800186,126.850509647451,광주광역시 광산구 쌍암동 694-70,전남광주통합특별시 광산구 월계로 223-20,광산구,첨단2동,1233062600,성공,북구,첨단2동,True,광산구 첨단2동,북구 첨단2동,300,39,19.69,광산구 월계로 223-20,True
첨단AM-City,29200-273,2012,26.03~27.03,신규,23,3,2026,300,19.1513,4,884-2,37,,,첨단중앙로106번길 65-4,0,00065,00004,4289610,1,12330,12330,월계동,,광산구,12330,아파트,전월세,202603,아파트 전월세,,,,,,광산구|월계동|884-2|첨단중앙로106번길 65-4|00065|00004,35.215133360486,126.847005173109,광주광역시 광산구 월계동 884-2,전남광주통합특별시 광산구 첨단중앙로106번길 65-4,광산구,첨단2동,1233062600,성공,북구,첨단2동,True,광산구 첨단2동,북구 첨단2동,300,37,19.1513,광산구 첨단중앙로106번길 65-4,True
고실마을휴먼시아8단지,29200-262,2010,26.05~28.04,갱신,31,3,2026,"2,937",39.25,17,1098,7,"2,041",11,풍영로330번길 15,0,00015,00000,4289682,1,12330,12330,장덕동,,광산구,12330,아파트,전월세,202603,아파트 전월세,,,,,,광산구|장덕동|1098|풍영로330번길 15|00015|00000,35.2015313255941,126.816684307953,광주광역시 광산구 장덕동 1098,전남광주통합특별시 광산구 풍영로330번길 15,광산구,수완동,1233063700,성공,광산구,수완동,True,광산구 수완동,광산구 수완동,2937,7,39.25,광산구 풍영로330번길 15,True
첨단도휘에드가2차,29200-350,2015,26.04~27.03,신규,27,3,2026,300,19.69,6,694-70,40,,,월계로 223-20,0,00223,00020,3163039,1,12330,12330,쌍암동,,광산구,12330,아파트,전월세,202603,아파트 전월세,,,,,,광산구|쌍암동|694-70|월계로 223-20|00223|00020,35.2153858800186,126.850509647451,광주광역시 광산구 쌍암동 694-70,전남광주통합특별시 광산구 월계로 223-20,광산구,첨단2동,1233062600,성공,북구,첨단2동,True,광산구 첨단2동,북구 첨단2동,300,40,19.69,광산구 월계로 223-20,True
에이엠시티센트럴파크,29200-349,2015,26.03~28.03,신규,11,3,2026,"12,000",40.9226,8,676-2,0,,,첨단중앙로182번길 50,,00050,00000,4289616,1,12330,12330,쌍암동,,광산구,12330,아파트,전월세,202603,아파트 전월세,,,,,,광산구|쌍암동|676-2|첨단중앙로182번길 50|00050|00000,35.2215170161494,126.846882804545,광주광역시 광산구 쌍암동 676-2,전남광주통합특별시 광산구 첨단중앙로182번길 50,광산구,첨단1동,1233062400,성공,광산구,첨단1동,True,광산구 첨단1동,광산구 첨단1동,12000,0,40.9226,광산구 첨단중앙로182번길 50,True
광주수완7신완마을휴먼시아,29200-264,2011,26.05~28.04,갱신,30,3,2026,"3,251",46.9,5,1037,13,"2,671",15,풍영로329번길 50,0,00050,00000,4289681,1,12330,12330,장덕동,,광산구,12330,아파트,전월세,202603,아파트 전월세,,,,,,광산구|장덕동|1037|풍영로329번길 50|00050|00000,35.2014118295745,126.812869241031,광주광역시 광산구 장덕동 1037,전남광주통합특별시 광산구 풍영로329번길 50,광산구,수완동,1233063700,성공,광산구,수완동,True,광산구 수완동,광산구 수완동,3251,13,46.9,광산구 풍영로329번길 50,True
광주수완7신완마을휴먼시아,29200-264,2011,26.03~28.04,신규,24,3,2026,"3,217",39.96,7,1037,7,,,풍영로329번길 50,0,00050,00000,4289681,1,12330,12330,장덕동,,광산구,12330,아파트,전월세,202603,아파트 전월세,,,,,,광산구|장덕동|1037|풍영로329번길 50|00050|00000,35.2014118295745,126.812869241031,광주광역시 광산구 장덕동 1037,전남광주통합특별시 광산구 풍영로329번길 50,광산구,수완동,1233063700,성공,광산구,수완동,True,광산구 수완동,광산구 수완동,3217,7,39.96,광산구 풍영로329번길 50,True
아름마을휴먼시아3단지,29200-260,2009,26.04~28.03,갱신,26,3,2026,"2,863",46.9,13,1202,16,"2,863",15,하남대로261번길 11,0,00011,00000,4289685,1,12330,12330,신가동,,광산구,12330,아파트,전월세,202603,아파트 전월세,,,,,,광산구|신가동|1202|하남대로261번길 11|00011|00000,35.1803936905995,126.820478944492,광주광역시 광산구 신가동 1202,전남광주통합특별시 광산구 하남대로261번길 11,광산구,수완동,1233063700,성공,광산구,수완동,True,광산구 수완동,광산구 수완동,2863,16,46.9,광산구 하남대로261번길 11,True
광주수완6신완마을휴먼시아,29200-263,2010,26.04~28.03,갱신,27,3,2026,"2,778",46.9,4,1044,15,"2,653",15,풍영로329번길 51,0,00051,00000,4289681,1,12330,12330,장덕동,,광산구,12330,아파트,전월세,202603,아파트 전월세,,,,,,광산구|장덕동|1044|풍영로329번길 51|00051|00000,35.1993201857989,126.811785931546,광주광역시 광산구 장덕동 1044,전남광주통합특별시 광산구 풍영로329번길 51,광산구,수완동,1233063700,성공,광산구,수완동,True,광산구 수완동,광산구 수완동,2778,15,46.9,광산구 풍영로329번길 51,True
광주수완7신완마을휴먼시아,29200-264,2011,26.05~28.04,갱신,27,3,2026,"2,996",39.96,1,1037,7,"2,935",7,풍영로329번길 50,0,00050,00000,4289681,1,12330,12330,장덕동,,광산구,12330,아파트,전월세,202603,아파트 전월세,,,,,,광산구|장덕동|1037|풍영로329번길 50|00050|00000,35.2014118295745,126.812869241031,광주광역시 광산구 장덕동 1037,전남광주통합특별시 광산구 풍영로329번길 50,광산구,수완동,1233063700,성공,광산구,수완동,True,광산구 수완동,광산구 수완동,2996,7,39.96,광산구 풍영로329번길 50,True
장자울마을휴먼시아4단지,29200-257,2009,26.04~28.03,갱신,26,3,2026,"5,404",51.93,11,517,9,"3,031",14,풍영로145번길 43,0,00043,00000,4289671,1,12330,12330,흑석동,,광산구,12330,아파트,전월세,202603,아파트 전월세,,,,,,광산구|흑석동|517|풍영로145번길 43|00043|00000,35.1837458369346,126.811293211321,광주광역시 광산구 흑석동 517,전남광주통합특별시 광산구 풍영로145번길 43,광산구,수완동,1233063700,성공,광산구,수완동,True,광산구 수완동,광산구 수완동,5404,9,51.93,광산구 풍영로145번길 43,True
하남주공(2단지),29200-39,1991,26.03~28.03,신규,27,3,2026,500,44.52,6,1571-1,35,,,월곡산정로 12,0,00012,00000,3163042,1,12330,12330,우산동,,광산구,12330,아파트,전월세,202603,아파트 전월세,,,,,,광산구|우산동|1571-1|월곡산정로 12|00012|00000,35.1651071402315,126.803686058,광주광역시 광산구 우산동 1571-1,전남광주통합특별시 광산구 월곡산정로 12,광산구,우산동,1233058000,성공,광산구,우산동,True,광산구 우산동,광산구 우산동,500,35,44.52,광산구 월곡산정로 12,True
광주수완7신완마을휴먼시아,29200-264,2011,26.04~28.03,갱신,26,3,2026,"2,751",46.85,14,1037,15,"2,332",13,풍영로329번길 50,0,00050,00000,4289681,1,12330,12330,장덕동,,광산구,12330,아파트,전월세,202603,아파트 전월세,,,,,,광산구|장덕동|1037|풍영로329번길 50|00050|00000,35.2014118295745,126.812869241031,광주광역시 광산구 장덕동 1037,전남광주통합특별시 광산구 풍영로329번길 50,광산구,수완동,1233063700,성공,광산구,수완동,True,광산구 수완동,광산구 수완동,2751,15,46.85,광산구 풍영로329번길 50,True
고실마을휴먼시아8단지,29200-262,2010,26.05~28.04,신규,26,3,2026,"2,137",39.96,17,1098,12,,,풍영로330번길 15,0,00015,00000,4289682,1,12330,12330,장덕동,,광산구,12330,아파트,전월세,202603,아파트 전월세,,,,,,광산구|장덕동|1098|풍영로330번길 15|00015|00000,35.2015313255941,126.816684307953,광주광역시 광산구 장덕동 1098,전남광주통합특별시 광산구 풍영로330번길 15,광산구,수완동,1233063700,성공,광산구,수완동,True,광산구 수완동,광산구 수완동,2137,12,39.96,광산구 풍영로330번길 15,True
윤진리안채,29200-391,2017,26.03~27.03,신규,23,3,2026,500,28.7459,14,694-74,50,,,첨단강변로99번길 21,0,00021,00000,4289601,0,12330,12330,쌍암동,,광산구,12330,아파트,전월세,202603,아파트 전월세,,,,,,광산구|쌍암동|694-74|첨단강변로99번길 21|00021|00000,35.2151862774642,126.851132647598,광주광역시 광산구 쌍암동 694-74,전남광주통합특별시 광산구 첨단강변로99번길 21,광산구,첨단2동,1233062600,성공,북구,첨단2동,True,광산구 첨단2동,북구 첨단2동,500,50,28.7459,광산구 첨단강변로99번길 21,True
첨단AM-City3차,29200-295,2013,26.04~27.04,갱신,19,3,2026,"8,000",30.1942,6,661-8,0,"8,000",,첨단중앙로152번길 17-12,0,00017,00012,4289613,1,12330,12330,쌍암동,,광산구,12330,아파트,전월세,202603,아파트 전월세,,,,,,광산구|쌍암동|661-8|첨단중앙로152번길 17-12|00017|00012,35.2201158823372,126.843440476063,광주광역시 광산구 쌍암동 661-8,전남광주통합특별시 광산구 첨단중앙로152번길 17-12,광산구,첨단1동,1233062400,성공,광산구,첨단1동,True,광산구 첨단1동,광산구 첨단1동,8000,0,30.1942,광산구 첨단중앙로152번길 17-12,True
광주첨단엘에이치2단지,29200-426,2020,26.03~28.04,신규,24,3,2026,"3,438",36.72,8,683-2,19,,,임방울대로825번길 9,0,00009,00000,4289554,0,12330,12330,쌍암동,,광산구,12330,아파트,전월세,202603,아파트 전월세,,,,,,광산구|쌍암동|683-2|임방울대로825번길 9|00009|00000,35.218229827909,126.848341882075,광주광역시 광산구 쌍암동 683-2,전남광주통합특별시 광산구 임방울대로825번길 9,광산구,첨단1동,1233062400,성공,광산구,첨단1동,True,광산구 첨단1동,광산구 첨단1동,3438,19,36.72,광산구 임방울대로825번길 9,True
아름마을휴먼시아1단지,29200-247,2009,26.04~28.03,갱신,13,3,2026,"2,156",39.48,1,1061,12,"2,156",12,수등로123번길 70,0,00070,00000,4289327,1,12330,12330,신가동,,광산구,12330,아파트,전월세,202603,아파트 전월세,,,,,,광산구|신가동|1061|수등로123번길 70|00070|00000,35.1858460602035,126.824527935674,광주광역시 광산구 신가동 1061,전남광주통합특별시 광산구 수등로123번길 70,광산구,수완동,1233063700,성공,광산구,수완동,True,광산구 수완동,광산구 수완동,2156,12,39.48,광산구 수등로123번길 70,True
광주수완6신완마을휴먼시아,29200-263,2010,26.03~28.04,신규,24,3,2026,"2,805",46.9,12,1044,15,,,풍영로329번길 51,0,00051,00000,4289681,1,12330,12330,장덕동,,광산구,12330,아파트,전월세,202603,아파트 전월세,,,,,,광산구|장덕동|1044|풍영로329번길 51|00051|00000,35.1993201857989,126.811785931546,광주광역시 광산구 장덕동 1044,전남광주통합특별시 광산구 풍영로329번길 51,광산구,수완동,1233063700,성공,광산구,수완동,True,광산구 수완동,광산구 수완동,2805,15,46.9,광산구 풍영로329번길 51,True
첨단도휘에드가2차,29200-350,2015,26.03~27.03,신규,22,3,2026,300,19.69,6,694-70,38,,,월계로 223-20,0,00223,00020,3163039,1,12330,12330,쌍암동,,광산구,12330,아파트,전월세,202603,아파트 전월세,,,,,,광산구|쌍암동|694-70|월계로 223-20|00223|00020,35.2153858800186,126.850509647451,광주광역시 광산구 쌍암동 694-70,전남광주통합특별시 광산구 월계로 223-20,광산구,첨단2동,1233062600,성공,북구,첨단2동,True,광산구 첨단2동,북구 첨단2동,300,38,19.69,광산구 월계로 223-20,True
고실마을휴먼시아8단지,29200-262,2010,26.03~28.04,신규,24,3,2026,"2,137",39.25,7,1098,12,,,풍영로330번길 15,0,00015,00000,4289682,1,12330,12330,장덕동,,광산구,12330,아파트,전월세,202603,아파트 전월세,,,,,,광산구|장덕동|1098|풍영로330번길 15|00015|00000,35.2015313255941,126.816684307953,광주광역시 광산구 장덕동 1098,전남광주통합특별시 광산구 풍영로330번길 15,광산구,수완동,1233063700,성공,광산구,수완동,True,광산구 수완동,광산구 수완동,2137,12,39.25,광산구 풍영로330번길 15,True
광주우산엘에이치1단지,29200-422,2019,26.03~28.04,신규,24,3,2026,"3,204",36.44,4,1599-1,17,,,무진대로 246-7,,00246,00007,2009009,0,12330,12330,우산동,,광산구,12330,아파트,전월세,202603,아파트 전월세,,,,,,광산구|우산동|1599-1|무진대로 246-7|00246|00007,35.1605509336336,126.807603506014,광주광역시 광산구 우산동 1599-1,전남광주통합특별시 광산구 무진대로 246-7,광산구,우산동,1233058000,성공,광산구,우산동,True,광산구 우산동,광산구 우산동,3204,17,36.44,광산구 무진대로 246-7,True
광주수완6신완마을휴먼시아,29200-263,2010,26.03~28.04,신규,24,3,2026,"3,473",51.26,3,1044,19,,,풍영로329번길 51,0,00051,00000,4289681,1,12330,12330,장덕동,,광산구,12330,아파트,전월세,202603,아파트 전월세,,,,,,광산구|장덕동|1044|풍영로329번길 51|00051|00000,35.1993201857989,126.811785931546,광주광역시 광산구 장덕동 1044,전남광주통합특별시 광산구 풍영로329번길 51,광산구,수완동,1233063700,성공,광산구,수완동,True,광산구 수완동,광산구 수완동,3473,19,51.26,광산구 풍영로329번길 51,True
광주첨단엘에이치2단지,29200-426,2020,26.03~28.04,신규,24,3,2026,"3,438",36.72,8,683-2,19,,,임방울대로825번길 9,0,00009,00000,4289554,0,12330,12330,쌍암동,,광산구,12330,아파트,전월세,202603,아파트 전월세,,,,,,광산구|쌍암동|683-2|임방울대로825번길 9|00009|00000,35.218229827909,126.848341882075,광주광역시 광산구 쌍암동 683-2,전남광주통합특별시 광산구 임방울대로825번길 9,광산구,첨단1동,1233062400,성공,광산구,첨단1동,True,광산구 첨단1동,광산구 첨단1동,3438,19,36.72,광산구 임방울대로825번길 9,True
장자울마을휴먼시아5단지,29200-256,2009,26.03~28.04,신규,24,3,2026,"2,886",46.9,7,504,16,,,풍영로145번길 42,0,00042,00000,4289671,1,12330,12330,흑석동,,광산구,12330,아파트,전월세,202603,아파트 전월세,,,,,,광산구|흑석동|504|풍영로145번길 42|00042|00000,35.1849233891164,126.811481524903,광주광역시 광산구 흑석동 504,전남광주통합특별시 광산구 풍영로145번길 42,광산구,수완동,1233063700,성공,광산구,수완동,True,광산구 수완동,광산구 수완동,2886,16,46.9,광산구 풍영로145번길 42,True
첨단센트럴파크2차,29200-399,2018,26.03~28.03,갱신,6,3,2026,"1,000",41.83,6,676-3,60,"1,000",60,첨단중앙로170번길 87,0,00087,00000,4289614,1,12330,12330,쌍암동,,광산구,12330,아파트,전월세,202603,아파트 전월세,,,,,,광산구|쌍암동|676-3|첨단중앙로170번길 87|00087|00000,35.2209763822162,126.84687920672,광주광역시 광산구 쌍암동 676-3,전남광주통합특별시 광산구 첨단중앙로170번길 87,광산구,첨단1동,1233062400,성공,광산구,첨단1동,True,광산구 첨단1동,광산구 첨단1동,1000,60,41.83,광산구 첨단중앙로170번길 87,True
하남주공(2단지),29200-39,1991,26.03~28.03,신규,2,3,2026,300,44.52,8,1571-1,40,,,월곡산정로 12,0,00012,00000,3163042,1,12330,12330,우산동,,광산구,12330,아파트,전월세,202603,아파트 전월세,,,,,,광산구|우산동|1571-1|월곡산정로 12|00012|00000,35.1651071402315,126.803686058,광주광역시 광산구 우산동 1571-1,전남광주통합특별시 광산구 월곡산정로 12,광산구,우산동,1233058000,성공,광산구,우산동,True,광산구 우산동,광산구 우산동,300,40,44.52,광산구 월곡산정로 12,True
첨단AM-City,29200-273,2012,26.04~27.04,신규,21,3,2026,100,19.1513,6,884-2,50,,,첨단중앙로106번길 65-4,0,00065,00004,4289610,1,12330,12330,월계동,,광산구,12330,아파트,전월세,202603,아파트 전월세,,,,,,광산구|월계동|884-2|첨단중앙로106번길 65-4|00065|00004,35.215133360486,126.847005173109,광주광역시 광산구 월계동 884-2,전남광주통합특별시 광산구 첨단중앙로106번길 65-4,광산구,첨단2동,1233062600,성공,북구,첨단2동,True,광산구 첨단2동,북구 첨단2동,100,50,19.1513,광산구 첨단중앙로106번길 65-4,True
첨단AM-City,29200-273,2012,26.03~27.03,신규,21,3,2026,100,19.1513,3,884-2,50,,,첨단중앙로106번길 65-4,0,00065,00004,4289610,1,12330,12330,월계동,,광산구,12330,아파트,전월세,202603,아파트 전월세,,,,,,광산구|월계동|884-2|첨단중앙로106번길 65-4|00065|00004,35.215133360486,126.847005173109,광주광역시 광산구 월계동 884-2,전남광주통합특별시 광산구 첨단중앙로106번길 65-4,광산구,첨단2동,1233062600,성공,북구,첨단2동,True,광산구 첨단2동,북구 첨단2동,100,50,19.1513,광산구 첨단중앙로106번길 65-4,True
에이엠시티센트럴파크,29200-349,2015,26.05~28.05,신규,13,3,2026,"1,000",40.9226,10,676-2,65,,,첨단중앙로182번길 50,,00050,00000,4289616,1,12330,12330,쌍암동,,광산구,12330,아파트,전월세,202603,아파트 전월세,,,,,,광산구|쌍암동|676-2|첨단중앙로182번길 50|00050|00000,35.2215170161494,126.846882804545,광주광역시 광산구 쌍암동 676-2,전남광주통합특별시 광산구 첨단중앙로182번길 50,광산구,첨단1동,1233062400,성공,광산구,첨단1동,True,광산구 첨단1동,광산구 첨단1동,1000,65,40.9226,광산구 첨단중앙로182번길 50,True
에이엠시티5차,29200-307,2013,26.03~27.03,신규,20,3,2026,500,33.1446,8,682-1,55,,,임방울대로825번길 19,0,00019,00000,4289554,1,12330,12330,쌍암동,,광산구,12330,아파트,전월세,202603,아파트 전월세,,,,,,광산구|쌍암동|682-1|임방울대로825번길 19|00019|00000,35.2187157362366,126.847688221979,광주광역시 광산구 쌍암동 682-1,전남광주통합특별시 광산구 임방울대로825번길 19,광산구,첨단1동,1233062400,성공,광산구,첨단1동,True,광산구 첨단1동,광산구 첨단1동,500,55,33.1446,광산구 임방울대로825번길 19,True
하남주공(2단지),29200-39,1991,26.03~28.03,신규,17,3,2026,300,38.64,9,1571-1,40,,,월곡산정로 12,0,00012,00000,3163042,1,12330,12330,우산동,,광산구,12330,아파트,전월세,202603,아파트 전월세,,,,,,광산구|우산동|1571-1|월곡산정로 12|00012|00000,35.1651071402315,126.803686058,광주광역시 광산구 우산동 1571-1,전남광주통합특별시 광산구 월곡산정로 12,광산구,우산동,1233058000,성공,광산구,우산동,True,광산구 우산동,광산구 우산동,300,40,38.64,광산구 월곡산정로 12,True
하남주공(2단지),29200-39,1991,26.03~28.03,신규,20,3,2026,300,44.94,11,1571-1,40,,,월곡산정로 12,0,00012,00000,3163042,1,12330,12330,우산동,,광산구,12330,아파트,전월세,202603,아파트 전월세,,,,,,광산구|우산동|1571-1|월곡산정로 12|00012|00000,35.1651071402315,126.803686058,광주광역시 광산구 우산동 1571-1,전남광주통합특별시 광산구 월곡산정로 12,광산구,우산동,1233058000,성공,광산구,우산동,True,광산구 우산동,광산구 우산동,300,40,44.94,광산구 월곡산정로 12,True
장자울마을휴먼시아4단지,29200-257,2009,26.05~28.04,갱신,19,3,2026,"3,958",46.9,6,517,9,"3,675",10,풍영로145번길 43,0,00043,00000,4289671,1,12330,12330,흑석동,,광산구,12330,아파트,전월세,202603,아파트 전월세,,,,,,광산구|흑석동|517|풍영로145번길 43|00043|00000,35.1837458369346,126.811293211321,광주광역시 광산구 흑석동 517,전남광주통합특별시 광산구 풍영로145번길 43,광산구,수완동,1233063700,성공,광산구,수완동,True,광산구 수완동,광산구 수완동,3958,9,46.9,광산구 풍영로145번길 43,True
에이엠시티센트럴파크,29200-349,2015,26.05~27.05,신규,18,3,2026,"3,000",40.9226,4,676-2,40,,,첨단중앙로182번길 50,,00050,00000,4289616,1,12330,12330,쌍암동,,광산구,12330,아파트,전월세,202603,아파트 전월세,,,,,,광산구|쌍암동|676-2|첨단중앙로182번길 50|00050|00000,35.2215170161494,126.846882804545,광주광역시 광산구 쌍암동 676-2,전남광주통합특별시 광산구 첨단중앙로182번길 50,광산구,첨단1동,1233062400,성공,광산구,첨단1동,True,광산구 첨단1동,광산구 첨단1동,3000,40,40.9226,광산구 첨단중앙로182번길 50,True
아름마을휴먼시아3단지,29200-260,2009,26.05~28.04,갱신,16,3,2026,"3,544",51.93,4,1202,19,"3,375",18,하남대로261번길 11,0,00011,00000,4289685,1,12330,12330,신가동,,광산구,12330,아파트,전월세,202603,아파트 전월세,,,,,,광산구|신가동|1202|하남대로261번길 11|00011|00000,35.1803936905995,126.820478944492,광주광역시 광산구 신가동 1202,전남광주통합특별시 광산구 하남대로261번길 11,광산구,수완동,1233063700,성공,광산구,수완동,True,광산구 수완동,광산구 수완동,3544,19,51.93,광산구 하남대로261번길 11,True
광주수완7신완마을휴먼시아,29200-264,2011,26.04~28.03,갱신,17,3,2026,"3,137",39.96,13,1037,7,"2,075",12,풍영로329번길 50,0,00050,00000,4289681,1,12330,12330,장덕동,,광산구,12330,아파트,전월세,202603,아파트 전월세,,,,,,광산구|장덕동|1037|풍영로329번길 50|00050|00000,35.2014118295745,126.812869241031,광주광역시 광산구 장덕동 1037,전남광주통합특별시 광산구 풍영로329번길 50,광산구,수완동,1233063700,성공,광산구,수완동,True,광산구 수완동,광산구 수완동,3137,7,39.96,광산구 풍영로329번길 50,True
하남주공(2단지),29200-39,1991,26.03~28.03,신규,11,3,2026,300,44.52,9,1571-1,45,,,월곡산정로 12,0,00012,00000,3163042,1,12330,12330,우산동,,광산구,12330,아파트,전월세,202603,아파트 전월세,,,,,,광산구|우산동|1571-1|월곡산정로 12|00012|00000,35.1651071402315,126.803686058,광주광역시 광산구 우산동 1571-1,전남광주통합특별시 광산구 월곡산정로 12,광산구,우산동,1233058000,성공,광산구,우산동,True,광산구 우산동,광산구 우산동,300,45,44.52,광산구 월곡산정로 12,True
하남주공(2단지),29200-39,1991,26.05~28.05,신규,14,3,2026,"7,000",44.52,9,1571-1,0,,,월곡산정로 12,0,00012,00000,3163042,1,12330,12330,우산동,,광산구,12330,아파트,전월세,202603,아파트 전월세,,,,,,광산구|우산동|1571-1|월곡산정로 12|00012|00000,35.1651071402315,126.803686058,광주광역시 광산구 우산동 1571-1,전남광주통합특별시 광산구 월곡산정로 12,광산구,우산동,1233058000,성공,광산구,우산동,True,광산구 우산동,광산구 우산동,7000,0,44.52,광산구 월곡산정로 12,True
광주하남엘에이치천년나무,29200-414,2019,26.05~28.04,갱신,16,3,2026,"1,821",16.35,11,1611-3,9,"1,312",8,용아로 175-6,,00175,00006,3163035,0,12330,12330,우산동,,광산구,12330,아파트,전월세,202603,아파트 전월세,,,,,,광산구|우산동|1611-3|용아로 175-6|00175|00006,35.1599080758315,126.800246035505,광주광역시 광산구 우산동 1611-3,전남광주통합특별시 광산구 용아로 175-6,광산구,우산동,1233058000,성공,광산구,우산동,True,광산구 우산동,광산구 우산동,1821,9,16.35,광산구 용아로 175-6,True
윤진리안채,29200-391,2017,26.04~28.04,신규,13,3,2026,"8,000",28.695,11,694-74,0,,,첨단강변로99번길 21,0,00021,00000,4289601,0,12330,12330,쌍암동,,광산구,12330,아파트,전월세,202603,아파트 전월세,,,,,,광산구|쌍암동|694-74|첨단강변로99번길 21|00021|00000,35.2151862774642,126.851132647598,광주광역시 광산구 쌍암동 694-74,전남광주통합특별시 광산구 첨단강변로99번길 21,광산구,첨단2동,1233062600,성공,북구,첨단2동,True,광산구 첨단2동,북구 첨단2동,8000,0,28.695,광산구 첨단강변로99번길 21,True
첨단AM-City2차,29200-281,2012,26.04~27.04,신규,13,3,2026,500,19.1244,4,658-7,42,,,첨단중앙로152번길 6-13,0,00006,00013,4289613,1,12330,12330,쌍암동,,광산구,12330,아파트,전월세,202603,아파트 전월세,,,,,,광산구|쌍암동|658-7|첨단중앙로152번길 6-13|00006|00013,35.2186388118667,126.843557651778,광주광역시 광산구 쌍암동 658-7,전남광주통합특별시 광산구 첨단중앙로152번길 6-13,광산구,첨단1동,1233062400,성공,광산구,첨단1동,True,광산구 첨단1동,광산구 첨단1동,500,42,19.1244,광산구 첨단중앙로152번길 6-13,True
첨단AM-City,29200-273,2012,26.03~26.06,신규,12,3,2026,100,19.1513,7,884-2,45,,,첨단중앙로106번길 65-4,0,00065,00004,4289610,1,12330,12330,월계동,,광산구,12330,아파트,전월세,202603,아파트 전월세,,,,,,광산구|월계동|884-2|첨단중앙로106번길 65-4|00065|00004,35.215133360486,126.847005173109,광주광역시 광산구 월계동 884-2,전남광주통합특별시 광산구 첨단중앙로106번길 65-4,광산구,첨단2동,1233062600,성공,북구,첨단2동,True,광산구 첨단2동,북구 첨단2동,100,45,19.1513,광산구 첨단중앙로106번길 65-4,True
에이엠시티센트럴파크,29200-349,2015,26.03~28.03,신규,6,3,2026,"1,000",40.9226,8,676-2,60,,,첨단중앙로182번길 50,,00050,00000,4289616,1,12330,12330,쌍암동,,광산구,12330,아파트,전월세,202603,아파트 전월세,,,,,,광산구|쌍암동|676-2|첨단중앙로182번길 50|00050|00000,35.2215170161494,126.846882804545,광주광역시 광산구 쌍암동 676-2,전남광주통합특별시 광산구 첨단중앙로182번길 50,광산구,첨단1동,1233062400,성공,광산구,첨단1동,True,광산구 첨단1동,광산구 첨단1동,1000,60,40.9226,광산구 첨단중앙로182번길 50,True
광주수완6신완마을휴먼시아,29200-263,2010,26.04~28.03,갱신,6,3,2026,"3,939",51.26,2,1044,16,"3,785",15,풍영로329번길 51,0,00051,00000,4289681,1,12330,12330,장덕동,,광산구,12330,아파트,전월세,202603,아파트 전월세,,,,,,광산구|장덕동|1044|풍영로329번길 51|00051|00000,35.1993201857989,126.811785931546,광주광역시 광산구 장덕동 1044,전남광주통합특별시 광산구 풍영로329번길 51,광산구,수완동,1233063700,성공,광산구,수완동,True,광산구 수완동,광산구 수완동,3939,16,51.26,광산구 풍영로329번길 51,True
하남주공(2단지),29200-39,1991,26.03~28.03,신규,4,3,2026,300,38.64,12,1571-1,34,,,월곡산정로 12,0,00012,00000,3163042,1,12330,12330,우산동,,광산구,12330,아파트,전월세,202603,아파트 전월세,,,,,,광산구|우산동|1571-1|월곡산정로 12|00012|00000,35.1651071402315,126.803686058,광주광역시 광산구 우산동 1571-1,전남광주통합특별시 광산구 월곡산정로 12,광산구,우산동,1233058000,성공,광산구,우산동,True,광산구 우산동,광산구 우산동,300,34,38.64,광산구 월곡산정로 12,True
윤진리안채,29200-391,2017,26.04~28.04,신규,6,3,2026,"8,000",28.695,11,694-74,0,,,첨단강변로99번길 21,0,00021,00000,4289601,0,12330,12330,쌍암동,,광산구,12330,아파트,전월세,202603,아파트 전월세,,,,,,광산구|쌍암동|694-74|첨단강변로99번길 21|00021|00000,35.2151862774642,126.851132647598,광주광역시 광산구 쌍암동 694-74,전남광주통합특별시 광산구 첨단강변로99번길 21,광산구,첨단2동,1233062600,성공,북구,첨단2동,True,광산구 첨단2동,북구 첨단2동,8000,0,28.695,광산구 첨단강변로99번길 21,True
광주첨단엘에이치3단지,29200-424,2020,26.04~28.03,갱신,6,3,2026,"4,915",36.72,7,869-2,8,"3,218",16,임방울대로800번길 11-5,,00011,00005,4289552,0,12330,12330,월계동,,광산구,12330,아파트,전월세,202603,아파트 전월세,,,,,,광산구|월계동|869-2|임방울대로800번길 11-5|00011|00005,35.2172126334807,126.846821692809,광주광역시 광산구 월계동 869-2,전남광주통합특별시 광산구 임방울대로800번길 11-5,광산구,첨단2동,1233062600,성공,북구,첨단2동,True,광산구 첨단2동,북구 첨단2동,4915,8,36.72,광산구 임방울대로800번길 11-5,True
에이엠시티5차,29200-307,2013,26.03~27.03,신규,4,3,2026,300,19.1284,8,682-1,36,,,임방울대로825번길 19,0,00019,00000,4289554,1,12330,12330,쌍암동,,광산구,12330,아파트,전월세,202603,아파트 전월세,,,,,,광산구|쌍암동|682-1|임방울대로825번길 19|00019|00000,35.2187157362366,126.847688221979,광주광역시 광산구 쌍암동 682-1,전남광주통합특별시 광산구 임방울대로825번길 19,광산구,첨단1동,1233062400,성공,광산구,첨단1동,True,광산구 첨단1동,광산구 첨단1동,300,36,19.1284,광산구 임방울대로825번길 19,True
무들에코클래스,29200-323,2014,26.03~27.03,신규,3,3,2026,300,19.9836,11,893-1,40,,,임방울대로826번길 60-5,0,00060,00005,4289555,1,12330,12330,월계동,,광산구,12330,아파트,전월세,202603,아파트 전월세,,,,,,광산구|월계동|893-1|임방울대로826번길 60-5|00060|00005,35.2144820852673,126.847824082744,광주광역시 광산구 월계동 893-1,전남광주통합특별시 광산구 임방울대로826번길 60-5,광산구,첨단2동,1233062600,성공,북구,첨단2동,True,광산구 첨단2동,북구 첨단2동,300,40,19.9836,광산구 임방울대로826번길 60-5,True
에이엠시티5차,29200-307,2013,26.03~27.03,신규,4,3,2026,300,19.1284,8,682-1,36,,,임방울대로825번길 19,0,00019,00000,4289554,1,12330,12330,쌍암동,,광산구,12330,아파트,전월세,202603,아파트 전월세,,,,,,광산구|쌍암동|682-1|임방울대로825번길 19|00019|00000,35.2187157362366,126.847688221979,광주광역시 광산구 쌍암동 682-1,전남광주통합특별시 광산구 임방울대로825번길 19,광산구,첨단1동,1233062400,성공,광산구,첨단1동,True,광산구 첨단1동,광산구 첨단1동,300,36,19.1284,광산구 임방울대로825번길 19,True
무들에코클래스,29200-323,2014,26.03~27.03,신규,2,3,2026,500,19.9836,3,893-1,40,,,임방울대로826번길 60-5,0,00060,00005,4289555,1,12330,12330,월계동,,광산구,12330,아파트,전월세,202603,아파트 전월세,,,,,,광산구|월계동|893-1|임방울대로826번길 60-5|00060|00005,35.2144820852673,126.847824082744,광주광역시 광산구 월계동 893-1,전남광주통합특별시 광산구 임방울대로826번길 60-5,광산구,첨단2동,1233062600,성공,북구,첨단2동,True,광산구 첨단2동,북구 첨단2동,500,40,19.9836,광산구 임방울대로826번길 60-5,True
첨단AM-City3차,29200-295,2013,26.03~27.02,신규,1,3,2026,300,19.1437,5,661-8,40,,,첨단중앙로152번길 17-12,0,00017,00012,4289613,1,12330,12330,쌍암동,,광산구,12330,아파트,전월세,202603,아파트 전월세,,,,,,광산구|쌍암동|661-8|첨단중앙로152번길 17-12|00017|00012,35.2201158823372,126.843440476063,광주광역시 광산구 쌍암동 661-8,전남광주통합특별시 광산구 첨단중앙로152번길 17-12,광산구,첨단1동,1233062400,성공,광산구,첨단1동,True,광산구 첨단1동,광산구 첨단1동,300,40,19.1437,광산구 첨단중앙로152번길 17-12,True
AM-City하이클래스,29110-324,2014,26.05~27.05,신규,27,4,2026,500,17.67,7,154-1,38,,,금남로 185,0,00185,00000,3009019,1,12210,12210,금남로5가,,동구,12210,아파트,전월세,202604,아파트 전월세,,,,,,동구|금남로5가|154-1|금남로 185|00185|00000,35.1517659240292,126.913725421103,광주광역시 동구 금남로5가 154-1,전남광주통합특별시 동구 금남로 185,동구,충장동,1221052500,성공,동구,충장동,True,동구 충장동,동구 충장동,500,38,17.67,동구 금남로 185,True
AM-City하이클래스,29110-324,2014,26.05~27.04,신규,29,4,2026,300,15.1697,14,154-1,35,,,금남로 185,0,00185,00000,3009019,1,12210,12210,금남로5가,,동구,12210,아파트,전월세,202604,아파트 전월세,,,,,,동구|금남로5가|154-1|금남로 185|00185|00000,35.1517659240292,126.913725421103,광주광역시 동구 금남로5가 154-1,전남광주통합특별시 동구 금남로 185,동구,충장동,1221052500,성공,동구,충장동,True,동구 충장동,동구 충장동,300,35,15.1697,동구 금남로 185,True
AM-City하이클래스,29110-324,2014,26.04~27.04,신규,18,4,2026,300,15.1697,13,154-1,33,,,금남로 185,0,00185,00000,3009019,1,12210,12210,금남로5가,,동구,12210,아파트,전월세,202604,아파트 전월세,,,,,,동구|금남로5가|154-1|금남로 185|00185|00000,35.1517659240292,126.913725421103,광주광역시 동구 금남로5가 154-1,전남광주통합특별시 동구 금남로 185,동구,충장동,1221052500,성공,동구,충장동,True,동구 충장동,동구 충장동,300,33,15.1697,동구 금남로 185,True
AM-City하이클래스,29110-324,2014,26.04~26.12,신규,15,4,2026,300,15.1697,15,154-1,37,,,금남로 185,0,00185,00000,3009019,1,12210,12210,금남로5가,,동구,12210,아파트,전월세,202604,아파트 전월세,,,,,,동구|금남로5가|154-1|금남로 185|00185|00000,35.1517659240292,126.913725421103,광주광역시 동구 금남로5가 154-1,전남광주통합특별시 동구 금남로 185,동구,충장동,1221052500,성공,동구,충장동,True,동구 충장동,동구 충장동,300,37,15.1697,동구 금남로 185,True
AM-City하이클래스,29110-324,2014,26.04~27.04,신규,13,4,2026,500,15.1697,10,154-1,34,,,금남로 185,0,00185,00000,3009019,1,12210,12210,금남로5가,,동구,12210,아파트,전월세,202604,아파트 전월세,,,,,,동구|금남로5가|154-1|금남로 185|00185|00000,35.1517659240292,126.913725421103,광주광역시 동구 금남로5가 154-1,전남광주통합특별시 동구 금남로 185,동구,충장동,1221052500,성공,동구,충장동,True,동구 충장동,동구 충장동,500,34,15.1697,동구 금남로 185,True
농성동유탑유블레스,29140-335,2012,26.05~27.03,신규,30,4,2026,300,19.7906,5,112-1,35,,,경열로45번길 13,0,00013,00000,4280012,1,12240,12240,농성동,,서구,12240,아파트,전월세,202604,아파트 전월세,,,,,,서구|농성동|112-1|경열로45번길 13|00013|00000,35.1522648956668,126.891494681592,광주광역시 서구 농성동 112-1,전남광주통합특별시 서구 경열로45번길 13,서구,농성1동,1224065000,성공,서구,농성1동,True,서구 농성1동,서구 농성1동,300,35,19.7906,서구 경열로45번길 13,True
농성동유탑유블레스,29140-335,2012,26.05~27.05,신규,9,4,2026,300,19.7906,5,112-1,37,,,경열로45번길 13,0,00013,00000,4280012,1,12240,12240,농성동,,서구,12240,아파트,전월세,202604,아파트 전월세,,,,,,서구|농성동|112-1|경열로45번길 13|00013|00000,35.1522648956668,126.891494681592,광주광역시 서구 농성동 112-1,전남광주통합특별시 서구 경열로45번길 13,서구,농성1동,1224065000,성공,서구,농성1동,True,서구 농성1동,서구 농성1동,300,37,19.7906,서구 경열로45번길 13,True
농성동유탑유블레스,29140-335,2012,26.05~28.05,신규,22,4,2026,"5,000",19.7906,3,112-1,0,,,경열로45번길 13,0,00013,00000,4280012,1,12240,12240,농성동,,서구,12240,아파트,전월세,202604,아파트 전월세,,,,,,서구|농성동|112-1|경열로45번길 13|00013|00000,35.1522648956668,126.891494681592,광주광역시 서구 농성동 112-1,전남광주통합특별시 서구 경열로45번길 13,서구,농성1동,1224065000,성공,서구,농성1동,True,서구 농성1동,서구 농성1동,5000,0,19.7906,서구 경열로45번길 13,True
광주농성LH1단지,29140-418,2022,26.04~28.05,갱신,21,4,2026,542,36.65,1,707,23,"3,042",15,월산로 242,0,00242,00000,3009015,0,12240,12240,농성동,,서구,12240,아파트,전월세,202604,아파트 전월세,,,,,,서구|농성동|707|월산로 242|00242|00000,35.157862996557,126.890222110213,광주광역시 서구 농성동 707,전남광주통합특별시 서구 월산로 242,서구,농성1동,1224065000,성공,서구,농성1동,True,서구 농성1동,서구 농성1동,542,23,36.65,서구 월산로 242,True
무등산센트럴파크,29155-323,2009,26.04~28.04,신규,4,4,2026,"5,000",51.85,19,562,50,,,방림로 31,0,00031,00000,3161004,1,12270,12270,방림동,,남구,12270,아파트,전월세,202604,아파트 전월세,,,,,,남구|방림동|562|방림로 31|00031|00000,35.1357426094961,126.919915877944,광주광역시 남구 방림동 562,전남광주통합특별시 남구 방림로 31,남구,방림1동,1227052000,성공,남구,방림1동,True,남구 방림1동,남구 방림1동,5000,50,51.85,남구 방림로 31,True
송화마을휴먼시아(진월3블럭주공),29155-304,2007,26.04~28.05,신규,22,4,2026,"2,724",46.9,12,731,15,,,효우로60번길 10,0,00010,00000,4283741,1,12270,12270,노대동,,남구,12270,아파트,전월세,202604,아파트 전월세,,,,,,남구|노대동|731|효우로60번길 10|00010|00000,35.1097155897455,126.903323235324,광주광역시 남구 노대동 731,전남광주통합특별시 남구 효우로60번길 10,남구,효덕동,1227071000,성공,남구,효덕동,True,남구 효덕동,남구 효덕동,2724,15,46.9,남구 효우로60번길 10,True
엘에이치송화마을8단지,29155-395,2018,26.04~28.05,신규,22,4,2026,"3,020",36.72,8,825,15,,,노대실로 9,0,00009,00000,3161003,0,12270,12270,노대동,,남구,12270,아파트,전월세,202604,아파트 전월세,,,,,,남구|노대동|825|노대실로 9|00009|00000,35.1088035081054,126.905394245253,광주광역시 남구 노대동 825,전남광주통합특별시 남구 노대실로 9,남구,효덕동,1227071000,성공,남구,효덕동,True,남구 효덕동,남구 효덕동,3020,15,36.72,남구 노대실로 9,True
엘에이치송화마을8단지,29155-395,2018,26.04~28.05,신규,23,4,2026,"4,453",36.72,4,825,6,,,노대실로 9,0,00009,00000,3161003,0,12270,12270,노대동,,남구,12270,아파트,전월세,202604,아파트 전월세,,,,,,남구|노대동|825|노대실로 9|00009|00000,35.1088035081054,126.905394245253,광주광역시 남구 노대동 825,전남광주통합특별시 남구 노대실로 9,남구,효덕동,1227071000,성공,남구,효덕동,True,남구 효덕동,남구 효덕동,4453,6,36.72,남구 노대실로 9,True
효천엘에이치천년나무7단지,29155-391,2017,26.04~28.05,신규,21,4,2026,"2,372",26.54,9,713,12,,,행암길 9,0,00009,00000,4283689,0,12270,12270,행암동,,남구,12270,아파트,전월세,202604,아파트 전월세,,,,,,남구|행암동|713|행암길 9|00009|00000,35.1026108867821,126.896298377775,광주광역시 남구 행암동 713,전남광주통합특별시 남구 행암길 9,남구,효덕동,1227071000,성공,남구,효덕동,True,남구 효덕동,남구 효덕동,2372,12,26.54,남구 행암길 9,True
효천엘에이치천년나무7단지,29155-391,2017,26.04~28.05,신규,21,4,2026,639,36.81,13,713,25,,,행암길 9,0,00009,00000,4283689,0,12270,12270,행암동,,남구,12270,아파트,전월세,202604,아파트 전월세,,,,,,남구|행암동|713|행암길 9|00009|00000,35.1026108867821,126.896298377775,광주광역시 남구 행암동 713,전남광주통합특별시 남구 행암길 9,남구,효덕동,1227071000,성공,남구,효덕동,True,남구 효덕동,남구 효덕동,639,25,36.81,남구 행암길 9,True
광주효천1엘에이치3단지,29155-403,2020,26.05~28.04,갱신,28,4,2026,"5,132",44.97,14,731,8,"5,032",8,효천중앙로 35,0,00035,00000,3351961,0,12270,12270,임암동,,남구,12270,아파트,전월세,202604,아파트 전월세,,,,,,남구|임암동|731|효천중앙로 35|00035|00000,35.1035679937987,126.87276883408,광주광역시 남구 임암동 731,전남광주통합특별시 남구 효천중앙로 35,남구,송암동,1227072000,성공,남구,송암동,True,남구 송암동,남구 송암동,5132,8,44.97,남구 효천중앙로 35,True
엘에이치송화마을8단지,29155-395,2018,26.04~28.04,신규,27,4,2026,"4,988",36.72,8,825,7,,,노대실로 9,0,00009,00000,3161003,0,12270,12270,노대동,,남구,12270,아파트,전월세,202604,아파트 전월세,,,,,,남구|노대동|825|노대실로 9|00009|00000,35.1088035081054,126.905394245253,광주광역시 남구 노대동 825,전남광주통합특별시 남구 노대실로 9,남구,효덕동,1227071000,성공,남구,효덕동,True,남구 효덕동,남구 효덕동,4988,7,36.72,남구 노대실로 9,True
효천엘에이치천년나무7단지,29155-391,2017,26.04~28.05,갱신,21,4,2026,441,26.54,17,713,16,"2,241",11,행암길 9,0,00009,00000,4283689,0,12270,12270,행암동,,남구,12270,아파트,전월세,202604,아파트 전월세,,,,,,남구|행암동|713|행암길 9|00009|00000,35.1026108867821,126.896298377775,광주광역시 남구 행암동 713,전남광주통합특별시 남구 행암길 9,남구,효덕동,1227071000,성공,남구,효덕동,True,남구 효덕동,남구 효덕동,441,16,26.54,남구 행암길 9,True
엘에이치송화마을8단지,29155-395,2018,26.04~28.05,신규,23,4,2026,620,36.72,10,825,22,,,노대실로 9,0,00009,00000,3161003,0,12270,12270,노대동,,남구,12270,아파트,전월세,202604,아파트 전월세,,,,,,남구|노대동|825|노대실로 9|00009|00000,35.1088035081054,126.905394245253,광주광역시 남구 노대동 825,전남광주통합특별시 남구 노대실로 9,남구,효덕동,1227071000,성공,남구,효덕동,True,남구 효덕동,남구 효덕동,620,22,36.72,남구 노대실로 9,True
광주효천1엘에이치1단지,29155-421,2021,26.04~28.05,신규,23,4,2026,"1,839",37.7,1,679,21,,,효천로 176,0,00176,00000,3351956,1,12270,12270,임암동,,남구,12270,아파트,전월세,202604,아파트 전월세,,,,,,남구|임암동|679|효천로 176|00176|00000,35.1076021714696,126.863505319348,광주광역시 남구 임암동 679,전남광주통합특별시 남구 효천로 176,남구,송암동,1227072000,성공,남구,송암동,True,남구 송암동,남구 송암동,1839,21,37.7,남구 효천로 176,True
송화마을휴먼시아(진월3블럭주공),29155-304,2007,26.04~28.05,갱신,22,4,2026,524,46.9,6,731,21,"2,724",15,효우로60번길 10,0,00010,00000,4283741,1,12270,12270,노대동,,남구,12270,아파트,전월세,202604,아파트 전월세,,,,,,남구|노대동|731|효우로60번길 10|00010|00000,35.1097155897455,126.903323235324,광주광역시 남구 노대동 731,전남광주통합특별시 남구 효우로60번길 10,남구,효덕동,1227071000,성공,남구,효덕동,True,남구 효덕동,남구 효덕동,524,21,46.9,남구 효우로60번길 10,True
엘에이치송화마을8단지,29155-395,2018,26.04~28.05,신규,22,4,2026,"3,020",36.72,9,825,15,,,노대실로 9,0,00009,00000,3161003,0,12270,12270,노대동,,남구,12270,아파트,전월세,202604,아파트 전월세,,,,,,남구|노대동|825|노대실로 9|00009|00000,35.1088035081054,126.905394245253,광주광역시 남구 노대동 825,전남광주통합특별시 남구 노대실로 9,남구,효덕동,1227071000,성공,남구,효덕동,True,남구 효덕동,남구 효덕동,3020,15,36.72,남구 노대실로 9,True
송화마을휴먼시아(진월3블럭주공),29155-304,2007,26.04~28.05,신규,21,4,2026,"2,724",46.9,6,731,15,,,효우로60번길 10,0,00010,00000,4283741,1,12270,12270,노대동,,남구,12270,아파트,전월세,202604,아파트 전월세,,,,,,남구|노대동|731|효우로60번길 10|00010|00000,35.1097155897455,126.903323235324,광주광역시 남구 노대동 731,전남광주통합특별시 남구 효우로60번길 10,남구,효덕동,1227071000,성공,남구,효덕동,True,남구 효덕동,남구 효덕동,2724,15,46.9,남구 효우로60번길 10,True
송화마을휴먼시아(진월3블럭주공),29155-304,2007,26.04~28.05,신규,21,4,2026,"2,724",46.9,8,731,15,,,효우로60번길 10,0,00010,00000,4283741,1,12270,12270,노대동,,남구,12270,아파트,전월세,202604,아파트 전월세,,,,,,남구|노대동|731|효우로60번길 10|00010|00000,35.1097155897455,126.903323235324,광주광역시 남구 노대동 731,전남광주통합특별시 남구 효우로60번길 10,남구,효덕동,1227071000,성공,남구,효덕동,True,남구 효덕동,남구 효덕동,2724,15,46.9,남구 효우로60번길 10,True
광주효천1엘에이치1단지,29155-421,2021,26.05~28.04,갱신,21,4,2026,"6,216",46.91,23,679,13,"6,123",12,효천로 176,0,00176,00000,3351956,1,12270,12270,임암동,,남구,12270,아파트,전월세,202604,아파트 전월세,,,,,,남구|임암동|679|효천로 176|00176|00000,35.1076021714696,126.863505319348,광주광역시 남구 임암동 679,전남광주통합특별시 남구 효천로 176,남구,송암동,1227072000,성공,남구,송암동,True,남구 송암동,남구 송암동,6216,13,46.91,남구 효천로 176,True
광주효천1엘에이치1단지,29155-421,2021,26.04~28.04,신규,15,4,2026,"6,548",46.91,6,679,12,,,효천로 176,0,00176,00000,3351956,1,12270,12270,임암동,,남구,12270,아파트,전월세,202604,아파트 전월세,,,,,,남구|임암동|679|효천로 176|00176|00000,35.1076021714696,126.863505319348,광주광역시 남구 임암동 679,전남광주통합특별시 남구 효천로 176,남구,송암동,1227072000,성공,남구,송암동,True,남구 송암동,남구 송암동,6548,12,46.91,남구 효천로 176,True
효천엘에이치천년나무7단지,29155-391,2017,26.05~28.04,갱신,16,4,2026,"1,721",16.99,2,713,6,"1,387",8,행암길 9,0,00009,00000,4283689,0,12270,12270,행암동,,남구,12270,아파트,전월세,202604,아파트 전월세,,,,,,남구|행암동|713|행암길 9|00009|00000,35.1026108867821,126.896298377775,광주광역시 남구 행암동 713,전남광주통합특별시 남구 행암길 9,남구,효덕동,1227071000,성공,남구,효덕동,True,남구 효덕동,남구 효덕동,1721,6,16.99,남구 행암길 9,True
광주효천1엘에이치3단지,29155-403,2020,26.05~28.04,갱신,15,4,2026,"1,482",16.76,11,731,7,"1,357",7,효천중앙로 35,0,00035,00000,3351961,0,12270,12270,임암동,,남구,12270,아파트,전월세,202604,아파트 전월세,,,,,,남구|임암동|731|효천중앙로 35|00035|00000,35.1035679937987,126.87276883408,광주광역시 남구 임암동 731,전남광주통합특별시 남구 효천중앙로 35,남구,송암동,1227072000,성공,남구,송암동,True,남구 송암동,남구 송암동,1482,7,16.76,남구 효천중앙로 35,True
송화마을휴먼시아(진월3블럭주공),29155-304,2007,26.05~28.04,갱신,10,4,2026,"4,024",46.9,14,731,7,"2,594",14,효우로60번길 10,0,00010,00000,4283741,1,12270,12270,노대동,,남구,12270,아파트,전월세,202604,아파트 전월세,,,,,,남구|노대동|731|효우로60번길 10|00010|00000,35.1097155897455,126.903323235324,광주광역시 남구 노대동 731,전남광주통합특별시 남구 효우로60번길 10,남구,효덕동,1227071000,성공,남구,효덕동,True,남구 효덕동,남구 효덕동,4024,7,46.9,남구 효우로60번길 10,True
광주효천1엘에이치3단지,29155-403,2020,26.05~28.04,갱신,1,4,2026,"6,628",44.97,7,731,9,"3,920",21,효천중앙로 35,0,00035,00000,3351961,0,12270,12270,임암동,,남구,12270,아파트,전월세,202604,아파트 전월세,,,,,,남구|임암동|731|효천중앙로 35|00035|00000,35.1035679937987,126.87276883408,광주광역시 남구 임암동 731,전남광주통합특별시 남구 효천중앙로 35,남구,송암동,1227072000,성공,남구,송암동,True,남구 송암동,남구 송암동,6628,9,44.97,남구 효천중앙로 35,True
효천엘에이치천년나무7단지,29155-391,2017,26.05~28.04,갱신,1,4,2026,"5,872",44.78,13,713,17,"5,612",16,행암길 9,0,00009,00000,4283689,0,12270,12270,행암동,,남구,12270,아파트,전월세,202604,아파트 전월세,,,,,,남구|행암동|713|행암길 9|00009|00000,35.1026108867821,126.896298377775,광주광역시 남구 행암동 713,전남광주통합특별시 남구 행암길 9,남구,효덕동,1227071000,성공,남구,효덕동,True,남구 효덕동,남구 효덕동,5872,17,44.78,남구 행암길 9,True
하남주공(2단지),29200-39,1991,,,24,4,2026,"7,300",44.52,14,1571-1,0,,,월곡산정로 12,0,00012,00000,3163042,1,12330,12330,우산동,,광산구,12330,아파트,전월세,202604,아파트 전월세,,,,,,광산구|우산동|1571-1|월곡산정로 12|00012|00000,35.1651071402315,126.803686058,광주광역시 광산구 우산동 1571-1,전남광주통합특별시 광산구 월곡산정로 12,광산구,우산동,1233058000,성공,광산구,우산동,True,광산구 우산동,광산구 우산동,7300,0,44.52,광산구 월곡산정로 12,True
광주하남엘에이치천년나무,29200-414,2019,,,15,4,2026,"2,243",26.03,14,1611-3,12,,,용아로 175-6,,00175,00006,3163035,0,12330,12330,우산동,,광산구,12330,아파트,전월세,202604,아파트 전월세,,,,,,광산구|우산동|1611-3|용아로 175-6|00175|00006,35.1599080758315,126.800246035505,광주광역시 광산구 우산동 1611-3,전남광주통합특별시 광산구 용아로 175-6,광산구,우산동,1233058000,성공,광산구,우산동,True,광산구 우산동,광산구 우산동,2243,12,26.03,광산구 용아로 175-6,True
광주하남엘에이치천년나무,29200-414,2019,26.04~28.05,신규,15,4,2026,"1,408",16.35,12,1611-3,7,,,용아로 175-6,,00175,00006,3163035,0,12330,12330,우산동,,광산구,12330,아파트,전월세,202604,아파트 전월세,,,,,,광산구|우산동|1611-3|용아로 175-6|00175|00006,35.1599080758315,126.800246035505,광주광역시 광산구 우산동 1611-3,전남광주통합특별시 광산구 용아로 175-6,광산구,우산동,1233058000,성공,광산구,우산동,True,광산구 우산동,광산구 우산동,1408,7,16.35,광산구 용아로 175-6,True
고실마을휴먼시아8단지,29200-262,2010,26.04~28.05,신규,21,4,2026,"2,137",39.25,1,1098,12,,,풍영로330번길 15,0,00015,00000,4289682,1,12330,12330,장덕동,,광산구,12330,아파트,전월세,202604,아파트 전월세,,,,,,광산구|장덕동|1098|풍영로330번길 15|00015|00000,35.2015313255941,126.816684307953,광주광역시 광산구 장덕동 1098,전남광주통합특별시 광산구 풍영로330번길 15,광산구,수완동,1233063700,성공,광산구,수완동,True,광산구 수완동,광산구 수완동,2137,12,39.25,광산구 풍영로330번길 15,True
하남주공(2단지),29200-39,1991,26.05~28.05,신규,25,4,2026,300,38.64,14,1571-1,47,,,월곡산정로 12,0,00012,00000,3163042,1,12330,12330,우산동,,광산구,12330,아파트,전월세,202604,아파트 전월세,,,,,,광산구|우산동|1571-1|월곡산정로 12|00012|00000,35.1651071402315,126.803686058,광주광역시 광산구 우산동 1571-1,전남광주통합특별시 광산구 월곡산정로 12,광산구,우산동,1233058000,성공,광산구,우산동,True,광산구 우산동,광산구 우산동,300,47,38.64,광산구 월곡산정로 12,True
무들에코클래스,29200-323,2014,26.04~28.04,갱신,17,4,2026,"1,000",41.0792,10,893-1,52,"1,000",52,임방울대로826번길 60-5,0,00060,00005,4289555,1,12330,12330,월계동,사용,광산구,12330,아파트,전월세,202604,아파트 전월세,,,,,,광산구|월계동|893-1|임방울대로826번길 60-5|00060|00005,35.2144820852673,126.847824082744,광주광역시 광산구 월계동 893-1,전남광주통합특별시 광산구 임방울대로826번길 60-5,광산구,첨단2동,1233062600,성공,북구,첨단2동,True,광산구 첨단2동,북구 첨단2동,1000,52,41.0792,광산구 임방울대로826번길 60-5,True
광주수완7신완마을휴먼시아,29200-264,2011,26.04~28.05,신규,28,4,2026,"2,117",39.96,10,1037,12,,,풍영로329번길 50,0,00050,00000,4289681,1,12330,12330,장덕동,,광산구,12330,아파트,전월세,202604,아파트 전월세,,,,,,광산구|장덕동|1037|풍영로329번길 50|00050|00000,35.2014118295745,126.812869241031,광주광역시 광산구 장덕동 1037,전남광주통합특별시 광산구 풍영로329번길 50,광산구,수완동,1233063700,성공,광산구,수완동,True,광산구 수완동,광산구 수완동,2117,12,39.96,광산구 풍영로329번길 50,True
아름마을휴먼시아2단지,29200-248,2009,26.04~28.05,신규,21,4,2026,"2,886",46.9,11,1064,16,,,수등로123번길 22,0,00022,00000,4289327,1,12330,12330,신가동,,광산구,12330,아파트,전월세,202604,아파트 전월세,,,,,,광산구|신가동|1064|수등로123번길 22|00022|00000,35.1842119227205,126.82398140206,광주광역시 광산구 신가동 1064,전남광주통합특별시 광산구 수등로123번길 22,광산구,수완동,1233063700,성공,광산구,수완동,True,광산구 수완동,광산구 수완동,2886,16,46.9,광산구 수등로123번길 22,True
고실마을휴먼시아8단지,29200-262,2010,26.04~28.05,신규,21,4,2026,"2,137",39.25,7,1098,12,,,풍영로330번길 15,0,00015,00000,4289682,1,12330,12330,장덕동,,광산구,12330,아파트,전월세,202604,아파트 전월세,,,,,,광산구|장덕동|1098|풍영로330번길 15|00015|00000,35.2015313255941,126.816684307953,광주광역시 광산구 장덕동 1098,전남광주통합특별시 광산구 풍영로330번길 15,광산구,수완동,1233063700,성공,광산구,수완동,True,광산구 수완동,광산구 수완동,2137,12,39.25,광산구 풍영로330번길 15,True
에이엠시티센트럴파크,29200-349,2015,26.05~28.05,신규,13,4,2026,"10,000",40.9226,11,676-2,0,,,첨단중앙로182번길 50,,00050,00000,4289616,1,12330,12330,쌍암동,,광산구,12330,아파트,전월세,202604,아파트 전월세,,,,,,광산구|쌍암동|676-2|첨단중앙로182번길 50|00050|00000,35.2215170161494,126.846882804545,광주광역시 광산구 쌍암동 676-2,전남광주통합특별시 광산구 첨단중앙로182번길 50,광산구,첨단1동,1233062400,성공,광산구,첨단1동,True,광산구 첨단1동,광산구 첨단1동,10000,0,40.9226,광산구 첨단중앙로182번길 50,True
하남주공(2단지),29200-39,1991,26.05~28.05,신규,19,4,2026,500,38.64,7,1571-1,40,,,월곡산정로 12,0,00012,00000,3163042,1,12330,12330,우산동,,광산구,12330,아파트,전월세,202604,아파트 전월세,,,,,,광산구|우산동|1571-1|월곡산정로 12|00012|00000,35.1651071402315,126.803686058,광주광역시 광산구 우산동 1571-1,전남광주통합특별시 광산구 월곡산정로 12,광산구,우산동,1233058000,성공,광산구,우산동,True,광산구 우산동,광산구 우산동,500,40,38.64,광산구 월곡산정로 12,True
첨단도휘에드가2차,29200-350,2015,26.04~27.04,신규,23,4,2026,500,19.89,11,694-70,45,,,월계로 223-20,0,00223,00020,3163039,1,12330,12330,쌍암동,,광산구,12330,아파트,전월세,202604,아파트 전월세,,,,,,광산구|쌍암동|694-70|월계로 223-20|00223|00020,35.2153858800186,126.850509647451,광주광역시 광산구 쌍암동 694-70,전남광주통합특별시 광산구 월계로 223-20,광산구,첨단2동,1233062600,성공,북구,첨단2동,True,광산구 첨단2동,북구 첨단2동,500,45,19.89,광산구 월계로 223-20,True
장자울마을휴먼시아5단지,29200-256,2009,26.04~28.05,신규,21,4,2026,"2,199",39.72,5,504,12,,,풍영로145번길 42,0,00042,00000,4289671,1,12330,12330,흑석동,,광산구,12330,아파트,전월세,202604,아파트 전월세,,,,,,광산구|흑석동|504|풍영로145번길 42|00042|00000,35.1849233891164,126.811481524903,광주광역시 광산구 흑석동 504,전남광주통합특별시 광산구 풍영로145번길 42,광산구,수완동,1233063700,성공,광산구,수완동,True,광산구 수완동,광산구 수완동,2199,12,39.72,광산구 풍영로145번길 42,True
광주수완7신완마을휴먼시아,29200-264,2011,26.04~28.05,신규,28,4,2026,"2,117",39.96,11,1037,12,,,풍영로329번길 50,0,00050,00000,4289681,1,12330,12330,장덕동,,광산구,12330,아파트,전월세,202604,아파트 전월세,,,,,,광산구|장덕동|1037|풍영로329번길 50|00050|00000,35.2014118295745,126.812869241031,광주광역시 광산구 장덕동 1037,전남광주통합특별시 광산구 풍영로329번길 50,광산구,수완동,1233063700,성공,광산구,수완동,True,광산구 수완동,광산구 수완동,2117,12,39.96,광산구 풍영로329번길 50,True
장자울마을휴먼시아5단지,29200-256,2009,26.06~28.05,갱신,24,4,2026,"2,858",46.9,6,504,16,"2,858",15,풍영로145번길 42,0,00042,00000,4289671,1,12330,12330,흑석동,,광산구,12330,아파트,전월세,202604,아파트 전월세,,,,,,광산구|흑석동|504|풍영로145번길 42|00042|00000,35.1849233891164,126.811481524903,광주광역시 광산구 흑석동 504,전남광주통합특별시 광산구 풍영로145번길 42,광산구,수완동,1233063700,성공,광산구,수완동,True,광산구 수완동,광산구 수완동,2858,16,46.9,광산구 풍영로145번길 42,True
에이엠시티센트럴파크,29200-349,2015,26.05~28.05,신규,18,4,2026,"1,000",40.9226,12,676-2,65,,,첨단중앙로182번길 50,,00050,00000,4289616,1,12330,12330,쌍암동,,광산구,12330,아파트,전월세,202604,아파트 전월세,,,,,,광산구|쌍암동|676-2|첨단중앙로182번길 50|00050|00000,35.2215170161494,126.846882804545,광주광역시 광산구 쌍암동 676-2,전남광주통합특별시 광산구 첨단중앙로182번길 50,광산구,첨단1동,1233062400,성공,광산구,첨단1동,True,광산구 첨단1동,광산구 첨단1동,1000,65,40.9226,광산구 첨단중앙로182번길 50,True
광주수완7신완마을휴먼시아,29200-264,2011,26.04~28.05,신규,28,4,2026,"2,778",46.98,12,1037,16,,,풍영로329번길 50,0,00050,00000,4289681,1,12330,12330,장덕동,,광산구,12330,아파트,전월세,202604,아파트 전월세,,,,,,광산구|장덕동|1037|풍영로329번길 50|00050|00000,35.2014118295745,126.812869241031,광주광역시 광산구 장덕동 1037,전남광주통합특별시 광산구 풍영로329번길 50,광산구,수완동,1233063700,성공,광산구,수완동,True,광산구 수완동,광산구 수완동,2778,16,46.98,광산구 풍영로329번길 50,True
하남주공(2단지),29200-39,1991,26.05~28.05,신규,14,4,2026,300,44.52,12,1571-1,40,,,월곡산정로 12,0,00012,00000,3163042,1,12330,12330,우산동,,광산구,12330,아파트,전월세,202604,아파트 전월세,,,,,,광산구|우산동|1571-1|월곡산정로 12|00012|00000,35.1651071402315,126.803686058,광주광역시 광산구 우산동 1571-1,전남광주통합특별시 광산구 월곡산정로 12,광산구,우산동,1233058000,성공,광산구,우산동,True,광산구 우산동,광산구 우산동,300,40,44.52,광산구 월곡산정로 12,True
광주수완7신완마을휴먼시아,29200-264,2011,26.04~28.05,신규,28,4,2026,"2,778",46.54,10,1037,16,,,풍영로329번길 50,0,00050,00000,4289681,1,12330,12330,장덕동,,광산구,12330,아파트,전월세,202604,아파트 전월세,,,,,,광산구|장덕동|1037|풍영로329번길 50|00050|00000,35.2014118295745,126.812869241031,광주광역시 광산구 장덕동 1037,전남광주통합특별시 광산구 풍영로329번길 50,광산구,수완동,1233063700,성공,광산구,수완동,True,광산구 수완동,광산구 수완동,2778,16,46.54,광산구 풍영로329번길 50,True
광주수완7신완마을휴먼시아,29200-264,2011,26.06~28.05,갱신,28,4,2026,"2,724",46.85,5,1037,15,"2,424",14,풍영로329번길 50,0,00050,00000,4289681,1,12330,12330,장덕동,,광산구,12330,아파트,전월세,202604,아파트 전월세,,,,,,광산구|장덕동|1037|풍영로329번길 50|00050|00000,35.2014118295745,126.812869241031,광주광역시 광산구 장덕동 1037,전남광주통합특별시 광산구 풍영로329번길 50,광산구,수완동,1233063700,성공,광산구,수완동,True,광산구 수완동,광산구 수완동,2724,15,46.85,광산구 풍영로329번길 50,True
하남주공(2단지),29200-39,1991,26.05~28.04,신규,27,4,2026,300,44.52,6,1571-1,37,,,월곡산정로 12,0,00012,00000,3163042,1,12330,12330,우산동,,광산구,12330,아파트,전월세,202604,아파트 전월세,,,,,,광산구|우산동|1571-1|월곡산정로 12|00012|00000,35.1651071402315,126.803686058,광주광역시 광산구 우산동 1571-1,전남광주통합특별시 광산구 월곡산정로 12,광산구,우산동,1233058000,성공,광산구,우산동,True,광산구 우산동,광산구 우산동,300,37,44.52,광산구 월곡산정로 12,True
첨단AM-City,29200-273,2012,26.05~27.05,신규,26,4,2026,300,19.1513,9,884-2,35,,,첨단중앙로106번길 65-4,0,00065,00004,4289610,1,12330,12330,월계동,,광산구,12330,아파트,전월세,202604,아파트 전월세,,,,,,광산구|월계동|884-2|첨단중앙로106번길 65-4|00065|00004,35.215133360486,126.847005173109,광주광역시 광산구 월계동 884-2,전남광주통합특별시 광산구 첨단중앙로106번길 65-4,광산구,첨단2동,1233062600,성공,북구,첨단2동,True,광산구 첨단2동,북구 첨단2동,300,35,19.1513,광산구 첨단중앙로106번길 65-4,True
광주첨단엘에이치3단지,29200-424,2020,26.04~28.05,신규,22,4,2026,"2,556",26.97,8,869-2,14,,,임방울대로800번길 11-5,,00011,00005,4289552,0,12330,12330,월계동,,광산구,12330,아파트,전월세,202604,아파트 전월세,,,,,,광산구|월계동|869-2|임방울대로800번길 11-5|00011|00005,35.2172126334807,126.846821692809,광주광역시 광산구 월계동 869-2,전남광주통합특별시 광산구 임방울대로800번길 11-5,광산구,첨단2동,1233062600,성공,북구,첨단2동,True,광산구 첨단2동,북구 첨단2동,2556,14,26.97,광산구 임방울대로800번길 11-5,True
에이엠시티센트럴파크,29200-349,2015,26.05~27.05,신규,22,4,2026,"1,000",40.9226,6,676-2,70,,,첨단중앙로182번길 50,,00050,00000,4289616,1,12330,12330,쌍암동,,광산구,12330,아파트,전월세,202604,아파트 전월세,,,,,,광산구|쌍암동|676-2|첨단중앙로182번길 50|00050|00000,35.2215170161494,126.846882804545,광주광역시 광산구 쌍암동 676-2,전남광주통합특별시 광산구 첨단중앙로182번길 50,광산구,첨단1동,1233062400,성공,광산구,첨단1동,True,광산구 첨단1동,광산구 첨단1동,1000,70,40.9226,광산구 첨단중앙로182번길 50,True
에이엠시티센트럴파크,29200-349,2015,26.05~27.04,신규,16,4,2026,"1,000",40.9226,6,676-2,60,,,첨단중앙로182번길 50,,00050,00000,4289616,1,12330,12330,쌍암동,,광산구,12330,아파트,전월세,202604,아파트 전월세,,,,,,광산구|쌍암동|676-2|첨단중앙로182번길 50|00050|00000,35.2215170161494,126.846882804545,광주광역시 광산구 쌍암동 676-2,전남광주통합특별시 광산구 첨단중앙로182번길 50,광산구,첨단1동,1233062400,성공,광산구,첨단1동,True,광산구 첨단1동,광산구 첨단1동,1000,60,40.9226,광산구 첨단중앙로182번길 50,True
첨단도휘에드가2차,29200-350,2015,26.04~27.04,신규,22,4,2026,300,19.69,5,694-70,38,,,월계로 223-20,0,00223,00020,3163039,1,12330,12330,쌍암동,,광산구,12330,아파트,전월세,202604,아파트 전월세,,,,,,광산구|쌍암동|694-70|월계로 223-20|00223|00020,35.2153858800186,126.850509647451,광주광역시 광산구 쌍암동 694-70,전남광주통합특별시 광산구 월계로 223-20,광산구,첨단2동,1233062600,성공,북구,첨단2동,True,광산구 첨단2동,북구 첨단2동,300,38,19.69,광산구 월계로 223-20,True
아름마을휴먼시아3단지,29200-260,2009,26.05~28.04,신규,29,4,2026,"2,863",46.9,10,1202,16,,,하남대로261번길 11,0,00011,00000,4289685,1,12330,12330,신가동,,광산구,12330,아파트,전월세,202604,아파트 전월세,,,,,,광산구|신가동|1202|하남대로261번길 11|00011|00000,35.1803936905995,126.820478944492,광주광역시 광산구 신가동 1202,전남광주통합특별시 광산구 하남대로261번길 11,광산구,수완동,1233063700,성공,광산구,수완동,True,광산구 수완동,광산구 수완동,2863,16,46.9,광산구 하남대로261번길 11,True
광주첨단엘에이치3단지,29200-424,2020,26.05~28.04,갱신,30,4,2026,"3,765",26.97,11,869-2,7,"2,393",13,임방울대로800번길 11-5,,00011,00005,4289552,0,12330,12330,월계동,,광산구,12330,아파트,전월세,202604,아파트 전월세,,,,,,광산구|월계동|869-2|임방울대로800번길 11-5|00011|00005,35.2172126334807,126.846821692809,광주광역시 광산구 월계동 869-2,전남광주통합특별시 광산구 임방울대로800번길 11-5,광산구,첨단2동,1233062600,성공,북구,첨단2동,True,광산구 첨단2동,북구 첨단2동,3765,7,26.97,광산구 임방울대로800번길 11-5,True
아름마을휴먼시아3단지,29200-260,2009,26.04~28.05,신규,28,4,2026,"2,863",46.9,12,1202,16,,,하남대로261번길 11,0,00011,00000,4289685,1,12330,12330,신가동,,광산구,12330,아파트,전월세,202604,아파트 전월세,,,,,,광산구|신가동|1202|하남대로261번길 11|00011|00000,35.1803936905995,126.820478944492,광주광역시 광산구 신가동 1202,전남광주통합특별시 광산구 하남대로261번길 11,광산구,수완동,1233063700,성공,광산구,수완동,True,광산구 수완동,광산구 수완동,2863,16,46.9,광산구 하남대로261번길 11,True
광주첨단엘에이치1단지,29200-425,2020,26.05~28.04,갱신,29,4,2026,"3,127",21.88,3,657-4,6,"2,066",11,첨단중앙로152번길 6-8,,00006,00008,4289613,0,12330,12330,쌍암동,,광산구,12330,아파트,전월세,202604,아파트 전월세,,,,,,광산구|쌍암동|657-4|첨단중앙로152번길 6-8|00006|00008,35.2182552786944,126.842577336818,광주광역시 광산구 쌍암동 657-4,전남광주통합특별시 광산구 첨단중앙로152번길 6-8,광산구,첨단1동,1233062400,성공,광산구,첨단1동,True,광산구 첨단1동,광산구 첨단1동,3127,6,21.88,광산구 첨단중앙로152번길 6-8,True
장자울마을휴먼시아4단지,29200-257,2009,26.05~28.04,갱신,29,4,2026,"1,158",46.9,8,517,21,"2,775",15,풍영로145번길 43,0,00043,00000,4289671,1,12330,12330,흑석동,,광산구,12330,아파트,전월세,202604,아파트 전월세,,,,,,광산구|흑석동|517|풍영로145번길 43|00043|00000,35.1837458369346,126.811293211321,광주광역시 광산구 흑석동 517,전남광주통합특별시 광산구 풍영로145번길 43,광산구,수완동,1233063700,성공,광산구,수완동,True,광산구 수완동,광산구 수완동,1158,21,46.9,광산구 풍영로145번길 43,True
에이엠시티센트럴파크,29200-349,2015,26.04~27.04,신규,29,4,2026,"1,000",40.9226,7,676-2,70,,,첨단중앙로182번길 50,,00050,00000,4289616,1,12330,12330,쌍암동,,광산구,12330,아파트,전월세,202604,아파트 전월세,,,,,,광산구|쌍암동|676-2|첨단중앙로182번길 50|00050|00000,35.2215170161494,126.846882804545,광주광역시 광산구 쌍암동 676-2,전남광주통합특별시 광산구 첨단중앙로182번길 50,광산구,첨단1동,1233062400,성공,광산구,첨단1동,True,광산구 첨단1동,광산구 첨단1동,1000,70,40.9226,광산구 첨단중앙로182번길 50,True
하남주공(2단지),29200-39,1991,26.04~28.04,신규,12,4,2026,300,44.94,10,1571-1,45,,,월곡산정로 12,0,00012,00000,3163042,1,12330,12330,우산동,,광산구,12330,아파트,전월세,202604,아파트 전월세,,,,,,광산구|우산동|1571-1|월곡산정로 12|00012|00000,35.1651071402315,126.803686058,광주광역시 광산구 우산동 1571-1,전남광주통합특별시 광산구 월곡산정로 12,광산구,우산동,1233058000,성공,광산구,우산동,True,광산구 우산동,광산구 우산동,300,45,44.94,광산구 월곡산정로 12,True
광주수완7신완마을휴먼시아,29200-264,2011,26.05~28.04,갱신,6,4,2026,"2,751",46.54,7,1037,15,"2,671",15,풍영로329번길 50,0,00050,00000,4289681,1,12330,12330,장덕동,,광산구,12330,아파트,전월세,202604,아파트 전월세,,,,,,광산구|장덕동|1037|풍영로329번길 50|00050|00000,35.2014118295745,126.812869241031,광주광역시 광산구 장덕동 1037,전남광주통합특별시 광산구 풍영로329번길 50,광산구,수완동,1233063700,성공,광산구,수완동,True,광산구 수완동,광산구 수완동,2751,15,46.54,광산구 풍영로329번길 50,True
광주하남엘에이치천년나무,29200-414,2019,26.04~28.05,신규,15,4,2026,"1,408",16.35,7,1611-3,7,,,용아로 175-6,,00175,00006,3163035,0,12330,12330,우산동,,광산구,12330,아파트,전월세,202604,아파트 전월세,,,,,,광산구|우산동|1611-3|용아로 175-6|00175|00006,35.1599080758315,126.800246035505,광주광역시 광산구 우산동 1611-3,전남광주통합특별시 광산구 용아로 175-6,광산구,우산동,1233058000,성공,광산구,우산동,True,광산구 우산동,광산구 우산동,1408,7,16.35,광산구 용아로 175-6,True
첨단센트럴파크2차,29200-399,2018,26.04~27.04,신규,1,4,2026,"3,000",47.44,13,676-3,53,,,첨단중앙로170번길 87,0,00087,00000,4289614,1,12330,12330,쌍암동,,광산구,12330,아파트,전월세,202604,아파트 전월세,,,,,,광산구|쌍암동|676-3|첨단중앙로170번길 87|00087|00000,35.2209763822162,126.84687920672,광주광역시 광산구 쌍암동 676-3,전남광주통합특별시 광산구 첨단중앙로170번길 87,광산구,첨단1동,1233062400,성공,광산구,첨단1동,True,광산구 첨단1동,광산구 첨단1동,3000,53,47.44,광산구 첨단중앙로170번길 87,True
광주수완7신완마을휴먼시아,29200-264,2011,26.04~28.05,신규,28,4,2026,"2,117",39.77,15,1037,12,,,풍영로329번길 50,0,00050,00000,4289681,1,12330,12330,장덕동,,광산구,12330,아파트,전월세,202604,아파트 전월세,,,,,,광산구|장덕동|1037|풍영로329번길 50|00050|00000,35.2014118295745,126.812869241031,광주광역시 광산구 장덕동 1037,전남광주통합특별시 광산구 풍영로329번길 50,광산구,수완동,1233063700,성공,광산구,수완동,True,광산구 수완동,광산구 수완동,2117,12,39.77,광산구 풍영로329번길 50,True
광주첨단엘에이치2단지,29200-426,2020,26.05~28.04,갱신,28,4,2026,"5,793",36.72,5,683-2,9,"3,422",19,임방울대로825번길 9,0,00009,00000,4289554,0,12330,12330,쌍암동,,광산구,12330,아파트,전월세,202604,아파트 전월세,,,,,,광산구|쌍암동|683-2|임방울대로825번길 9|00009|00000,35.218229827909,126.848341882075,광주광역시 광산구 쌍암동 683-2,전남광주통합특별시 광산구 임방울대로825번길 9,광산구,첨단1동,1233062400,성공,광산구,첨단1동,True,광산구 첨단1동,광산구 첨단1동,5793,9,36.72,광산구 임방울대로825번길 9,True
장자울마을휴먼시아4단지,29200-257,2009,26.06~28.05,갱신,23,4,2026,"2,858",46.9,14,517,16,"2,775",15,풍영로145번길 43,0,00043,00000,4289671,1,12330,12330,흑석동,,광산구,12330,아파트,전월세,202604,아파트 전월세,,,,,,광산구|흑석동|517|풍영로145번길 43|00043|00000,35.1837458369346,126.811293211321,광주광역시 광산구 흑석동 517,전남광주통합특별시 광산구 풍영로145번길 43,광산구,수완동,1233063700,성공,광산구,수완동,True,광산구 수완동,광산구 수완동,2858,16,46.9,광산구 풍영로145번길 43,True
한양에드가302동,29200-309,2013,26.04~27.04,신규,25,4,2026,500,25.6308,9,694-115,40,,,월계로 223-17,0,00223,00017,3163039,2,12330,12330,쌍암동,,광산구,12330,아파트,전월세,202604,아파트 전월세,,,,,,광산구|쌍암동|694-115|월계로 223-17|00223|00017,35.2149023369798,126.849588941863,광주광역시 광산구 쌍암동 694-115,전남광주통합특별시 광산구 월계로 223-17,광산구,첨단2동,1233062600,성공,북구,첨단2동,True,광산구 첨단2동,북구 첨단2동,500,40,25.6308,광산구 월계로 223-17,True
광주첨단엘에이치1단지,29200-425,2020,26.05~28.04,갱신,27,4,2026,"2,827",21.88,3,657-4,8,"2,066",11,첨단중앙로152번길 6-8,,00006,00008,4289613,0,12330,12330,쌍암동,,광산구,12330,아파트,전월세,202604,아파트 전월세,,,,,,광산구|쌍암동|657-4|첨단중앙로152번길 6-8|00006|00008,35.2182552786944,126.842577336818,광주광역시 광산구 쌍암동 657-4,전남광주통합특별시 광산구 첨단중앙로152번길 6-8,광산구,첨단1동,1233062400,성공,광산구,첨단1동,True,광산구 첨단1동,광산구 첨단1동,2827,8,21.88,광산구 첨단중앙로152번길 6-8,True
첨단도휘에드가2차,29200-350,2015,26.04~27.04,신규,21,4,2026,300,19.89,6,694-70,40,,,월계로 223-20,0,00223,00020,3163039,1,12330,12330,쌍암동,,광산구,12330,아파트,전월세,202604,아파트 전월세,,,,,,광산구|쌍암동|694-70|월계로 223-20|00223|00020,35.2153858800186,126.850509647451,광주광역시 광산구 쌍암동 694-70,전남광주통합특별시 광산구 월계로 223-20,광산구,첨단2동,1233062600,성공,북구,첨단2동,True,광산구 첨단2동,북구 첨단2동,300,40,19.89,광산구 월계로 223-20,True
장자울마을휴먼시아4단지,29200-257,2009,26.06~28.05,갱신,24,4,2026,"4,358",46.9,4,517,7,"4,275",15,풍영로145번길 43,0,00043,00000,4289671,1,12330,12330,흑석동,,광산구,12330,아파트,전월세,202604,아파트 전월세,,,,,,광산구|흑석동|517|풍영로145번길 43|00043|00000,35.1837458369346,126.811293211321,광주광역시 광산구 흑석동 517,전남광주통합특별시 광산구 풍영로145번길 43,광산구,수완동,1233063700,성공,광산구,수완동,True,광산구 수완동,광산구 수완동,4358,7,46.9,광산구 풍영로145번길 43,True
아름마을휴먼시아2단지,29200-248,2009,26.04~28.05,신규,21,4,2026,"3,574",51.93,10,1064,19,,,수등로123번길 22,0,00022,00000,4289327,1,12330,12330,신가동,,광산구,12330,아파트,전월세,202604,아파트 전월세,,,,,,광산구|신가동|1064|수등로123번길 22|00022|00000,35.1842119227205,126.82398140206,광주광역시 광산구 신가동 1064,전남광주통합특별시 광산구 수등로123번길 22,광산구,수완동,1233063700,성공,광산구,수완동,True,광산구 수완동,광산구 수완동,3574,19,51.93,광산구 수등로123번길 22,True
광주수완6신완마을휴먼시아,29200-263,2010,26.05~28.04,갱신,24,4,2026,"2,805",46.9,7,1044,15,"2,679",15,풍영로329번길 51,0,00051,00000,4289681,1,12330,12330,장덕동,,광산구,12330,아파트,전월세,202604,아파트 전월세,,,,,,광산구|장덕동|1044|풍영로329번길 51|00051|00000,35.1993201857989,126.811785931546,광주광역시 광산구 장덕동 1044,전남광주통합특별시 광산구 풍영로329번길 51,광산구,수완동,1233063700,성공,광산구,수완동,True,광산구 수완동,광산구 수완동,2805,15,46.9,광산구 풍영로329번길 51,True
광주수완6신완마을휴먼시아,29200-263,2010,26.04~28.04,신규,24,4,2026,"5,673",51.26,3,1044,8,,,풍영로329번길 51,0,00051,00000,4289681,1,12330,12330,장덕동,,광산구,12330,아파트,전월세,202604,아파트 전월세,,,,,,광산구|장덕동|1044|풍영로329번길 51|00051|00000,35.1993201857989,126.811785931546,광주광역시 광산구 장덕동 1044,전남광주통합특별시 광산구 풍영로329번길 51,광산구,수완동,1233063700,성공,광산구,수완동,True,광산구 수완동,광산구 수완동,5673,8,51.26,광산구 풍영로329번길 51,True
광주수완7신완마을휴먼시아,29200-264,2011,26.05~28.04,갱신,16,4,2026,"2,751",46.9,2,1037,15,"2,671",15,풍영로329번길 50,0,00050,00000,4289681,1,12330,12330,장덕동,,광산구,12330,아파트,전월세,202604,아파트 전월세,,,,,,광산구|장덕동|1037|풍영로329번길 50|00050|00000,35.2014118295745,126.812869241031,광주광역시 광산구 장덕동 1037,전남광주통합특별시 광산구 풍영로329번길 50,광산구,수완동,1233063700,성공,광산구,수완동,True,광산구 수완동,광산구 수완동,2751,15,46.9,광산구 풍영로329번길 50,True
아름마을휴먼시아3단지,29200-260,2009,26.06~28.05,갱신,24,4,2026,"3,463",46.9,7,1202,12,"3,326",11,하남대로261번길 11,0,00011,00000,4289685,1,12330,12330,신가동,,광산구,12330,아파트,전월세,202604,아파트 전월세,,,,,,광산구|신가동|1202|하남대로261번길 11|00011|00000,35.1803936905995,126.820478944492,광주광역시 광산구 신가동 1202,전남광주통합특별시 광산구 하남대로261번길 11,광산구,수완동,1233063700,성공,광산구,수완동,True,광산구 수완동,광산구 수완동,3463,12,46.9,광산구 하남대로261번길 11,True
아름마을휴먼시아2단지,29200-248,2009,26.05~28.04,갱신,24,4,2026,"2,177",39.48,15,1064,12,"2,114",12,수등로123번길 22,0,00022,00000,4289327,1,12330,12330,신가동,,광산구,12330,아파트,전월세,202604,아파트 전월세,,,,,,광산구|신가동|1064|수등로123번길 22|00022|00000,35.1842119227205,126.82398140206,광주광역시 광산구 신가동 1064,전남광주통합특별시 광산구 수등로123번길 22,광산구,수완동,1233063700,성공,광산구,수완동,True,광산구 수완동,광산구 수완동,2177,12,39.48,광산구 수등로123번길 22,True
광주첨단엘에이치3단지,29200-424,2020,26.06~28.05,갱신,23,4,2026,"2,087",16.8,6,869-2,7,"1,663",9,임방울대로800번길 11-5,,00011,00005,4289552,0,12330,12330,월계동,,광산구,12330,아파트,전월세,202604,아파트 전월세,,,,,,광산구|월계동|869-2|임방울대로800번길 11-5|00011|00005,35.2172126334807,126.846821692809,광주광역시 광산구 월계동 869-2,전남광주통합특별시 광산구 임방울대로800번길 11-5,광산구,첨단2동,1233062600,성공,북구,첨단2동,True,광산구 첨단2동,북구 첨단2동,2087,7,16.8,광산구 임방울대로800번길 11-5,True
하남주공(2단지),29200-39,1991,26.05~28.05,신규,14,4,2026,300,44.52,12,1571-1,40,,,월곡산정로 12,0,00012,00000,3163042,1,12330,12330,우산동,,광산구,12330,아파트,전월세,202604,아파트 전월세,,,,,,광산구|우산동|1571-1|월곡산정로 12|00012|00000,35.1651071402315,126.803686058,광주광역시 광산구 우산동 1571-1,전남광주통합특별시 광산구 월곡산정로 12,광산구,우산동,1233058000,성공,광산구,우산동,True,광산구 우산동,광산구 우산동,300,40,44.52,광산구 월곡산정로 12,True
에이엠시티5차,29200-307,2013,26.05~27.05,신규,22,4,2026,300,33.1446,7,682-1,48,,,임방울대로825번길 19,0,00019,00000,4289554,1,12330,12330,쌍암동,,광산구,12330,아파트,전월세,202604,아파트 전월세,,,,,,광산구|쌍암동|682-1|임방울대로825번길 19|00019|00000,35.2187157362366,126.847688221979,광주광역시 광산구 쌍암동 682-1,전남광주통합특별시 광산구 임방울대로825번길 19,광산구,첨단1동,1233062400,성공,광산구,첨단1동,True,광산구 첨단1동,광산구 첨단1동,300,48,33.1446,광산구 임방울대로825번길 19,True
한양에드가302동,29200-309,2013,26.04~27.04,신규,16,4,2026,500,25.6308,5,694-115,42,,,월계로 223-17,0,00223,00017,3163039,2,12330,12330,쌍암동,,광산구,12330,아파트,전월세,202604,아파트 전월세,,,,,,광산구|쌍암동|694-115|월계로 223-17|00223|00017,35.2149023369798,126.849588941863,광주광역시 광산구 쌍암동 694-115,전남광주통합특별시 광산구 월계로 223-17,광산구,첨단2동,1233062600,성공,북구,첨단2동,True,광산구 첨단2동,북구 첨단2동,500,42,25.6308,광산구 월계로 223-17,True
하남주공(2단지),29200-39,1991,26.04~28.04,신규,18,4,2026,500,44.52,11,1571-1,40,,,월곡산정로 12,0,00012,00000,3163042,1,12330,12330,우산동,,광산구,12330,아파트,전월세,202604,아파트 전월세,,,,,,광산구|우산동|1571-1|월곡산정로 12|00012|00000,35.1651071402315,126.803686058,광주광역시 광산구 우산동 1571-1,전남광주통합특별시 광산구 월곡산정로 12,광산구,우산동,1233058000,성공,광산구,우산동,True,광산구 우산동,광산구 우산동,500,40,44.52,광산구 월곡산정로 12,True
아름마을휴먼시아1단지,29200-247,2009,26.06~28.05,갱신,10,4,2026,"2,177",39.72,11,1061,12,"2,017",11,수등로123번길 70,0,00070,00000,4289327,1,12330,12330,신가동,,광산구,12330,아파트,전월세,202604,아파트 전월세,,,,,,광산구|신가동|1061|수등로123번길 70|00070|00000,35.1858460602035,126.824527935674,광주광역시 광산구 신가동 1061,전남광주통합특별시 광산구 수등로123번길 70,광산구,수완동,1233063700,성공,광산구,수완동,True,광산구 수완동,광산구 수완동,2177,12,39.72,광산구 수등로123번길 70,True
장자울마을휴먼시아4단지,29200-257,2009,26.04~28.05,신규,21,4,2026,"3,574",51.93,12,517,19,,,풍영로145번길 43,0,00043,00000,4289671,1,12330,12330,흑석동,,광산구,12330,아파트,전월세,202604,아파트 전월세,,,,,,광산구|흑석동|517|풍영로145번길 43|00043|00000,35.1837458369346,126.811293211321,광주광역시 광산구 흑석동 517,전남광주통합특별시 광산구 풍영로145번길 43,광산구,수완동,1233063700,성공,광산구,수완동,True,광산구 수완동,광산구 수완동,3574,19,51.93,광산구 풍영로145번길 43,True
광주수완7신완마을휴먼시아,29200-264,2011,26.05~28.04,갱신,21,4,2026,"2,096",39.96,15,1037,12,"1,865",11,풍영로329번길 50,0,00050,00000,4289681,1,12330,12330,장덕동,,광산구,12330,아파트,전월세,202604,아파트 전월세,,,,,,광산구|장덕동|1037|풍영로329번길 50|00050|00000,35.2014118295745,126.812869241031,광주광역시 광산구 장덕동 1037,전남광주통합특별시 광산구 풍영로329번길 50,광산구,수완동,1233063700,성공,광산구,수완동,True,광산구 수완동,광산구 수완동,2096,12,39.96,광산구 풍영로329번길 50,True
첨단센트럴파크2차,29200-399,2018,26.06~28.06,신규,8,4,2026,"15,500",47.44,9,676-3,0,,,첨단중앙로170번길 87,0,00087,00000,4289614,1,12330,12330,쌍암동,,광산구,12330,아파트,전월세,202604,아파트 전월세,,,,,,광산구|쌍암동|676-3|첨단중앙로170번길 87|00087|00000,35.2209763822162,126.84687920672,광주광역시 광산구 쌍암동 676-3,전남광주통합특별시 광산구 첨단중앙로170번길 87,광산구,첨단1동,1233062400,성공,광산구,첨단1동,True,광산구 첨단1동,광산구 첨단1동,15500,0,47.44,광산구 첨단중앙로170번길 87,True
광주수완6신완마을휴먼시아,29200-263,2010,26.04~28.05,신규,21,4,2026,"2,805",46.9,20,1044,15,,,풍영로329번길 51,0,00051,00000,4289681,1,12330,12330,장덕동,,광산구,12330,아파트,전월세,202604,아파트 전월세,,,,,,광산구|장덕동|1044|풍영로329번길 51|00051|00000,35.1993201857989,126.811785931546,광주광역시 광산구 장덕동 1044,전남광주통합특별시 광산구 풍영로329번길 51,광산구,수완동,1233063700,성공,광산구,수완동,True,광산구 수완동,광산구 수완동,2805,15,46.9,광산구 풍영로329번길 51,True
아름마을휴먼시아2단지,29200-248,2009,26.04~28.05,신규,21,4,2026,"2,886",46.9,6,1064,16,,,수등로123번길 22,0,00022,00000,4289327,1,12330,12330,신가동,,광산구,12330,아파트,전월세,202604,아파트 전월세,,,,,,광산구|신가동|1064|수등로123번길 22|00022|00000,35.1842119227205,126.82398140206,광주광역시 광산구 신가동 1064,전남광주통합특별시 광산구 수등로123번길 22,광산구,수완동,1233063700,성공,광산구,수완동,True,광산구 수완동,광산구 수완동,2886,16,46.9,광산구 수등로123번길 22,True
광주수완7신완마을휴먼시아,29200-264,2011,26.05~28.04,갱신,21,4,2026,"2,157",39.25,3,1037,8,"2,096",7,풍영로329번길 50,0,00050,00000,4289681,1,12330,12330,장덕동,,광산구,12330,아파트,전월세,202604,아파트 전월세,,,,,,광산구|장덕동|1037|풍영로329번길 50|00050|00000,35.2014118295745,126.812869241031,광주광역시 광산구 장덕동 1037,전남광주통합특별시 광산구 풍영로329번길 50,광산구,수완동,1233063700,성공,광산구,수완동,True,광산구 수완동,광산구 수완동,2157,8,39.25,광산구 풍영로329번길 50,True
첨단도휘에드가2차,29200-350,2015,26.04~27.04,신규,1,4,2026,300,19.69,5,694-70,40,,,월계로 223-20,0,00223,00020,3163039,1,12330,12330,쌍암동,,광산구,12330,아파트,전월세,202604,아파트 전월세,,,,,,광산구|쌍암동|694-70|월계로 223-20|00223|00020,35.2153858800186,126.850509647451,광주광역시 광산구 쌍암동 694-70,전남광주통합특별시 광산구 월계로 223-20,광산구,첨단2동,1233062600,성공,북구,첨단2동,True,광산구 첨단2동,북구 첨단2동,300,40,19.69,광산구 월계로 223-20,True
아름마을휴먼시아2단지,29200-248,2009,26.05~28.04,갱신,16,4,2026,"3,539",51.93,11,1064,19,"3,278",17,수등로123번길 22,0,00022,00000,4289327,1,12330,12330,신가동,,광산구,12330,아파트,전월세,202604,아파트 전월세,,,,,,광산구|신가동|1064|수등로123번길 22|00022|00000,35.1842119227205,126.82398140206,광주광역시 광산구 신가동 1064,전남광주통합특별시 광산구 수등로123번길 22,광산구,수완동,1233063700,성공,광산구,수완동,True,광산구 수완동,광산구 수완동,3539,19,51.93,광산구 수등로123번길 22,True
첨단센트럴파크2차,29200-399,2018,26.04~27.04,신규,10,4,2026,"1,000",41.83,12,676-3,70,,,첨단중앙로170번길 87,0,00087,00000,4289614,1,12330,12330,쌍암동,,광산구,12330,아파트,전월세,202604,아파트 전월세,,,,,,광산구|쌍암동|676-3|첨단중앙로170번길 87|00087|00000,35.2209763822162,126.84687920672,광주광역시 광산구 쌍암동 676-3,전남광주통합특별시 광산구 첨단중앙로170번길 87,광산구,첨단1동,1233062400,성공,광산구,첨단1동,True,광산구 첨단1동,광산구 첨단1동,1000,70,41.83,광산구 첨단중앙로170번길 87,True
아름마을휴먼시아1단지,29200-247,2009,26.06~28.05,갱신,20,4,2026,"3,609",51.93,9,1061,19,"3,504",19,수등로123번길 70,0,00070,00000,4289327,1,12330,12330,신가동,,광산구,12330,아파트,전월세,202604,아파트 전월세,,,,,,광산구|신가동|1061|수등로123번길 70|00070|00000,35.1858460602035,126.824527935674,광주광역시 광산구 신가동 1061,전남광주통합특별시 광산구 수등로123번길 70,광산구,수완동,1233063700,성공,광산구,수완동,True,광산구 수완동,광산구 수완동,3609,19,51.93,광산구 수등로123번길 70,True
광주수완6신완마을휴먼시아,29200-263,2010,26.05~28.04,갱신,17,4,2026,"3,439",51.82,15,1044,19,"3,196",17,풍영로329번길 51,0,00051,00000,4289681,1,12330,12330,장덕동,,광산구,12330,아파트,전월세,202604,아파트 전월세,,,,,,광산구|장덕동|1044|풍영로329번길 51|00051|00000,35.1993201857989,126.811785931546,광주광역시 광산구 장덕동 1044,전남광주통합특별시 광산구 풍영로329번길 51,광산구,수완동,1233063700,성공,광산구,수완동,True,광산구 수완동,광산구 수완동,3439,19,51.82,광산구 풍영로329번길 51,True
에이엠시티센트럴파크,29200-349,2015,26.04~27.02,신규,20,4,2026,"1,000",40.9226,6,676-2,60,,,첨단중앙로182번길 50,,00050,00000,4289616,1,12330,12330,쌍암동,,광산구,12330,아파트,전월세,202604,아파트 전월세,,,,,,광산구|쌍암동|676-2|첨단중앙로182번길 50|00050|00000,35.2215170161494,126.846882804545,광주광역시 광산구 쌍암동 676-2,전남광주통합특별시 광산구 첨단중앙로182번길 50,광산구,첨단1동,1233062400,성공,광산구,첨단1동,True,광산구 첨단1동,광산구 첨단1동,1000,60,40.9226,광산구 첨단중앙로182번길 50,True
첨단도휘에드가2차,29200-350,2015,26.04~27.04,신규,10,4,2026,200,19.69,7,694-70,42,,,월계로 223-20,0,00223,00020,3163039,1,12330,12330,쌍암동,,광산구,12330,아파트,전월세,202604,아파트 전월세,,,,,,광산구|쌍암동|694-70|월계로 223-20|00223|00020,35.2153858800186,126.850509647451,광주광역시 광산구 쌍암동 694-70,전남광주통합특별시 광산구 월계로 223-20,광산구,첨단2동,1233062600,성공,북구,첨단2동,True,광산구 첨단2동,북구 첨단2동,200,42,19.69,광산구 월계로 223-20,True
윤진리안채,29200-391,2017,26.05~27.05,신규,17,4,2026,500,28.7459,12,694-74,50,,,첨단강변로99번길 21,0,00021,00000,4289601,0,12330,12330,쌍암동,,광산구,12330,아파트,전월세,202604,아파트 전월세,,,,,,광산구|쌍암동|694-74|첨단강변로99번길 21|00021|00000,35.2151862774642,126.851132647598,광주광역시 광산구 쌍암동 694-74,전남광주통합특별시 광산구 첨단강변로99번길 21,광산구,첨단2동,1233062600,성공,북구,첨단2동,True,광산구 첨단2동,북구 첨단2동,500,50,28.7459,광산구 첨단강변로99번길 21,True
아름마을휴먼시아1단지,29200-247,2009,26.06~28.05,갱신,15,4,2026,"3,539",51.93,6,1061,19,"3,436",19,수등로123번길 70,0,00070,00000,4289327,1,12330,12330,신가동,,광산구,12330,아파트,전월세,202604,아파트 전월세,,,,,,광산구|신가동|1061|수등로123번길 70|00070|00000,35.1858460602035,126.824527935674,광주광역시 광산구 신가동 1061,전남광주통합특별시 광산구 수등로123번길 70,광산구,수완동,1233063700,성공,광산구,수완동,True,광산구 수완동,광산구 수완동,3539,19,51.93,광산구 수등로123번길 70,True
에이엠시티5차,29200-307,2013,26.04~27.04,신규,14,4,2026,500,33.1446,7,682-1,60,,,임방울대로825번길 19,0,00019,00000,4289554,1,12330,12330,쌍암동,,광산구,12330,아파트,전월세,202604,아파트 전월세,,,,,,광산구|쌍암동|682-1|임방울대로825번길 19|00019|00000,35.2187157362366,126.847688221979,광주광역시 광산구 쌍암동 682-1,전남광주통합특별시 광산구 임방울대로825번길 19,광산구,첨단1동,1233062400,성공,광산구,첨단1동,True,광산구 첨단1동,광산구 첨단1동,500,60,33.1446,광산구 임방울대로825번길 19,True
아름마을휴먼시아3단지,29200-260,2009,26.05~28.04,갱신,16,4,2026,"2,581",39.72,3,1202,10,"2,477",9,하남대로261번길 11,0,00011,00000,4289685,1,12330,12330,신가동,,광산구,12330,아파트,전월세,202604,아파트 전월세,,,,,,광산구|신가동|1202|하남대로261번길 11|00011|00000,35.1803936905995,126.820478944492,광주광역시 광산구 신가동 1202,전남광주통합특별시 광산구 하남대로261번길 11,광산구,수완동,1233063700,성공,광산구,수완동,True,광산구 수완동,광산구 수완동,2581,10,39.72,광산구 하남대로261번길 11,True
하남주공(2단지),29200-39,1991,26.05~28.05,신규,15,4,2026,"7,400",44.52,4,1571-1,0,,,월곡산정로 12,0,00012,00000,3163042,1,12330,12330,우산동,,광산구,12330,아파트,전월세,202604,아파트 전월세,,,,,,광산구|우산동|1571-1|월곡산정로 12|00012|00000,35.1651071402315,126.803686058,광주광역시 광산구 우산동 1571-1,전남광주통합특별시 광산구 월곡산정로 12,광산구,우산동,1233058000,성공,광산구,우산동,True,광산구 우산동,광산구 우산동,7400,0,44.52,광산구 월곡산정로 12,True
광주하남엘에이치천년나무,29200-414,2019,26.04~28.05,신규,15,4,2026,"1,329",16.35,7,1611-3,7,,,용아로 175-6,,00175,00006,3163035,0,12330,12330,우산동,,광산구,12330,아파트,전월세,202604,아파트 전월세,,,,,,광산구|우산동|1611-3|용아로 175-6|00175|00006,35.1599080758315,126.800246035505,광주광역시 광산구 우산동 1611-3,전남광주통합특별시 광산구 용아로 175-6,광산구,우산동,1233058000,성공,광산구,우산동,True,광산구 우산동,광산구 우산동,1329,7,16.35,광산구 용아로 175-6,True
첨단센트럴파크2차,29200-399,2018,26.04~28.04,갱신,10,4,2026,"15,000",41.83,11,676-3,0,"15,000",,첨단중앙로170번길 87,0,00087,00000,4289614,1,12330,12330,쌍암동,,광산구,12330,아파트,전월세,202604,아파트 전월세,,,,,,광산구|쌍암동|676-3|첨단중앙로170번길 87|00087|00000,35.2209763822162,126.84687920672,광주광역시 광산구 쌍암동 676-3,전남광주통합특별시 광산구 첨단중앙로170번길 87,광산구,첨단1동,1233062400,성공,광산구,첨단1동,True,광산구 첨단1동,광산구 첨단1동,15000,0,41.83,광산구 첨단중앙로170번길 87,True
무들에코클래스,29200-323,2014,26.04~27.04,신규,15,4,2026,400,19.9836,3,893-1,37,,,임방울대로826번길 60-5,0,00060,00005,4289555,1,12330,12330,월계동,,광산구,12330,아파트,전월세,202604,아파트 전월세,,,,,,광산구|월계동|893-1|임방울대로826번길 60-5|00060|00005,35.2144820852673,126.847824082744,광주광역시 광산구 월계동 893-1,전남광주통합특별시 광산구 임방울대로826번길 60-5,광산구,첨단2동,1233062600,성공,북구,첨단2동,True,광산구 첨단2동,북구 첨단2동,400,37,19.9836,광산구 임방울대로826번길 60-5,True
한양에드가302동,29200-309,2013,26.05~26.11,신규,14,4,2026,200,24.8708,5,694-115,50,,,월계로 223-17,0,00223,00017,3163039,2,12330,12330,쌍암동,,광산구,12330,아파트,전월세,202604,아파트 전월세,,,,,,광산구|쌍암동|694-115|월계로 223-17|00223|00017,35.2149023369798,126.849588941863,광주광역시 광산구 쌍암동 694-115,전남광주통합특별시 광산구 월계로 223-17,광산구,첨단2동,1233062600,성공,북구,첨단2동,True,광산구 첨단2동,북구 첨단2동,200,50,24.8708,광산구 월계로 223-17,True
에이엠시티센트럴파크,29200-349,2015,26.05~28.05,신규,15,4,2026,"1,000",40.9226,13,676-2,65,,,첨단중앙로182번길 50,,00050,00000,4289616,1,12330,12330,쌍암동,,광산구,12330,아파트,전월세,202604,아파트 전월세,,,,,,광산구|쌍암동|676-2|첨단중앙로182번길 50|00050|00000,35.2215170161494,126.846882804545,광주광역시 광산구 쌍암동 676-2,전남광주통합특별시 광산구 첨단중앙로182번길 50,광산구,첨단1동,1233062400,성공,광산구,첨단1동,True,광산구 첨단1동,광산구 첨단1동,1000,65,40.9226,광산구 첨단중앙로182번길 50,True
첨단센트럴파크2차,29200-399,2018,26.04~28.04,신규,13,4,2026,"1,000",41.83,14,676-3,70,,,첨단중앙로170번길 87,0,00087,00000,4289614,1,12330,12330,쌍암동,,광산구,12330,아파트,전월세,202604,아파트 전월세,,,,,,광산구|쌍암동|676-3|첨단중앙로170번길 87|00087|00000,35.2209763822162,126.84687920672,광주광역시 광산구 쌍암동 676-3,전남광주통합특별시 광산구 첨단중앙로170번길 87,광산구,첨단1동,1233062400,성공,광산구,첨단1동,True,광산구 첨단1동,광산구 첨단1동,1000,70,41.83,광산구 첨단중앙로170번길 87,True
광주수완7신완마을휴먼시아,29200-264,2011,26.05~28.04,갱신,14,4,2026,"2,096",39.25,6,1037,12,"2,035",12,풍영로329번길 50,0,00050,00000,4289681,1,12330,12330,장덕동,,광산구,12330,아파트,전월세,202604,아파트 전월세,,,,,,광산구|장덕동|1037|풍영로329번길 50|00050|00000,35.2014118295745,126.812869241031,광주광역시 광산구 장덕동 1037,전남광주통합특별시 광산구 풍영로329번길 50,광산구,수완동,1233063700,성공,광산구,수완동,True,광산구 수완동,광산구 수완동,2096,12,39.25,광산구 풍영로329번길 50,True
아름마을휴먼시아1단지,29200-247,2009,26.06~28.05,신규,13,4,2026,"3,539",51.93,5,1061,19,,,수등로123번길 70,0,00070,00000,4289327,1,12330,12330,신가동,,광산구,12330,아파트,전월세,202604,아파트 전월세,,,,,,광산구|신가동|1061|수등로123번길 70|00070|00000,35.1858460602035,126.824527935674,광주광역시 광산구 신가동 1061,전남광주통합특별시 광산구 수등로123번길 70,광산구,수완동,1233063700,성공,광산구,수완동,True,광산구 수완동,광산구 수완동,3539,19,51.93,광산구 수등로123번길 70,True
신가주공1차,29200-131,2002,26.05~28.04,신규,13,4,2026,"2,019",51.95,8,963-1,8,,,수등로 204,0,00204,00000,3163025,2,12330,12330,신가동,,광산구,12330,아파트,전월세,202604,아파트 전월세,,,,,,광산구|신가동|963-1|수등로 204|00204|00000,35.1845341688073,126.831079076561,광주광역시 광산구 신가동 963-1,전남광주통합특별시 광산구 수등로 204,광산구,신가동,1233063000,성공,광산구,신가동,True,광산구 신가동,광산구 신가동,2019,8,51.95,광산구 수등로 204,True
하남주공(2단지),29200-39,1991,26.04~28.04,신규,8,4,2026,400,44.52,8,1571-1,55,,,월곡산정로 12,0,00012,00000,3163042,1,12330,12330,우산동,,광산구,12330,아파트,전월세,202604,아파트 전월세,,,,,,광산구|우산동|1571-1|월곡산정로 12|00012|00000,35.1651071402315,126.803686058,광주광역시 광산구 우산동 1571-1,전남광주통합특별시 광산구 월곡산정로 12,광산구,우산동,1233058000,성공,광산구,우산동,True,광산구 우산동,광산구 우산동,400,55,44.52,광산구 월곡산정로 12,True
첨단도휘에드가2차,29200-350,2015,26.04~27.04,신규,3,4,2026,300,19.69,3,694-70,38,,,월계로 223-20,0,00223,00020,3163039,1,12330,12330,쌍암동,,광산구,12330,아파트,전월세,202604,아파트 전월세,,,,,,광산구|쌍암동|694-70|월계로 223-20|00223|00020,35.2153858800186,126.850509647451,광주광역시 광산구 쌍암동 694-70,전남광주통합특별시 광산구 월계로 223-20,광산구,첨단2동,1233062600,성공,북구,첨단2동,True,광산구 첨단2동,북구 첨단2동,300,38,19.69,광산구 월계로 223-20,True
고실마을휴먼시아8단지,29200-262,2010,26.05~28.04,갱신,3,4,2026,"2,937",39.96,12,1098,7,"2,740",7,풍영로330번길 15,0,00015,00000,4289682,1,12330,12330,장덕동,,광산구,12330,아파트,전월세,202604,아파트 전월세,,,,,,광산구|장덕동|1098|풍영로330번길 15|00015|00000,35.2015313255941,126.816684307953,광주광역시 광산구 장덕동 1098,전남광주통합특별시 광산구 풍영로330번길 15,광산구,수완동,1233063700,성공,광산구,수완동,True,광산구 수완동,광산구 수완동,2937,7,39.96,광산구 풍영로330번길 15,True
광주수완6신완마을휴먼시아,29200-263,2010,26.05~28.04,신규,10,4,2026,873,51.82,15,1044,27,,,풍영로329번길 51,0,00051,00000,4289681,1,12330,12330,장덕동,,광산구,12330,아파트,전월세,202604,아파트 전월세,,,,,,광산구|장덕동|1044|풍영로329번길 51|00051|00000,35.1993201857989,126.811785931546,광주광역시 광산구 장덕동 1044,전남광주통합특별시 광산구 풍영로329번길 51,광산구,수완동,1233063700,성공,광산구,수완동,True,광산구 수완동,광산구 수완동,873,27,51.82,광산구 풍영로329번길 51,True
광주수완6신완마을휴먼시아,29200-263,2010,26.05~28.04,갱신,10,4,2026,"2,778",46.9,14,1044,15,"2,653",15,풍영로329번길 51,0,00051,00000,4289681,1,12330,12330,장덕동,,광산구,12330,아파트,전월세,202604,아파트 전월세,,,,,,광산구|장덕동|1044|풍영로329번길 51|00051|00000,35.1993201857989,126.811785931546,광주광역시 광산구 장덕동 1044,전남광주통합특별시 광산구 풍영로329번길 51,광산구,수완동,1233063700,성공,광산구,수완동,True,광산구 수완동,광산구 수완동,2778,15,46.9,광산구 풍영로329번길 51,True
광주수완7신완마을휴먼시아,29200-264,2011,26.05~28.04,갱신,9,4,2026,"3,096",39.25,12,1037,7,"2,035",12,풍영로329번길 50,0,00050,00000,4289681,1,12330,12330,장덕동,,광산구,12330,아파트,전월세,202604,아파트 전월세,,,,,,광산구|장덕동|1037|풍영로329번길 50|00050|00000,35.2014118295745,126.812869241031,광주광역시 광산구 장덕동 1037,전남광주통합특별시 광산구 풍영로329번길 50,광산구,수완동,1233063700,성공,광산구,수완동,True,광산구 수완동,광산구 수완동,3096,7,39.25,광산구 풍영로329번길 50,True
윤진리안채,29200-391,2017,26.05~28.05,신규,4,4,2026,"7,800",28.373,9,694-74,0,,,첨단강변로99번길 21,0,00021,00000,4289601,0,12330,12330,쌍암동,,광산구,12330,아파트,전월세,202604,아파트 전월세,,,,,,광산구|쌍암동|694-74|첨단강변로99번길 21|00021|00000,35.2151862774642,126.851132647598,광주광역시 광산구 쌍암동 694-74,전남광주통합특별시 광산구 첨단강변로99번길 21,광산구,첨단2동,1233062600,성공,북구,첨단2동,True,광산구 첨단2동,북구 첨단2동,7800,0,28.373,광산구 첨단강변로99번길 21,True
광주첨단엘에이치3단지,29200-424,2020,26.05~28.04,갱신,8,4,2026,"3,765",26.97,6,869-2,7,"2,393",13,임방울대로800번길 11-5,,00011,00005,4289552,0,12330,12330,월계동,,광산구,12330,아파트,전월세,202604,아파트 전월세,,,,,,광산구|월계동|869-2|임방울대로800번길 11-5|00011|00005,35.2172126334807,126.846821692809,광주광역시 광산구 월계동 869-2,전남광주통합특별시 광산구 임방울대로800번길 11-5,광산구,첨단2동,1233062600,성공,북구,첨단2동,True,광산구 첨단2동,북구 첨단2동,3765,7,26.97,광산구 임방울대로800번길 11-5,True
첨단AM-City2차,29200-281,2012,26.04~27.04,신규,6,4,2026,300,19.1244,7,658-7,40,,,첨단중앙로152번길 6-13,0,00006,00013,4289613,1,12330,12330,쌍암동,,광산구,12330,아파트,전월세,202604,아파트 전월세,,,,,,광산구|쌍암동|658-7|첨단중앙로152번길 6-13|00006|00013,35.2186388118667,126.843557651778,광주광역시 광산구 쌍암동 658-7,전남광주통합특별시 광산구 첨단중앙로152번길 6-13,광산구,첨단1동,1233062400,성공,광산구,첨단1동,True,광산구 첨단1동,광산구 첨단1동,300,40,19.1244,광산구 첨단중앙로152번길 6-13,True
광주첨단엘에이치1단지,29200-425,2020,26.05~28.04,갱신,6,4,2026,"3,127",21.88,9,657-4,6,"2,066",11,첨단중앙로152번길 6-8,,00006,00008,4289613,0,12330,12330,쌍암동,,광산구,12330,아파트,전월세,202604,아파트 전월세,,,,,,광산구|쌍암동|657-4|첨단중앙로152번길 6-8|00006|00008,35.2182552786944,126.842577336818,광주광역시 광산구 쌍암동 657-4,전남광주통합특별시 광산구 첨단중앙로152번길 6-8,광산구,첨단1동,1233062400,성공,광산구,첨단1동,True,광산구 첨단1동,광산구 첨단1동,3127,6,21.88,광산구 첨단중앙로152번길 6-8,True
하남주공(2단지),29200-39,1991,26.04~28.04,신규,3,4,2026,300,44.94,14,1571-1,40,,,월곡산정로 12,0,00012,00000,3163042,1,12330,12330,우산동,,광산구,12330,아파트,전월세,202604,아파트 전월세,,,,,,광산구|우산동|1571-1|월곡산정로 12|00012|00000,35.1651071402315,126.803686058,광주광역시 광산구 우산동 1571-1,전남광주통합특별시 광산구 월곡산정로 12,광산구,우산동,1233058000,성공,광산구,우산동,True,광산구 우산동,광산구 우산동,300,40,44.94,광산구 월곡산정로 12,True
AM-City하이클래스,29110-324,2014,26.05~27.05,신규,18,5,2026,300,15.1697,7,154-1,35,,,금남로 185,0,00185,00000,3009019,1,12210,12210,금남로5가,,동구,12210,아파트,전월세,202605,아파트 전월세,,,,,,동구|금남로5가|154-1|금남로 185|00185|00000,35.1517659240292,126.913725421103,광주광역시 동구 금남로5가 154-1,전남광주통합특별시 동구 금남로 185,동구,충장동,1221052500,성공,동구,충장동,True,동구 충장동,동구 충장동,300,35,15.1697,동구 금남로 185,True
충장고운라피네,29110-348,2017,26.06~28.06,신규,16,5,2026,"15,000",49.831,19,34,0,,,충장로58번길 14,,00014,00000,4277237,0,12210,12210,충장로4가,,동구,12210,아파트,전월세,202605,아파트 전월세,,,,,,동구|충장로4가|34|충장로58번길 14|00014|00000,35.1493869644374,126.913097129313,광주광역시 동구 충장로4가 34,전남광주통합특별시 동구 충장로58번길 14,동구,충장동,1221052500,성공,동구,충장동,True,동구 충장동,동구 충장동,15000,0,49.831,동구 충장로58번길 14,True
충장고운라피네,29110-348,2017,26.07~28.07,신규,11,5,2026,"15,000",49.831,14,34,0,,,충장로58번길 14,,00014,00000,4277237,0,12210,12210,충장로4가,,동구,12210,아파트,전월세,202605,아파트 전월세,,,,,,동구|충장로4가|34|충장로58번길 14|00014|00000,35.1493869644374,126.913097129313,광주광역시 동구 충장로4가 34,전남광주통합특별시 동구 충장로58번길 14,동구,충장동,1221052500,성공,동구,충장동,True,동구 충장동,동구 충장동,15000,0,49.831,동구 충장로58번길 14,True
AM-City하이클래스,29110-324,2014,26.05~27.05,신규,4,5,2026,500,15.1697,15,154-1,35,,,금남로 185,0,00185,00000,3009019,1,12210,12210,금남로5가,,동구,12210,아파트,전월세,202605,아파트 전월세,,,,,,동구|금남로5가|154-1|금남로 185|00185|00000,35.1517659240292,126.913725421103,광주광역시 동구 금남로5가 154-1,전남광주통합특별시 동구 금남로 185,동구,충장동,1221052500,성공,동구,충장동,True,동구 충장동,동구 충장동,500,35,15.1697,동구 금남로 185,True
충장고운라피네,29110-348,2017,26.07~28.07,신규,14,5,2026,"16,400",49.831,18,34,0,,,충장로58번길 14,,00014,00000,4277237,0,12210,12210,충장로4가,,동구,12210,아파트,전월세,202605,아파트 전월세,,,,,,동구|충장로4가|34|충장로58번길 14|00014|00000,35.1493869644374,126.913097129313,광주광역시 동구 충장로4가 34,전남광주통합특별시 동구 충장로58번길 14,동구,충장동,1221052500,성공,동구,충장동,True,동구 충장동,동구 충장동,16400,0,49.831,동구 충장로58번길 14,True
AM-City하이클래스,29110-324,2014,26.05~27.05,신규,5,5,2026,500,15.1697,14,154-1,35,,,금남로 185,0,00185,00000,3009019,1,12210,12210,금남로5가,,동구,12210,아파트,전월세,202605,아파트 전월세,,,,,,동구|금남로5가|154-1|금남로 185|00185|00000,35.1517659240292,126.913725421103,광주광역시 동구 금남로5가 154-1,전남광주통합특별시 동구 금남로 185,동구,충장동,1221052500,성공,동구,충장동,True,동구 충장동,동구 충장동,500,35,15.1697,동구 금남로 185,True
충장고운라피네,29110-348,2017,26.07~28.07,신규,11,5,2026,"15,000",49.831,14,34,0,,,충장로58번길 14,,00014,00000,4277237,0,12210,12210,충장로4가,,동구,12210,아파트,전월세,202605,아파트 전월세,,,,,,동구|충장로4가|34|충장로58번길 14|00014|00000,35.1493869644374,126.913097129313,광주광역시 동구 충장로4가 34,전남광주통합특별시 동구 충장로58번길 14,동구,충장동,1221052500,성공,동구,충장동,True,동구 충장동,동구 충장동,15000,0,49.831,동구 충장로58번길 14,True
AM-City하이클래스,29110-324,2014,26.05~27.04,신규,1,5,2026,300,15.1697,8,154-1,37,,,금남로 185,0,00185,00000,3009019,1,12210,12210,금남로5가,,동구,12210,아파트,전월세,202605,아파트 전월세,,,,,,동구|금남로5가|154-1|금남로 185|00185|00000,35.1517659240292,126.913725421103,광주광역시 동구 금남로5가 154-1,전남광주통합특별시 동구 금남로 185,동구,충장동,1221052500,성공,동구,충장동,True,동구 충장동,동구 충장동,300,37,15.1697,동구 금남로 185,True
농성동유탑유블레스,29140-335,2012,26.06~27.05,신규,29,5,2026,300,19.7906,9,112-1,35,,,경열로45번길 13,0,00013,00000,4280012,1,12240,12240,농성동,,서구,12240,아파트,전월세,202605,아파트 전월세,,,,,,서구|농성동|112-1|경열로45번길 13|00013|00000,35.1522648956668,126.891494681592,광주광역시 서구 농성동 112-1,전남광주통합특별시 서구 경열로45번길 13,서구,농성1동,1224065000,성공,서구,농성1동,True,서구 농성1동,서구 농성1동,300,35,19.7906,서구 경열로45번길 13,True
농성동유탑유블레스,29140-335,2012,26.06~27.05,신규,29,5,2026,"2,000",19.7906,9,112-1,20,,,경열로45번길 13,0,00013,00000,4280012,1,12240,12240,농성동,,서구,12240,아파트,전월세,202605,아파트 전월세,,,,,,서구|농성동|112-1|경열로45번길 13|00013|00000,35.1522648956668,126.891494681592,광주광역시 서구 농성동 112-1,전남광주통합특별시 서구 경열로45번길 13,서구,농성1동,1224065000,성공,서구,농성1동,True,서구 농성1동,서구 농성1동,2000,20,19.7906,서구 경열로45번길 13,True
농성동유탑유블레스,29140-335,2012,26.06~27.06,신규,18,5,2026,500,24.9706,6,112-1,45,,,경열로45번길 13,0,00013,00000,4280012,1,12240,12240,농성동,,서구,12240,아파트,전월세,202605,아파트 전월세,,,,,,서구|농성동|112-1|경열로45번길 13|00013|00000,35.1522648956668,126.891494681592,광주광역시 서구 농성동 112-1,전남광주통합특별시 서구 경열로45번길 13,서구,농성1동,1224065000,성공,서구,농성1동,True,서구 농성1동,서구 농성1동,500,45,24.9706,서구 경열로45번길 13,True
농성동유탑유블레스,29140-335,2012,26.07~27.06,신규,16,5,2026,300,19.7906,11,112-1,37,,,경열로45번길 13,0,00013,00000,4280012,1,12240,12240,농성동,,서구,12240,아파트,전월세,202605,아파트 전월세,,,,,,서구|농성동|112-1|경열로45번길 13|00013|00000,35.1522648956668,126.891494681592,광주광역시 서구 농성동 112-1,전남광주통합특별시 서구 경열로45번길 13,서구,농성1동,1224065000,성공,서구,농성1동,True,서구 농성1동,서구 농성1동,300,37,19.7906,서구 경열로45번길 13,True
광주효천1엘에이치1단지,29155-421,2021,,,21,5,2026,"1,839",37.7,9,679,21,,,효천로 176,0,00176,00000,3351956,1,12270,12270,임암동,,남구,12270,아파트,전월세,202605,아파트 전월세,,,,,,남구|임암동|679|효천로 176|00176|00000,35.1076021714696,126.863505319348,광주광역시 남구 임암동 679,전남광주통합특별시 남구 효천로 176,남구,송암동,1227072000,성공,남구,송암동,True,남구 송암동,남구 송암동,1839,21,37.7,남구 효천로 176,True
효천엘에이치천년나무7단지,29155-391,2017,26.05~28.06,신규,26,5,2026,"1,519",16.99,13,713,7,,,행암길 9,0,00009,00000,4283689,0,12270,12270,행암동,,남구,12270,아파트,전월세,202605,아파트 전월세,,,,,,남구|행암동|713|행암길 9|00009|00000,35.1026108867821,126.896298377775,광주광역시 남구 행암동 713,전남광주통합특별시 남구 행암길 9,남구,효덕동,1227071000,성공,남구,효덕동,True,남구 효덕동,남구 효덕동,1519,7,16.99,남구 행암길 9,True
엘에이치송화마을8단지,29155-395,2018,26.05~28.06,신규,27,5,2026,"3,020",36.72,7,825,15,,,노대실로 9,0,00009,00000,3161003,0,12270,12270,노대동,,남구,12270,아파트,전월세,202605,아파트 전월세,,,,,,남구|노대동|825|노대실로 9|00009|00000,35.1088035081054,126.905394245253,광주광역시 남구 노대동 825,전남광주통합특별시 남구 노대실로 9,남구,효덕동,1227071000,성공,남구,효덕동,True,남구 효덕동,남구 효덕동,3020,15,36.72,남구 노대실로 9,True
효천엘에이치천년나무7단지,29155-391,2017,26.05~28.06,신규,26,5,2026,"1,519",16.99,9,713,7,,,행암길 9,0,00009,00000,4283689,0,12270,12270,행암동,,남구,12270,아파트,전월세,202605,아파트 전월세,,,,,,남구|행암동|713|행암길 9|00009|00000,35.1026108867821,126.896298377775,광주광역시 남구 행암동 713,전남광주통합특별시 남구 행암길 9,남구,효덕동,1227071000,성공,남구,효덕동,True,남구 효덕동,남구 효덕동,1519,7,16.99,남구 행암길 9,True
효천엘에이치천년나무7단지,29155-391,2017,26.05~28.06,신규,26,5,2026,"2,347",26.54,12,713,12,,,행암길 9,0,00009,00000,4283689,0,12270,12270,행암동,,남구,12270,아파트,전월세,202605,아파트 전월세,,,,,,남구|행암동|713|행암길 9|00009|00000,35.1026108867821,126.896298377775,광주광역시 남구 행암동 713,전남광주통합특별시 남구 행암길 9,남구,효덕동,1227071000,성공,남구,효덕동,True,남구 효덕동,남구 효덕동,2347,12,26.54,남구 행암길 9,True
효천엘에이치천년나무7단지,29155-391,2017,26.05~28.06,신규,20,5,2026,"1,519",16.99,14,713,7,,,행암길 9,0,00009,00000,4283689,0,12270,12270,행암동,,남구,12270,아파트,전월세,202605,아파트 전월세,,,,,,남구|행암동|713|행암길 9|00009|00000,35.1026108867821,126.896298377775,광주광역시 남구 행암동 713,전남광주통합특별시 남구 행암길 9,남구,효덕동,1227071000,성공,남구,효덕동,True,남구 효덕동,남구 효덕동,1519,7,16.99,남구 행암길 9,True
엘에이치송화마을8단지,29155-395,2018,26.05~28.05,신규,22,5,2026,"4,820",36.72,8,825,6,,,노대실로 9,0,00009,00000,3161003,0,12270,12270,노대동,,남구,12270,아파트,전월세,202605,아파트 전월세,,,,,,남구|노대동|825|노대실로 9|00009|00000,35.1088035081054,126.905394245253,광주광역시 남구 노대동 825,전남광주통합특별시 남구 노대실로 9,남구,효덕동,1227071000,성공,남구,효덕동,True,남구 효덕동,남구 효덕동,4820,6,36.72,남구 노대실로 9,True
엘에이치송화마을8단지,29155-395,2018,26.05~28.05,신규,22,5,2026,"4,820",36.72,9,825,6,,,노대실로 9,0,00009,00000,3161003,0,12270,12270,노대동,,남구,12270,아파트,전월세,202605,아파트 전월세,,,,,,남구|노대동|825|노대실로 9|00009|00000,35.1088035081054,126.905394245253,광주광역시 남구 노대동 825,전남광주통합특별시 남구 노대실로 9,남구,효덕동,1227071000,성공,남구,효덕동,True,남구 효덕동,남구 효덕동,4820,6,36.72,남구 노대실로 9,True
광주효천1엘에이치1단지,29155-421,2021,26.06~28.05,갱신,20,5,2026,"2,236",26.63,6,679,7,"1,006",13,효천로 176,0,00176,00000,3351956,1,12270,12270,임암동,,남구,12270,아파트,전월세,202605,아파트 전월세,,,,,,남구|임암동|679|효천로 176|00176|00000,35.1076021714696,126.863505319348,광주광역시 남구 임암동 679,전남광주통합특별시 남구 효천로 176,남구,송암동,1227072000,성공,남구,송암동,True,남구 송암동,남구 송암동,2236,7,26.63,남구 효천로 176,True
송화마을휴먼시아(진월3블럭주공),29155-304,2007,26.06~28.05,갱신,18,5,2026,"3,366",51.93,9,731,19,"3,206",18,효우로60번길 10,0,00010,00000,4283741,1,12270,12270,노대동,,남구,12270,아파트,전월세,202605,아파트 전월세,,,,,,남구|노대동|731|효우로60번길 10|00010|00000,35.1097155897455,126.903323235324,광주광역시 남구 노대동 731,전남광주통합특별시 남구 효우로60번길 10,남구,효덕동,1227071000,성공,남구,효덕동,True,남구 효덕동,남구 효덕동,3366,19,51.93,남구 효우로60번길 10,True
광주효천1엘에이치1단지,29155-421,2021,26.07~28.06,신규,12,5,2026,"3,216",46.74,4,679,28,,,효천로 176,0,00176,00000,3351956,1,12270,12270,임암동,,남구,12270,아파트,전월세,202605,아파트 전월세,,,,,,남구|임암동|679|효천로 176|00176|00000,35.1076021714696,126.863505319348,광주광역시 남구 임암동 679,전남광주통합특별시 남구 효천로 176,남구,송암동,1227072000,성공,남구,송암동,True,남구 송암동,남구 송암동,3216,28,46.74,남구 효천로 176,True
송화마을휴먼시아(진월3블럭주공),29155-304,2007,26.06~28.05,갱신,8,5,2026,"2,805",46.59,6,731,15,"2,672",14,효우로60번길 10,0,00010,00000,4283741,1,12270,12270,노대동,,남구,12270,아파트,전월세,202605,아파트 전월세,,,,,,남구|노대동|731|효우로60번길 10|00010|00000,35.1097155897455,126.903323235324,광주광역시 남구 노대동 731,전남광주통합특별시 남구 효우로60번길 10,남구,효덕동,1227071000,성공,남구,효덕동,True,남구 효덕동,남구 효덕동,2805,15,46.59,남구 효우로60번길 10,True
효천엘에이치천년나무7단지,29155-391,2017,26.06~28.05,갱신,6,5,2026,"3,647",26.54,17,713,7,"3,597",7,행암길 9,0,00009,00000,4283689,0,12270,12270,행암동,,남구,12270,아파트,전월세,202605,아파트 전월세,,,,,,남구|행암동|713|행암길 9|00009|00000,35.1026108867821,126.896298377775,광주광역시 남구 행암동 713,전남광주통합특별시 남구 행암길 9,남구,효덕동,1227071000,성공,남구,효덕동,True,남구 효덕동,남구 효덕동,3647,7,26.54,남구 행암길 9,True
하남주공(2단지),29200-39,1991,,,12,5,2026,"6,000",38.64,15,1571-1,0,,,월곡산정로 12,0,00012,00000,3163042,1,12330,12330,우산동,,광산구,12330,아파트,전월세,202605,아파트 전월세,,,,,,광산구|우산동|1571-1|월곡산정로 12|00012|00000,35.1651071402315,126.803686058,광주광역시 광산구 우산동 1571-1,전남광주통합특별시 광산구 월곡산정로 12,광산구,우산동,1233058000,성공,광산구,우산동,True,광산구 우산동,광산구 우산동,6000,0,38.64,광산구 월곡산정로 12,True
아름마을휴먼시아3단지,29200-260,2009,26.05~28.05,신규,11,5,2026,"2,263",46.9,11,1202,18,,,하남대로261번길 11,0,00011,00000,4289685,1,12330,12330,신가동,,광산구,12330,아파트,전월세,202605,아파트 전월세,,,,,,광산구|신가동|1202|하남대로261번길 11|00011|00000,35.1803936905995,126.820478944492,광주광역시 광산구 신가동 1202,전남광주통합특별시 광산구 하남대로261번길 11,광산구,수완동,1233063700,성공,광산구,수완동,True,광산구 수완동,광산구 수완동,2263,18,46.9,광산구 하남대로261번길 11,True
광주첨단엘에이치3단지,29200-424,2020,26.05~28.06,신규,20,5,2026,387,16.8,7,869-2,13,,,임방울대로800번길 11-5,,00011,00005,4289552,0,12330,12330,월계동,,광산구,12330,아파트,전월세,202605,아파트 전월세,,,,,,광산구|월계동|869-2|임방울대로800번길 11-5|00011|00005,35.2172126334807,126.846821692809,광주광역시 광산구 월계동 869-2,전남광주통합특별시 광산구 임방울대로800번길 11-5,광산구,첨단2동,1233062600,성공,북구,첨단2동,True,광산구 첨단2동,북구 첨단2동,387,13,16.8,광산구 임방울대로800번길 11-5,True
하남주공(2단지),29200-39,1991,26.06~28.06,신규,3,5,2026,400,44.52,7,1571-1,50,,,월곡산정로 12,0,00012,00000,3163042,1,12330,12330,우산동,,광산구,12330,아파트,전월세,202605,아파트 전월세,,,,,,광산구|우산동|1571-1|월곡산정로 12|00012|00000,35.1651071402315,126.803686058,광주광역시 광산구 우산동 1571-1,전남광주통합특별시 광산구 월곡산정로 12,광산구,우산동,1233058000,성공,광산구,우산동,True,광산구 우산동,광산구 우산동,400,50,44.52,광산구 월곡산정로 12,True
장자울마을휴먼시아4단지,29200-257,2009,26.05~28.06,신규,19,5,2026,"3,574",51.93,1,517,19,,,풍영로145번길 43,0,00043,00000,4289671,1,12330,12330,흑석동,,광산구,12330,아파트,전월세,202605,아파트 전월세,,,,,,광산구|흑석동|517|풍영로145번길 43|00043|00000,35.1837458369346,126.811293211321,광주광역시 광산구 흑석동 517,전남광주통합특별시 광산구 풍영로145번길 43,광산구,수완동,1233063700,성공,광산구,수완동,True,광산구 수완동,광산구 수완동,3574,19,51.93,광산구 풍영로145번길 43,True
광주우산엘에이치1단지,29200-422,2019,26.05~28.06,신규,27,5,2026,"2,322",26.41,7,1599-1,12,,,,,,,,0,12330,12330,우산동,,광산구,12330,아파트,전월세,202605,아파트 전월세,,,,,,광산구|우산동|1599-1|||,35.1605509336336,126.807603506014,광주광역시 광산구 우산동 1599-1,전남광주통합특별시 광산구 무진대로 246-7,광산구,우산동,1233058000,성공,광산구,우산동,True,광산구 우산동,광산구 우산동,2322,12,26.41,광산구 무진대로 246-7,True
아름마을휴먼시아3단지,29200-260,2009,26.05~28.06,신규,26,5,2026,"2,863",46.9,8,1202,16,,,하남대로261번길 11,0,00011,00000,4289685,1,12330,12330,신가동,,광산구,12330,아파트,전월세,202605,아파트 전월세,,,,,,광산구|신가동|1202|하남대로261번길 11|00011|00000,35.1803936905995,126.820478944492,광주광역시 광산구 신가동 1202,전남광주통합특별시 광산구 하남대로261번길 11,광산구,수완동,1233063700,성공,광산구,수완동,True,광산구 수완동,광산구 수완동,2863,16,46.9,광산구 하남대로261번길 11,True
하남주공(2단지),29200-39,1991,26.06~28.06,신규,7,5,2026,300,44.52,13,1571-1,40,,,월곡산정로 12,0,00012,00000,3163042,1,12330,12330,우산동,,광산구,12330,아파트,전월세,202605,아파트 전월세,,,,,,광산구|우산동|1571-1|월곡산정로 12|00012|00000,35.1651071402315,126.803686058,광주광역시 광산구 우산동 1571-1,전남광주통합특별시 광산구 월곡산정로 12,광산구,우산동,1233058000,성공,광산구,우산동,True,광산구 우산동,광산구 우산동,300,40,44.52,광산구 월곡산정로 12,True
첨단도휘에드가2차,29200-350,2015,26.05~27.05,신규,19,5,2026,300,19.69,7,694-70,38,,,223-20,0,00223,00020,3163039,1,12330,12330,쌍암동,,광산구,12330,아파트,전월세,202605,아파트 전월세,,,,,,광산구|쌍암동|694-70|223-20|00223|00020,35.2153858800186,126.850509647451,광주광역시 광산구 쌍암동 694-70,전남광주통합특별시 광산구 월계로 223-20,광산구,첨단2동,1233062600,성공,북구,첨단2동,True,광산구 첨단2동,북구 첨단2동,300,38,19.69,광산구 월계로 223-20,True
하남주공(2단지),29200-39,1991,26.05~28.05,신규,20,5,2026,200,38.64,13,1571-1,42,,,월곡산정로 12,0,00012,00000,3163042,1,12330,12330,우산동,,광산구,12330,아파트,전월세,202605,아파트 전월세,,,,,,광산구|우산동|1571-1|월곡산정로 12|00012|00000,35.1651071402315,126.803686058,광주광역시 광산구 우산동 1571-1,전남광주통합특별시 광산구 월곡산정로 12,광산구,우산동,1233058000,성공,광산구,우산동,True,광산구 우산동,광산구 우산동,200,42,38.64,광산구 월곡산정로 12,True
아름마을휴먼시아1단지,29200-247,2009,26.05~28.06,신규,21,5,2026,"1,499",39.48,6,1061,14,,,수등로123번길 70,0,00070,00000,4289327,1,12330,12330,신가동,,광산구,12330,아파트,전월세,202605,아파트 전월세,,,,,,광산구|신가동|1061|수등로123번길 70|00070|00000,35.1858460602035,126.824527935674,광주광역시 광산구 신가동 1061,전남광주통합특별시 광산구 수등로123번길 70,광산구,수완동,1233063700,성공,광산구,수완동,True,광산구 수완동,광산구 수완동,1499,14,39.48,광산구 수등로123번길 70,True
하남주공(2단지),29200-39,1991,26.06~28.06,신규,27,5,2026,300,44.52,6,1571-1,42,,,월곡산정로 12,0,00012,00000,3163042,1,12330,12330,우산동,,광산구,12330,아파트,전월세,202605,아파트 전월세,,,,,,광산구|우산동|1571-1|월곡산정로 12|00012|00000,35.1651071402315,126.803686058,광주광역시 광산구 우산동 1571-1,전남광주통합특별시 광산구 월곡산정로 12,광산구,우산동,1233058000,성공,광산구,우산동,True,광산구 우산동,광산구 우산동,300,42,44.52,광산구 월곡산정로 12,True
광주수완6신완마을휴먼시아,29200-263,2010,26.06~28.05,갱신,31,5,2026,"4,172",51.26,11,1044,13,"3,372",13,풍영로329번길 51,0,00051,00000,4289681,1,12330,12330,장덕동,,광산구,12330,아파트,전월세,202605,아파트 전월세,,,,,,광산구|장덕동|1044|풍영로329번길 51|00051|00000,35.1993201857989,126.811785931546,광주광역시 광산구 장덕동 1044,전남광주통합특별시 광산구 풍영로329번길 51,광산구,수완동,1233063700,성공,광산구,수완동,True,광산구 수완동,광산구 수완동,4172,13,51.26,광산구 풍영로329번길 51,True
아름마을휴먼시아1단지,29200-247,2009,26.07~28.06,갱신,19,5,2026,"2,177",39.48,5,1061,12,"2,114",12,수등로123번길 70,0,00070,00000,4289327,1,12330,12330,신가동,,광산구,12330,아파트,전월세,202605,아파트 전월세,,,,,,광산구|신가동|1061|수등로123번길 70|00070|00000,35.1858460602035,126.824527935674,광주광역시 광산구 신가동 1061,전남광주통합특별시 광산구 수등로123번길 70,광산구,수완동,1233063700,성공,광산구,수완동,True,광산구 수완동,광산구 수완동,2177,12,39.48,광산구 수등로123번길 70,True
하남주공(2단지),29200-39,1991,26.06~28.06,신규,3,5,2026,400,44.52,7,1571-1,40,,,월곡산정로 12,0,00012,00000,3163042,1,12330,12330,우산동,,광산구,12330,아파트,전월세,202605,아파트 전월세,,,,,,광산구|우산동|1571-1|월곡산정로 12|00012|00000,35.1651071402315,126.803686058,광주광역시 광산구 우산동 1571-1,전남광주통합특별시 광산구 월곡산정로 12,광산구,우산동,1233058000,성공,광산구,우산동,True,광산구 우산동,광산구 우산동,400,40,44.52,광산구 월곡산정로 12,True
광주수완7신완마을휴먼시아,29200-264,2011,26.05~28.06,신규,26,5,2026,578,46.98,13,1037,22,,,풍영로329번길 50,0,00050,00000,4289681,1,12330,12330,장덕동,,광산구,12330,아파트,전월세,202605,아파트 전월세,,,,,,광산구|장덕동|1037|풍영로329번길 50|00050|00000,35.2014118295745,126.812869241031,광주광역시 광산구 장덕동 1037,전남광주통합특별시 광산구 풍영로329번길 50,광산구,수완동,1233063700,성공,광산구,수완동,True,광산구 수완동,광산구 수완동,578,22,46.98,광산구 풍영로329번길 50,True
에이엠시티센트럴파크,29200-349,2015,26.06~26.10,신규,19,5,2026,"1,000",40.9226,6,676-2,65,,,첨단중앙로182번길 50,,00050,00000,4289616,1,12330,12330,쌍암동,,광산구,12330,아파트,전월세,202605,아파트 전월세,,,,,,광산구|쌍암동|676-2|첨단중앙로182번길 50|00050|00000,35.2215170161494,126.846882804545,광주광역시 광산구 쌍암동 676-2,전남광주통합특별시 광산구 첨단중앙로182번길 50,광산구,첨단1동,1233062400,성공,광산구,첨단1동,True,광산구 첨단1동,광산구 첨단1동,1000,65,40.9226,광산구 첨단중앙로182번길 50,True
무들에코클래스,29200-323,2014,26.05~27.05,갱신,2,5,2026,"1,000",41.0792,10,893-1,55,"1,000",55,임방울대로826번길 60-5,0,00060,00005,4289555,1,12330,12330,월계동,사용,광산구,12330,아파트,전월세,202605,아파트 전월세,,,,,,광산구|월계동|893-1|임방울대로826번길 60-5|00060|00005,35.2144820852673,126.847824082744,광주광역시 광산구 월계동 893-1,전남광주통합특별시 광산구 임방울대로826번길 60-5,광산구,첨단2동,1233062600,성공,북구,첨단2동,True,광산구 첨단2동,북구 첨단2동,1000,55,41.0792,광산구 임방울대로826번길 60-5,True
하남주공(2단지),29200-39,1991,26.05~28.05,신규,20,5,2026,200,38.64,13,1571-1,42,,,월곡산정로 12,0,00012,00000,3163042,1,12330,12330,우산동,,광산구,12330,아파트,전월세,202605,아파트 전월세,,,,,,광산구|우산동|1571-1|월곡산정로 12|00012|00000,35.1651071402315,126.803686058,광주광역시 광산구 우산동 1571-1,전남광주통합특별시 광산구 월곡산정로 12,광산구,우산동,1233058000,성공,광산구,우산동,True,광산구 우산동,광산구 우산동,200,42,38.64,광산구 월곡산정로 12,True
윤진리안채,29200-391,2017,26.06~27.06,신규,28,5,2026,500,28.373,11,694-74,50,,,첨단강변로99번길 21,0,00021,00000,4289601,0,12330,12330,쌍암동,,광산구,12330,아파트,전월세,202605,아파트 전월세,,,,,,광산구|쌍암동|694-74|첨단강변로99번길 21|00021|00000,35.2151862774642,126.851132647598,광주광역시 광산구 쌍암동 694-74,전남광주통합특별시 광산구 첨단강변로99번길 21,광산구,첨단2동,1233062600,성공,북구,첨단2동,True,광산구 첨단2동,북구 첨단2동,500,50,28.373,광산구 첨단강변로99번길 21,True
하남주공(2단지),29200-39,1991,26.05~28.05,신규,9,5,2026,300,44.52,5,1571-1,50,,,월곡산정로 12,0,00012,00000,3163042,1,12330,12330,우산동,,광산구,12330,아파트,전월세,202605,아파트 전월세,,,,,,광산구|우산동|1571-1|월곡산정로 12|00012|00000,35.1651071402315,126.803686058,광주광역시 광산구 우산동 1571-1,전남광주통합특별시 광산구 월곡산정로 12,광산구,우산동,1233058000,성공,광산구,우산동,True,광산구 우산동,광산구 우산동,300,50,44.52,광산구 월곡산정로 12,True
첨단AM-City3차,29200-295,2013,26.06~26.12,신규,9,5,2026,100,19.1437,3,661-8,45,,,첨단중앙로152번길 17-12,0,00017,00012,4289613,1,12330,12330,쌍암동,,광산구,12330,아파트,전월세,202605,아파트 전월세,,,,,,광산구|쌍암동|661-8|첨단중앙로152번길 17-12|00017|00012,35.2201158823372,126.843440476063,광주광역시 광산구 쌍암동 661-8,전남광주통합특별시 광산구 첨단중앙로152번길 17-12,광산구,첨단1동,1233062400,성공,광산구,첨단1동,True,광산구 첨단1동,광산구 첨단1동,100,45,19.1437,광산구 첨단중앙로152번길 17-12,True
첨단센트럴파크2차,29200-399,2018,26.05~28.05,신규,26,5,2026,"2,000",41.83,14,676-3,65,,,첨단중앙로170번길 87,0,00087,00000,4289614,1,12330,12330,쌍암동,,광산구,12330,아파트,전월세,202605,아파트 전월세,,,,,,광산구|쌍암동|676-3|첨단중앙로170번길 87|00087|00000,35.2209763822162,126.84687920672,광주광역시 광산구 쌍암동 676-3,전남광주통합특별시 광산구 첨단중앙로170번길 87,광산구,첨단1동,1233062400,성공,광산구,첨단1동,True,광산구 첨단1동,광산구 첨단1동,2000,65,41.83,광산구 첨단중앙로170번길 87,True
아름마을휴먼시아3단지,29200-260,2009,26.05~28.06,신규,26,5,2026,"2,181",39.72,3,1202,12,,,하남대로261번길 11,0,00011,00000,4289685,1,12330,12330,신가동,,광산구,12330,아파트,전월세,202605,아파트 전월세,,,,,,광산구|신가동|1202|하남대로261번길 11|00011|00000,35.1803936905995,126.820478944492,광주광역시 광산구 신가동 1202,전남광주통합특별시 광산구 하남대로261번길 11,광산구,수완동,1233063700,성공,광산구,수완동,True,광산구 수완동,광산구 수완동,2181,12,39.72,광산구 하남대로261번길 11,True
첨단도휘에드가2차,29200-350,2015,26.05~27.05,신규,11,5,2026,300,19.69,13,694-70,38,,,월계로 223-20,0,00223,00020,3163039,1,12330,12330,쌍암동,,광산구,12330,아파트,전월세,202605,아파트 전월세,,,,,,광산구|쌍암동|694-70|월계로 223-20|00223|00020,35.2153858800186,126.850509647451,광주광역시 광산구 쌍암동 694-70,전남광주통합특별시 광산구 월계로 223-20,광산구,첨단2동,1233062600,성공,북구,첨단2동,True,광산구 첨단2동,북구 첨단2동,300,38,19.69,광산구 월계로 223-20,True
광주첨단엘에이치3단지,29200-424,2020,26.05~28.06,신규,20,5,2026,"3,477",36.72,7,869-2,19,,,임방울대로800번길 11-5,,00011,00005,4289552,0,12330,12330,월계동,,광산구,12330,아파트,전월세,202605,아파트 전월세,,,,,,광산구|월계동|869-2|임방울대로800번길 11-5|00011|00005,35.2172126334807,126.846821692809,광주광역시 광산구 월계동 869-2,전남광주통합특별시 광산구 임방울대로800번길 11-5,광산구,첨단2동,1233062600,성공,북구,첨단2동,True,광산구 첨단2동,북구 첨단2동,3477,19,36.72,광산구 임방울대로800번길 11-5,True
하남주공(2단지),29200-39,1991,26.06~28.06,신규,19,5,2026,300,44.52,5,1571-1,45,,,월곡산정로 12,0,00012,00000,3163042,1,12330,12330,우산동,,광산구,12330,아파트,전월세,202605,아파트 전월세,,,,,,광산구|우산동|1571-1|월곡산정로 12|00012|00000,35.1651071402315,126.803686058,광주광역시 광산구 우산동 1571-1,전남광주통합특별시 광산구 월곡산정로 12,광산구,우산동,1233058000,성공,광산구,우산동,True,광산구 우산동,광산구 우산동,300,45,44.52,광산구 월곡산정로 12,True
첨단센트럴파크2차,29200-399,2018,26.06~28.06,신규,4,5,2026,"1,000",41.83,13,676-3,70,,,첨단중앙로170번길 87,0,00087,00000,4289614,1,12330,12330,쌍암동,,광산구,12330,아파트,전월세,202605,아파트 전월세,,,,,,광산구|쌍암동|676-3|첨단중앙로170번길 87|00087|00000,35.2209763822162,126.84687920672,광주광역시 광산구 쌍암동 676-3,전남광주통합특별시 광산구 첨단중앙로170번길 87,광산구,첨단1동,1233062400,성공,광산구,첨단1동,True,광산구 첨단1동,광산구 첨단1동,1000,70,41.83,광산구 첨단중앙로170번길 87,True
아름마을휴먼시아3단지,29200-260,2009,26.06~28.05,신규,18,5,2026,"2,948",46.9,8,1202,16,,,하남대로261번길 11,0,00011,00000,4289685,1,12330,12330,신가동,,광산구,12330,아파트,전월세,202605,아파트 전월세,,,,,,광산구|신가동|1202|하남대로261번길 11|00011|00000,35.1803936905995,126.820478944492,광주광역시 광산구 신가동 1202,전남광주통합특별시 광산구 하남대로261번길 11,광산구,수완동,1233063700,성공,광산구,수완동,True,광산구 수완동,광산구 수완동,2948,16,46.9,광산구 하남대로261번길 11,True
하남주공(2단지),29200-39,1991,26.05~28.05,신규,4,5,2026,300,44.52,6,1571-1,45,,,월곡산정로 12,0,00012,00000,3163042,1,12330,12330,우산동,,광산구,12330,아파트,전월세,202605,아파트 전월세,,,,,,광산구|우산동|1571-1|월곡산정로 12|00012|00000,35.1651071402315,126.803686058,광주광역시 광산구 우산동 1571-1,전남광주통합특별시 광산구 월곡산정로 12,광산구,우산동,1233058000,성공,광산구,우산동,True,광산구 우산동,광산구 우산동,300,45,44.52,광산구 월곡산정로 12,True
무들에코클래스,29200-323,2014,26.05~27.05,신규,28,5,2026,400,19.9836,12,893-1,38,,,임방울대로826번길 60-5,0,00060,00005,4289555,1,12330,12330,월계동,,광산구,12330,아파트,전월세,202605,아파트 전월세,,,,,,광산구|월계동|893-1|임방울대로826번길 60-5|00060|00005,35.2144820852673,126.847824082744,광주광역시 광산구 월계동 893-1,전남광주통합특별시 광산구 임방울대로826번길 60-5,광산구,첨단2동,1233062600,성공,북구,첨단2동,True,광산구 첨단2동,북구 첨단2동,400,38,19.9836,광산구 임방울대로826번길 60-5,True
하남주공(2단지),29200-39,1991,26.05~28.05,신규,9,5,2026,300,44.52,5,1571-1,50,,,월곡산정로 12,0,00012,00000,3163042,1,12330,12330,우산동,,광산구,12330,아파트,전월세,202605,아파트 전월세,,,,,,광산구|우산동|1571-1|월곡산정로 12|00012|00000,35.1651071402315,126.803686058,광주광역시 광산구 우산동 1571-1,전남광주통합특별시 광산구 월곡산정로 12,광산구,우산동,1233058000,성공,광산구,우산동,True,광산구 우산동,광산구 우산동,300,50,44.52,광산구 월곡산정로 12,True
에이엠시티4차,29200-318,2014,26.05~27.05,신규,27,5,2026,300,19.8192,10,660-7,40,,,첨단중앙로152번길 17-6,0,00017,00006,4289613,1,12330,12330,쌍암동,,광산구,12330,아파트,전월세,202605,아파트 전월세,,,,,,광산구|쌍암동|660-7|첨단중앙로152번길 17-6|00017|00006,35.2193014166222,126.843435669554,광주광역시 광산구 쌍암동 660-7,전남광주통합특별시 광산구 첨단중앙로152번길 17-6,광산구,첨단1동,1233062400,성공,광산구,첨단1동,True,광산구 첨단1동,광산구 첨단1동,300,40,19.8192,광산구 첨단중앙로152번길 17-6,True
아름마을휴먼시아2단지,29200-248,2009,26.06~28.05,갱신,29,5,2026,"2,177",39.48,9,1064,12,"2,114",12,수등로123번길 22,0,00022,00000,4289327,1,12330,12330,신가동,,광산구,12330,아파트,전월세,202605,아파트 전월세,,,,,,광산구|신가동|1064|수등로123번길 22|00022|00000,35.1842119227205,126.82398140206,광주광역시 광산구 신가동 1064,전남광주통합특별시 광산구 수등로123번길 22,광산구,수완동,1233063700,성공,광산구,수완동,True,광산구 수완동,광산구 수완동,2177,12,39.48,광산구 수등로123번길 22,True
첨단센트럴파크2차,29200-399,2018,26.06~27.06,신규,28,5,2026,"2,000",47.44,14,676-3,65,,,첨단중앙로170번길 87,0,00087,00000,4289614,1,12330,12330,쌍암동,,광산구,12330,아파트,전월세,202605,아파트 전월세,,,,,,광산구|쌍암동|676-3|첨단중앙로170번길 87|00087|00000,35.2209763822162,126.84687920672,광주광역시 광산구 쌍암동 676-3,전남광주통합특별시 광산구 첨단중앙로170번길 87,광산구,첨단1동,1233062400,성공,광산구,첨단1동,True,광산구 첨단1동,광산구 첨단1동,2000,65,47.44,광산구 첨단중앙로170번길 87,True
윤진리안채,29200-391,2017,26.05~27.05,신규,26,5,2026,500,28.7459,11,694-74,50,,,첨단강변로99번길 21,0,00021,00000,4289601,0,12330,12330,쌍암동,,광산구,12330,아파트,전월세,202605,아파트 전월세,,,,,,광산구|쌍암동|694-74|첨단강변로99번길 21|00021|00000,35.2151862774642,126.851132647598,광주광역시 광산구 쌍암동 694-74,전남광주통합특별시 광산구 첨단강변로99번길 21,광산구,첨단2동,1233062600,성공,북구,첨단2동,True,광산구 첨단2동,북구 첨단2동,500,50,28.7459,광산구 첨단강변로99번길 21,True
광주수완6신완마을휴먼시아,29200-263,2010,26.06~28.05,갱신,28,5,2026,"3,324",46.9,4,1044,11,"3,201",10,풍영로329번길 51,0,00051,00000,4289681,1,12330,12330,장덕동,,광산구,12330,아파트,전월세,202605,아파트 전월세,,,,,,광산구|장덕동|1044|풍영로329번길 51|00051|00000,35.1993201857989,126.811785931546,광주광역시 광산구 장덕동 1044,전남광주통합특별시 광산구 풍영로329번길 51,광산구,수완동,1233063700,성공,광산구,수완동,True,광산구 수완동,광산구 수완동,3324,11,46.9,광산구 풍영로329번길 51,True
첨단도휘에드가2차,29200-350,2015,26.05~27.05,신규,4,5,2026,300,20.81,9,694-70,40,,,월계로 223-20,0,00223,00020,3163039,1,12330,12330,쌍암동,,광산구,12330,아파트,전월세,202605,아파트 전월세,,,,,,광산구|쌍암동|694-70|월계로 223-20|00223|00020,35.2153858800186,126.850509647451,광주광역시 광산구 쌍암동 694-70,전남광주통합특별시 광산구 월계로 223-20,광산구,첨단2동,1233062600,성공,북구,첨단2동,True,광산구 첨단2동,북구 첨단2동,300,40,20.81,광산구 월계로 223-20,True
첨단AM-City,29200-273,2012,26.05~27.05,신규,19,5,2026,300,19.1513,9,884-2,37,,,첨단중앙로106번길 65-4,0,00065,00004,4289610,1,12330,12330,월계동,,광산구,12330,아파트,전월세,202605,아파트 전월세,,,,,,광산구|월계동|884-2|첨단중앙로106번길 65-4|00065|00004,35.215133360486,126.847005173109,광주광역시 광산구 월계동 884-2,전남광주통합특별시 광산구 첨단중앙로106번길 65-4,광산구,첨단2동,1233062600,성공,북구,첨단2동,True,광산구 첨단2동,북구 첨단2동,300,37,19.1513,광산구 첨단중앙로106번길 65-4,True
광주수완7신완마을휴먼시아,29200-264,2011,26.06~28.05,신규,21,5,2026,"2,137",39.25,11,1037,12,,,풍영로329번길 50,0,00050,00000,4289681,1,12330,12330,장덕동,,광산구,12330,아파트,전월세,202605,아파트 전월세,,,,,,광산구|장덕동|1037|풍영로329번길 50|00050|00000,35.2014118295745,126.812869241031,광주광역시 광산구 장덕동 1037,전남광주통합특별시 광산구 풍영로329번길 50,광산구,수완동,1233063700,성공,광산구,수완동,True,광산구 수완동,광산구 수완동,2137,12,39.25,광산구 풍영로329번길 50,True
광주수완7신완마을휴먼시아,29200-264,2011,26.05~28.06,신규,26,5,2026,"2,778",46.98,9,1037,16,,,풍영로329번길 50,0,00050,00000,4289681,1,12330,12330,장덕동,,광산구,12330,아파트,전월세,202605,아파트 전월세,,,,,,광산구|장덕동|1037|풍영로329번길 50|00050|00000,35.2014118295745,126.812869241031,광주광역시 광산구 장덕동 1037,전남광주통합특별시 광산구 풍영로329번길 50,광산구,수완동,1233063700,성공,광산구,수완동,True,광산구 수완동,광산구 수완동,2778,16,46.98,광산구 풍영로329번길 50,True
아름마을휴먼시아2단지,29200-248,2009,26.06~28.05,신규,26,5,2026,"3,609",51.93,1,1064,19,,,수등로123번길 22,0,00022,00000,4289327,1,12330,12330,신가동,,광산구,12330,아파트,전월세,202605,아파트 전월세,,,,,,광산구|신가동|1064|수등로123번길 22|00022|00000,35.1842119227205,126.82398140206,광주광역시 광산구 신가동 1064,전남광주통합특별시 광산구 수등로123번길 22,광산구,수완동,1233063700,성공,광산구,수완동,True,광산구 수완동,광산구 수완동,3609,19,51.93,광산구 수등로123번길 22,True
장자울마을휴먼시아4단지,29200-257,2009,26.05~28.06,신규,19,5,2026,"2,886",46.9,13,517,16,,,풍영로145번길 43,0,00043,00000,4289671,1,12330,12330,흑석동,,광산구,12330,아파트,전월세,202605,아파트 전월세,,,,,,광산구|흑석동|517|풍영로145번길 43|00043|00000,35.1837458369346,126.811293211321,광주광역시 광산구 흑석동 517,전남광주통합특별시 광산구 풍영로145번길 43,광산구,수완동,1233063700,성공,광산구,수완동,True,광산구 수완동,광산구 수완동,2886,16,46.9,광산구 풍영로145번길 43,True
광주수완6신완마을휴먼시아,29200-263,2010,26.05~28.04,갱신,22,5,2026,"5,673",51.82,15,1044,8,"3,317",18,풍영로329번길 51,0,00051,00000,4289681,1,12330,12330,장덕동,,광산구,12330,아파트,전월세,202605,아파트 전월세,,,,,,광산구|장덕동|1044|풍영로329번길 51|00051|00000,35.1993201857989,126.811785931546,광주광역시 광산구 장덕동 1044,전남광주통합특별시 광산구 풍영로329번길 51,광산구,수완동,1233063700,성공,광산구,수완동,True,광산구 수완동,광산구 수완동,5673,8,51.82,광산구 풍영로329번길 51,True
윤진리안채,29200-391,2017,26.05~27.05,신규,18,5,2026,500,28.7459,15,694-74,50,,,첨단강변로99번길 21,0,00021,00000,4289601,0,12330,12330,쌍암동,,광산구,12330,아파트,전월세,202605,아파트 전월세,,,,,,광산구|쌍암동|694-74|첨단강변로99번길 21|00021|00000,35.2151862774642,126.851132647598,광주광역시 광산구 쌍암동 694-74,전남광주통합특별시 광산구 첨단강변로99번길 21,광산구,첨단2동,1233062600,성공,북구,첨단2동,True,광산구 첨단2동,북구 첨단2동,500,50,28.7459,광산구 첨단강변로99번길 21,True
광주수완6신완마을휴먼시아,29200-263,2010,26.06~28.05,갱신,22,5,2026,"2,724",46.85,4,1044,15,"2,601",15,풍영로329번길 51,0,00051,00000,4289681,1,12330,12330,장덕동,,광산구,12330,아파트,전월세,202605,아파트 전월세,,,,,,광산구|장덕동|1044|풍영로329번길 51|00051|00000,35.1993201857989,126.811785931546,광주광역시 광산구 장덕동 1044,전남광주통합특별시 광산구 풍영로329번길 51,광산구,수완동,1233063700,성공,광산구,수완동,True,광산구 수완동,광산구 수완동,2724,15,46.85,광산구 풍영로329번길 51,True
첨단센트럴파크2차,29200-399,2018,26.06~28.06,갱신,20,5,2026,"14,000",41.83,8,676-3,0,"14,000",,첨단중앙로170번길 87,0,00087,00000,4289614,1,12330,12330,쌍암동,사용,광산구,12330,아파트,전월세,202605,아파트 전월세,,,,,,광산구|쌍암동|676-3|첨단중앙로170번길 87|00087|00000,35.2209763822162,126.84687920672,광주광역시 광산구 쌍암동 676-3,전남광주통합특별시 광산구 첨단중앙로170번길 87,광산구,첨단1동,1233062400,성공,광산구,첨단1동,True,광산구 첨단1동,광산구 첨단1동,14000,0,41.83,광산구 첨단중앙로170번길 87,True
장자울마을휴먼시아5단지,29200-256,2009,26.06~28.05,갱신,22,5,2026,"4,048",39.72,14,504,12,"3,537",14,풍영로145번길 42,0,00042,00000,4289671,1,12330,12330,흑석동,,광산구,12330,아파트,전월세,202605,아파트 전월세,,,,,,광산구|흑석동|504|풍영로145번길 42|00042|00000,35.1849233891164,126.811481524903,광주광역시 광산구 흑석동 504,전남광주통합특별시 광산구 풍영로145번길 42,광산구,수완동,1233063700,성공,광산구,수완동,True,광산구 수완동,광산구 수완동,4048,12,39.72,광산구 풍영로145번길 42,True
장자울마을휴먼시아4단지,29200-257,2009,26.05~28.05,신규,21,5,2026,"5,774",51.93,12,517,8,,,풍영로145번길 43,0,00043,00000,4289671,1,12330,12330,흑석동,,광산구,12330,아파트,전월세,202605,아파트 전월세,,,,,,광산구|흑석동|517|풍영로145번길 43|00043|00000,35.1837458369346,126.811293211321,광주광역시 광산구 흑석동 517,전남광주통합특별시 광산구 풍영로145번길 43,광산구,수완동,1233063700,성공,광산구,수완동,True,광산구 수완동,광산구 수완동,5774,8,51.93,광산구 풍영로145번길 43,True
아름마을휴먼시아2단지,29200-248,2009,26.05~28.05,갱신,21,5,2026,"4,686",46.9,6,1064,7,,16,수등로123번길 22,0,00022,00000,4289327,1,12330,12330,신가동,,광산구,12330,아파트,전월세,202605,아파트 전월세,,,,,,광산구|신가동|1064|수등로123번길 22|00022|00000,35.1842119227205,126.82398140206,광주광역시 광산구 신가동 1064,전남광주통합특별시 광산구 수등로123번길 22,광산구,수완동,1233063700,성공,광산구,수완동,True,광산구 수완동,광산구 수완동,4686,7,46.9,광산구 수등로123번길 22,True
장자울마을휴먼시아4단지,29200-257,2009,26.07~28.06,신규,21,5,2026,"3,539",51.93,10,517,19,,,풍영로145번길 43,0,00043,00000,4289671,1,12330,12330,흑석동,,광산구,12330,아파트,전월세,202605,아파트 전월세,,,,,,광산구|흑석동|517|풍영로145번길 43|00043|00000,35.1837458369346,126.811293211321,광주광역시 광산구 흑석동 517,전남광주통합특별시 광산구 풍영로145번길 43,광산구,수완동,1233063700,성공,광산구,수완동,True,광산구 수완동,광산구 수완동,3539,19,51.93,광산구 풍영로145번길 43,True
첨단도휘에드가2차,29200-350,2015,26.05~27.05,신규,8,5,2026,500,19.69,12,694-70,45,,,월계로 223-20,0,00223,00020,3163039,1,12330,12330,쌍암동,,광산구,12330,아파트,전월세,202605,아파트 전월세,,,,,,광산구|쌍암동|694-70|월계로 223-20|00223|00020,35.2153858800186,126.850509647451,광주광역시 광산구 쌍암동 694-70,전남광주통합특별시 광산구 월계로 223-20,광산구,첨단2동,1233062600,성공,북구,첨단2동,True,광산구 첨단2동,북구 첨단2동,500,45,19.69,광산구 월계로 223-20,True
광주수완6신완마을휴먼시아,29200-263,2010,26.06~28.05,갱신,20,5,2026,"3,473",51.82,9,1044,19,"3,317",18,풍영로329번길 51,0,00051,00000,4289681,1,12330,12330,장덕동,,광산구,12330,아파트,전월세,202605,아파트 전월세,,,,,,광산구|장덕동|1044|풍영로329번길 51|00051|00000,35.1993201857989,126.811785931546,광주광역시 광산구 장덕동 1044,전남광주통합특별시 광산구 풍영로329번길 51,광산구,수완동,1233063700,성공,광산구,수완동,True,광산구 수완동,광산구 수완동,3473,19,51.82,광산구 풍영로329번길 51,True
에이엠시티센트럴파크,29200-349,2015,26.05~27.05,신규,17,5,2026,"1,000",40.9226,3,676-2,70,,,첨단중앙로182번길 50,,00050,00000,4289616,1,12330,12330,쌍암동,,광산구,12330,아파트,전월세,202605,아파트 전월세,,,,,,광산구|쌍암동|676-2|첨단중앙로182번길 50|00050|00000,35.2215170161494,126.846882804545,광주광역시 광산구 쌍암동 676-2,전남광주통합특별시 광산구 첨단중앙로182번길 50,광산구,첨단1동,1233062400,성공,광산구,첨단1동,True,광산구 첨단1동,광산구 첨단1동,1000,70,40.9226,광산구 첨단중앙로182번길 50,True
장자울마을휴먼시아5단지,29200-256,2009,26.06~28.05,갱신,20,5,2026,"3,539",51.93,6,504,19,"3,539",18,풍영로145번길 42,0,00042,00000,4289671,1,12330,12330,흑석동,,광산구,12330,아파트,전월세,202605,아파트 전월세,,,,,,광산구|흑석동|504|풍영로145번길 42|00042|00000,35.1849233891164,126.811481524903,광주광역시 광산구 흑석동 504,전남광주통합특별시 광산구 풍영로145번길 42,광산구,수완동,1233063700,성공,광산구,수완동,True,광산구 수완동,광산구 수완동,3539,19,51.93,광산구 풍영로145번길 42,True
장자울마을휴먼시아4단지,29200-257,2009,26.06~28.05,갱신,20,5,2026,"2,858",46.9,9,517,16,"2,775",15,풍영로145번길 43,0,00043,00000,4289671,1,12330,12330,흑석동,,광산구,12330,아파트,전월세,202605,아파트 전월세,,,,,,광산구|흑석동|517|풍영로145번길 43|00043|00000,35.1837458369346,126.811293211321,광주광역시 광산구 흑석동 517,전남광주통합특별시 광산구 풍영로145번길 43,광산구,수완동,1233063700,성공,광산구,수완동,True,광산구 수완동,광산구 수완동,2858,16,46.9,광산구 풍영로145번길 43,True
아름마을휴먼시아1단지,29200-247,2009,26.06~28.05,갱신,19,5,2026,"3,177",39.48,7,1061,7,"3,114",7,수등로123번길 70,0,00070,00000,4289327,1,12330,12330,신가동,,광산구,12330,아파트,전월세,202605,아파트 전월세,,,,,,광산구|신가동|1061|수등로123번길 70|00070|00000,35.1858460602035,126.824527935674,광주광역시 광산구 신가동 1061,전남광주통합특별시 광산구 수등로123번길 70,광산구,수완동,1233063700,성공,광산구,수완동,True,광산구 수완동,광산구 수완동,3177,7,39.48,광산구 수등로123번길 70,True
아름마을휴먼시아3단지,29200-260,2009,26.05~28.05,갱신,18,5,2026,"5,844",51.93,1,1202,8,"2,980",7,하남대로261번길 11,0,00011,00000,4289685,1,12330,12330,신가동,,광산구,12330,아파트,전월세,202605,아파트 전월세,,,,,,광산구|신가동|1202|하남대로261번길 11|00011|00000,35.1803936905995,126.820478944492,광주광역시 광산구 신가동 1202,전남광주통합특별시 광산구 하남대로261번길 11,광산구,수완동,1233063700,성공,광산구,수완동,True,광산구 수완동,광산구 수완동,5844,8,51.93,광산구 하남대로261번길 11,True
하남주공(2단지),29200-39,1991,26.05~28.05,신규,18,5,2026,400,44.52,13,1571-1,40,,,월곡산정로 12,0,00012,00000,3163042,1,12330,12330,우산동,,광산구,12330,아파트,전월세,202605,아파트 전월세,,,,,,광산구|우산동|1571-1|월곡산정로 12|00012|00000,35.1651071402315,126.803686058,광주광역시 광산구 우산동 1571-1,전남광주통합특별시 광산구 월곡산정로 12,광산구,우산동,1233058000,성공,광산구,우산동,True,광산구 우산동,광산구 우산동,400,40,44.52,광산구 월곡산정로 12,True
첨단AM-City,29200-273,2012,26.05~26.09,신규,8,5,2026,100,19.1513,4,884-2,45,,,첨단중앙로106번길 65-4,0,00065,00004,4289610,1,12330,12330,월계동,,광산구,12330,아파트,전월세,202605,아파트 전월세,,,,,,광산구|월계동|884-2|첨단중앙로106번길 65-4|00065|00004,35.215133360486,126.847005173109,광주광역시 광산구 월계동 884-2,전남광주통합특별시 광산구 첨단중앙로106번길 65-4,광산구,첨단2동,1233062600,성공,북구,첨단2동,True,광산구 첨단2동,북구 첨단2동,100,45,19.1513,광산구 첨단중앙로106번길 65-4,True
광주하남엘에이치천년나무,29200-414,2019,26.05~28.05,신규,15,5,2026,"3,343",26.03,14,1611-3,12,,,용아로 175-6,,00175,00006,3163035,0,12330,12330,우산동,,광산구,12330,아파트,전월세,202605,아파트 전월세,,,,,,광산구|우산동|1611-3|용아로 175-6|00175|00006,35.1599080758315,126.800246035505,광주광역시 광산구 우산동 1611-3,전남광주통합특별시 광산구 용아로 175-6,광산구,우산동,1233058000,성공,광산구,우산동,True,광산구 우산동,광산구 우산동,3343,12,26.03,광산구 용아로 175-6,True
아름마을휴먼시아1단지,29200-247,2009,26.06~28.05,갱신,14,5,2026,"3,539",51.93,3,1061,19,"3,436",18,수등로123번길 70,0,00070,00000,4289327,1,12330,12330,신가동,,광산구,12330,아파트,전월세,202605,아파트 전월세,,,,,,광산구|신가동|1061|수등로123번길 70|00070|00000,35.1858460602035,126.824527935674,광주광역시 광산구 신가동 1061,전남광주통합특별시 광산구 수등로123번길 70,광산구,수완동,1233063700,성공,광산구,수완동,True,광산구 수완동,광산구 수완동,3539,19,51.93,광산구 수등로123번길 70,True
광주수완6신완마을휴먼시아,29200-263,2010,26.06~28.05,갱신,12,5,2026,"2,724",46.9,5,1044,15,"2,201",12,풍영로329번길 51,0,00051,00000,4289681,1,12330,12330,장덕동,,광산구,12330,아파트,전월세,202605,아파트 전월세,,,,,,광산구|장덕동|1044|풍영로329번길 51|00051|00000,35.1993201857989,126.811785931546,광주광역시 광산구 장덕동 1044,전남광주통합특별시 광산구 풍영로329번길 51,광산구,수완동,1233063700,성공,광산구,수완동,True,광산구 수완동,광산구 수완동,2724,15,46.9,광산구 풍영로329번길 51,True
광주우산엘에이치1단지,29200-422,2019,26.06~28.05,갱신,11,5,2026,"1,941",16.86,8,1599-1,6,"1,519",9,,,,,,0,12330,12330,우산동,,광산구,12330,아파트,전월세,202605,아파트 전월세,,,,,,광산구|우산동|1599-1|||,35.1605509336336,126.807603506014,광주광역시 광산구 우산동 1599-1,전남광주통합특별시 광산구 무진대로 246-7,광산구,우산동,1233058000,성공,광산구,우산동,True,광산구 우산동,광산구 우산동,1941,6,16.86,광산구 무진대로 246-7,True
광주수완7신완마을휴먼시아,29200-264,2011,26.06~28.05,갱신,8,5,2026,"2,778",46.98,11,1037,16,"2,697",15,풍영로329번길 50,0,00050,00000,4289681,1,12330,12330,장덕동,,광산구,12330,아파트,전월세,202605,아파트 전월세,,,,,,광산구|장덕동|1037|풍영로329번길 50|00050|00000,35.2014118295745,126.812869241031,광주광역시 광산구 장덕동 1037,전남광주통합특별시 광산구 풍영로329번길 50,광산구,수완동,1233063700,성공,광산구,수완동,True,광산구 수완동,광산구 수완동,2778,16,46.98,광산구 풍영로329번길 50,True
하남주공(2단지),29200-39,1991,26.06~28.06,신규,6,5,2026,"7,000",44.52,9,1571-1,10,,,월곡산정로 12,0,00012,00000,3163042,1,12330,12330,우산동,,광산구,12330,아파트,전월세,202605,아파트 전월세,,,,,,광산구|우산동|1571-1|월곡산정로 12|00012|00000,35.1651071402315,126.803686058,광주광역시 광산구 우산동 1571-1,전남광주통합특별시 광산구 월곡산정로 12,광산구,우산동,1233058000,성공,광산구,우산동,True,광산구 우산동,광산구 우산동,7000,10,44.52,광산구 월곡산정로 12,True
아름마을휴먼시아3단지,29200-260,2009,26.06~28.05,갱신,4,5,2026,"2,863",46.9,2,1202,16,"2,726",15,하남대로261번길 11,0,00011,00000,4289685,1,12330,12330,신가동,,광산구,12330,아파트,전월세,202605,아파트 전월세,,,,,,광산구|신가동|1202|하남대로261번길 11|00011|00000,35.1803936905995,126.820478944492,광주광역시 광산구 신가동 1202,전남광주통합특별시 광산구 하남대로261번길 11,광산구,수완동,1233063700,성공,광산구,수완동,True,광산구 수완동,광산구 수완동,2863,16,46.9,광산구 하남대로261번길 11,True
에이엠시티센트럴파크,29200-349,2015,26.05~27.05,신규,4,5,2026,"1,000",40.9226,2,676-2,75,,,첨단중앙로182번길 50,,00050,00000,4289616,1,12330,12330,쌍암동,,광산구,12330,아파트,전월세,202605,아파트 전월세,,,,,,광산구|쌍암동|676-2|첨단중앙로182번길 50|00050|00000,35.2215170161494,126.846882804545,광주광역시 광산구 쌍암동 676-2,전남광주통합특별시 광산구 첨단중앙로182번길 50,광산구,첨단1동,1233062400,성공,광산구,첨단1동,True,광산구 첨단1동,광산구 첨단1동,1000,75,40.9226,광산구 첨단중앙로182번길 50,True
첨단AM-City2차,29200-281,2012,26.05~27.05,신규,4,5,2026,300,19.1244,7,658-7,37,,,첨단중앙로152번길 6-13,0,00006,00013,4289613,1,12330,12330,쌍암동,,광산구,12330,아파트,전월세,202605,아파트 전월세,,,,,,광산구|쌍암동|658-7|첨단중앙로152번길 6-13|00006|00013,35.2186388118667,126.843557651778,광주광역시 광산구 쌍암동 658-7,전남광주통합특별시 광산구 첨단중앙로152번길 6-13,광산구,첨단1동,1233062400,성공,광산구,첨단1동,True,광산구 첨단1동,광산구 첨단1동,300,37,19.1244,광산구 첨단중앙로152번길 6-13,True
한양에드가302동,29200-309,2013,26.05~28.05,신규,4,5,2026,"4,550",19.853,5,694-115,0,,,월계로 223-17,0,00223,00017,3163039,2,12330,12330,쌍암동,,광산구,12330,아파트,전월세,202605,아파트 전월세,,,,,,광산구|쌍암동|694-115|월계로 223-17|00223|00017,35.2149023369798,126.849588941863,광주광역시 광산구 쌍암동 694-115,전남광주통합특별시 광산구 월계로 223-17,광산구,첨단2동,1233062600,성공,북구,첨단2동,True,광산구 첨단2동,북구 첨단2동,4550,0,19.853,광산구 월계로 223-17,True
무들에코클래스,29200-323,2014,26.05~28.05,갱신,4,5,2026,"4,500",19.9836,11,893-1,0,"5,100",,임방울대로826번길 60-5,0,00060,00005,4289555,1,12330,12330,월계동,,광산구,12330,아파트,전월세,202605,아파트 전월세,,,,,,광산구|월계동|893-1|임방울대로826번길 60-5|00060|00005,35.2144820852673,126.847824082744,광주광역시 광산구 월계동 893-1,전남광주통합특별시 광산구 임방울대로826번길 60-5,광산구,첨단2동,1233062600,성공,북구,첨단2동,True,광산구 첨단2동,북구 첨단2동,4500,0,19.9836,광산구 임방울대로826번길 60-5,True
광주수완6신완마을휴먼시아,29200-263,2010,26.06~28.05,갱신,4,5,2026,"3,105",46.9,17,1044,14,"2,979",13,풍영로329번길 51,0,00051,00000,4289681,1,12330,12330,장덕동,,광산구,12330,아파트,전월세,202605,아파트 전월세,,,,,,광산구|장덕동|1044|풍영로329번길 51|00051|00000,35.1993201857989,126.811785931546,광주광역시 광산구 장덕동 1044,전남광주통합특별시 광산구 풍영로329번길 51,광산구,수완동,1233063700,성공,광산구,수완동,True,광산구 수완동,광산구 수완동,3105,14,46.9,광산구 풍영로329번길 51,True
에이엠시티센트럴파크,29200-349,2015,26.05~28.05,신규,1,5,2026,"1,000",40.9226,7,676-2,60,,,첨단중앙로182번길 50,,00050,00000,4289616,1,12330,12330,쌍암동,,광산구,12330,아파트,전월세,202605,아파트 전월세,,,,,,광산구|쌍암동|676-2|첨단중앙로182번길 50|00050|00000,35.2215170161494,126.846882804545,광주광역시 광산구 쌍암동 676-2,전남광주통합특별시 광산구 첨단중앙로182번길 50,광산구,첨단1동,1233062400,성공,광산구,첨단1동,True,광산구 첨단1동,광산구 첨단1동,1000,60,40.9226,광산구 첨단중앙로182번길 50,True
AM-City하이클래스,29110-324,2014,26.06~27.06,신규,6,6,2026,300,15.1697,14,154-1,36,,,금남로 185,0,00185,00000,3009019,1,12210,12210,금남로5가,,동구,12210,아파트,전월세,202606,아파트 전월세,,,,,,동구|금남로5가|154-1|금남로 185|00185|00000,35.1517659240292,126.913725421103,광주광역시 동구 금남로5가 154-1,전남광주통합특별시 동구 금남로 185,동구,충장동,1221052500,성공,동구,충장동,True,동구 충장동,동구 충장동,300,36,15.1697,동구 금남로 185,True
AM-City하이클래스,29110-324,2014,26.06~26.10,신규,19,6,2026,300,17.67,15,154-1,41,,,금남로 185,0,00185,00000,3009019,1,12210,12210,금남로5가,,동구,12210,아파트,전월세,202606,아파트 전월세,,,,,,동구|금남로5가|154-1|금남로 185|00185|00000,35.1517659240292,126.913725421103,광주광역시 동구 금남로5가 154-1,전남광주통합특별시 동구 금남로 185,동구,충장동,1221052500,성공,동구,충장동,True,동구 충장동,동구 충장동,300,41,17.67,동구 금남로 185,True
AM-City하이클래스,29110-324,2014,26.07~28.07,신규,22,6,2026,"4,000",15.1697,11,154-1,0,,,금남로 185,0,00185,00000,3009019,1,12210,12210,금남로5가,,동구,12210,아파트,전월세,202606,아파트 전월세,,,,,,동구|금남로5가|154-1|금남로 185|00185|00000,35.1517659240292,126.913725421103,광주광역시 동구 금남로5가 154-1,전남광주통합특별시 동구 금남로 185,동구,충장동,1221052500,성공,동구,충장동,True,동구 충장동,동구 충장동,4000,0,15.1697,동구 금남로 185,True
농성동유탑유블레스,29140-335,2012,26.06~27.06,신규,10,6,2026,300,24.9706,12,112-1,46,,,경열로45번길 13,0,00013,00000,4280012,1,12240,12240,농성동,,서구,12240,아파트,전월세,202606,아파트 전월세,,,,,,서구|농성동|112-1|경열로45번길 13|00013|00000,35.1522648956668,126.891494681592,광주광역시 서구 농성동 112-1,전남광주통합특별시 서구 경열로45번길 13,서구,농성1동,1224065000,성공,서구,농성1동,True,서구 농성1동,서구 농성1동,300,46,24.9706,서구 경열로45번길 13,True
농성동유탑유블레스,29140-335,2012,26.07~27.07,신규,13,6,2026,300,19.7906,11,112-1,36,,,경열로45번길 13,0,00013,00000,4280012,1,12240,12240,농성동,,서구,12240,아파트,전월세,202606,아파트 전월세,,,,,,서구|농성동|112-1|경열로45번길 13|00013|00000,35.1522648956668,126.891494681592,광주광역시 서구 농성동 112-1,전남광주통합특별시 서구 경열로45번길 13,서구,농성1동,1224065000,성공,서구,농성1동,True,서구 농성1동,서구 농성1동,300,36,19.7906,서구 경열로45번길 13,True
농성동유탑유블레스,29140-335,2012,26.06~27.06,신규,17,6,2026,300,19.7906,2,112-1,32,,,경열로45번길 13,0,00013,00000,4280012,1,12240,12240,농성동,,서구,12240,아파트,전월세,202606,아파트 전월세,,,,,,서구|농성동|112-1|경열로45번길 13|00013|00000,35.1522648956668,126.891494681592,광주광역시 서구 농성동 112-1,전남광주통합특별시 서구 경열로45번길 13,서구,농성1동,1224065000,성공,서구,농성1동,True,서구 농성1동,서구 농성1동,300,32,19.7906,서구 경열로45번길 13,True
농성동유탑유블레스,29140-335,2012,26.06~27.06,신규,12,6,2026,300,24.9706,7,112-1,46,,,경열로45번길 13,0,00013,00000,4280012,1,12240,12240,농성동,,서구,12240,아파트,전월세,202606,아파트 전월세,,,,,,서구|농성동|112-1|경열로45번길 13|00013|00000,35.1522648956668,126.891494681592,광주광역시 서구 농성동 112-1,전남광주통합특별시 서구 경열로45번길 13,서구,농성1동,1224065000,성공,서구,농성1동,True,서구 농성1동,서구 농성1동,300,46,24.9706,서구 경열로45번길 13,True
농성동유탑유블레스,29140-335,2012,26.06~27.06,신규,9,6,2026,300,19.7906,8,112-1,36,,,경열로45번길 13,0,00013,00000,4280012,1,12240,12240,농성동,,서구,12240,아파트,전월세,202606,아파트 전월세,,,,,,서구|농성동|112-1|경열로45번길 13|00013|00000,35.1522648956668,126.891494681592,광주광역시 서구 농성동 112-1,전남광주통합특별시 서구 경열로45번길 13,서구,농성1동,1224065000,성공,서구,농성1동,True,서구 농성1동,서구 농성1동,300,36,19.7906,서구 경열로45번길 13,True
농성동유탑유블레스,29140-335,2012,26.06~27.06,신규,11,6,2026,300,19.7906,11,112-1,36,,,경열로45번길 13,0,00013,00000,4280012,1,12240,12240,농성동,,서구,12240,아파트,전월세,202606,아파트 전월세,,,,,,서구|농성동|112-1|경열로45번길 13|00013|00000,35.1522648956668,126.891494681592,광주광역시 서구 농성동 112-1,전남광주통합특별시 서구 경열로45번길 13,서구,농성1동,1224065000,성공,서구,농성1동,True,서구 농성1동,서구 농성1동,300,36,19.7906,서구 경열로45번길 13,True
농성동유탑유블레스,29140-335,2012,26.06~27.06,신규,3,6,2026,300,19.7906,9,112-1,35,,,경열로45번길 13,0,00013,00000,4280012,1,12240,12240,농성동,,서구,12240,아파트,전월세,202606,아파트 전월세,,,,,,서구|농성동|112-1|경열로45번길 13|00013|00000,35.1522648956668,126.891494681592,광주광역시 서구 농성동 112-1,전남광주통합특별시 서구 경열로45번길 13,서구,농성1동,1224065000,성공,서구,농성1동,True,서구 농성1동,서구 농성1동,300,35,19.7906,서구 경열로45번길 13,True
효천엘에이치천년나무7단지,29155-391,2017,26.06~28.07,신규,24,6,2026,"2,347",26.54,1,713,12,,,행암길 9,0,00009,00000,4283689,0,12270,12270,행암동,,남구,12270,아파트,전월세,202606,아파트 전월세,,,,,,남구|행암동|713|행암길 9|00009|00000,35.1026108867821,126.896298377775,광주광역시 남구 행암동 713,전남광주통합특별시 남구 행암길 9,남구,효덕동,1227071000,성공,남구,효덕동,True,남구 효덕동,남구 효덕동,2347,12,26.54,남구 행암길 9,True
효천엘에이치천년나무7단지,29155-391,2017,26.06~28.07,신규,24,6,2026,"2,347",26.54,9,713,12,,,행암길 9,0,00009,00000,4283689,0,12270,12270,행암동,,남구,12270,아파트,전월세,202606,아파트 전월세,,,,,,남구|행암동|713|행암길 9|00009|00000,35.1026108867821,126.896298377775,광주광역시 남구 행암동 713,전남광주통합특별시 남구 행암길 9,남구,효덕동,1227071000,성공,남구,효덕동,True,남구 효덕동,남구 효덕동,2347,12,26.54,남구 행암길 9,True
송화마을휴먼시아(진월3블럭주공),29155-304,2007,26.06~28.07,신규,23,6,2026,"2,724",46.9,1,731,15,,,효우로60번길 10,0,00010,00000,4283741,1,12270,12270,노대동,,남구,12270,아파트,전월세,202606,아파트 전월세,,,,,,남구|노대동|731|효우로60번길 10|00010|00000,35.1097155897455,126.903323235324,광주광역시 남구 노대동 731,전남광주통합특별시 남구 효우로60번길 10,남구,효덕동,1227071000,성공,남구,효덕동,True,남구 효덕동,남구 효덕동,2724,15,46.9,남구 효우로60번길 10,True
효천엘에이치천년나무7단지,29155-391,2017,26.06~28.07,신규,24,6,2026,"1,519",16.99,5,713,7,,,행암길 9,0,00009,00000,4283689,0,12270,12270,행암동,,남구,12270,아파트,전월세,202606,아파트 전월세,,,,,,남구|행암동|713|행암길 9|00009|00000,35.1026108867821,126.896298377775,광주광역시 남구 행암동 713,전남광주통합특별시 남구 행암길 9,남구,효덕동,1227071000,성공,남구,효덕동,True,남구 효덕동,남구 효덕동,1519,7,16.99,남구 행암길 9,True
광주효천1엘에이치1단지,29155-421,2021,26.06~28.07,신규,24,6,2026,"3,248",46.74,11,679,28,,,효천로 176,0,00176,00000,3351956,1,12270,12270,임암동,,남구,12270,아파트,전월세,202606,아파트 전월세,,,,,,남구|임암동|679|효천로 176|00176|00000,35.1076021714696,126.863505319348,광주광역시 남구 임암동 679,전남광주통합특별시 남구 효천로 176,남구,송암동,1227072000,성공,남구,송암동,True,남구 송암동,남구 송암동,3248,28,46.74,남구 효천로 176,True
송화마을휴먼시아(진월2블럭주공),29155-308,2007,26.08~28.07,갱신,30,6,2026,"2,200",39.85,9,726,12,"2,096",12,효우로60번길 37,0,00037,00000,4283741,1,12270,12270,노대동,,남구,12270,아파트,전월세,202606,아파트 전월세,,,,,,남구|노대동|726|효우로60번길 37|00037|00000,35.107422529071,126.900667795573,광주광역시 남구 노대동 726,전남광주통합특별시 남구 효우로60번길 37,남구,효덕동,1227071000,성공,남구,효덕동,True,남구 효덕동,남구 효덕동,2200,12,39.85,남구 효우로60번길 37,True
송화마을휴먼시아(진월3블럭주공),29155-304,2007,26.07~28.06,갱신,26,6,2026,"2,724",46.9,8,731,15,"2,594",14,10,0,00010,00000,4283741,1,12270,12270,노대동,,남구,12270,아파트,전월세,202606,아파트 전월세,,,,,,남구|노대동|731|10|00010|00000,35.1097155897455,126.903323235324,광주광역시 남구 노대동 731,전남광주통합특별시 남구 효우로60번길 10,남구,효덕동,1227071000,성공,남구,효덕동,True,남구 효덕동,남구 효덕동,2724,15,46.9,남구 효우로60번길 10,True
엘에이치송화마을8단지,29155-395,2018,26.06~28.06,신규,26,6,2026,"4,820",36.72,7,825,6,,,노대실로 9,0,00009,00000,3161003,0,12270,12270,노대동,,남구,12270,아파트,전월세,202606,아파트 전월세,,,,,,남구|노대동|825|노대실로 9|00009|00000,35.1088035081054,126.905394245253,광주광역시 남구 노대동 825,전남광주통합특별시 남구 노대실로 9,남구,효덕동,1227071000,성공,남구,효덕동,True,남구 효덕동,남구 효덕동,4820,6,36.72,남구 노대실로 9,True
광주효천1엘에이치3단지,29155-403,2020,26.06~28.07,신규,24,6,2026,400,21.84,5,731,14,,,효천중앙로 35,0,00035,00000,3351961,0,12270,12270,임암동,,남구,12270,아파트,전월세,202606,아파트 전월세,,,,,,남구|임암동|731|효천중앙로 35|00035|00000,35.1035679937987,126.87276883408,광주광역시 남구 임암동 731,전남광주통합특별시 남구 효천중앙로 35,남구,송암동,1227072000,성공,남구,송암동,True,남구 송암동,남구 송암동,400,14,21.84,남구 효천중앙로 35,True
광주효천1엘에이치3단지,29155-403,2020,26.06~28.07,신규,23,6,2026,"1,397",16.76,16,731,7,,,효천중앙로 35,0,00035,00000,3351961,0,12270,12270,임암동,,남구,12270,아파트,전월세,202606,아파트 전월세,,,,,,남구|임암동|731|효천중앙로 35|00035|00000,35.1035679937987,126.87276883408,광주광역시 남구 임암동 731,전남광주통합특별시 남구 효천중앙로 35,남구,송암동,1227072000,성공,남구,송암동,True,남구 송암동,남구 송암동,1397,7,16.76,남구 효천중앙로 35,True
효천엘에이치천년나무7단지,29155-391,2017,26.06~28.07,신규,24,6,2026,"2,372",26.54,14,713,12,,,행암길 9,0,00009,00000,4283689,0,12270,12270,행암동,,남구,12270,아파트,전월세,202606,아파트 전월세,,,,,,남구|행암동|713|행암길 9|00009|00000,35.1026108867821,126.896298377775,광주광역시 남구 행암동 713,전남광주통합특별시 남구 행암길 9,남구,효덕동,1227071000,성공,남구,효덕동,True,남구 효덕동,남구 효덕동,2372,12,26.54,남구 행암길 9,True
송화마을휴먼시아(진월3블럭주공),29155-304,2007,26.07~28.06,갱신,8,6,2026,"4,124",46.9,5,731,8,"3,878",6,효우로60번길 10,0,00010,00000,4283741,1,12270,12270,노대동,,남구,12270,아파트,전월세,202606,아파트 전월세,,,,,,남구|노대동|731|효우로60번길 10|00010|00000,35.1097155897455,126.903323235324,광주광역시 남구 노대동 731,전남광주통합특별시 남구 효우로60번길 10,남구,효덕동,1227071000,성공,남구,효덕동,True,남구 효덕동,남구 효덕동,4124,8,46.9,남구 효우로60번길 10,True
송화마을휴먼시아(진월2블럭주공),29155-308,2007,26.07~28.06,갱신,5,6,2026,"3,244",39.85,7,726,7,"3,137",7,효우로60번길 37,0,00037,00000,4283741,1,12270,12270,노대동,,남구,12270,아파트,전월세,202606,아파트 전월세,,,,,,남구|노대동|726|효우로60번길 37|00037|00000,35.107422529071,126.900667795573,광주광역시 남구 노대동 726,전남광주통합특별시 남구 효우로60번길 37,남구,효덕동,1227071000,성공,남구,효덕동,True,남구 효덕동,남구 효덕동,3244,7,39.85,남구 효우로60번길 37,True
엘에이치송화마을8단지,29155-395,2018,26.06~28.05,신규,2,6,2026,"3,214",26.93,6,825,6,,,노대실로 9,0,00009,00000,3161003,0,12270,12270,노대동,,남구,12270,아파트,전월세,202606,아파트 전월세,,,,,,남구|노대동|825|노대실로 9|00009|00000,35.1088035081054,126.905394245253,광주광역시 남구 노대동 825,전남광주통합특별시 남구 노대실로 9,남구,효덕동,1227071000,성공,남구,효덕동,True,남구 효덕동,남구 효덕동,3214,6,26.93,남구 노대실로 9,True
하남주공(2단지),29200-39,1991,,,9,6,2026,"6,100",44.52,15,1571-1,0,,,월곡산정로 12,0,00012,00000,3163042,1,12330,12330,우산동,,광산구,12330,아파트,전월세,202606,아파트 전월세,,,,,,광산구|우산동|1571-1|월곡산정로 12|00012|00000,35.1651071402315,126.803686058,광주광역시 광산구 우산동 1571-1,전남광주통합특별시 광산구 월곡산정로 12,광산구,우산동,1233058000,성공,광산구,우산동,True,광산구 우산동,광산구 우산동,6100,0,44.52,광산구 월곡산정로 12,True
광주수완6신완마을휴먼시아,29200-263,2010,26.06~28.07,신규,23,6,2026,"3,507",51.82,13,1044,19,,,풍영로329번길 51,0,00051,00000,4289681,1,12330,12330,장덕동,,광산구,12330,아파트,전월세,202606,아파트 전월세,,,,,,광산구|장덕동|1044|풍영로329번길 51|00051|00000,35.1993201857989,126.811785931546,광주광역시 광산구 장덕동 1044,전남광주통합특별시 광산구 풍영로329번길 51,광산구,수완동,1233063700,성공,광산구,수완동,True,광산구 수완동,광산구 수완동,3507,19,51.82,광산구 풍영로329번길 51,True
광주우산엘에이치1단지,29200-422,2019,26.06~28.07,신규,25,6,2026,"2,193",26.41,13,1599-1,11,,,,,,,,0,12330,12330,우산동,,광산구,12330,아파트,전월세,202606,아파트 전월세,,,,,,광산구|우산동|1599-1|||,35.1605509336336,126.807603506014,광주광역시 광산구 우산동 1599-1,전남광주통합특별시 광산구 무진대로 246-7,광산구,우산동,1233058000,성공,광산구,우산동,True,광산구 우산동,광산구 우산동,2193,11,26.41,광산구 무진대로 246-7,True
첨단도휘에드가2차,29200-350,2015,26.07~26.10,신규,20,6,2026,100,19.69,3,694-70,48,,,월계로 223-20,0,00223,00020,3163039,1,12330,12330,쌍암동,,광산구,12330,아파트,전월세,202606,아파트 전월세,,,,,,광산구|쌍암동|694-70|월계로 223-20|00223|00020,35.2153858800186,126.850509647451,광주광역시 광산구 쌍암동 694-70,전남광주통합특별시 광산구 월계로 223-20,광산구,첨단2동,1233062600,성공,북구,첨단2동,True,광산구 첨단2동,북구 첨단2동,100,48,19.69,광산구 월계로 223-20,True
하남주공(2단지),29200-39,1991,26.07~28.07,신규,21,6,2026,300,38.64,5,1571-1,40,,,월곡산정로 12,0,00012,00000,3163042,1,12330,12330,우산동,,광산구,12330,아파트,전월세,202606,아파트 전월세,,,,,,광산구|우산동|1571-1|월곡산정로 12|00012|00000,35.1651071402315,126.803686058,광주광역시 광산구 우산동 1571-1,전남광주통합특별시 광산구 월곡산정로 12,광산구,우산동,1233058000,성공,광산구,우산동,True,광산구 우산동,광산구 우산동,300,40,38.64,광산구 월곡산정로 12,True
첨단도휘에드가2차,29200-350,2015,26.07~27.07,신규,26,6,2026,"1,000",19.69,8,694-70,31,,,월계로 223-20,0,00223,00020,3163039,1,12330,12330,쌍암동,,광산구,12330,아파트,전월세,202606,아파트 전월세,,,,,,광산구|쌍암동|694-70|월계로 223-20|00223|00020,35.2153858800186,126.850509647451,광주광역시 광산구 쌍암동 694-70,전남광주통합특별시 광산구 월계로 223-20,광산구,첨단2동,1233062600,성공,북구,첨단2동,True,광산구 첨단2동,북구 첨단2동,1000,31,19.69,광산구 월계로 223-20,True
무들에코클래스,29200-323,2014,26.06~27.06,신규,29,6,2026,300,19.9836,3,893-1,38,,,임방울대로826번길 60-5,0,00060,00005,4289555,1,12330,12330,월계동,,광산구,12330,아파트,전월세,202606,아파트 전월세,,,,,,광산구|월계동|893-1|임방울대로826번길 60-5|00060|00005,35.2144820852673,126.847824082744,광주광역시 광산구 월계동 893-1,전남광주통합특별시 광산구 임방울대로826번길 60-5,광산구,첨단2동,1233062600,성공,북구,첨단2동,True,광산구 첨단2동,북구 첨단2동,300,38,19.9836,광산구 임방울대로826번길 60-5,True
에이엠시티센트럴파크,29200-349,2015,26.06~27.06,신규,13,6,2026,"1,000",40.9226,13,676-2,55,,,첨단중앙로182번길 50,,00050,00000,4289616,1,12330,12330,쌍암동,,광산구,12330,아파트,전월세,202606,아파트 전월세,,,,,,광산구|쌍암동|676-2|첨단중앙로182번길 50|00050|00000,35.2215170161494,126.846882804545,광주광역시 광산구 쌍암동 676-2,전남광주통합특별시 광산구 첨단중앙로182번길 50,광산구,첨단1동,1233062400,성공,광산구,첨단1동,True,광산구 첨단1동,광산구 첨단1동,1000,55,40.9226,광산구 첨단중앙로182번길 50,True
하남주공(2단지),29200-39,1991,26.06~27.06,신규,16,6,2026,200,44.52,6,1571-1,40,,,월곡산정로 12,0,00012,00000,3163042,1,12330,12330,우산동,,광산구,12330,아파트,전월세,202606,아파트 전월세,,,,,,광산구|우산동|1571-1|월곡산정로 12|00012|00000,35.1651071402315,126.803686058,광주광역시 광산구 우산동 1571-1,전남광주통합특별시 광산구 월곡산정로 12,광산구,우산동,1233058000,성공,광산구,우산동,True,광산구 우산동,광산구 우산동,200,40,44.52,광산구 월곡산정로 12,True
첨단도휘에드가2차,29200-350,2015,26.07~28.07,신규,30,6,2026,"4,800",19.69,8,694-70,0,,,월계로 223-20,0,00223,00020,3163039,1,12330,12330,쌍암동,,광산구,12330,아파트,전월세,202606,아파트 전월세,,,,,,광산구|쌍암동|694-70|월계로 223-20|00223|00020,35.2153858800186,126.850509647451,광주광역시 광산구 쌍암동 694-70,전남광주통합특별시 광산구 월계로 223-20,광산구,첨단2동,1233062600,성공,북구,첨단2동,True,광산구 첨단2동,북구 첨단2동,4800,0,19.69,광산구 월계로 223-20,True
광주우산엘에이치1단지,29200-422,2019,26.06~28.07,신규,25,6,2026,"2,322",26.41,5,1599-1,12,,,,,,,,0,12330,12330,우산동,,광산구,12330,아파트,전월세,202606,아파트 전월세,,,,,,광산구|우산동|1599-1|||,35.1605509336336,126.807603506014,광주광역시 광산구 우산동 1599-1,전남광주통합특별시 광산구 무진대로 246-7,광산구,우산동,1233058000,성공,광산구,우산동,True,광산구 우산동,광산구 우산동,2322,12,26.41,광산구 무진대로 246-7,True
무들에코클래스,29200-323,2014,26.06~27.06,갱신,15,6,2026,300,19.9836,14,893-1,37,300,37,임방울대로826번길 60-5,0,00060,00005,4289555,1,12330,12330,월계동,사용,광산구,12330,아파트,전월세,202606,아파트 전월세,,,,,,광산구|월계동|893-1|임방울대로826번길 60-5|00060|00005,35.2144820852673,126.847824082744,광주광역시 광산구 월계동 893-1,전남광주통합특별시 광산구 임방울대로826번길 60-5,광산구,첨단2동,1233062600,성공,북구,첨단2동,True,광산구 첨단2동,북구 첨단2동,300,37,19.9836,광산구 임방울대로826번길 60-5,True
아름마을휴먼시아1단지,29200-247,2009,26.06~28.07,신규,9,6,2026,"2,885",46.9,10,1061,16,,,수등로123번길 70,0,00070,00000,4289327,1,12330,12330,신가동,,광산구,12330,아파트,전월세,202606,아파트 전월세,,,,,,광산구|신가동|1061|수등로123번길 70|00070|00000,35.1858460602035,126.824527935674,광주광역시 광산구 신가동 1061,전남광주통합특별시 광산구 수등로123번길 70,광산구,수완동,1233063700,성공,광산구,수완동,True,광산구 수완동,광산구 수완동,2885,16,46.9,광산구 수등로123번길 70,True
에이엠시티4차,29200-318,2014,26.06~27.06,신규,23,6,2026,300,22.1404,10,660-7,40,,,첨단중앙로152번길 17-6,0,00017,00006,4289613,1,12330,12330,쌍암동,,광산구,12330,아파트,전월세,202606,아파트 전월세,,,,,,광산구|쌍암동|660-7|첨단중앙로152번길 17-6|00017|00006,35.2193014166222,126.843435669554,광주광역시 광산구 쌍암동 660-7,전남광주통합특별시 광산구 첨단중앙로152번길 17-6,광산구,첨단1동,1233062400,성공,광산구,첨단1동,True,광산구 첨단1동,광산구 첨단1동,300,40,22.1404,광산구 첨단중앙로152번길 17-6,True
첨단센트럴파크2차,29200-399,2018,26.07~27.06,신규,11,6,2026,"1,000",41.83,7,676-3,70,,,첨단중앙로170번길 87,0,00087,00000,4289614,1,12330,12330,쌍암동,,광산구,12330,아파트,전월세,202606,아파트 전월세,,,,,,광산구|쌍암동|676-3|첨단중앙로170번길 87|00087|00000,35.2209763822162,126.84687920672,광주광역시 광산구 쌍암동 676-3,전남광주통합특별시 광산구 첨단중앙로170번길 87,광산구,첨단1동,1233062400,성공,광산구,첨단1동,True,광산구 첨단1동,광산구 첨단1동,1000,70,41.83,광산구 첨단중앙로170번길 87,True
한양에드가302동,29200-309,2013,26.06~27.06,신규,26,6,2026,300,19.853,6,694-115,36,,,월계로 223-17,0,00223,00017,3163039,2,12330,12330,쌍암동,,광산구,12330,아파트,전월세,202606,아파트 전월세,,,,,,광산구|쌍암동|694-115|월계로 223-17|00223|00017,35.2149023369798,126.849588941863,광주광역시 광산구 쌍암동 694-115,전남광주통합특별시 광산구 월계로 223-17,광산구,첨단2동,1233062600,성공,북구,첨단2동,True,광산구 첨단2동,북구 첨단2동,300,36,19.853,광산구 월계로 223-17,True
광주수완7신완마을휴먼시아,29200-264,2011,26.08~28.07,갱신,29,6,2026,"4,405",46.9,18,1037,8,"5,413",13,풍영로329번길 50,0,00050,00000,4289681,1,12330,12330,장덕동,,광산구,12330,아파트,전월세,202606,아파트 전월세,,,,,,광산구|장덕동|1037|풍영로329번길 50|00050|00000,35.2014118295745,126.812869241031,광주광역시 광산구 장덕동 1037,전남광주통합특별시 광산구 풍영로329번길 50,광산구,수완동,1233063700,성공,광산구,수완동,True,광산구 수완동,광산구 수완동,4405,8,46.9,광산구 풍영로329번길 50,True
아름마을휴먼시아3단지,29200-260,2009,26.07~28.06,갱신,30,6,2026,981,39.72,10,1202,16,"2,077",12,하남대로261번길 11,0,00011,00000,4289685,1,12330,12330,신가동,,광산구,12330,아파트,전월세,202606,아파트 전월세,,,,,,광산구|신가동|1202|하남대로261번길 11|00011|00000,35.1803936905995,126.820478944492,광주광역시 광산구 신가동 1202,전남광주통합특별시 광산구 하남대로261번길 11,광산구,수완동,1233063700,성공,광산구,수완동,True,광산구 수완동,광산구 수완동,981,16,39.72,광산구 하남대로261번길 11,True
첨단AM-City,29200-273,2012,26.06~26.09,신규,11,6,2026,100,19.1513,4,884-2,47,,,65-4,0,00065,00004,4289610,1,12330,12330,월계동,,광산구,12330,아파트,전월세,202606,아파트 전월세,,,,,,광산구|월계동|884-2|65-4|00065|00004,35.215133360486,126.847005173109,광주광역시 광산구 월계동 884-2,전남광주통합특별시 광산구 첨단중앙로106번길 65-4,광산구,첨단2동,1233062600,성공,북구,첨단2동,True,광산구 첨단2동,북구 첨단2동,100,47,19.1513,광산구 첨단중앙로106번길 65-4,True
광주하남엘에이치천년나무,29200-414,2019,26.06~28.07,신규,22,6,2026,"1,408",16.35,4,1611-3,7,,,175-6,,00175,00006,3163035,0,12330,12330,우산동,,광산구,12330,아파트,전월세,202606,아파트 전월세,,,,,,광산구|우산동|1611-3|175-6|00175|00006,35.1599080758315,126.800246035505,광주광역시 광산구 우산동 1611-3,전남광주통합특별시 광산구 용아로 175-6,광산구,우산동,1233058000,성공,광산구,우산동,True,광산구 우산동,광산구 우산동,1408,7,16.35,광산구 용아로 175-6,True
첨단AM-City3차,29200-295,2013,26.06~27.06,신규,16,6,2026,"3,000",30.1942,10,661-8,30,,,첨단중앙로152번길 17-12,0,00017,00012,4289613,1,12330,12330,쌍암동,,광산구,12330,아파트,전월세,202606,아파트 전월세,,,,,,광산구|쌍암동|661-8|첨단중앙로152번길 17-12|00017|00012,35.2201158823372,126.843440476063,광주광역시 광산구 쌍암동 661-8,전남광주통합특별시 광산구 첨단중앙로152번길 17-12,광산구,첨단1동,1233062400,성공,광산구,첨단1동,True,광산구 첨단1동,광산구 첨단1동,3000,30,30.1942,광산구 첨단중앙로152번길 17-12,True
에이엠시티4차,29200-318,2014,26.06~27.06,신규,18,6,2026,500,32.3203,3,660-7,50,,,첨단중앙로152번길 17-6,0,00017,00006,4289613,1,12330,12330,쌍암동,,광산구,12330,아파트,전월세,202606,아파트 전월세,,,,,,광산구|쌍암동|660-7|첨단중앙로152번길 17-6|00017|00006,35.2193014166222,126.843435669554,광주광역시 광산구 쌍암동 660-7,전남광주통합특별시 광산구 첨단중앙로152번길 17-6,광산구,첨단1동,1233062400,성공,광산구,첨단1동,True,광산구 첨단1동,광산구 첨단1동,500,50,32.3203,광산구 첨단중앙로152번길 17-6,True
에이엠시티센트럴파크,29200-349,2015,26.06~28.06,신규,19,6,2026,"1,000",40.9226,5,676-2,55,,,첨단중앙로182번길 50,,00050,00000,4289616,1,12330,12330,쌍암동,,광산구,12330,아파트,전월세,202606,아파트 전월세,,,,,,광산구|쌍암동|676-2|첨단중앙로182번길 50|00050|00000,35.2215170161494,126.846882804545,광주광역시 광산구 쌍암동 676-2,전남광주통합특별시 광산구 첨단중앙로182번길 50,광산구,첨단1동,1233062400,성공,광산구,첨단1동,True,광산구 첨단1동,광산구 첨단1동,1000,55,40.9226,광산구 첨단중앙로182번길 50,True
아름마을휴먼시아2단지,29200-248,2009,26.06~28.07,신규,23,6,2026,"3,574",51.93,1,1064,19,,,수등로123번길 22,0,00022,00000,4289327,1,12330,12330,신가동,,광산구,12330,아파트,전월세,202606,아파트 전월세,,,,,,광산구|신가동|1064|수등로123번길 22|00022|00000,35.1842119227205,126.82398140206,광주광역시 광산구 신가동 1064,전남광주통합특별시 광산구 수등로123번길 22,광산구,수완동,1233063700,성공,광산구,수완동,True,광산구 수완동,광산구 수완동,3574,19,51.93,광산구 수등로123번길 22,True
아름마을휴먼시아3단지,29200-260,2009,26.08~28.07,신규,26,6,2026,"2,863",46.9,7,1202,16,,,하남대로261번길 11,0,00011,00000,4289685,1,12330,12330,신가동,,광산구,12330,아파트,전월세,202606,아파트 전월세,,,,,,광산구|신가동|1202|하남대로261번길 11|00011|00000,35.1803936905995,126.820478944492,광주광역시 광산구 신가동 1202,전남광주통합특별시 광산구 하남대로261번길 11,광산구,수완동,1233063700,성공,광산구,수완동,True,광산구 수완동,광산구 수완동,2863,16,46.9,광산구 하남대로261번길 11,True
시영2차(우산빛여울채),29200-115,1992,26.06~28.06,신규,8,6,2026,924,24.42,6,1603-1,12,,,우산로 17,0,00017,00000,3163037,1,12330,12330,우산동,,광산구,12330,아파트,전월세,202606,아파트 전월세,,,,,,광산구|우산동|1603-1|우산로 17|00017|00000,35.1595040617071,126.802816530404,광주광역시 광산구 우산동 1603-1,전남광주통합특별시 광산구 우산로 17,광산구,우산동,1233058000,성공,광산구,우산동,True,광산구 우산동,광산구 우산동,924,12,24.42,광산구 우산로 17,True
에이엠시티센트럴파크,29200-349,2015,26.07~28.07,신규,25,6,2026,"9,900",40.9226,11,676-2,15,,,첨단중앙로182번길 50,,00050,00000,4289616,1,12330,12330,쌍암동,,광산구,12330,아파트,전월세,202606,아파트 전월세,,,,,,광산구|쌍암동|676-2|첨단중앙로182번길 50|00050|00000,35.2215170161494,126.846882804545,광주광역시 광산구 쌍암동 676-2,전남광주통합특별시 광산구 첨단중앙로182번길 50,광산구,첨단1동,1233062400,성공,광산구,첨단1동,True,광산구 첨단1동,광산구 첨단1동,9900,15,40.9226,광산구 첨단중앙로182번길 50,True
광주우산엘에이치1단지,29200-422,2019,26.06~28.07,신규,25,6,2026,"1,455",16.84,13,1599-1,8,,,,,,,,0,12330,12330,우산동,,광산구,12330,아파트,전월세,202606,아파트 전월세,,,,,,광산구|우산동|1599-1|||,35.1605509336336,126.807603506014,광주광역시 광산구 우산동 1599-1,전남광주통합특별시 광산구 무진대로 246-7,광산구,우산동,1233058000,성공,광산구,우산동,True,광산구 우산동,광산구 우산동,1455,8,16.84,광산구 무진대로 246-7,True
광주수완6신완마을휴먼시아,29200-263,2010,26.06~28.07,신규,23,6,2026,"4,181",46.85,10,1044,27,,,풍영로329번길 51,0,00051,00000,4289681,1,12330,12330,장덕동,,광산구,12330,아파트,전월세,202606,아파트 전월세,,,,,,광산구|장덕동|1044|풍영로329번길 51|00051|00000,35.1993201857989,126.811785931546,광주광역시 광산구 장덕동 1044,전남광주통합특별시 광산구 풍영로329번길 51,광산구,수완동,1233063700,성공,광산구,수완동,True,광산구 수완동,광산구 수완동,4181,27,46.85,광산구 풍영로329번길 51,True
아름마을휴먼시아3단지,29200-260,2009,26.07~28.06,갱신,22,6,2026,"2,181",39.48,7,1202,12,"2,181",12,하남대로261번길 11,0,00011,00000,4289685,1,12330,12330,신가동,,광산구,12330,아파트,전월세,202606,아파트 전월세,,,,,,광산구|신가동|1202|하남대로261번길 11|00011|00000,35.1803936905995,126.820478944492,광주광역시 광산구 신가동 1202,전남광주통합특별시 광산구 하남대로261번길 11,광산구,수완동,1233063700,성공,광산구,수완동,True,광산구 수완동,광산구 수완동,2181,12,39.48,광산구 하남대로261번길 11,True
하남주공(2단지),29200-39,1991,26.06~28.06,신규,5,6,2026,300,44.52,6,1571-1,50,,,월곡산정로 12,0,00012,00000,3163042,1,12330,12330,우산동,,광산구,12330,아파트,전월세,202606,아파트 전월세,,,,,,광산구|우산동|1571-1|월곡산정로 12|00012|00000,35.1651071402315,126.803686058,광주광역시 광산구 우산동 1571-1,전남광주통합특별시 광산구 월곡산정로 12,광산구,우산동,1233058000,성공,광산구,우산동,True,광산구 우산동,광산구 우산동,300,50,44.52,광산구 월곡산정로 12,True
아름마을휴먼시아2단지,29200-248,2009,26.08~28.07,갱신,18,6,2026,"3,199",39.72,3,1064,7,"2,037",11,수등로123번길 22,0,00022,00000,4289327,1,12330,12330,신가동,,광산구,12330,아파트,전월세,202606,아파트 전월세,,,,,,광산구|신가동|1064|수등로123번길 22|00022|00000,35.1842119227205,126.82398140206,광주광역시 광산구 신가동 1064,전남광주통합특별시 광산구 수등로123번길 22,광산구,수완동,1233063700,성공,광산구,수완동,True,광산구 수완동,광산구 수완동,3199,7,39.72,광산구 수등로123번길 22,True
광주수완7신완마을휴먼시아,29200-264,2011,26.07~28.06,갱신,17,6,2026,"2,117",39.96,15,1037,12,"2,055",12,풍영로329번길 50,0,00050,00000,4289681,1,12330,12330,장덕동,,광산구,12330,아파트,전월세,202606,아파트 전월세,,,,,,광산구|장덕동|1037|풍영로329번길 50|00050|00000,35.2014118295745,126.812869241031,광주광역시 광산구 장덕동 1037,전남광주통합특별시 광산구 풍영로329번길 50,광산구,수완동,1233063700,성공,광산구,수완동,True,광산구 수완동,광산구 수완동,2117,12,39.96,광산구 풍영로329번길 50,True
첨단도휘에드가2차,29200-350,2015,26.06~27.06,신규,15,6,2026,"1,500",19.69,8,694-70,33,,,월계로 223-20,0,00223,00020,3163039,1,12330,12330,쌍암동,,광산구,12330,아파트,전월세,202606,아파트 전월세,,,,,,광산구|쌍암동|694-70|월계로 223-20|00223|00020,35.2153858800186,126.850509647451,광주광역시 광산구 쌍암동 694-70,전남광주통합특별시 광산구 월계로 223-20,광산구,첨단2동,1233062600,성공,북구,첨단2동,True,광산구 첨단2동,북구 첨단2동,1500,33,19.69,광산구 월계로 223-20,True
아름마을휴먼시아2단지,29200-248,2009,26.07~28.06,갱신,17,6,2026,"3,177",39.48,13,1064,7,"2,114",12,수등로123번길 22,0,00022,00000,4289327,1,12330,12330,신가동,,광산구,12330,아파트,전월세,202606,아파트 전월세,,,,,,광산구|신가동|1064|수등로123번길 22|00022|00000,35.1842119227205,126.82398140206,광주광역시 광산구 신가동 1064,전남광주통합특별시 광산구 수등로123번길 22,광산구,수완동,1233063700,성공,광산구,수완동,True,광산구 수완동,광산구 수완동,3177,7,39.48,광산구 수등로123번길 22,True
장자울마을휴먼시아4단지,29200-257,2009,26.07~28.06,갱신,16,6,2026,"2,830",46.9,11,517,15,"2,748",15,풍영로145번길 43,0,00043,00000,4289671,1,12330,12330,흑석동,,광산구,12330,아파트,전월세,202606,아파트 전월세,,,,,,광산구|흑석동|517|풍영로145번길 43|00043|00000,35.1837458369346,126.811293211321,광주광역시 광산구 흑석동 517,전남광주통합특별시 광산구 풍영로145번길 43,광산구,수완동,1233063700,성공,광산구,수완동,True,광산구 수완동,광산구 수완동,2830,15,46.9,광산구 풍영로145번길 43,True
아름마을휴먼시아1단지,29200-247,2009,26.08~28.07,신규,15,6,2026,"3,199",39.72,15,1061,7,,,수등로123번길 70,0,00070,00000,4289327,1,12330,12330,신가동,,광산구,12330,아파트,전월세,202606,아파트 전월세,,,,,,광산구|신가동|1061|수등로123번길 70|00070|00000,35.1858460602035,126.824527935674,광주광역시 광산구 신가동 1061,전남광주통합특별시 광산구 수등로123번길 70,광산구,수완동,1233063700,성공,광산구,수완동,True,광산구 수완동,광산구 수완동,3199,7,39.72,광산구 수등로123번길 70,True
아름마을휴먼시아2단지,29200-248,2009,26.07~28.06,신규,9,6,2026,"2,858",46.9,7,1064,16,,,수등로123번길 22,0,00022,00000,4289327,1,12330,12330,신가동,,광산구,12330,아파트,전월세,202606,아파트 전월세,,,,,,광산구|신가동|1064|수등로123번길 22|00022|00000,35.1842119227205,126.82398140206,광주광역시 광산구 신가동 1064,전남광주통합특별시 광산구 수등로123번길 22,광산구,수완동,1233063700,성공,광산구,수완동,True,광산구 수완동,광산구 수완동,2858,16,46.9,광산구 수등로123번길 22,True
첨단도휘에드가2차,29200-350,2015,26.06~27.06,신규,12,6,2026,300,20.81,10,694-70,41,,,월계로 223-20,0,00223,00020,3163039,1,12330,12330,쌍암동,,광산구,12330,아파트,전월세,202606,아파트 전월세,,,,,,광산구|쌍암동|694-70|월계로 223-20|00223|00020,35.2153858800186,126.850509647451,광주광역시 광산구 쌍암동 694-70,전남광주통합특별시 광산구 월계로 223-20,광산구,첨단2동,1233062600,성공,북구,첨단2동,True,광산구 첨단2동,북구 첨단2동,300,41,20.81,광산구 월계로 223-20,True
첨단AM-City3차,29200-295,2013,26.06~27.06,신규,12,6,2026,"1,000",19.1437,8,661-8,45,,,첨단중앙로152번길 17-12,0,00017,00012,4289613,1,12330,12330,쌍암동,,광산구,12330,아파트,전월세,202606,아파트 전월세,,,,,,광산구|쌍암동|661-8|첨단중앙로152번길 17-12|00017|00012,35.2201158823372,126.843440476063,광주광역시 광산구 쌍암동 661-8,전남광주통합특별시 광산구 첨단중앙로152번길 17-12,광산구,첨단1동,1233062400,성공,광산구,첨단1동,True,광산구 첨단1동,광산구 첨단1동,1000,45,19.1437,광산구 첨단중앙로152번길 17-12,True
광주수완6신완마을휴먼시아,29200-263,2010,26.08~28.07,갱신,12,6,2026,"4,273",51.26,16,1044,15,"3,317",18,풍영로329번길 51,0,00051,00000,4289681,1,12330,12330,장덕동,,광산구,12330,아파트,전월세,202606,아파트 전월세,,,,,,광산구|장덕동|1044|풍영로329번길 51|00051|00000,35.1993201857989,126.811785931546,광주광역시 광산구 장덕동 1044,전남광주통합특별시 광산구 풍영로329번길 51,광산구,수완동,1233063700,성공,광산구,수완동,True,광산구 수완동,광산구 수완동,4273,15,51.26,광산구 풍영로329번길 51,True
광주수완7신완마을휴먼시아,29200-264,2011,26.06~28.05,갱신,10,6,2026,"3,317",39.96,10,1037,6,"2,117",12,풍영로329번길 50,0,00050,00000,4289681,1,12330,12330,장덕동,,광산구,12330,아파트,전월세,202606,아파트 전월세,,,,,,광산구|장덕동|1037|풍영로329번길 50|00050|00000,35.2014118295745,126.812869241031,광주광역시 광산구 장덕동 1037,전남광주통합특별시 광산구 풍영로329번길 50,광산구,수완동,1233063700,성공,광산구,수완동,True,광산구 수완동,광산구 수완동,3317,6,39.96,광산구 풍영로329번길 50,True
첨단도휘에드가2차,29200-350,2015,26.06~27.06,신규,10,6,2026,300,19.69,6,694-70,40,,,월계로 223-20,0,00223,00020,3163039,1,12330,12330,쌍암동,,광산구,12330,아파트,전월세,202606,아파트 전월세,,,,,,광산구|쌍암동|694-70|월계로 223-20|00223|00020,35.2153858800186,126.850509647451,광주광역시 광산구 쌍암동 694-70,전남광주통합특별시 광산구 월계로 223-20,광산구,첨단2동,1233062600,성공,북구,첨단2동,True,광산구 첨단2동,북구 첨단2동,300,40,19.69,광산구 월계로 223-20,True
첨단AM-City,29200-273,2012,26.06~27.01,신규,8,6,2026,100,19.1513,6,884-2,45,,,첨단중앙로106번길 65-4,0,00065,00004,4289610,1,12330,12330,월계동,,광산구,12330,아파트,전월세,202606,아파트 전월세,,,,,,광산구|월계동|884-2|첨단중앙로106번길 65-4|00065|00004,35.215133360486,126.847005173109,광주광역시 광산구 월계동 884-2,전남광주통합특별시 광산구 첨단중앙로106번길 65-4,광산구,첨단2동,1233062600,성공,북구,첨단2동,True,광산구 첨단2동,북구 첨단2동,100,45,19.1513,광산구 첨단중앙로106번길 65-4,True
무들에코클래스,29200-323,2014,26.06~27.06,신규,6,6,2026,400,19.9836,6,893-1,37,,,임방울대로826번길 60-5,0,00060,00005,4289555,1,12330,12330,월계동,,광산구,12330,아파트,전월세,202606,아파트 전월세,,,,,,광산구|월계동|893-1|임방울대로826번길 60-5|00060|00005,35.2144820852673,126.847824082744,광주광역시 광산구 월계동 893-1,전남광주통합특별시 광산구 임방울대로826번길 60-5,광산구,첨단2동,1233062600,성공,북구,첨단2동,True,광산구 첨단2동,북구 첨단2동,400,37,19.9836,광산구 임방울대로826번길 60-5,True
광주수완6신완마을휴먼시아,29200-263,2010,26.07~28.06,갱신,5,6,2026,"2,724",46.9,12,1044,15,"2,532",,풍영로329번길 51,0,00051,00000,4289681,1,12330,12330,장덕동,,광산구,12330,아파트,전월세,202606,아파트 전월세,,,,,,광산구|장덕동|1044|풍영로329번길 51|00051|00000,35.1993201857989,126.811785931546,광주광역시 광산구 장덕동 1044,전남광주통합특별시 광산구 풍영로329번길 51,광산구,수완동,1233063700,성공,광산구,수완동,True,광산구 수완동,광산구 수완동,2724,15,46.9,광산구 풍영로329번길 51,True
광주수완6신완마을휴먼시아,29200-263,2010,26.07~28.06,갱신,8,6,2026,"3,473",51.82,13,1044,19,"3,317",18,풍영로329번길 51,0,00051,00000,4289681,1,12330,12330,장덕동,,광산구,12330,아파트,전월세,202606,아파트 전월세,,,,,,광산구|장덕동|1044|풍영로329번길 51|00051|00000,35.1993201857989,126.811785931546,광주광역시 광산구 장덕동 1044,전남광주통합특별시 광산구 풍영로329번길 51,광산구,수완동,1233063700,성공,광산구,수완동,True,광산구 수완동,광산구 수완동,3473,19,51.82,광산구 풍영로329번길 51,True
아름마을휴먼시아2단지,29200-248,2009,26.07~28.06,갱신,8,6,2026,"2,830",46.9,4,1064,15,"2,622",14,수등로123번길 22,0,00022,00000,4289327,1,12330,12330,신가동,,광산구,12330,아파트,전월세,202606,아파트 전월세,,,,,,광산구|신가동|1064|수등로123번길 22|00022|00000,35.1842119227205,126.82398140206,광주광역시 광산구 신가동 1064,전남광주통합특별시 광산구 수등로123번길 22,광산구,수완동,1233063700,성공,광산구,수완동,True,광산구 수완동,광산구 수완동,2830,15,46.9,광산구 수등로123번길 22,True
에이엠시티5차,29200-307,2013,26.06~28.06,신규,1,6,2026,500,33.1446,9,682-1,55,,,임방울대로825번길 19,0,00019,00000,4289554,1,12330,12330,쌍암동,,광산구,12330,아파트,전월세,202606,아파트 전월세,,,,,,광산구|쌍암동|682-1|임방울대로825번길 19|00019|00000,35.2187157362366,126.847688221979,광주광역시 광산구 쌍암동 682-1,전남광주통합특별시 광산구 임방울대로825번길 19,광산구,첨단1동,1233062400,성공,광산구,첨단1동,True,광산구 첨단1동,광산구 첨단1동,500,55,33.1446,광산구 임방울대로825번길 19,True
아름마을휴먼시아3단지,29200-260,2009,26.07~28.06,갱신,4,6,2026,"2,863",46.9,6,1202,16,"2,726",15,하남대로261번길 11,0,00011,00000,4289685,1,12330,12330,신가동,,광산구,12330,아파트,전월세,202606,아파트 전월세,,,,,,광산구|신가동|1202|하남대로261번길 11|00011|00000,35.1803936905995,126.820478944492,광주광역시 광산구 신가동 1202,전남광주통합특별시 광산구 하남대로261번길 11,광산구,수완동,1233063700,성공,광산구,수완동,True,광산구 수완동,광산구 수완동,2863,16,46.9,광산구 하남대로261번길 11,True
하남주공(2단지),29200-39,1991,26.06~28.06,신규,1,6,2026,300,44.52,13,1571-1,40,,,월곡산정로 12,0,00012,00000,3163042,1,12330,12330,우산동,,광산구,12330,아파트,전월세,202606,아파트 전월세,,,,,,광산구|우산동|1571-1|월곡산정로 12|00012|00000,35.1651071402315,126.803686058,광주광역시 광산구 우산동 1571-1,전남광주통합특별시 광산구 월곡산정로 12,광산구,우산동,1233058000,성공,광산구,우산동,True,광산구 우산동,광산구 우산동,300,40,44.52,광산구 월곡산정로 12,True
아름마을휴먼시아2단지,29200-248,2009,26.06~28.05,갱신,1,6,2026,"4,558",46.9,2,1064,7,"2,775",15,수등로123번길 22,0,00022,00000,4289327,1,12330,12330,신가동,,광산구,12330,아파트,전월세,202606,아파트 전월세,,,,,,광산구|신가동|1064|수등로123번길 22|00022|00000,35.1842119227205,126.82398140206,광주광역시 광산구 신가동 1064,전남광주통합특별시 광산구 수등로123번길 22,광산구,수완동,1233063700,성공,광산구,수완동,True,광산구 수완동,광산구 수완동,4558,7,46.9,광산구 수등로123번길 22,True
광주수완7신완마을휴먼시아,29200-264,2011,26.07~28.06,갱신,1,6,2026,"3,117",39.96,10,1037,7,"2,055",12,풍영로329번길 50,0,00050,00000,4289681,1,12330,12330,장덕동,,광산구,12330,아파트,전월세,202606,아파트 전월세,,,,,,광산구|장덕동|1037|풍영로329번길 50|00050|00000,35.2014118295745,126.812869241031,광주광역시 광산구 장덕동 1037,전남광주통합특별시 광산구 풍영로329번길 50,광산구,수완동,1233063700,성공,광산구,수완동,True,광산구 수완동,광산구 수완동,3117,7,39.96,광산구 풍영로329번길 50,True
장자울마을휴먼시아5단지,29200-256,2009,26.07~28.06,갱신,1,6,2026,"2,177",39.72,12,504,12,"2,114",12,풍영로145번길 42,0,00042,00000,4289671,1,12330,12330,흑석동,,광산구,12330,아파트,전월세,202606,아파트 전월세,,,,,,광산구|흑석동|504|풍영로145번길 42|00042|00000,35.1849233891164,126.811481524903,광주광역시 광산구 흑석동 504,전남광주통합특별시 광산구 풍영로145번길 42,광산구,수완동,1233063700,성공,광산구,수완동,True,광산구 수완동,광산구 수완동,2177,12,39.72,광산구 풍영로145번길 42,True
,,2021,25.07~28.06,신규,15,7,2025,"9,000",24.85,25,92,0,,,,,,,,,,12210,수기동,,동구,12210,오피스텔,전월세,202507,오피스텔 전월세,아트시티 리버파크 모아미래도,동구,,,,동구|수기동|92|||,35.1489709013846,126.911238973669,광주광역시 동구 수기동 92,전남광주통합특별시 동구 천변우로 361-15,동구,충장동,1221052500,성공,동구,충장동,True,동구 충장동,동구 충장동,9000,0,24.85,동구 천변우로 361-15,True
,,2021,25.07~26.07,신규,19,7,2025,500,24.85,9,92,40,,,,,,,,,,12210,수기동,,동구,12210,오피스텔,전월세,202507,오피스텔 전월세,아트시티 리버파크 모아미래도,동구,,,,동구|수기동|92|||,35.1489709013846,126.911238973669,광주광역시 동구 수기동 92,전남광주통합특별시 동구 천변우로 361-15,동구,충장동,1221052500,성공,동구,충장동,True,동구 충장동,동구 충장동,500,40,24.85,동구 천변우로 361-15,True
,,2021,25.07~26.07,신규,31,7,2025,500,24.85,25,92,50,,,,,,,,,,12210,수기동,,동구,12210,오피스텔,전월세,202507,오피스텔 전월세,아트시티 리버파크 모아미래도,동구,,,,동구|수기동|92|||,35.1489709013846,126.911238973669,광주광역시 동구 수기동 92,전남광주통합특별시 동구 천변우로 361-15,동구,충장동,1221052500,성공,동구,충장동,True,동구 충장동,동구 충장동,500,50,24.85,동구 천변우로 361-15,True
,,2021,25.07~26.07,신규,13,7,2025,500,24.85,9,92,50,,,,,,,,,,12210,수기동,,동구,12210,오피스텔,전월세,202507,오피스텔 전월세,아트시티 리버파크 모아미래도,동구,,,,동구|수기동|92|||,35.1489709013846,126.911238973669,광주광역시 동구 수기동 92,전남광주통합특별시 동구 천변우로 361-15,동구,충장동,1221052500,성공,동구,충장동,True,동구 충장동,동구 충장동,500,50,24.85,동구 천변우로 361-15,True
,,2021,25.07~26.07,신규,14,7,2025,500,24.85,6,92,43,,,,,,,,,,12210,수기동,,동구,12210,오피스텔,전월세,202507,오피스텔 전월세,아트시티 리버파크 모아미래도,동구,,,,동구|수기동|92|||,35.1489709013846,126.911238973669,광주광역시 동구 수기동 92,전남광주통합특별시 동구 천변우로 361-15,동구,충장동,1221052500,성공,동구,충장동,True,동구 충장동,동구 충장동,500,43,24.85,동구 천변우로 361-15,True
,,2014,25.08~26.07,신규,7,7,2025,500,26.49,4,154-1,38,,,,,,,,,,12210,금남로5가,,동구,12210,오피스텔,전월세,202507,오피스텔 전월세,금남로 AM-City 하이클래스,동구,,,,동구|금남로5가|154-1|||,35.1517659240292,126.913725421103,광주광역시 동구 금남로5가 154-1,전남광주통합특별시 동구 금남로 185,동구,충장동,1221052500,성공,동구,충장동,True,동구 충장동,동구 충장동,500,38,26.49,동구 금남로 185,True
,,2021,25.07~26.07,신규,5,7,2025,500,24.85,18,92,49,,,,,,,,,,12210,수기동,,동구,12210,오피스텔,전월세,202507,오피스텔 전월세,아트시티 리버파크 모아미래도,동구,,,,동구|수기동|92|||,35.1489709013846,126.911238973669,광주광역시 동구 수기동 92,전남광주통합특별시 동구 천변우로 361-15,동구,충장동,1221052500,성공,동구,충장동,True,동구 충장동,동구 충장동,500,49,24.85,동구 천변우로 361-15,True
,,2021,25.08~27.08,신규,16,7,2025,"9,400",24.85,7,92,0,,,,,,,,,,12210,수기동,,동구,12210,오피스텔,전월세,202507,오피스텔 전월세,아트시티 리버파크 모아미래도,동구,,,,동구|수기동|92|||,35.1489709013846,126.911238973669,광주광역시 동구 수기동 92,전남광주통합특별시 동구 천변우로 361-15,동구,충장동,1221052500,성공,동구,충장동,True,동구 충장동,동구 충장동,9400,0,24.85,동구 천변우로 361-15,True
,,2021,25.08~27.08,신규,12,7,2025,"16,000",48.74,24,92,0,,,,,,,,,,12210,수기동,,동구,12210,오피스텔,전월세,202507,오피스텔 전월세,아트시티 리버파크 모아미래도,동구,,,,동구|수기동|92|||,35.1489709013846,126.911238973669,광주광역시 동구 수기동 92,전남광주통합특별시 동구 천변우로 361-15,동구,충장동,1221052500,성공,동구,충장동,True,동구 충장동,동구 충장동,16000,0,48.74,동구 천변우로 361-15,True
,,2021,25.07~27.07,신규,4,7,2025,"9,600",24.85,24,92,0,,,,,,,,,,12210,수기동,,동구,12210,오피스텔,전월세,202507,오피스텔 전월세,아트시티 리버파크 모아미래도,동구,,,,동구|수기동|92|||,35.1489709013846,126.911238973669,광주광역시 동구 수기동 92,전남광주통합특별시 동구 천변우로 361-15,동구,충장동,1221052500,성공,동구,충장동,True,동구 충장동,동구 충장동,9600,0,24.85,동구 천변우로 361-15,True
,,2005,25.07~26.07,신규,30,7,2025,300,30.42,7,1202-2,37,,,,,,,,,,12240,치평동,,서구,12240,오피스텔,전월세,202507,오피스텔 전월세,랜드피아오피스텔,서구,,,,서구|치평동|1202-2|||,35.1574390611471,126.849064142289,광주광역시 서구 치평동 1202-2,전남광주통합특별시 서구 상무중앙로 114,서구,치평동,1224074500,성공,서구,치평동,True,서구 치평동,서구 치평동,300,37,30.42,서구 상무중앙로 114,True
,,2005,25.08~27.08,신규,3,7,2025,"5,000",30.42,15,1202-2,0,,,,,,,,,,12240,치평동,,서구,12240,오피스텔,전월세,202507,오피스텔 전월세,랜드피아오피스텔,서구,,,,서구|치평동|1202-2|||,35.1574390611471,126.849064142289,광주광역시 서구 치평동 1202-2,전남광주통합특별시 서구 상무중앙로 114,서구,치평동,1224074500,성공,서구,치평동,True,서구 치평동,서구 치평동,5000,0,30.42,서구 상무중앙로 114,True
,,2005,25.07~26.07,신규,24,7,2025,500,33.12,8,1202-2,42,,,,,,,,,,12240,치평동,,서구,12240,오피스텔,전월세,202507,오피스텔 전월세,랜드피아오피스텔,서구,,,,서구|치평동|1202-2|||,35.1574390611471,126.849064142289,광주광역시 서구 치평동 1202-2,전남광주통합특별시 서구 상무중앙로 114,서구,치평동,1224074500,성공,서구,치평동,True,서구 치평동,서구 치평동,500,42,33.12,서구 상무중앙로 114,True
,,2005,25.08~26.08,신규,22,7,2025,"2,000",30.42,8,1202-2,25,,,,,,,,,,12240,치평동,,서구,12240,오피스텔,전월세,202507,오피스텔 전월세,랜드피아오피스텔,서구,,,,서구|치평동|1202-2|||,35.1574390611471,126.849064142289,광주광역시 서구 치평동 1202-2,전남광주통합특별시 서구 상무중앙로 114,서구,치평동,1224074500,성공,서구,치평동,True,서구 치평동,서구 치평동,2000,25,30.42,서구 상무중앙로 114,True
,,2005,25.07~26.07,신규,4,7,2025,200,33.12,12,1202-2,40,,,,,,,,,,12240,치평동,,서구,12240,오피스텔,전월세,202507,오피스텔 전월세,랜드피아오피스텔,서구,,,,서구|치평동|1202-2|||,35.1574390611471,126.849064142289,광주광역시 서구 치평동 1202-2,전남광주통합특별시 서구 상무중앙로 114,서구,치평동,1224074500,성공,서구,치평동,True,서구 치평동,서구 치평동,200,40,33.12,서구 상무중앙로 114,True
,,2005,25.08~26.07,신규,25,7,2025,300,30.42,16,1202-2,37,,,,,,,,,,12240,치평동,,서구,12240,오피스텔,전월세,202507,오피스텔 전월세,랜드피아오피스텔,서구,,,,서구|치평동|1202-2|||,35.1574390611471,126.849064142289,광주광역시 서구 치평동 1202-2,전남광주통합특별시 서구 상무중앙로 114,서구,치평동,1224074500,성공,서구,치평동,True,서구 치평동,서구 치평동,300,37,30.42,서구 상무중앙로 114,True
,,2005,25.07~26.07,신규,11,7,2025,400,30.42,8,1202-2,35,,,,,,,,,,12240,치평동,,서구,12240,오피스텔,전월세,202507,오피스텔 전월세,랜드피아오피스텔,서구,,,,서구|치평동|1202-2|||,35.1574390611471,126.849064142289,광주광역시 서구 치평동 1202-2,전남광주통합특별시 서구 상무중앙로 114,서구,치평동,1224074500,성공,서구,치평동,True,서구 치평동,서구 치평동,400,35,30.42,서구 상무중앙로 114,True
,,2017,25.09~26.09,신규,1,7,2025,500,29.98,4,694-74,50,,,,,,,,,,12330,쌍암동,,광산구,12330,오피스텔,전월세,202507,오피스텔 전월세,윤진리안채,광산구,,,,광산구|쌍암동|694-74|||,35.2151862774642,126.851132647598,광주광역시 광산구 쌍암동 694-74,전남광주통합특별시 광산구 첨단강변로99번길 21,광산구,첨단2동,1233062600,성공,북구,첨단2동,True,광산구 첨단2동,북구 첨단2동,500,50,29.98,광산구 첨단강변로99번길 21,True
,,,25.07~26.07,신규,24,7,2025,"1,000",52.57,4,1589-3,70,,,,,,,,,,12330,우산동,,광산구,12330,오피스텔,전월세,202507,오피스텔 전월세,우산동 한국아델리움 앤 중해마루힐,광산구,,,,광산구|우산동|1589-3|||,35.1599039377961,126.81132820509,광주광역시 광산구 우산동 1589-3,전남광주통합특별시 광산구 무진대로 278-11,광산구,우산동,1233058000,성공,광산구,우산동,True,광산구 우산동,광산구 우산동,1000,70,52.57,광산구 무진대로 278-11,True
,,2015,25.07~26.07,갱신,25,7,2025,"1,000",39.47,9,676-2,50,"1,000",50,,,,,,,,12330,쌍암동,,광산구,12330,오피스텔,전월세,202507,오피스텔 전월세,에이엠시티센트럴파크,광산구,,,,광산구|쌍암동|676-2|||,35.2215170161494,126.846882804545,광주광역시 광산구 쌍암동 676-2,전남광주통합특별시 광산구 첨단중앙로182번길 50,광산구,첨단1동,1233062400,성공,광산구,첨단1동,True,광산구 첨단1동,광산구 첨단1동,1000,50,39.47,광산구 첨단중앙로182번길 50,True
,,,25.08~27.08,신규,24,7,2025,"12,000",49.25,8,1589-3,0,,,,,,,,,,12330,우산동,,광산구,12330,오피스텔,전월세,202507,오피스텔 전월세,우산동 한국아델리움 앤 중해마루힐,광산구,,,,광산구|우산동|1589-3|||,35.1599039377961,126.81132820509,광주광역시 광산구 우산동 1589-3,전남광주통합특별시 광산구 무진대로 278-11,광산구,우산동,1233058000,성공,광산구,우산동,True,광산구 우산동,광산구 우산동,12000,0,49.25,광산구 무진대로 278-11,True
,,2014,25.07~26.07,신규,12,7,2025,300,25.24,6,893-1,35,,,,,,,,,,12330,월계동,,광산구,12330,오피스텔,전월세,202507,오피스텔 전월세,무들 에코클래스,광산구,,,,광산구|월계동|893-1|||,35.2144820852673,126.847824082744,광주광역시 광산구 월계동 893-1,전남광주통합특별시 광산구 임방울대로826번길 60-5,광산구,첨단2동,1233062600,성공,북구,첨단2동,True,광산구 첨단2동,북구 첨단2동,300,35,25.24,광산구 임방울대로826번길 60-5,True
,,2021,25.09~26.05,신규,21,8,2025,500,24.85,10,92,50,,,,,,,,,,12210,수기동,,동구,12210,오피스텔,전월세,202508,오피스텔 전월세,아트시티 리버파크 모아미래도,동구,,,,동구|수기동|92|||,35.1489709013846,126.911238973669,광주광역시 동구 수기동 92,전남광주통합특별시 동구 천변우로 361-15,동구,충장동,1221052500,성공,동구,충장동,True,동구 충장동,동구 충장동,500,50,24.85,동구 천변우로 361-15,True
,,2021,25.09~27.09,신규,21,8,2025,"9,600",24.85,26,92,0,,,,,,,,,,12210,수기동,,동구,12210,오피스텔,전월세,202508,오피스텔 전월세,아트시티 리버파크 모아미래도,동구,,,,동구|수기동|92|||,35.1489709013846,126.911238973669,광주광역시 동구 수기동 92,전남광주통합특별시 동구 천변우로 361-15,동구,충장동,1221052500,성공,동구,충장동,True,동구 충장동,동구 충장동,9600,0,24.85,동구 천변우로 361-15,True
,,2021,25.08~26.08,신규,8,8,2025,500,24.85,11,92,50,,,,,,,,,,12210,수기동,,동구,12210,오피스텔,전월세,202508,오피스텔 전월세,아트시티 리버파크 모아미래도,동구,,,,동구|수기동|92|||,35.1489709013846,126.911238973669,광주광역시 동구 수기동 92,전남광주통합특별시 동구 천변우로 361-15,동구,충장동,1221052500,성공,동구,충장동,True,동구 충장동,동구 충장동,500,50,24.85,동구 천변우로 361-15,True
,,2021,25.08~26.08,신규,1,8,2025,500,24.85,21,92,50,,,,,,,,,,12210,수기동,,동구,12210,오피스텔,전월세,202508,오피스텔 전월세,아트시티 리버파크 모아미래도,동구,,,,동구|수기동|92|||,35.1489709013846,126.911238973669,광주광역시 동구 수기동 92,전남광주통합특별시 동구 천변우로 361-15,동구,충장동,1221052500,성공,동구,충장동,True,동구 충장동,동구 충장동,500,50,24.85,동구 천변우로 361-15,True
,,2005,25.08~26.08,신규,25,8,2025,300,30.42,12,1202-2,34,,,,,,,,,,12240,치평동,,서구,12240,오피스텔,전월세,202508,오피스텔 전월세,랜드피아오피스텔,서구,,,,서구|치평동|1202-2|||,35.1574390611471,126.849064142289,광주광역시 서구 치평동 1202-2,전남광주통합특별시 서구 상무중앙로 114,서구,치평동,1224074500,성공,서구,치평동,True,서구 치평동,서구 치평동,300,34,30.42,서구 상무중앙로 114,True
,,2005,25.08~26.08,신규,6,8,2025,300,30.42,6,1202-2,35,,,,,,,,,,12240,치평동,,서구,12240,오피스텔,전월세,202508,오피스텔 전월세,랜드피아오피스텔,서구,,,,서구|치평동|1202-2|||,35.1574390611471,126.849064142289,광주광역시 서구 치평동 1202-2,전남광주통합특별시 서구 상무중앙로 114,서구,치평동,1224074500,성공,서구,치평동,True,서구 치평동,서구 치평동,300,35,30.42,서구 상무중앙로 114,True
,,2005,25.08~27.08,신규,8,8,2025,500,41.64,8,1202-2,45,,,,,,,,,,12240,치평동,,서구,12240,오피스텔,전월세,202508,오피스텔 전월세,랜드피아오피스텔,서구,,,,서구|치평동|1202-2|||,35.1574390611471,126.849064142289,광주광역시 서구 치평동 1202-2,전남광주통합특별시 서구 상무중앙로 114,서구,치평동,1224074500,성공,서구,치평동,True,서구 치평동,서구 치평동,500,45,41.64,서구 상무중앙로 114,True
,,2005,25.09~27.09,신규,8,8,2025,"5,500",30.42,5,1202-2,0,,,,,,,,,,12240,치평동,,서구,12240,오피스텔,전월세,202508,오피스텔 전월세,랜드피아오피스텔,서구,,,,서구|치평동|1202-2|||,35.1574390611471,126.849064142289,광주광역시 서구 치평동 1202-2,전남광주통합특별시 서구 상무중앙로 114,서구,치평동,1224074500,성공,서구,치평동,True,서구 치평동,서구 치평동,5500,0,30.42,서구 상무중앙로 114,True
,,2013,25.08~26.08,신규,14,8,2025,"6,500",33.58,3,694-115,0,,,,,,,,,,12330,쌍암동,,광산구,12330,오피스텔,전월세,202508,오피스텔 전월세,에드가,광산구,,,,광산구|쌍암동|694-115|||,35.2149023369798,126.849588941863,광주광역시 광산구 쌍암동 694-115,전남광주통합특별시 광산구 월계로 223-17,광산구,첨단2동,1233062600,성공,북구,첨단2동,True,광산구 첨단2동,북구 첨단2동,6500,0,33.58,광산구 월계로 223-17,True
,,2015,25.09~26.09,신규,20,8,2025,"1,000",39.47,8,676-2,55,,,,,,,,,,12330,쌍암동,,광산구,12330,오피스텔,전월세,202508,오피스텔 전월세,에이엠시티센트럴파크,광산구,,,,광산구|쌍암동|676-2|||,35.2215170161494,126.846882804545,광주광역시 광산구 쌍암동 676-2,전남광주통합특별시 광산구 첨단중앙로182번길 50,광산구,첨단1동,1233062400,성공,광산구,첨단1동,True,광산구 첨단1동,광산구 첨단1동,1000,55,39.47,광산구 첨단중앙로182번길 50,True
,,2017,25.08~26.08,신규,13,8,2025,500,29.53,8,694-74,50,,,,,,,,,,12330,쌍암동,,광산구,12330,오피스텔,전월세,202508,오피스텔 전월세,윤진리안채,광산구,,,,광산구|쌍암동|694-74|||,35.2151862774642,126.851132647598,광주광역시 광산구 쌍암동 694-74,전남광주통합특별시 광산구 첨단강변로99번길 21,광산구,첨단2동,1233062600,성공,북구,첨단2동,True,광산구 첨단2동,북구 첨단2동,500,50,29.53,광산구 첨단강변로99번길 21,True
,,2013,25.08~27.08,신규,13,8,2025,"5,300",27.54,2,694-115,0,,,,,,,,,,12330,쌍암동,,광산구,12330,오피스텔,전월세,202508,오피스텔 전월세,에드가,광산구,,,,광산구|쌍암동|694-115|||,35.2149023369798,126.849588941863,광주광역시 광산구 쌍암동 694-115,전남광주통합특별시 광산구 월계로 223-17,광산구,첨단2동,1233062600,성공,북구,첨단2동,True,광산구 첨단2동,북구 첨단2동,5300,0,27.54,광산구 월계로 223-17,True
,,2021,25.10~26.10,신규,27,9,2025,500,24.85,23,92,49,,,,,,,,,,12210,수기동,,동구,12210,오피스텔,전월세,202509,오피스텔 전월세,아트시티 리버파크 모아미래도,동구,,,,동구|수기동|92|||,35.1489709013846,126.911238973669,광주광역시 동구 수기동 92,전남광주통합특별시 동구 천변우로 361-15,동구,충장동,1221052500,성공,동구,충장동,True,동구 충장동,동구 충장동,500,49,24.85,동구 천변우로 361-15,True
,,2021,25.09~26.09,신규,16,9,2025,500,24.85,12,92,48,,,,,,,,,,12210,수기동,,동구,12210,오피스텔,전월세,202509,오피스텔 전월세,아트시티 리버파크 모아미래도,동구,,,,동구|수기동|92|||,35.1489709013846,126.911238973669,광주광역시 동구 수기동 92,전남광주통합특별시 동구 천변우로 361-15,동구,충장동,1221052500,성공,동구,충장동,True,동구 충장동,동구 충장동,500,48,24.85,동구 천변우로 361-15,True
,,2014,25.09~26.09,신규,26,9,2025,500,26.49,3,154-1,38,,,,,,,,,,12210,금남로5가,,동구,12210,오피스텔,전월세,202509,오피스텔 전월세,금남로 AM-City 하이클래스,동구,,,,동구|금남로5가|154-1|||,35.1517659240292,126.913725421103,광주광역시 동구 금남로5가 154-1,전남광주통합특별시 동구 금남로 185,동구,충장동,1221052500,성공,동구,충장동,True,동구 충장동,동구 충장동,500,38,26.49,동구 금남로 185,True
,,2021,25.10~27.10,신규,15,9,2025,"9,500",24.85,22,92,0,,,,,,,,,,12210,수기동,,동구,12210,오피스텔,전월세,202509,오피스텔 전월세,아트시티 리버파크 모아미래도,동구,,,,동구|수기동|92|||,35.1489709013846,126.911238973669,광주광역시 동구 수기동 92,전남광주통합특별시 동구 천변우로 361-15,동구,충장동,1221052500,성공,동구,충장동,True,동구 충장동,동구 충장동,9500,0,24.85,동구 천변우로 361-15,True
,,2021,25.09~26.09,신규,8,9,2025,500,24.85,19,92,50,,,,,,,,,,12210,수기동,,동구,12210,오피스텔,전월세,202509,오피스텔 전월세,아트시티 리버파크 모아미래도,동구,,,,동구|수기동|92|||,35.1489709013846,126.911238973669,광주광역시 동구 수기동 92,전남광주통합특별시 동구 천변우로 361-15,동구,충장동,1221052500,성공,동구,충장동,True,동구 충장동,동구 충장동,500,50,24.85,동구 천변우로 361-15,True
,,2021,25.10~27.09,신규,10,9,2025,"9,400",24.85,16,92,0,,,,,,,,,,12210,수기동,,동구,12210,오피스텔,전월세,202509,오피스텔 전월세,아트시티 리버파크 모아미래도,동구,,,,동구|수기동|92|||,35.1489709013846,126.911238973669,광주광역시 동구 수기동 92,전남광주통합특별시 동구 천변우로 361-15,동구,충장동,1221052500,성공,동구,충장동,True,동구 충장동,동구 충장동,9400,0,24.85,동구 천변우로 361-15,True
,,2005,25.10~27.10,신규,27,9,2025,"6,500",41.64,11,1202-2,0,,,,,,,,,,12240,치평동,,서구,12240,오피스텔,전월세,202509,오피스텔 전월세,랜드피아오피스텔,서구,,,,서구|치평동|1202-2|||,35.1574390611471,126.849064142289,광주광역시 서구 치평동 1202-2,전남광주통합특별시 서구 상무중앙로 114,서구,치평동,1224074500,성공,서구,치평동,True,서구 치평동,서구 치평동,6500,0,41.64,서구 상무중앙로 114,True
,,2005,25.09~26.09,신규,13,9,2025,300,30.42,15,1202-2,35,,,,,,,,,,12240,치평동,,서구,12240,오피스텔,전월세,202509,오피스텔 전월세,랜드피아오피스텔,서구,,,,서구|치평동|1202-2|||,35.1574390611471,126.849064142289,광주광역시 서구 치평동 1202-2,전남광주통합특별시 서구 상무중앙로 114,서구,치평동,1224074500,성공,서구,치평동,True,서구 치평동,서구 치평동,300,35,30.42,서구 상무중앙로 114,True
,,2005,25.09~26.09,신규,2,9,2025,300,30.42,11,1202-2,38,,,,,,,,,,12240,치평동,,서구,12240,오피스텔,전월세,202509,오피스텔 전월세,랜드피아오피스텔,서구,,,,서구|치평동|1202-2|||,35.1574390611471,126.849064142289,광주광역시 서구 치평동 1202-2,전남광주통합특별시 서구 상무중앙로 114,서구,치평동,1224074500,성공,서구,치평동,True,서구 치평동,서구 치평동,300,38,30.42,서구 상무중앙로 114,True
,,2018,25.11~27.11,신규,17,9,2025,"14,000",53.66,17,415-57,0,,,,,,,,,,12240,농성동,,서구,12240,오피스텔,전월세,202509,오피스텔 전월세,농성지오스테이션,서구,,,,서구|농성동|415-57|||,35.1603903368224,126.886429218677,광주광역시 서구 농성동 415-57,전남광주통합특별시 서구 내방로 433,서구,농성1동,1224065000,성공,서구,농성1동,True,서구 농성1동,서구 농성1동,14000,0,53.66,서구 내방로 433,True
,,2005,25.09~26.09,신규,10,9,2025,300,30.42,4,1202-2,33,,,,,,,,,,12240,치평동,,서구,12240,오피스텔,전월세,202509,오피스텔 전월세,랜드피아오피스텔,서구,,,,서구|치평동|1202-2|||,35.1574390611471,126.849064142289,광주광역시 서구 치평동 1202-2,전남광주통합특별시 서구 상무중앙로 114,서구,치평동,1224074500,성공,서구,치평동,True,서구 치평동,서구 치평동,300,33,30.42,서구 상무중앙로 114,True
,,2005,25.09~26.09,신규,15,9,2025,300,30.42,5,1202-2,32,,,,,,,,,,12240,치평동,,서구,12240,오피스텔,전월세,202509,오피스텔 전월세,랜드피아오피스텔,서구,,,,서구|치평동|1202-2|||,35.1574390611471,126.849064142289,광주광역시 서구 치평동 1202-2,전남광주통합특별시 서구 상무중앙로 114,서구,치평동,1224074500,성공,서구,치평동,True,서구 치평동,서구 치평동,300,32,30.42,서구 상무중앙로 114,True
,,2013,25.10~26.10,갱신,25,9,2025,300,32.78,4,694-115,40,300,40,,,,,,,,12330,쌍암동,,광산구,12330,오피스텔,전월세,202509,오피스텔 전월세,에드가,광산구,,,,광산구|쌍암동|694-115|||,35.2149023369798,126.849588941863,광주광역시 광산구 쌍암동 694-115,전남광주통합특별시 광산구 월계로 223-17,광산구,첨단2동,1233062600,성공,북구,첨단2동,True,광산구 첨단2동,북구 첨단2동,300,40,32.78,광산구 월계로 223-17,True
,,2017,25.09~26.09,신규,9,9,2025,500,31.76,8,694-74,50,,,,,,,,,,12330,쌍암동,,광산구,12330,오피스텔,전월세,202509,오피스텔 전월세,윤진리안채,광산구,,,,광산구|쌍암동|694-74|||,35.2151862774642,126.851132647598,광주광역시 광산구 쌍암동 694-74,전남광주통합특별시 광산구 첨단강변로99번길 21,광산구,첨단2동,1233062600,성공,북구,첨단2동,True,광산구 첨단2동,북구 첨단2동,500,50,31.76,광산구 첨단강변로99번길 21,True
,,2013,25.09~27.09,신규,26,9,2025,"6,000",32.78,4,694-115,0,,,,,,,,,,12330,쌍암동,,광산구,12330,오피스텔,전월세,202509,오피스텔 전월세,에드가,광산구,,,,광산구|쌍암동|694-115|||,35.2149023369798,126.849588941863,광주광역시 광산구 쌍암동 694-115,전남광주통합특별시 광산구 월계로 223-17,광산구,첨단2동,1233062600,성공,북구,첨단2동,True,광산구 첨단2동,북구 첨단2동,6000,0,32.78,광산구 월계로 223-17,True
,,2014,25.09~26.09,신규,26,9,2025,400,25.24,3,893-1,36,,,,,,,,,,12330,월계동,,광산구,12330,오피스텔,전월세,202509,오피스텔 전월세,무들 에코클래스,광산구,,,,광산구|월계동|893-1|||,35.2144820852673,126.847824082744,광주광역시 광산구 월계동 893-1,전남광주통합특별시 광산구 임방울대로826번길 60-5,광산구,첨단2동,1233062600,성공,북구,첨단2동,True,광산구 첨단2동,북구 첨단2동,400,36,25.24,광산구 임방울대로826번길 60-5,True
,,2013,25.09~26.09,신규,26,9,2025,"2,000",27.54,4,694-115,28,,,,,,,,,,12330,쌍암동,,광산구,12330,오피스텔,전월세,202509,오피스텔 전월세,에드가,광산구,,,,광산구|쌍암동|694-115|||,35.2149023369798,126.849588941863,광주광역시 광산구 쌍암동 694-115,전남광주통합특별시 광산구 월계로 223-17,광산구,첨단2동,1233062600,성공,북구,첨단2동,True,광산구 첨단2동,북구 첨단2동,2000,28,27.54,광산구 월계로 223-17,True
,,2017,25.09~26.09,신규,6,9,2025,500,31.76,4,694-74,50,,,,,,,,,,12330,쌍암동,,광산구,12330,오피스텔,전월세,202509,오피스텔 전월세,윤진리안채,광산구,,,,광산구|쌍암동|694-74|||,35.2151862774642,126.851132647598,광주광역시 광산구 쌍암동 694-74,전남광주통합특별시 광산구 첨단강변로99번길 21,광산구,첨단2동,1233062600,성공,북구,첨단2동,True,광산구 첨단2동,북구 첨단2동,500,50,31.76,광산구 첨단강변로99번길 21,True
,,2018,25.09~27.09,갱신,12,9,2025,"13,600",49.24,4,676-3,0,"15,500",,,,,,,,,12330,쌍암동,,광산구,12330,오피스텔,전월세,202509,오피스텔 전월세,첨단센트럴파크2차,광산구,,,,광산구|쌍암동|676-3|||,35.2209763822162,126.84687920672,광주광역시 광산구 쌍암동 676-3,전남광주통합특별시 광산구 첨단중앙로170번길 87,광산구,첨단1동,1233062400,성공,광산구,첨단1동,True,광산구 첨단1동,광산구 첨단1동,13600,0,49.24,광산구 첨단중앙로170번길 87,True
,,,25.10~27.10,신규,10,9,2025,"12,000",49.25,2,1589-3,0,,,,,,,,,,12330,우산동,,광산구,12330,오피스텔,전월세,202509,오피스텔 전월세,우산동 한국아델리움 앤 중해마루힐,광산구,,,,광산구|우산동|1589-3|||,35.1599039377961,126.81132820509,광주광역시 광산구 우산동 1589-3,전남광주통합특별시 광산구 무진대로 278-11,광산구,우산동,1233058000,성공,광산구,우산동,True,광산구 우산동,광산구 우산동,12000,0,49.25,광산구 무진대로 278-11,True
,,2021,25.10~27.10,갱신,16,10,2025,"8,800",24.85,16,92,0,"10,000",,,,,,,,,12210,수기동,,동구,12210,오피스텔,전월세,202510,오피스텔 전월세,아트시티 리버파크 모아미래도,동구,,,,동구|수기동|92|||,35.1489709013846,126.911238973669,광주광역시 동구 수기동 92,전남광주통합특별시 동구 천변우로 361-15,동구,충장동,1221052500,성공,동구,충장동,True,동구 충장동,동구 충장동,8800,0,24.85,동구 천변우로 361-15,True
,,2021,25.11~26.11,신규,29,10,2025,500,48.74,13,92,80,,,,,,,,,,12210,수기동,,동구,12210,오피스텔,전월세,202510,오피스텔 전월세,아트시티 리버파크 모아미래도,동구,,,,동구|수기동|92|||,35.1489709013846,126.911238973669,광주광역시 동구 수기동 92,전남광주통합특별시 동구 천변우로 361-15,동구,충장동,1221052500,성공,동구,충장동,True,동구 충장동,동구 충장동,500,80,48.74,동구 천변우로 361-15,True
,,2021,25.11~26.11,신규,20,10,2025,500,24.85,23,92,50,,,,,,,,,,12210,수기동,,동구,12210,오피스텔,전월세,202510,오피스텔 전월세,아트시티 리버파크 모아미래도,동구,,,,동구|수기동|92|||,35.1489709013846,126.911238973669,광주광역시 동구 수기동 92,전남광주통합특별시 동구 천변우로 361-15,동구,충장동,1221052500,성공,동구,충장동,True,동구 충장동,동구 충장동,500,50,24.85,동구 천변우로 361-15,True
,,2014,25.10~27.02,신규,7,10,2025,300,26.49,5,154-1,40,,,,,,,,,,12210,금남로5가,,동구,12210,오피스텔,전월세,202510,오피스텔 전월세,금남로 AM-City 하이클래스,동구,,,,동구|금남로5가|154-1|||,35.1517659240292,126.913725421103,광주광역시 동구 금남로5가 154-1,전남광주통합특별시 동구 금남로 185,동구,충장동,1221052500,성공,동구,충장동,True,동구 충장동,동구 충장동,300,40,26.49,동구 금남로 185,True
,,2021,25.10~27.10,갱신,13,10,2025,"8,820",24.85,24,92,0,"9,800",,,,,,,,,12210,수기동,,동구,12210,오피스텔,전월세,202510,오피스텔 전월세,아트시티 리버파크 모아미래도,동구,,,,동구|수기동|92|||,35.1489709013846,126.911238973669,광주광역시 동구 수기동 92,전남광주통합특별시 동구 천변우로 361-15,동구,충장동,1221052500,성공,동구,충장동,True,동구 충장동,동구 충장동,8820,0,24.85,동구 천변우로 361-15,True
,,2005,25.10~26.10,신규,25,10,2025,500,41.64,7,1202-2,45,,,,,,,,,,12240,치평동,,서구,12240,오피스텔,전월세,202510,오피스텔 전월세,랜드피아오피스텔,서구,,,,서구|치평동|1202-2|||,35.1574390611471,126.849064142289,광주광역시 서구 치평동 1202-2,전남광주통합특별시 서구 상무중앙로 114,서구,치평동,1224074500,성공,서구,치평동,True,서구 치평동,서구 치평동,500,45,41.64,서구 상무중앙로 114,True
,,2018,25.11~27.11,갱신,29,10,2025,"14,000",53.66,8,415-57,0,"14,000",,,,,,,,,12240,농성동,사용,서구,12240,오피스텔,전월세,202510,오피스텔 전월세,농성지오스테이션,서구,,,,서구|농성동|415-57|||,35.1603903368224,126.886429218677,광주광역시 서구 농성동 415-57,전남광주통합특별시 서구 내방로 433,서구,농성1동,1224065000,성공,서구,농성1동,True,서구 농성1동,서구 농성1동,14000,0,53.66,서구 내방로 433,True
,,2005,25.11~26.11,신규,24,10,2025,300,30.42,8,1202-2,35,,,,,,,,,,12240,치평동,,서구,12240,오피스텔,전월세,202510,오피스텔 전월세,랜드피아오피스텔,서구,,,,서구|치평동|1202-2|||,35.1574390611471,126.849064142289,광주광역시 서구 치평동 1202-2,전남광주통합특별시 서구 상무중앙로 114,서구,치평동,1224074500,성공,서구,치평동,True,서구 치평동,서구 치평동,300,35,30.42,서구 상무중앙로 114,True
,,2005,25.11~26.11,신규,29,10,2025,"1,500",41.64,7,1202-2,40,,,,,,,,,,12240,치평동,,서구,12240,오피스텔,전월세,202510,오피스텔 전월세,랜드피아오피스텔,서구,,,,서구|치평동|1202-2|||,35.1574390611471,126.849064142289,광주광역시 서구 치평동 1202-2,전남광주통합특별시 서구 상무중앙로 114,서구,치평동,1224074500,성공,서구,치평동,True,서구 치평동,서구 치평동,1500,40,41.64,서구 상무중앙로 114,True
,,2005,25.10~26.10,신규,27,10,2025,300,33.12,7,1202-2,37,,,,,,,,,,12240,치평동,,서구,12240,오피스텔,전월세,202510,오피스텔 전월세,랜드피아오피스텔,서구,,,,서구|치평동|1202-2|||,35.1574390611471,126.849064142289,광주광역시 서구 치평동 1202-2,전남광주통합특별시 서구 상무중앙로 114,서구,치평동,1224074500,성공,서구,치평동,True,서구 치평동,서구 치평동,300,37,33.12,서구 상무중앙로 114,True
,,2005,25.10~26.10,신규,3,10,2025,300,30.42,14,1202-2,35,,,,,,,,,,12240,치평동,,서구,12240,오피스텔,전월세,202510,오피스텔 전월세,랜드피아오피스텔,서구,,,,서구|치평동|1202-2|||,35.1574390611471,126.849064142289,광주광역시 서구 치평동 1202-2,전남광주통합특별시 서구 상무중앙로 114,서구,치평동,1224074500,성공,서구,치평동,True,서구 치평동,서구 치평동,300,35,30.42,서구 상무중앙로 114,True
,,2005,25.10~26.10,신규,10,10,2025,500,41.64,11,1202-2,45,,,,,,,,,,12240,치평동,,서구,12240,오피스텔,전월세,202510,오피스텔 전월세,랜드피아오피스텔,서구,,,,서구|치평동|1202-2|||,35.1574390611471,126.849064142289,광주광역시 서구 치평동 1202-2,전남광주통합특별시 서구 상무중앙로 114,서구,치평동,1224074500,성공,서구,치평동,True,서구 치평동,서구 치평동,500,45,41.64,서구 상무중앙로 114,True
,,2018,25.10~27.10,신규,13,10,2025,"2,000",53.66,14,415-57,70,,,,,,,,,,12240,농성동,,서구,12240,오피스텔,전월세,202510,오피스텔 전월세,농성지오스테이션,서구,,,,서구|농성동|415-57|||,35.1603903368224,126.886429218677,광주광역시 서구 농성동 415-57,전남광주통합특별시 서구 내방로 433,서구,농성1동,1224065000,성공,서구,농성1동,True,서구 농성1동,서구 농성1동,2000,70,53.66,서구 내방로 433,True
,,2005,25.10~26.10,신규,2,10,2025,"5,200",30.42,11,1202-2,0,,,,,,,,,,12240,치평동,,서구,12240,오피스텔,전월세,202510,오피스텔 전월세,랜드피아오피스텔,서구,,,,서구|치평동|1202-2|||,35.1574390611471,126.849064142289,광주광역시 서구 치평동 1202-2,전남광주통합특별시 서구 상무중앙로 114,서구,치평동,1224074500,성공,서구,치평동,True,서구 치평동,서구 치평동,5200,0,30.42,서구 상무중앙로 114,True
,,2018,,,27,10,2025,"10,000",49.24,3,676-3,0,,,,,,,,,,12330,쌍암동,,광산구,12330,오피스텔,전월세,202510,오피스텔 전월세,첨단센트럴파크2차,광산구,,,,광산구|쌍암동|676-3|||,35.2209763822162,126.84687920672,광주광역시 광산구 쌍암동 676-3,전남광주통합특별시 광산구 첨단중앙로170번길 87,광산구,첨단1동,1233062400,성공,광산구,첨단1동,True,광산구 첨단1동,광산구 첨단1동,10000,0,49.24,광산구 첨단중앙로170번길 87,True
,,2017,25.12~26.11,신규,28,10,2025,500,31.76,7,694-74,53,,,,,,,,,,12330,쌍암동,,광산구,12330,오피스텔,전월세,202510,오피스텔 전월세,윤진리안채,광산구,,,,광산구|쌍암동|694-74|||,35.2151862774642,126.851132647598,광주광역시 광산구 쌍암동 694-74,전남광주통합특별시 광산구 첨단강변로99번길 21,광산구,첨단2동,1233062600,성공,북구,첨단2동,True,광산구 첨단2동,북구 첨단2동,500,53,31.76,광산구 첨단강변로99번길 21,True
,,2015,25.11~27.10,신규,24,10,2025,"1,000",39.47,10,676-2,65,,,,,,,,,,12330,쌍암동,,광산구,12330,오피스텔,전월세,202510,오피스텔 전월세,에이엠시티센트럴파크,광산구,,,,광산구|쌍암동|676-2|||,35.2215170161494,126.846882804545,광주광역시 광산구 쌍암동 676-2,전남광주통합특별시 광산구 첨단중앙로182번길 50,광산구,첨단1동,1233062400,성공,광산구,첨단1동,True,광산구 첨단1동,광산구 첨단1동,1000,65,39.47,광산구 첨단중앙로182번길 50,True
,,2018,25.10~26.10,신규,18,10,2025,"1,000",49.24,4,676-3,60,,,,,,,,,,12330,쌍암동,,광산구,12330,오피스텔,전월세,202510,오피스텔 전월세,첨단센트럴파크2차,광산구,,,,광산구|쌍암동|676-3|||,35.2209763822162,126.84687920672,광주광역시 광산구 쌍암동 676-3,전남광주통합특별시 광산구 첨단중앙로170번길 87,광산구,첨단1동,1233062400,성공,광산구,첨단1동,True,광산구 첨단1동,광산구 첨단1동,1000,60,49.24,광산구 첨단중앙로170번길 87,True
,,2014,25.10~26.10,신규,20,10,2025,300,25.24,5,893-1,36,,,,,,,,,,12330,월계동,,광산구,12330,오피스텔,전월세,202510,오피스텔 전월세,무들 에코클래스,광산구,,,,광산구|월계동|893-1|||,35.2144820852673,126.847824082744,광주광역시 광산구 월계동 893-1,전남광주통합특별시 광산구 임방울대로826번길 60-5,광산구,첨단2동,1233062600,성공,북구,첨단2동,True,광산구 첨단2동,북구 첨단2동,300,36,25.24,광산구 임방울대로826번길 60-5,True
,,2013,25.11~26.10,신규,13,10,2025,"2,000",33.58,4,694-115,31,,,,,,,,,,12330,쌍암동,,광산구,12330,오피스텔,전월세,202510,오피스텔 전월세,에드가,광산구,,,,광산구|쌍암동|694-115|||,35.2149023369798,126.849588941863,광주광역시 광산구 쌍암동 694-115,전남광주통합특별시 광산구 월계로 223-17,광산구,첨단2동,1233062600,성공,북구,첨단2동,True,광산구 첨단2동,북구 첨단2동,2000,31,33.58,광산구 월계로 223-17,True
,,2013,25.11~26.10,신규,13,10,2025,"2,000",33.58,4,694-115,31,,,,,,,,,,12330,쌍암동,,광산구,12330,오피스텔,전월세,202510,오피스텔 전월세,에드가,광산구,,,,광산구|쌍암동|694-115|||,35.2149023369798,126.849588941863,광주광역시 광산구 쌍암동 694-115,전남광주통합특별시 광산구 월계로 223-17,광산구,첨단2동,1233062600,성공,북구,첨단2동,True,광산구 첨단2동,북구 첨단2동,2000,31,33.58,광산구 월계로 223-17,True
,,,25.10~26.10,신규,22,10,2025,700,52.57,2,1589-3,60,,,,,,,,,,12330,우산동,,광산구,12330,오피스텔,전월세,202510,오피스텔 전월세,우산동 한국아델리움 앤 중해마루힐,광산구,,,,광산구|우산동|1589-3|||,35.1599039377961,126.81132820509,광주광역시 광산구 우산동 1589-3,전남광주통합특별시 광산구 무진대로 278-11,광산구,우산동,1233058000,성공,광산구,우산동,True,광산구 우산동,광산구 우산동,700,60,52.57,광산구 무진대로 278-11,True
,,2015,25.12~27.12,갱신,27,10,2025,"11,000",39.47,5,676-2,0,"9,500",8,,,,,,,,12330,쌍암동,,광산구,12330,오피스텔,전월세,202510,오피스텔 전월세,에이엠시티센트럴파크,광산구,,,,광산구|쌍암동|676-2|||,35.2215170161494,126.846882804545,광주광역시 광산구 쌍암동 676-2,전남광주통합특별시 광산구 첨단중앙로182번길 50,광산구,첨단1동,1233062400,성공,광산구,첨단1동,True,광산구 첨단1동,광산구 첨단1동,11000,0,39.47,광산구 첨단중앙로182번길 50,True
,,2015,25.10~26.10,신규,16,10,2025,"1,000",39.47,13,676-2,65,,,,,,,,,,12330,쌍암동,,광산구,12330,오피스텔,전월세,202510,오피스텔 전월세,에이엠시티센트럴파크,광산구,,,,광산구|쌍암동|676-2|||,35.2215170161494,126.846882804545,광주광역시 광산구 쌍암동 676-2,전남광주통합특별시 광산구 첨단중앙로182번길 50,광산구,첨단1동,1233062400,성공,광산구,첨단1동,True,광산구 첨단1동,광산구 첨단1동,1000,65,39.47,광산구 첨단중앙로182번길 50,True
,,,25.11~27.11,신규,18,10,2025,"12,500",49.25,3,1589-3,0,,,,,,,,,,12330,우산동,,광산구,12330,오피스텔,전월세,202510,오피스텔 전월세,우산동 한국아델리움 앤 중해마루힐,광산구,,,,광산구|우산동|1589-3|||,35.1599039377961,126.81132820509,광주광역시 광산구 우산동 1589-3,전남광주통합특별시 광산구 무진대로 278-11,광산구,우산동,1233058000,성공,광산구,우산동,True,광산구 우산동,광산구 우산동,12500,0,49.25,광산구 무진대로 278-11,True
,,2015,26.01~27.01,신규,16,10,2025,"1,000",39.47,4,676-2,65,,,,,,,,,,12330,쌍암동,,광산구,12330,오피스텔,전월세,202510,오피스텔 전월세,에이엠시티센트럴파크,광산구,,,,광산구|쌍암동|676-2|||,35.2215170161494,126.846882804545,광주광역시 광산구 쌍암동 676-2,전남광주통합특별시 광산구 첨단중앙로182번길 50,광산구,첨단1동,1233062400,성공,광산구,첨단1동,True,광산구 첨단1동,광산구 첨단1동,1000,65,39.47,광산구 첨단중앙로182번길 50,True
,,2013,25.10~26.10,신규,3,10,2025,500,33.58,2,694-115,38,,,,,,,,,,12330,쌍암동,,광산구,12330,오피스텔,전월세,202510,오피스텔 전월세,에드가,광산구,,,,광산구|쌍암동|694-115|||,35.2149023369798,126.849588941863,광주광역시 광산구 쌍암동 694-115,전남광주통합특별시 광산구 월계로 223-17,광산구,첨단2동,1233062600,성공,북구,첨단2동,True,광산구 첨단2동,북구 첨단2동,500,38,33.58,광산구 월계로 223-17,True
,,2013,25.10~26.10,신규,2,10,2025,300,27.54,2,694-115,33,,,,,,,,,,12330,쌍암동,,광산구,12330,오피스텔,전월세,202510,오피스텔 전월세,에드가,광산구,,,,광산구|쌍암동|694-115|||,35.2149023369798,126.849588941863,광주광역시 광산구 쌍암동 694-115,전남광주통합특별시 광산구 월계로 223-17,광산구,첨단2동,1233062600,성공,북구,첨단2동,True,광산구 첨단2동,북구 첨단2동,300,33,27.54,광산구 월계로 223-17,True
,,2017,25.10~26.09,신규,1,10,2025,500,29.53,6,694-74,50,,,,,,,,,,12330,쌍암동,,광산구,12330,오피스텔,전월세,202510,오피스텔 전월세,윤진리안채,광산구,,,,광산구|쌍암동|694-74|||,35.2151862774642,126.851132647598,광주광역시 광산구 쌍암동 694-74,전남광주통합특별시 광산구 첨단강변로99번길 21,광산구,첨단2동,1233062600,성공,북구,첨단2동,True,광산구 첨단2동,북구 첨단2동,500,50,29.53,광산구 첨단강변로99번길 21,True
,,2021,26.01~28.01,갱신,25,11,2025,"5,327",24.85,16,92,5,"5,073",7,,,,,,,,12210,수기동,,동구,12210,오피스텔,전월세,202511,오피스텔 전월세,아트시티 리버파크 모아미래도,동구,,,,동구|수기동|92|||,35.1489709013846,126.911238973669,광주광역시 동구 수기동 92,전남광주통합특별시 동구 천변우로 361-15,동구,충장동,1221052500,성공,동구,충장동,True,동구 충장동,동구 충장동,5327,5,24.85,동구 천변우로 361-15,True
,,2021,25.12~27.12,갱신,28,11,2025,"8,800",24.85,24,92,0,"9,800",,,,,,,,,12210,수기동,,동구,12210,오피스텔,전월세,202511,오피스텔 전월세,아트시티 리버파크 모아미래도,동구,,,,동구|수기동|92|||,35.1489709013846,126.911238973669,광주광역시 동구 수기동 92,전남광주통합특별시 동구 천변우로 361-15,동구,충장동,1221052500,성공,동구,충장동,True,동구 충장동,동구 충장동,8800,0,24.85,동구 천변우로 361-15,True
,,2021,25.12~27.12,갱신,26,11,2025,"9,790",24.85,20,92,0,"9,800",,,,,,,,,12210,수기동,,동구,12210,오피스텔,전월세,202511,오피스텔 전월세,아트시티 리버파크 모아미래도,동구,,,,동구|수기동|92|||,35.1489709013846,126.911238973669,광주광역시 동구 수기동 92,전남광주통합특별시 동구 천변우로 361-15,동구,충장동,1221052500,성공,동구,충장동,True,동구 충장동,동구 충장동,9790,0,24.85,동구 천변우로 361-15,True
,,2021,25.12~27.12,갱신,26,11,2025,"9,790",24.85,19,92,0,"9,800",,,,,,,,,12210,수기동,,동구,12210,오피스텔,전월세,202511,오피스텔 전월세,아트시티 리버파크 모아미래도,동구,,,,동구|수기동|92|||,35.1489709013846,126.911238973669,광주광역시 동구 수기동 92,전남광주통합특별시 동구 천변우로 361-15,동구,충장동,1221052500,성공,동구,충장동,True,동구 충장동,동구 충장동,9790,0,24.85,동구 천변우로 361-15,True
,,2021,25.11~26.11,신규,5,11,2025,500,24.85,10,92,40,,,,,,,,,,12210,수기동,,동구,12210,오피스텔,전월세,202511,오피스텔 전월세,아트시티 리버파크 모아미래도,동구,,,,동구|수기동|92|||,35.1489709013846,126.911238973669,광주광역시 동구 수기동 92,전남광주통합특별시 동구 천변우로 361-15,동구,충장동,1221052500,성공,동구,충장동,True,동구 충장동,동구 충장동,500,40,24.85,동구 천변우로 361-15,True
,,2021,25.11~26.11,신규,11,11,2025,500,24.85,10,92,48,,,,,,,,,,12210,수기동,,동구,12210,오피스텔,전월세,202511,오피스텔 전월세,아트시티 리버파크 모아미래도,동구,,,,동구|수기동|92|||,35.1489709013846,126.911238973669,광주광역시 동구 수기동 92,전남광주통합특별시 동구 천변우로 361-15,동구,충장동,1221052500,성공,동구,충장동,True,동구 충장동,동구 충장동,500,48,24.85,동구 천변우로 361-15,True
,,2021,25.12~27.12,신규,18,11,2025,"9,500",24.85,19,92,0,,,,,,,,,,12210,수기동,,동구,12210,오피스텔,전월세,202511,오피스텔 전월세,아트시티 리버파크 모아미래도,동구,,,,동구|수기동|92|||,35.1489709013846,126.911238973669,광주광역시 동구 수기동 92,전남광주통합특별시 동구 천변우로 361-15,동구,충장동,1221052500,성공,동구,충장동,True,동구 충장동,동구 충장동,9500,0,24.85,동구 천변우로 361-15,True
,,2021,25.11~26.11,신규,10,11,2025,500,24.85,22,92,50,,,,,,,,,,12210,수기동,,동구,12210,오피스텔,전월세,202511,오피스텔 전월세,아트시티 리버파크 모아미래도,동구,,,,동구|수기동|92|||,35.1489709013846,126.911238973669,광주광역시 동구 수기동 92,전남광주통합특별시 동구 천변우로 361-15,동구,충장동,1221052500,성공,동구,충장동,True,동구 충장동,동구 충장동,500,50,24.85,동구 천변우로 361-15,True
,,2014,25.11~26.11,신규,7,11,2025,300,23.14,5,154-1,36,,,,,,,,,,12210,금남로5가,,동구,12210,오피스텔,전월세,202511,오피스텔 전월세,금남로 AM-City 하이클래스,동구,,,,동구|금남로5가|154-1|||,35.1517659240292,126.913725421103,광주광역시 동구 금남로5가 154-1,전남광주통합특별시 동구 금남로 185,동구,충장동,1221052500,성공,동구,충장동,True,동구 충장동,동구 충장동,300,36,23.14,동구 금남로 185,True
,,2021,25.12~27.11,신규,5,11,2025,"8,820",24.85,21,92,0,,,,,,,,,,12210,수기동,,동구,12210,오피스텔,전월세,202511,오피스텔 전월세,아트시티 리버파크 모아미래도,동구,,,,동구|수기동|92|||,35.1489709013846,126.911238973669,광주광역시 동구 수기동 92,전남광주통합특별시 동구 천변우로 361-15,동구,충장동,1221052500,성공,동구,충장동,True,동구 충장동,동구 충장동,8820,0,24.85,동구 천변우로 361-15,True
,,2021,25.12~27.12,신규,5,11,2025,"9,500",24.85,26,92,0,,,,,,,,,,12210,수기동,,동구,12210,오피스텔,전월세,202511,오피스텔 전월세,아트시티 리버파크 모아미래도,동구,,,,동구|수기동|92|||,35.1489709013846,126.911238973669,광주광역시 동구 수기동 92,전남광주통합특별시 동구 천변우로 361-15,동구,충장동,1221052500,성공,동구,충장동,True,동구 충장동,동구 충장동,9500,0,24.85,동구 천변우로 361-15,True
,,2021,25.11~27.11,신규,3,11,2025,"9,400",24.85,6,92,0,,,,,,,,,,12210,수기동,,동구,12210,오피스텔,전월세,202511,오피스텔 전월세,아트시티 리버파크 모아미래도,동구,,,,동구|수기동|92|||,35.1489709013846,126.911238973669,광주광역시 동구 수기동 92,전남광주통합특별시 동구 천변우로 361-15,동구,충장동,1221052500,성공,동구,충장동,True,동구 충장동,동구 충장동,9400,0,24.85,동구 천변우로 361-15,True
,,2005,25.11~26.01,신규,5,11,2025,300,41.64,15,1202-2,52,,,,,,,,,,12240,치평동,,서구,12240,오피스텔,전월세,202511,오피스텔 전월세,랜드피아오피스텔,서구,,,,서구|치평동|1202-2|||,35.1574390611471,126.849064142289,광주광역시 서구 치평동 1202-2,전남광주통합특별시 서구 상무중앙로 114,서구,치평동,1224074500,성공,서구,치평동,True,서구 치평동,서구 치평동,300,52,41.64,서구 상무중앙로 114,True
,,2018,25.11~27.11,신규,14,11,2025,"1,000",53.66,18,415-57,70,,,,,,,,,,12240,농성동,,서구,12240,오피스텔,전월세,202511,오피스텔 전월세,농성지오스테이션,서구,,,,서구|농성동|415-57|||,35.1603903368224,126.886429218677,광주광역시 서구 농성동 415-57,전남광주통합특별시 서구 내방로 433,서구,농성1동,1224065000,성공,서구,농성1동,True,서구 농성1동,서구 농성1동,1000,70,53.66,서구 내방로 433,True
,,2005,25.12~26.12,신규,21,11,2025,"5,200",33.12,4,1202-2,0,,,,,,,,,,12240,치평동,,서구,12240,오피스텔,전월세,202511,오피스텔 전월세,랜드피아오피스텔,서구,,,,서구|치평동|1202-2|||,35.1574390611471,126.849064142289,광주광역시 서구 치평동 1202-2,전남광주통합특별시 서구 상무중앙로 114,서구,치평동,1224074500,성공,서구,치평동,True,서구 치평동,서구 치평동,5200,0,33.12,서구 상무중앙로 114,True
,,2005,25.12~26.12,신규,22,11,2025,"5,000",30.42,9,1202-2,0,,,,,,,,,,12240,치평동,,서구,12240,오피스텔,전월세,202511,오피스텔 전월세,랜드피아오피스텔,서구,,,,서구|치평동|1202-2|||,35.1574390611471,126.849064142289,광주광역시 서구 치평동 1202-2,전남광주통합특별시 서구 상무중앙로 114,서구,치평동,1224074500,성공,서구,치평동,True,서구 치평동,서구 치평동,5000,0,30.42,서구 상무중앙로 114,True
,,2005,25.12~26.12,신규,24,11,2025,250,30.42,15,1202-2,35,,,,,,,,,,12240,치평동,,서구,12240,오피스텔,전월세,202511,오피스텔 전월세,랜드피아오피스텔,서구,,,,서구|치평동|1202-2|||,35.1574390611471,126.849064142289,광주광역시 서구 치평동 1202-2,전남광주통합특별시 서구 상무중앙로 114,서구,치평동,1224074500,성공,서구,치평동,True,서구 치평동,서구 치평동,250,35,30.42,서구 상무중앙로 114,True
,,2005,25.12~26.12,신규,8,11,2025,"5,200",33.12,4,1202-2,0,,,,,,,,,,12240,치평동,,서구,12240,오피스텔,전월세,202511,오피스텔 전월세,랜드피아오피스텔,서구,,,,서구|치평동|1202-2|||,35.1574390611471,126.849064142289,광주광역시 서구 치평동 1202-2,전남광주통합특별시 서구 상무중앙로 114,서구,치평동,1224074500,성공,서구,치평동,True,서구 치평동,서구 치평동,5200,0,33.12,서구 상무중앙로 114,True
,,2005,25.11~26.11,신규,3,11,2025,300,30.42,8,1202-2,35,,,,,,,,,,12240,치평동,,서구,12240,오피스텔,전월세,202511,오피스텔 전월세,랜드피아오피스텔,서구,,,,서구|치평동|1202-2|||,35.1574390611471,126.849064142289,광주광역시 서구 치평동 1202-2,전남광주통합특별시 서구 상무중앙로 114,서구,치평동,1224074500,성공,서구,치평동,True,서구 치평동,서구 치평동,300,35,30.42,서구 상무중앙로 114,True
,,2005,25.11~26.11,신규,21,11,2025,"3,000",30.42,5,1202-2,10,,,,,,,,,,12240,치평동,,서구,12240,오피스텔,전월세,202511,오피스텔 전월세,랜드피아오피스텔,서구,,,,서구|치평동|1202-2|||,35.1574390611471,126.849064142289,광주광역시 서구 치평동 1202-2,전남광주통합특별시 서구 상무중앙로 114,서구,치평동,1224074500,성공,서구,치평동,True,서구 치평동,서구 치평동,3000,10,30.42,서구 상무중앙로 114,True
,,2005,25.11~26.11,신규,10,11,2025,300,30.42,6,1202-2,36,,,,,,,,,,12240,치평동,,서구,12240,오피스텔,전월세,202511,오피스텔 전월세,랜드피아오피스텔,서구,,,,서구|치평동|1202-2|||,35.1574390611471,126.849064142289,광주광역시 서구 치평동 1202-2,전남광주통합특별시 서구 상무중앙로 114,서구,치평동,1224074500,성공,서구,치평동,True,서구 치평동,서구 치평동,300,36,30.42,서구 상무중앙로 114,True
,,,25.12~27.12,신규,27,11,2025,"1,000",52.57,8,1589-3,70,,,,,,,,,,12330,우산동,,광산구,12330,오피스텔,전월세,202511,오피스텔 전월세,우산동 한국아델리움 앤 중해마루힐,광산구,,,,광산구|우산동|1589-3|||,35.1599039377961,126.81132820509,광주광역시 광산구 우산동 1589-3,전남광주통합특별시 광산구 무진대로 278-11,광산구,우산동,1233058000,성공,광산구,우산동,True,광산구 우산동,광산구 우산동,1000,70,52.57,광산구 무진대로 278-11,True
,,2015,25.11~27.11,신규,30,11,2025,"1,000",39.47,13,676-2,60,,,,,,,,,,12330,쌍암동,,광산구,12330,오피스텔,전월세,202511,오피스텔 전월세,에이엠시티센트럴파크,광산구,,,,광산구|쌍암동|676-2|||,35.2215170161494,126.846882804545,광주광역시 광산구 쌍암동 676-2,전남광주통합특별시 광산구 첨단중앙로182번길 50,광산구,첨단1동,1233062400,성공,광산구,첨단1동,True,광산구 첨단1동,광산구 첨단1동,1000,60,39.47,광산구 첨단중앙로182번길 50,True
,,2013,25.11~27.11,신규,20,11,2025,"6,500",33.58,3,694-115,0,,,,,,,,,,12330,쌍암동,,광산구,12330,오피스텔,전월세,202511,오피스텔 전월세,에드가,광산구,,,,광산구|쌍암동|694-115|||,35.2149023369798,126.849588941863,광주광역시 광산구 쌍암동 694-115,전남광주통합특별시 광산구 월계로 223-17,광산구,첨단2동,1233062600,성공,북구,첨단2동,True,광산구 첨단2동,북구 첨단2동,6500,0,33.58,광산구 월계로 223-17,True
,,,26.01~28.01,신규,21,11,2025,"12,000",49.25,4,1589-3,0,,,,,,,,,,12330,우산동,,광산구,12330,오피스텔,전월세,202511,오피스텔 전월세,우산동 한국아델리움 앤 중해마루힐,광산구,,,,광산구|우산동|1589-3|||,35.1599039377961,126.81132820509,광주광역시 광산구 우산동 1589-3,전남광주통합특별시 광산구 무진대로 278-11,광산구,우산동,1233058000,성공,광산구,우산동,True,광산구 우산동,광산구 우산동,12000,0,49.25,광산구 무진대로 278-11,True
,,2015,25.12~27.12,신규,20,11,2025,"4,000",39.47,10,676-2,50,,,,,,,,,,12330,쌍암동,,광산구,12330,오피스텔,전월세,202511,오피스텔 전월세,에이엠시티센트럴파크,광산구,,,,광산구|쌍암동|676-2|||,35.2215170161494,126.846882804545,광주광역시 광산구 쌍암동 676-2,전남광주통합특별시 광산구 첨단중앙로182번길 50,광산구,첨단1동,1233062400,성공,광산구,첨단1동,True,광산구 첨단1동,광산구 첨단1동,4000,50,39.47,광산구 첨단중앙로182번길 50,True
,,2015,25.11~26.11,신규,3,11,2025,500,39.47,6,676-2,60,,,,,,,,,,12330,쌍암동,,광산구,12330,오피스텔,전월세,202511,오피스텔 전월세,에이엠시티센트럴파크,광산구,,,,광산구|쌍암동|676-2|||,35.2215170161494,126.846882804545,광주광역시 광산구 쌍암동 676-2,전남광주통합특별시 광산구 첨단중앙로182번길 50,광산구,첨단1동,1233062400,성공,광산구,첨단1동,True,광산구 첨단1동,광산구 첨단1동,500,60,39.47,광산구 첨단중앙로182번길 50,True
,,2021,26.01~27.01,신규,27,12,2025,500,24.85,11,92,50,,,,,,,,,,12210,수기동,,동구,12210,오피스텔,전월세,202512,오피스텔 전월세,아트시티 리버파크 모아미래도,동구,,,,동구|수기동|92|||,35.1489709013846,126.911238973669,광주광역시 동구 수기동 92,전남광주통합특별시 동구 천변우로 361-15,동구,충장동,1221052500,성공,동구,충장동,True,동구 충장동,동구 충장동,500,50,24.85,동구 천변우로 361-15,True
,,2021,26.02~28.02,신규,5,12,2025,"5,327",24.85,15,92,7,,,,,,,,,,12210,수기동,,동구,12210,오피스텔,전월세,202512,오피스텔 전월세,아트시티 리버파크 모아미래도,동구,,,,동구|수기동|92|||,35.1489709013846,126.911238973669,광주광역시 동구 수기동 92,전남광주통합특별시 동구 천변우로 361-15,동구,충장동,1221052500,성공,동구,충장동,True,동구 충장동,동구 충장동,5327,7,24.85,동구 천변우로 361-15,True
,,2021,26.01~28.01,신규,30,12,2025,"9,400",24.85,6,92,0,,,,,,,,,,12210,수기동,,동구,12210,오피스텔,전월세,202512,오피스텔 전월세,아트시티 리버파크 모아미래도,동구,,,,동구|수기동|92|||,35.1489709013846,126.911238973669,광주광역시 동구 수기동 92,전남광주통합특별시 동구 천변우로 361-15,동구,충장동,1221052500,성공,동구,충장동,True,동구 충장동,동구 충장동,9400,0,24.85,동구 천변우로 361-15,True
,,2021,25.12~26.12,신규,27,12,2025,500,24.85,9,92,50,,,,,,,,,,12210,수기동,,동구,12210,오피스텔,전월세,202512,오피스텔 전월세,아트시티 리버파크 모아미래도,동구,,,,동구|수기동|92|||,35.1489709013846,126.911238973669,광주광역시 동구 수기동 92,전남광주통합특별시 동구 천변우로 361-15,동구,충장동,1221052500,성공,동구,충장동,True,동구 충장동,동구 충장동,500,50,24.85,동구 천변우로 361-15,True
,,2021,25.12~26.12,신규,24,12,2025,500,24.85,11,92,48,,,,,,,,,,12210,수기동,,동구,12210,오피스텔,전월세,202512,오피스텔 전월세,아트시티 리버파크 모아미래도,동구,,,,동구|수기동|92|||,35.1489709013846,126.911238973669,광주광역시 동구 수기동 92,전남광주통합특별시 동구 천변우로 361-15,동구,충장동,1221052500,성공,동구,충장동,True,동구 충장동,동구 충장동,500,48,24.85,동구 천변우로 361-15,True
,,2021,25.12~26.12,신규,4,12,2025,500,24.85,6,92,45,,,,,,,,,,12210,수기동,,동구,12210,오피스텔,전월세,202512,오피스텔 전월세,아트시티 리버파크 모아미래도,동구,,,,동구|수기동|92|||,35.1489709013846,126.911238973669,광주광역시 동구 수기동 92,전남광주통합특별시 동구 천변우로 361-15,동구,충장동,1221052500,성공,동구,충장동,True,동구 충장동,동구 충장동,500,45,24.85,동구 천변우로 361-15,True
,,2021,25.12~26.12,신규,9,12,2025,500,24.85,21,92,45,,,,,,,,,,12210,수기동,,동구,12210,오피스텔,전월세,202512,오피스텔 전월세,아트시티 리버파크 모아미래도,동구,,,,동구|수기동|92|||,35.1489709013846,126.911238973669,광주광역시 동구 수기동 92,전남광주통합특별시 동구 천변우로 361-15,동구,충장동,1221052500,성공,동구,충장동,True,동구 충장동,동구 충장동,500,45,24.85,동구 천변우로 361-15,True
,,2021,26.01~28.01,신규,23,12,2025,"9,500",24.85,24,92,0,,,,,,,,,,12210,수기동,,동구,12210,오피스텔,전월세,202512,오피스텔 전월세,아트시티 리버파크 모아미래도,동구,,,,동구|수기동|92|||,35.1489709013846,126.911238973669,광주광역시 동구 수기동 92,전남광주통합특별시 동구 천변우로 361-15,동구,충장동,1221052500,성공,동구,충장동,True,동구 충장동,동구 충장동,9500,0,24.85,동구 천변우로 361-15,True
,,2021,25.12~26.12,신규,11,12,2025,500,24.85,19,92,50,,,,,,,,,,12210,수기동,,동구,12210,오피스텔,전월세,202512,오피스텔 전월세,아트시티 리버파크 모아미래도,동구,,,,동구|수기동|92|||,35.1489709013846,126.911238973669,광주광역시 동구 수기동 92,전남광주통합특별시 동구 천변우로 361-15,동구,충장동,1221052500,성공,동구,충장동,True,동구 충장동,동구 충장동,500,50,24.85,동구 천변우로 361-15,True
,,2021,25.12~26.11,신규,12,12,2025,"1,000",48.74,19,92,70,,,,,,,,,,12210,수기동,,동구,12210,오피스텔,전월세,202512,오피스텔 전월세,아트시티 리버파크 모아미래도,동구,,,,동구|수기동|92|||,35.1489709013846,126.911238973669,광주광역시 동구 수기동 92,전남광주통합특별시 동구 천변우로 361-15,동구,충장동,1221052500,성공,동구,충장동,True,동구 충장동,동구 충장동,1000,70,48.74,동구 천변우로 361-15,True
,,2021,26.01~28.01,신규,10,12,2025,"9,400",24.85,7,92,0,,,,,,,,,,12210,수기동,,동구,12210,오피스텔,전월세,202512,오피스텔 전월세,아트시티 리버파크 모아미래도,동구,,,,동구|수기동|92|||,35.1489709013846,126.911238973669,광주광역시 동구 수기동 92,전남광주통합특별시 동구 천변우로 361-15,동구,충장동,1221052500,성공,동구,충장동,True,동구 충장동,동구 충장동,9400,0,24.85,동구 천변우로 361-15,True
,,2021,26.01~28.01,신규,10,12,2025,"9,500",24.85,19,92,0,,,,,,,,,,12210,수기동,,동구,12210,오피스텔,전월세,202512,오피스텔 전월세,아트시티 리버파크 모아미래도,동구,,,,동구|수기동|92|||,35.1489709013846,126.911238973669,광주광역시 동구 수기동 92,전남광주통합특별시 동구 천변우로 361-15,동구,충장동,1221052500,성공,동구,충장동,True,동구 충장동,동구 충장동,9500,0,24.85,동구 천변우로 361-15,True
,,2021,26.01~28.01,신규,8,12,2025,"9,500",24.85,19,92,0,,,,,,,,,,12210,수기동,,동구,12210,오피스텔,전월세,202512,오피스텔 전월세,아트시티 리버파크 모아미래도,동구,,,,동구|수기동|92|||,35.1489709013846,126.911238973669,광주광역시 동구 수기동 92,전남광주통합특별시 동구 천변우로 361-15,동구,충장동,1221052500,성공,동구,충장동,True,동구 충장동,동구 충장동,9500,0,24.85,동구 천변우로 361-15,True
,,2021,26.01~28.01,신규,5,12,2025,"9,500",24.85,17,92,0,,,,,,,,,,12210,수기동,,동구,12210,오피스텔,전월세,202512,오피스텔 전월세,아트시티 리버파크 모아미래도,동구,,,,동구|수기동|92|||,35.1489709013846,126.911238973669,광주광역시 동구 수기동 92,전남광주통합특별시 동구 천변우로 361-15,동구,충장동,1221052500,성공,동구,충장동,True,동구 충장동,동구 충장동,9500,0,24.85,동구 천변우로 361-15,True
,,2005,25.12~26.06,신규,19,12,2025,200,31.05,4,1202-2,40,,,,,,,,,,12240,치평동,,서구,12240,오피스텔,전월세,202512,오피스텔 전월세,랜드피아오피스텔,서구,,,,서구|치평동|1202-2|||,35.1574390611471,126.849064142289,광주광역시 서구 치평동 1202-2,전남광주통합특별시 서구 상무중앙로 114,서구,치평동,1224074500,성공,서구,치평동,True,서구 치평동,서구 치평동,200,40,31.05,서구 상무중앙로 114,True
,,2005,25.12~26.06,신규,19,12,2025,200,30.42,8,1202-2,40,,,,,,,,,,12240,치평동,,서구,12240,오피스텔,전월세,202512,오피스텔 전월세,랜드피아오피스텔,서구,,,,서구|치평동|1202-2|||,35.1574390611471,126.849064142289,광주광역시 서구 치평동 1202-2,전남광주통합특별시 서구 상무중앙로 114,서구,치평동,1224074500,성공,서구,치평동,True,서구 치평동,서구 치평동,200,40,30.42,서구 상무중앙로 114,True
,,2005,26.01~27.01,신규,30,12,2025,300,30.42,12,1202-2,35,,,,,,,,,,12240,치평동,,서구,12240,오피스텔,전월세,202512,오피스텔 전월세,랜드피아오피스텔,서구,,,,서구|치평동|1202-2|||,35.1574390611471,126.849064142289,광주광역시 서구 치평동 1202-2,전남광주통합특별시 서구 상무중앙로 114,서구,치평동,1224074500,성공,서구,치평동,True,서구 치평동,서구 치평동,300,35,30.42,서구 상무중앙로 114,True
,,2005,25.12~26.12,신규,24,12,2025,300,30.42,6,1202-2,35,,,,,,,,,,12240,치평동,,서구,12240,오피스텔,전월세,202512,오피스텔 전월세,랜드피아오피스텔,서구,,,,서구|치평동|1202-2|||,35.1574390611471,126.849064142289,광주광역시 서구 치평동 1202-2,전남광주통합특별시 서구 상무중앙로 114,서구,치평동,1224074500,성공,서구,치평동,True,서구 치평동,서구 치평동,300,35,30.42,서구 상무중앙로 114,True
,,2005,25.12~26.12,갱신,23,12,2025,"6,500",41.64,12,1202-2,10,"6,500",10,,,,,,,,12240,치평동,,서구,12240,오피스텔,전월세,202512,오피스텔 전월세,랜드피아오피스텔,서구,,,,서구|치평동|1202-2|||,35.1574390611471,126.849064142289,광주광역시 서구 치평동 1202-2,전남광주통합특별시 서구 상무중앙로 114,서구,치평동,1224074500,성공,서구,치평동,True,서구 치평동,서구 치평동,6500,10,41.64,서구 상무중앙로 114,True
,,2005,25.12~27.12,신규,24,12,2025,"5,000",30.42,11,1202-2,0,,,,,,,,,,12240,치평동,,서구,12240,오피스텔,전월세,202512,오피스텔 전월세,랜드피아오피스텔,서구,,,,서구|치평동|1202-2|||,35.1574390611471,126.849064142289,광주광역시 서구 치평동 1202-2,전남광주통합특별시 서구 상무중앙로 114,서구,치평동,1224074500,성공,서구,치평동,True,서구 치평동,서구 치평동,5000,0,30.42,서구 상무중앙로 114,True
,,2005,26.01~28.01,신규,22,12,2025,"5,800",30.42,8,1202-2,0,,,,,,,,,,12240,치평동,,서구,12240,오피스텔,전월세,202512,오피스텔 전월세,랜드피아오피스텔,서구,,,,서구|치평동|1202-2|||,35.1574390611471,126.849064142289,광주광역시 서구 치평동 1202-2,전남광주통합특별시 서구 상무중앙로 114,서구,치평동,1224074500,성공,서구,치평동,True,서구 치평동,서구 치평동,5800,0,30.42,서구 상무중앙로 114,True
,,2005,25.12~28.12,신규,13,12,2025,300,30.42,5,1202-2,35,,,,,,,,,,12240,치평동,,서구,12240,오피스텔,전월세,202512,오피스텔 전월세,랜드피아오피스텔,서구,,,,서구|치평동|1202-2|||,35.1574390611471,126.849064142289,광주광역시 서구 치평동 1202-2,전남광주통합특별시 서구 상무중앙로 114,서구,치평동,1224074500,성공,서구,치평동,True,서구 치평동,서구 치평동,300,35,30.42,서구 상무중앙로 114,True
,,2005,25.12~26.12,신규,1,12,2025,"1,000",30.42,13,1202-2,30,,,,,,,,,,12240,치평동,,서구,12240,오피스텔,전월세,202512,오피스텔 전월세,랜드피아오피스텔,서구,,,,서구|치평동|1202-2|||,35.1574390611471,126.849064142289,광주광역시 서구 치평동 1202-2,전남광주통합특별시 서구 상무중앙로 114,서구,치평동,1224074500,성공,서구,치평동,True,서구 치평동,서구 치평동,1000,30,30.42,서구 상무중앙로 114,True
,,2018,26.01~28.01,신규,11,12,2025,"14,500",53.66,7,415-57,0,,,,,,,,,,12240,농성동,,서구,12240,오피스텔,전월세,202512,오피스텔 전월세,농성지오스테이션,서구,,,,서구|농성동|415-57|||,35.1603903368224,126.886429218677,광주광역시 서구 농성동 415-57,전남광주통합특별시 서구 내방로 433,서구,농성1동,1224065000,성공,서구,농성1동,True,서구 농성1동,서구 농성1동,14500,0,53.66,서구 내방로 433,True
,,2018,25.12~26.12,신규,5,12,2025,"1,000",53.66,16,415-57,70,,,,,,,,,,12240,농성동,,서구,12240,오피스텔,전월세,202512,오피스텔 전월세,농성지오스테이션,서구,,,,서구|농성동|415-57|||,35.1603903368224,126.886429218677,광주광역시 서구 농성동 415-57,전남광주통합특별시 서구 내방로 433,서구,농성1동,1224065000,성공,서구,농성1동,True,서구 농성1동,서구 농성1동,1000,70,53.66,서구 내방로 433,True
,,2015,26.01~27.01,신규,26,12,2025,"1,000",39.47,12,676-2,60,,,,,,,,,,12330,쌍암동,,광산구,12330,오피스텔,전월세,202512,오피스텔 전월세,에이엠시티센트럴파크,광산구,,,,광산구|쌍암동|676-2|||,35.2215170161494,126.846882804545,광주광역시 광산구 쌍암동 676-2,전남광주통합특별시 광산구 첨단중앙로182번길 50,광산구,첨단1동,1233062400,성공,광산구,첨단1동,True,광산구 첨단1동,광산구 첨단1동,1000,60,39.47,광산구 첨단중앙로182번길 50,True
,,2017,26.03~28.03,신규,30,12,2025,"7,400",29.98,8,694-74,0,,,,,,,,,,12330,쌍암동,,광산구,12330,오피스텔,전월세,202512,오피스텔 전월세,윤진리안채,광산구,,,,광산구|쌍암동|694-74|||,35.2151862774642,126.851132647598,광주광역시 광산구 쌍암동 694-74,전남광주통합특별시 광산구 첨단강변로99번길 21,광산구,첨단2동,1233062600,성공,북구,첨단2동,True,광산구 첨단2동,북구 첨단2동,7400,0,29.98,광산구 첨단강변로99번길 21,True
,,,26.01~27.01,신규,30,12,2025,700,52.57,11,1589-3,65,,,,,,,,,,12330,우산동,,광산구,12330,오피스텔,전월세,202512,오피스텔 전월세,우산동 한국아델리움 앤 중해마루힐,광산구,,,,광산구|우산동|1589-3|||,35.1599039377961,126.81132820509,광주광역시 광산구 우산동 1589-3,전남광주통합특별시 광산구 무진대로 278-11,광산구,우산동,1233058000,성공,광산구,우산동,True,광산구 우산동,광산구 우산동,700,65,52.57,광산구 무진대로 278-11,True
,,2015,26.01~28.01,신규,27,12,2025,"1,000",39.47,11,676-2,60,,,,,,,,,,12330,쌍암동,,광산구,12330,오피스텔,전월세,202512,오피스텔 전월세,에이엠시티센트럴파크,광산구,,,,광산구|쌍암동|676-2|||,35.2215170161494,126.846882804545,광주광역시 광산구 쌍암동 676-2,전남광주통합특별시 광산구 첨단중앙로182번길 50,광산구,첨단1동,1233062400,성공,광산구,첨단1동,True,광산구 첨단1동,광산구 첨단1동,1000,60,39.47,광산구 첨단중앙로182번길 50,True
,,2015,26.01~27.01,신규,17,12,2025,"1,000",39.47,14,676-2,55,,,,,,,,,,12330,쌍암동,,광산구,12330,오피스텔,전월세,202512,오피스텔 전월세,에이엠시티센트럴파크,광산구,,,,광산구|쌍암동|676-2|||,35.2215170161494,126.846882804545,광주광역시 광산구 쌍암동 676-2,전남광주통합특별시 광산구 첨단중앙로182번길 50,광산구,첨단1동,1233062400,성공,광산구,첨단1동,True,광산구 첨단1동,광산구 첨단1동,1000,55,39.47,광산구 첨단중앙로182번길 50,True
,,2015,26.02~28.02,신규,29,12,2025,"1,000",39.47,5,676-2,50,,,,,,,,,,12330,쌍암동,,광산구,12330,오피스텔,전월세,202512,오피스텔 전월세,에이엠시티센트럴파크,광산구,,,,광산구|쌍암동|676-2|||,35.2215170161494,126.846882804545,광주광역시 광산구 쌍암동 676-2,전남광주통합특별시 광산구 첨단중앙로182번길 50,광산구,첨단1동,1233062400,성공,광산구,첨단1동,True,광산구 첨단1동,광산구 첨단1동,1000,50,39.47,광산구 첨단중앙로182번길 50,True
,,2017,25.12~27.12,신규,4,12,2025,"7,500",29.98,6,694-74,0,,,,,,,,,,12330,쌍암동,,광산구,12330,오피스텔,전월세,202512,오피스텔 전월세,윤진리안채,광산구,,,,광산구|쌍암동|694-74|||,35.2151862774642,126.851132647598,광주광역시 광산구 쌍암동 694-74,전남광주통합특별시 광산구 첨단강변로99번길 21,광산구,첨단2동,1233062600,성공,북구,첨단2동,True,광산구 첨단2동,북구 첨단2동,7500,0,29.98,광산구 첨단강변로99번길 21,True
,,2014,26.01~28.01,신규,12,12,2025,"9,400",51.16,5,893-1,0,,,,,,,,,,12330,월계동,,광산구,12330,오피스텔,전월세,202512,오피스텔 전월세,무들 에코클래스,광산구,,,,광산구|월계동|893-1|||,35.2144820852673,126.847824082744,광주광역시 광산구 월계동 893-1,전남광주통합특별시 광산구 임방울대로826번길 60-5,광산구,첨단2동,1233062600,성공,북구,첨단2동,True,광산구 첨단2동,북구 첨단2동,9400,0,51.16,광산구 임방울대로826번길 60-5,True
,,2017,25.12~28.12,신규,4,12,2025,500,29.98,4,694-74,50,,,,,,,,,,12330,쌍암동,,광산구,12330,오피스텔,전월세,202512,오피스텔 전월세,윤진리안채,광산구,,,,광산구|쌍암동|694-74|||,35.2151862774642,126.851132647598,광주광역시 광산구 쌍암동 694-74,전남광주통합특별시 광산구 첨단강변로99번길 21,광산구,첨단2동,1233062600,성공,북구,첨단2동,True,광산구 첨단2동,북구 첨단2동,500,50,29.98,광산구 첨단강변로99번길 21,True
,,,26.02~28.02,신규,8,12,2025,"12,400",52.57,11,1589-3,0,,,,,,,,,,12330,우산동,,광산구,12330,오피스텔,전월세,202512,오피스텔 전월세,우산동 한국아델리움 앤 중해마루힐,광산구,,,,광산구|우산동|1589-3|||,35.1599039377961,126.81132820509,광주광역시 광산구 우산동 1589-3,전남광주통합특별시 광산구 무진대로 278-11,광산구,우산동,1233058000,성공,광산구,우산동,True,광산구 우산동,광산구 우산동,12400,0,52.57,광산구 무진대로 278-11,True
,,2017,25.12~26.12,신규,3,12,2025,500,29.98,6,694-74,50,,,,,,,,,,12330,쌍암동,,광산구,12330,오피스텔,전월세,202512,오피스텔 전월세,윤진리안채,광산구,,,,광산구|쌍암동|694-74|||,35.2151862774642,126.851132647598,광주광역시 광산구 쌍암동 694-74,전남광주통합특별시 광산구 첨단강변로99번길 21,광산구,첨단2동,1233062600,성공,북구,첨단2동,True,광산구 첨단2동,북구 첨단2동,500,50,29.98,광산구 첨단강변로99번길 21,True
,,,25.12~27.12,신규,6,12,2025,500,52.57,8,1589-3,45,,,,,,,,,,12330,우산동,,광산구,12330,오피스텔,전월세,202512,오피스텔 전월세,우산동 한국아델리움 앤 중해마루힐,광산구,,,,광산구|우산동|1589-3|||,35.1599039377961,126.81132820509,광주광역시 광산구 우산동 1589-3,전남광주통합특별시 광산구 무진대로 278-11,광산구,우산동,1233058000,성공,광산구,우산동,True,광산구 우산동,광산구 우산동,500,45,52.57,광산구 무진대로 278-11,True
,,2021,26.02~27.02,갱신,16,1,2026,500,24.85,9,92,44,500,42,,,,,,,,12210,수기동,,동구,12210,오피스텔,전월세,202601,오피스텔 전월세,아트시티 리버파크 모아미래도,동구,,,,동구|수기동|92|||,35.1489709013846,126.911238973669,광주광역시 동구 수기동 92,전남광주통합특별시 동구 천변우로 361-15,동구,충장동,1221052500,성공,동구,충장동,True,동구 충장동,동구 충장동,500,44,24.85,동구 천변우로 361-15,True
,,2021,26.01~28.01,갱신,16,1,2026,"9,560",24.85,22,92,0,"9,600",,,,,,,,,12210,수기동,,동구,12210,오피스텔,전월세,202601,오피스텔 전월세,아트시티 리버파크 모아미래도,동구,,,,동구|수기동|92|||,35.1489709013846,126.911238973669,광주광역시 동구 수기동 92,전남광주통합특별시 동구 천변우로 361-15,동구,충장동,1221052500,성공,동구,충장동,True,동구 충장동,동구 충장동,9560,0,24.85,동구 천변우로 361-15,True
,,2014,26.01~27.01,신규,15,1,2026,300,24.49,3,154-1,35,,,,,,,,,,12210,금남로5가,,동구,12210,오피스텔,전월세,202601,오피스텔 전월세,금남로 AM-City 하이클래스,동구,,,,동구|금남로5가|154-1|||,35.1517659240292,126.913725421103,광주광역시 동구 금남로5가 154-1,전남광주통합특별시 동구 금남로 185,동구,충장동,1221052500,성공,동구,충장동,True,동구 충장동,동구 충장동,300,35,24.49,동구 금남로 185,True
,,2021,26.02~27.02,신규,16,1,2026,500,24.85,6,92,43,,,,,,,,,,12210,수기동,,동구,12210,오피스텔,전월세,202601,오피스텔 전월세,아트시티 리버파크 모아미래도,동구,,,,동구|수기동|92|||,35.1489709013846,126.911238973669,광주광역시 동구 수기동 92,전남광주통합특별시 동구 천변우로 361-15,동구,충장동,1221052500,성공,동구,충장동,True,동구 충장동,동구 충장동,500,43,24.85,동구 천변우로 361-15,True
,,2021,26.02~27.02,신규,30,1,2026,500,24.85,18,92,50,,,,,,,,,,12210,수기동,,동구,12210,오피스텔,전월세,202601,오피스텔 전월세,아트시티 리버파크 모아미래도,동구,,,,동구|수기동|92|||,35.1489709013846,126.911238973669,광주광역시 동구 수기동 92,전남광주통합특별시 동구 천변우로 361-15,동구,충장동,1221052500,성공,동구,충장동,True,동구 충장동,동구 충장동,500,50,24.85,동구 천변우로 361-15,True
,,2021,26.02~28.02,신규,23,1,2026,"9,000",24.85,8,92,0,,,,,,,,,,12210,수기동,,동구,12210,오피스텔,전월세,202601,오피스텔 전월세,아트시티 리버파크 모아미래도,동구,,,,동구|수기동|92|||,35.1489709013846,126.911238973669,광주광역시 동구 수기동 92,전남광주통합특별시 동구 천변우로 361-15,동구,충장동,1221052500,성공,동구,충장동,True,동구 충장동,동구 충장동,9000,0,24.85,동구 천변우로 361-15,True
,,2021,26.01~28.01,신규,23,1,2026,"8,600",24.85,19,92,0,,,,,,,,,,12210,수기동,,동구,12210,오피스텔,전월세,202601,오피스텔 전월세,아트시티 리버파크 모아미래도,동구,,,,동구|수기동|92|||,35.1489709013846,126.911238973669,광주광역시 동구 수기동 92,전남광주통합특별시 동구 천변우로 361-15,동구,충장동,1221052500,성공,동구,충장동,True,동구 충장동,동구 충장동,8600,0,24.85,동구 천변우로 361-15,True
,,2021,26.01~27.01,신규,3,1,2026,500,24.85,23,92,45,,,,,,,,,,12210,수기동,,동구,12210,오피스텔,전월세,202601,오피스텔 전월세,아트시티 리버파크 모아미래도,동구,,,,동구|수기동|92|||,35.1489709013846,126.911238973669,광주광역시 동구 수기동 92,전남광주통합특별시 동구 천변우로 361-15,동구,충장동,1221052500,성공,동구,충장동,True,동구 충장동,동구 충장동,500,45,24.85,동구 천변우로 361-15,True
,,2021,26.02~28.02,신규,21,1,2026,"17,000",56.03,13,92,0,,,,,,,,,,12210,수기동,,동구,12210,오피스텔,전월세,202601,오피스텔 전월세,아트시티 리버파크 모아미래도,동구,,,,동구|수기동|92|||,35.1489709013846,126.911238973669,광주광역시 동구 수기동 92,전남광주통합특별시 동구 천변우로 361-15,동구,충장동,1221052500,성공,동구,충장동,True,동구 충장동,동구 충장동,17000,0,56.03,동구 천변우로 361-15,True
,,2021,26.02~28.02,신규,20,1,2026,"9,500",24.85,22,92,0,,,,,,,,,,12210,수기동,,동구,12210,오피스텔,전월세,202601,오피스텔 전월세,아트시티 리버파크 모아미래도,동구,,,,동구|수기동|92|||,35.1489709013846,126.911238973669,광주광역시 동구 수기동 92,전남광주통합특별시 동구 천변우로 361-15,동구,충장동,1221052500,성공,동구,충장동,True,동구 충장동,동구 충장동,9500,0,24.85,동구 천변우로 361-15,True
,,2021,26.01~27.01,신규,15,1,2026,500,24.85,19,92,50,,,,,,,,,,12210,수기동,,동구,12210,오피스텔,전월세,202601,오피스텔 전월세,아트시티 리버파크 모아미래도,동구,,,,동구|수기동|92|||,35.1489709013846,126.911238973669,광주광역시 동구 수기동 92,전남광주통합특별시 동구 천변우로 361-15,동구,충장동,1221052500,성공,동구,충장동,True,동구 충장동,동구 충장동,500,50,24.85,동구 천변우로 361-15,True
,,2021,26.02~28.02,신규,15,1,2026,"9,000",24.85,7,92,0,,,,,,,,,,12210,수기동,,동구,12210,오피스텔,전월세,202601,오피스텔 전월세,아트시티 리버파크 모아미래도,동구,,,,동구|수기동|92|||,35.1489709013846,126.911238973669,광주광역시 동구 수기동 92,전남광주통합특별시 동구 천변우로 361-15,동구,충장동,1221052500,성공,동구,충장동,True,동구 충장동,동구 충장동,9000,0,24.85,동구 천변우로 361-15,True
,,2021,26.02~28.02,신규,16,1,2026,"9,500",24.85,19,92,0,,,,,,,,,,12210,수기동,,동구,12210,오피스텔,전월세,202601,오피스텔 전월세,아트시티 리버파크 모아미래도,동구,,,,동구|수기동|92|||,35.1489709013846,126.911238973669,광주광역시 동구 수기동 92,전남광주통합특별시 동구 천변우로 361-15,동구,충장동,1221052500,성공,동구,충장동,True,동구 충장동,동구 충장동,9500,0,24.85,동구 천변우로 361-15,True
,,2021,26.01~28.01,갱신,16,1,2026,"9,600",24.85,22,92,0,"9,600",,,,,,,,,12210,수기동,,동구,12210,오피스텔,전월세,202601,오피스텔 전월세,아트시티 리버파크 모아미래도,동구,,,,동구|수기동|92|||,35.1489709013846,126.911238973669,광주광역시 동구 수기동 92,전남광주통합특별시 동구 천변우로 361-15,동구,충장동,1221052500,성공,동구,충장동,True,동구 충장동,동구 충장동,9600,0,24.85,동구 천변우로 361-15,True
,,2021,26.01~28.01,신규,13,1,2026,"8,800",24.85,17,92,0,,,,,,,,,,12210,수기동,,동구,12210,오피스텔,전월세,202601,오피스텔 전월세,아트시티 리버파크 모아미래도,동구,,,,동구|수기동|92|||,35.1489709013846,126.911238973669,광주광역시 동구 수기동 92,전남광주통합특별시 동구 천변우로 361-15,동구,충장동,1221052500,성공,동구,충장동,True,동구 충장동,동구 충장동,8800,0,24.85,동구 천변우로 361-15,True
,,2014,26.01~27.01,신규,10,1,2026,300,24.49,5,154-1,37,,,,,,,,,,12210,금남로5가,,동구,12210,오피스텔,전월세,202601,오피스텔 전월세,금남로 AM-City 하이클래스,동구,,,,동구|금남로5가|154-1|||,35.1517659240292,126.913725421103,광주광역시 동구 금남로5가 154-1,전남광주통합특별시 동구 금남로 185,동구,충장동,1221052500,성공,동구,충장동,True,동구 충장동,동구 충장동,300,37,24.49,동구 금남로 185,True
,,2021,26.01~27.01,신규,8,1,2026,500,24.85,12,92,50,,,,,,,,,,12210,수기동,,동구,12210,오피스텔,전월세,202601,오피스텔 전월세,아트시티 리버파크 모아미래도,동구,,,,동구|수기동|92|||,35.1489709013846,126.911238973669,광주광역시 동구 수기동 92,전남광주통합특별시 동구 천변우로 361-15,동구,충장동,1221052500,성공,동구,충장동,True,동구 충장동,동구 충장동,500,50,24.85,동구 천변우로 361-15,True
,,2021,26.01~27.01,신규,8,1,2026,500,24.85,25,92,55,,,,,,,,,,12210,수기동,,동구,12210,오피스텔,전월세,202601,오피스텔 전월세,아트시티 리버파크 모아미래도,동구,,,,동구|수기동|92|||,35.1489709013846,126.911238973669,광주광역시 동구 수기동 92,전남광주통합특별시 동구 천변우로 361-15,동구,충장동,1221052500,성공,동구,충장동,True,동구 충장동,동구 충장동,500,55,24.85,동구 천변우로 361-15,True
,,2021,26.01~27.01,신규,2,1,2026,500,24.85,20,92,50,,,,,,,,,,12210,수기동,,동구,12210,오피스텔,전월세,202601,오피스텔 전월세,아트시티 리버파크 모아미래도,동구,,,,동구|수기동|92|||,35.1489709013846,126.911238973669,광주광역시 동구 수기동 92,전남광주통합특별시 동구 천변우로 361-15,동구,충장동,1221052500,성공,동구,충장동,True,동구 충장동,동구 충장동,500,50,24.85,동구 천변우로 361-15,True
,,2021,26.01~27.01,신규,7,1,2026,500,24.85,20,92,50,,,,,,,,,,12210,수기동,,동구,12210,오피스텔,전월세,202601,오피스텔 전월세,아트시티 리버파크 모아미래도,동구,,,,동구|수기동|92|||,35.1489709013846,126.911238973669,광주광역시 동구 수기동 92,전남광주통합특별시 동구 천변우로 361-15,동구,충장동,1221052500,성공,동구,충장동,True,동구 충장동,동구 충장동,500,50,24.85,동구 천변우로 361-15,True
,,2014,26.01~27.01,신규,5,1,2026,500,24.49,5,154-1,35,,,,,,,,,,12210,금남로5가,,동구,12210,오피스텔,전월세,202601,오피스텔 전월세,금남로 AM-City 하이클래스,동구,,,,동구|금남로5가|154-1|||,35.1517659240292,126.913725421103,광주광역시 동구 금남로5가 154-1,전남광주통합특별시 동구 금남로 185,동구,충장동,1221052500,성공,동구,충장동,True,동구 충장동,동구 충장동,500,35,24.49,동구 금남로 185,True
,,2005,26.02~27.02,신규,13,1,2026,300,30.42,9,1202-2,37,,,,,,,,,,12240,치평동,,서구,12240,오피스텔,전월세,202601,오피스텔 전월세,랜드피아오피스텔,서구,,,,서구|치평동|1202-2|||,35.1574390611471,126.849064142289,광주광역시 서구 치평동 1202-2,전남광주통합특별시 서구 상무중앙로 114,서구,치평동,1224074500,성공,서구,치평동,True,서구 치평동,서구 치평동,300,37,30.42,서구 상무중앙로 114,True
,,2005,26.02~29.02,신규,13,1,2026,"5,500",30.42,13,1202-2,0,,,,,,,,,,12240,치평동,,서구,12240,오피스텔,전월세,202601,오피스텔 전월세,랜드피아오피스텔,서구,,,,서구|치평동|1202-2|||,35.1574390611471,126.849064142289,광주광역시 서구 치평동 1202-2,전남광주통합특별시 서구 상무중앙로 114,서구,치평동,1224074500,성공,서구,치평동,True,서구 치평동,서구 치평동,5500,0,30.42,서구 상무중앙로 114,True
,,2005,26.02~27.01,신규,19,1,2026,300,30.42,9,1202-2,36,,,,,,,,,,12240,치평동,,서구,12240,오피스텔,전월세,202601,오피스텔 전월세,랜드피아오피스텔,서구,,,,서구|치평동|1202-2|||,35.1574390611471,126.849064142289,광주광역시 서구 치평동 1202-2,전남광주통합특별시 서구 상무중앙로 114,서구,치평동,1224074500,성공,서구,치평동,True,서구 치평동,서구 치평동,300,36,30.42,서구 상무중앙로 114,True
,,2005,26.01~27.01,신규,3,1,2026,300,30.42,6,1202-2,35,,,,,,,,,,12240,치평동,,서구,12240,오피스텔,전월세,202601,오피스텔 전월세,랜드피아오피스텔,서구,,,,서구|치평동|1202-2|||,35.1574390611471,126.849064142289,광주광역시 서구 치평동 1202-2,전남광주통합특별시 서구 상무중앙로 114,서구,치평동,1224074500,성공,서구,치평동,True,서구 치평동,서구 치평동,300,35,30.42,서구 상무중앙로 114,True
,,2018,26.02~28.02,갱신,30,1,2026,"13,500",53.66,6,415-57,0,"15,000",,,,,,,,,12240,농성동,,서구,12240,오피스텔,전월세,202601,오피스텔 전월세,농성지오스테이션,서구,,,,서구|농성동|415-57|||,35.1603903368224,126.886429218677,광주광역시 서구 농성동 415-57,전남광주통합특별시 서구 내방로 433,서구,농성1동,1224065000,성공,서구,농성1동,True,서구 농성1동,서구 농성1동,13500,0,53.66,서구 내방로 433,True
,,2005,26.01~27.01,신규,2,1,2026,300,31.05,14,1202-2,37,,,,,,,,,,12240,치평동,,서구,12240,오피스텔,전월세,202601,오피스텔 전월세,랜드피아오피스텔,서구,,,,서구|치평동|1202-2|||,35.1574390611471,126.849064142289,광주광역시 서구 치평동 1202-2,전남광주통합특별시 서구 상무중앙로 114,서구,치평동,1224074500,성공,서구,치평동,True,서구 치평동,서구 치평동,300,37,31.05,서구 상무중앙로 114,True
,,2005,26.02~28.02,신규,20,1,2026,"6,300",41.64,13,1202-2,0,,,,,,,,,,12240,치평동,,서구,12240,오피스텔,전월세,202601,오피스텔 전월세,랜드피아오피스텔,서구,,,,서구|치평동|1202-2|||,35.1574390611471,126.849064142289,광주광역시 서구 치평동 1202-2,전남광주통합특별시 서구 상무중앙로 114,서구,치평동,1224074500,성공,서구,치평동,True,서구 치평동,서구 치평동,6300,0,41.64,서구 상무중앙로 114,True
,,2005,26.01~27.01,신규,6,1,2026,300,30.42,7,1202-2,35,,,,,,,,,,12240,치평동,,서구,12240,오피스텔,전월세,202601,오피스텔 전월세,랜드피아오피스텔,서구,,,,서구|치평동|1202-2|||,35.1574390611471,126.849064142289,광주광역시 서구 치평동 1202-2,전남광주통합특별시 서구 상무중앙로 114,서구,치평동,1224074500,성공,서구,치평동,True,서구 치평동,서구 치평동,300,35,30.42,서구 상무중앙로 114,True
,,2005,26.01~27.01,신규,12,1,2026,"1,000",30.42,8,1202-2,30,,,,,,,,,,12240,치평동,,서구,12240,오피스텔,전월세,202601,오피스텔 전월세,랜드피아오피스텔,서구,,,,서구|치평동|1202-2|||,35.1574390611471,126.849064142289,광주광역시 서구 치평동 1202-2,전남광주통합특별시 서구 상무중앙로 114,서구,치평동,1224074500,성공,서구,치평동,True,서구 치평동,서구 치평동,1000,30,30.42,서구 상무중앙로 114,True
,,2005,26.01~27.01,신규,5,1,2026,300,33.12,15,1202-2,38,,,,,,,,,,12240,치평동,,서구,12240,오피스텔,전월세,202601,오피스텔 전월세,랜드피아오피스텔,서구,,,,서구|치평동|1202-2|||,35.1574390611471,126.849064142289,광주광역시 서구 치평동 1202-2,전남광주통합특별시 서구 상무중앙로 114,서구,치평동,1224074500,성공,서구,치평동,True,서구 치평동,서구 치평동,300,38,33.12,서구 상무중앙로 114,True
,,,26.02~28.02,갱신,28,1,2026,"10,900",52.57,3,1589-3,0,"13,000",,,,,,,,,12330,우산동,,광산구,12330,오피스텔,전월세,202601,오피스텔 전월세,우산동 한국아델리움 앤 중해마루힐,광산구,,,,광산구|우산동|1589-3|||,35.1599039377961,126.81132820509,광주광역시 광산구 우산동 1589-3,전남광주통합특별시 광산구 무진대로 278-11,광산구,우산동,1233058000,성공,광산구,우산동,True,광산구 우산동,광산구 우산동,10900,0,52.57,광산구 무진대로 278-11,True
,,,26.02~28.02,갱신,28,1,2026,"13,000",52.57,3,1589-3,0,"13,000",,,,,,,,,12330,우산동,,광산구,12330,오피스텔,전월세,202601,오피스텔 전월세,우산동 한국아델리움 앤 중해마루힐,광산구,,,,광산구|우산동|1589-3|||,35.1599039377961,126.81132820509,광주광역시 광산구 우산동 1589-3,전남광주통합특별시 광산구 무진대로 278-11,광산구,우산동,1233058000,성공,광산구,우산동,True,광산구 우산동,광산구 우산동,13000,0,52.57,광산구 무진대로 278-11,True
,,2015,26.02~28.02,신규,27,1,2026,"1,000",39.47,6,676-2,60,,,,,,,,,,12330,쌍암동,,광산구,12330,오피스텔,전월세,202601,오피스텔 전월세,에이엠시티센트럴파크,광산구,,,,광산구|쌍암동|676-2|||,35.2215170161494,126.846882804545,광주광역시 광산구 쌍암동 676-2,전남광주통합특별시 광산구 첨단중앙로182번길 50,광산구,첨단1동,1233062400,성공,광산구,첨단1동,True,광산구 첨단1동,광산구 첨단1동,1000,60,39.47,광산구 첨단중앙로182번길 50,True
,,2015,26.02~27.02,신규,20,1,2026,"1,000",39.47,6,676-2,55,,,,,,,,,,12330,쌍암동,,광산구,12330,오피스텔,전월세,202601,오피스텔 전월세,에이엠시티센트럴파크,광산구,,,,광산구|쌍암동|676-2|||,35.2215170161494,126.846882804545,광주광역시 광산구 쌍암동 676-2,전남광주통합특별시 광산구 첨단중앙로182번길 50,광산구,첨단1동,1233062400,성공,광산구,첨단1동,True,광산구 첨단1동,광산구 첨단1동,1000,55,39.47,광산구 첨단중앙로182번길 50,True
,,,26.01~27.01,신규,15,1,2026,"1,000",52.57,7,1589-3,65,,,,,,,,,,12330,우산동,,광산구,12330,오피스텔,전월세,202601,오피스텔 전월세,우산동 한국아델리움 앤 중해마루힐,광산구,,,,광산구|우산동|1589-3|||,35.1599039377961,126.81132820509,광주광역시 광산구 우산동 1589-3,전남광주통합특별시 광산구 무진대로 278-11,광산구,우산동,1233058000,성공,광산구,우산동,True,광산구 우산동,광산구 우산동,1000,65,52.57,광산구 무진대로 278-11,True
,,,26.02~28.02,신규,27,1,2026,"12,000",49.25,8,1589-3,0,,,,,,,,,,12330,우산동,,광산구,12330,오피스텔,전월세,202601,오피스텔 전월세,우산동 한국아델리움 앤 중해마루힐,광산구,,,,광산구|우산동|1589-3|||,35.1599039377961,126.81132820509,광주광역시 광산구 우산동 1589-3,전남광주통합특별시 광산구 무진대로 278-11,광산구,우산동,1233058000,성공,광산구,우산동,True,광산구 우산동,광산구 우산동,12000,0,49.25,광산구 무진대로 278-11,True
,,2017,26.01~27.01,신규,7,1,2026,500,29.98,5,694-74,50,,,,,,,,,,12330,쌍암동,,광산구,12330,오피스텔,전월세,202601,오피스텔 전월세,윤진리안채,광산구,,,,광산구|쌍암동|694-74|||,35.2151862774642,126.851132647598,광주광역시 광산구 쌍암동 694-74,전남광주통합특별시 광산구 첨단강변로99번길 21,광산구,첨단2동,1233062600,성공,북구,첨단2동,True,광산구 첨단2동,북구 첨단2동,500,50,29.98,광산구 첨단강변로99번길 21,True
,,,26.02~28.02,신규,15,1,2026,"10,800",49.25,10,1589-3,0,,,,,,,,,,12330,우산동,,광산구,12330,오피스텔,전월세,202601,오피스텔 전월세,우산동 한국아델리움 앤 중해마루힐,광산구,,,,광산구|우산동|1589-3|||,35.1599039377961,126.81132820509,광주광역시 광산구 우산동 1589-3,전남광주통합특별시 광산구 무진대로 278-11,광산구,우산동,1233058000,성공,광산구,우산동,True,광산구 우산동,광산구 우산동,10800,0,49.25,광산구 무진대로 278-11,True
,,2014,26.01~27.01,신규,13,1,2026,400,25.24,4,893-1,36,,,,,,,,,,12330,월계동,,광산구,12330,오피스텔,전월세,202601,오피스텔 전월세,무들 에코클래스,광산구,,,,광산구|월계동|893-1|||,35.2144820852673,126.847824082744,광주광역시 광산구 월계동 893-1,전남광주통합특별시 광산구 임방울대로826번길 60-5,광산구,첨단2동,1233062600,성공,북구,첨단2동,True,광산구 첨단2동,북구 첨단2동,400,36,25.24,광산구 임방울대로826번길 60-5,True
,,2013,26.01~28.01,신규,17,1,2026,"5,500",32.78,3,694-115,0,,,,,,,,,,12330,쌍암동,,광산구,12330,오피스텔,전월세,202601,오피스텔 전월세,에드가,광산구,,,,광산구|쌍암동|694-115|||,35.2149023369798,126.849588941863,광주광역시 광산구 쌍암동 694-115,전남광주통합특별시 광산구 월계로 223-17,광산구,첨단2동,1233062600,성공,북구,첨단2동,True,광산구 첨단2동,북구 첨단2동,5500,0,32.78,광산구 월계로 223-17,True
,,2015,26.01~27.01,신규,13,1,2026,"1,000",39.47,10,676-2,60,,,,,,,,,,12330,쌍암동,,광산구,12330,오피스텔,전월세,202601,오피스텔 전월세,에이엠시티센트럴파크,광산구,,,,광산구|쌍암동|676-2|||,35.2215170161494,126.846882804545,광주광역시 광산구 쌍암동 676-2,전남광주통합특별시 광산구 첨단중앙로182번길 50,광산구,첨단1동,1233062400,성공,광산구,첨단1동,True,광산구 첨단1동,광산구 첨단1동,1000,60,39.47,광산구 첨단중앙로182번길 50,True
,,2014,26.01~27.01,신규,7,1,2026,400,25.24,3,893-1,36,,,,,,,,,,12330,월계동,,광산구,12330,오피스텔,전월세,202601,오피스텔 전월세,무들 에코클래스,광산구,,,,광산구|월계동|893-1|||,35.2144820852673,126.847824082744,광주광역시 광산구 월계동 893-1,전남광주통합특별시 광산구 임방울대로826번길 60-5,광산구,첨단2동,1233062600,성공,북구,첨단2동,True,광산구 첨단2동,북구 첨단2동,400,36,25.24,광산구 임방울대로826번길 60-5,True
,,2014,26.02~27.02,신규,8,2,2026,300,24.49,3,154-1,37,,,,,,,,,,12210,금남로5가,,동구,12210,오피스텔,전월세,202602,오피스텔 전월세,금남로 AM-City 하이클래스,동구,,,,동구|금남로5가|154-1|||,35.1517659240292,126.913725421103,광주광역시 동구 금남로5가 154-1,전남광주통합특별시 동구 금남로 185,동구,충장동,1221052500,성공,동구,충장동,True,동구 충장동,동구 충장동,300,37,24.49,동구 금남로 185,True
,,2021,26.02~27.02,신규,24,2,2026,"1,000",56.03,13,92,80,,,,,,,,,,12210,수기동,,동구,12210,오피스텔,전월세,202602,오피스텔 전월세,아트시티 리버파크 모아미래도,동구,,,,동구|수기동|92|||,35.1489709013846,126.911238973669,광주광역시 동구 수기동 92,전남광주통합특별시 동구 천변우로 361-15,동구,충장동,1221052500,성공,동구,충장동,True,동구 충장동,동구 충장동,1000,80,56.03,동구 천변우로 361-15,True
,,2021,26.02~27.02,신규,26,2,2026,500,24.85,25,92,45,,,,,,,,,,12210,수기동,,동구,12210,오피스텔,전월세,202602,오피스텔 전월세,아트시티 리버파크 모아미래도,동구,,,,동구|수기동|92|||,35.1489709013846,126.911238973669,광주광역시 동구 수기동 92,전남광주통합특별시 동구 천변우로 361-15,동구,충장동,1221052500,성공,동구,충장동,True,동구 충장동,동구 충장동,500,45,24.85,동구 천변우로 361-15,True
,,2021,26.02~26.06,신규,26,2,2026,500,24.85,25,92,55,,,,,,,,,,12210,수기동,,동구,12210,오피스텔,전월세,202602,오피스텔 전월세,아트시티 리버파크 모아미래도,동구,,,,동구|수기동|92|||,35.1489709013846,126.911238973669,광주광역시 동구 수기동 92,전남광주통합특별시 동구 천변우로 361-15,동구,충장동,1221052500,성공,동구,충장동,True,동구 충장동,동구 충장동,500,55,24.85,동구 천변우로 361-15,True
,,2021,26.02~27.02,신규,19,2,2026,500,24.85,9,92,43,,,,,,,,,,12210,수기동,,동구,12210,오피스텔,전월세,202602,오피스텔 전월세,아트시티 리버파크 모아미래도,동구,,,,동구|수기동|92|||,35.1489709013846,126.911238973669,광주광역시 동구 수기동 92,전남광주통합특별시 동구 천변우로 361-15,동구,충장동,1221052500,성공,동구,충장동,True,동구 충장동,동구 충장동,500,43,24.85,동구 천변우로 361-15,True
,,2021,26.02~27.02,신규,25,2,2026,500,24.85,15,92,50,,,,,,,,,,12210,수기동,,동구,12210,오피스텔,전월세,202602,오피스텔 전월세,아트시티 리버파크 모아미래도,동구,,,,동구|수기동|92|||,35.1489709013846,126.911238973669,광주광역시 동구 수기동 92,전남광주통합특별시 동구 천변우로 361-15,동구,충장동,1221052500,성공,동구,충장동,True,동구 충장동,동구 충장동,500,50,24.85,동구 천변우로 361-15,True
,,2021,26.03~27.03,신규,25,2,2026,500,24.85,17,92,45,,,,,,,,,,12210,수기동,,동구,12210,오피스텔,전월세,202602,오피스텔 전월세,아트시티 리버파크 모아미래도,동구,,,,동구|수기동|92|||,35.1489709013846,126.911238973669,광주광역시 동구 수기동 92,전남광주통합특별시 동구 천변우로 361-15,동구,충장동,1221052500,성공,동구,충장동,True,동구 충장동,동구 충장동,500,45,24.85,동구 천변우로 361-15,True
,,2021,26.02~27.02,신규,21,2,2026,500,24.85,19,92,50,,,,,,,,,,12210,수기동,,동구,12210,오피스텔,전월세,202602,오피스텔 전월세,아트시티 리버파크 모아미래도,동구,,,,동구|수기동|92|||,35.1489709013846,126.911238973669,광주광역시 동구 수기동 92,전남광주통합특별시 동구 천변우로 361-15,동구,충장동,1221052500,성공,동구,충장동,True,동구 충장동,동구 충장동,500,50,24.85,동구 천변우로 361-15,True
,,2021,26.02~27.02,신규,7,2,2026,500,24.85,20,92,47,,,,,,,,,,12210,수기동,,동구,12210,오피스텔,전월세,202602,오피스텔 전월세,아트시티 리버파크 모아미래도,동구,,,,동구|수기동|92|||,35.1489709013846,126.911238973669,광주광역시 동구 수기동 92,전남광주통합특별시 동구 천변우로 361-15,동구,충장동,1221052500,성공,동구,충장동,True,동구 충장동,동구 충장동,500,47,24.85,동구 천변우로 361-15,True
,,2021,26.02~26.08,신규,23,2,2026,500,24.85,23,92,55,,,,,,,,,,12210,수기동,,동구,12210,오피스텔,전월세,202602,오피스텔 전월세,아트시티 리버파크 모아미래도,동구,,,,동구|수기동|92|||,35.1489709013846,126.911238973669,광주광역시 동구 수기동 92,전남광주통합특별시 동구 천변우로 361-15,동구,충장동,1221052500,성공,동구,충장동,True,동구 충장동,동구 충장동,500,55,24.85,동구 천변우로 361-15,True
,,2014,26.02~28.02,신규,21,2,2026,"5,280",24.49,3,154-1,0,,,,,,,,,,12210,금남로5가,,동구,12210,오피스텔,전월세,202602,오피스텔 전월세,금남로 AM-City 하이클래스,동구,,,,동구|금남로5가|154-1|||,35.1517659240292,126.913725421103,광주광역시 동구 금남로5가 154-1,전남광주통합특별시 동구 금남로 185,동구,충장동,1221052500,성공,동구,충장동,True,동구 충장동,동구 충장동,5280,0,24.49,동구 금남로 185,True
,,2021,26.02~28.02,갱신,20,2,2026,"9,700",24.85,12,92,0,"10,000",,,,,,,,,12210,수기동,,동구,12210,오피스텔,전월세,202602,오피스텔 전월세,아트시티 리버파크 모아미래도,동구,,,,동구|수기동|92|||,35.1489709013846,126.911238973669,광주광역시 동구 수기동 92,전남광주통합특별시 동구 천변우로 361-15,동구,충장동,1221052500,성공,동구,충장동,True,동구 충장동,동구 충장동,9700,0,24.85,동구 천변우로 361-15,True
,,2021,26.02~27.02,신규,19,2,2026,500,24.85,15,92,50,,,,,,,,,,12210,수기동,,동구,12210,오피스텔,전월세,202602,오피스텔 전월세,아트시티 리버파크 모아미래도,동구,,,,동구|수기동|92|||,35.1489709013846,126.911238973669,광주광역시 동구 수기동 92,전남광주통합특별시 동구 천변우로 361-15,동구,충장동,1221052500,성공,동구,충장동,True,동구 충장동,동구 충장동,500,50,24.85,동구 천변우로 361-15,True
,,2021,26.03~28.03,신규,19,2,2026,"9,500",24.85,12,92,0,,,,,,,,,,12210,수기동,,동구,12210,오피스텔,전월세,202602,오피스텔 전월세,아트시티 리버파크 모아미래도,동구,,,,동구|수기동|92|||,35.1489709013846,126.911238973669,광주광역시 동구 수기동 92,전남광주통합특별시 동구 천변우로 361-15,동구,충장동,1221052500,성공,동구,충장동,True,동구 충장동,동구 충장동,9500,0,24.85,동구 천변우로 361-15,True
,,2021,26.03~27.02,신규,19,2,2026,500,24.85,18,92,50,,,,,,,,,,12210,수기동,,동구,12210,오피스텔,전월세,202602,오피스텔 전월세,아트시티 리버파크 모아미래도,동구,,,,동구|수기동|92|||,35.1489709013846,126.911238973669,광주광역시 동구 수기동 92,전남광주통합특별시 동구 천변우로 361-15,동구,충장동,1221052500,성공,동구,충장동,True,동구 충장동,동구 충장동,500,50,24.85,동구 천변우로 361-15,True
,,2014,26.02~27.02,갱신,2,2,2026,300,24.49,4,154-1,36,30,36,,,,,,,,12210,금남로5가,,동구,12210,오피스텔,전월세,202602,오피스텔 전월세,금남로 AM-City 하이클래스,동구,,,,동구|금남로5가|154-1|||,35.1517659240292,126.913725421103,광주광역시 동구 금남로5가 154-1,전남광주통합특별시 동구 금남로 185,동구,충장동,1221052500,성공,동구,충장동,True,동구 충장동,동구 충장동,300,36,24.49,동구 금남로 185,True
,,2021,26.02~27.02,갱신,6,2,2026,"9,500",24.85,26,92,0,"9,500",,,,,,,,,12210,수기동,,동구,12210,오피스텔,전월세,202602,오피스텔 전월세,아트시티 리버파크 모아미래도,동구,,,,동구|수기동|92|||,35.1489709013846,126.911238973669,광주광역시 동구 수기동 92,전남광주통합특별시 동구 천변우로 361-15,동구,충장동,1221052500,성공,동구,충장동,True,동구 충장동,동구 충장동,9500,0,24.85,동구 천변우로 361-15,True
,,2021,26.03~28.03,신규,5,2,2026,"9,500",24.85,13,92,0,,,,,,,,,,12210,수기동,,동구,12210,오피스텔,전월세,202602,오피스텔 전월세,아트시티 리버파크 모아미래도,동구,,,,동구|수기동|92|||,35.1489709013846,126.911238973669,광주광역시 동구 수기동 92,전남광주통합특별시 동구 천변우로 361-15,동구,충장동,1221052500,성공,동구,충장동,True,동구 충장동,동구 충장동,9500,0,24.85,동구 천변우로 361-15,True
,,2005,26.02~27.02,신규,23,2,2026,500,41.64,15,1202-2,45,,,,,,,,,,12240,치평동,,서구,12240,오피스텔,전월세,202602,오피스텔 전월세,랜드피아오피스텔,서구,,,,서구|치평동|1202-2|||,35.1574390611471,126.849064142289,광주광역시 서구 치평동 1202-2,전남광주통합특별시 서구 상무중앙로 114,서구,치평동,1224074500,성공,서구,치평동,True,서구 치평동,서구 치평동,500,45,41.64,서구 상무중앙로 114,True
,,2005,26.03~27.03,신규,27,2,2026,300,30.42,9,1202-2,37,,,,,,,,,,12240,치평동,,서구,12240,오피스텔,전월세,202602,오피스텔 전월세,랜드피아오피스텔,서구,,,,서구|치평동|1202-2|||,35.1574390611471,126.849064142289,광주광역시 서구 치평동 1202-2,전남광주통합특별시 서구 상무중앙로 114,서구,치평동,1224074500,성공,서구,치평동,True,서구 치평동,서구 치평동,300,37,30.42,서구 상무중앙로 114,True
,,2005,26.02~28.02,신규,9,2,2026,500,30.42,11,1202-2,38,,,,,,,,,,12240,치평동,,서구,12240,오피스텔,전월세,202602,오피스텔 전월세,랜드피아오피스텔,서구,,,,서구|치평동|1202-2|||,35.1574390611471,126.849064142289,광주광역시 서구 치평동 1202-2,전남광주통합특별시 서구 상무중앙로 114,서구,치평동,1224074500,성공,서구,치평동,True,서구 치평동,서구 치평동,500,38,30.42,서구 상무중앙로 114,True
,,2005,26.02~28.02,신규,24,2,2026,300,30.42,15,1202-2,38,,,,,,,,,,12240,치평동,,서구,12240,오피스텔,전월세,202602,오피스텔 전월세,랜드피아오피스텔,서구,,,,서구|치평동|1202-2|||,35.1574390611471,126.849064142289,광주광역시 서구 치평동 1202-2,전남광주통합특별시 서구 상무중앙로 114,서구,치평동,1224074500,성공,서구,치평동,True,서구 치평동,서구 치평동,300,38,30.42,서구 상무중앙로 114,True
,,2005,26.02~27.02,신규,23,2,2026,"1,000",30.42,15,1202-2,30,,,,,,,,,,12240,치평동,,서구,12240,오피스텔,전월세,202602,오피스텔 전월세,랜드피아오피스텔,서구,,,,서구|치평동|1202-2|||,35.1574390611471,126.849064142289,광주광역시 서구 치평동 1202-2,전남광주통합특별시 서구 상무중앙로 114,서구,치평동,1224074500,성공,서구,치평동,True,서구 치평동,서구 치평동,1000,30,30.42,서구 상무중앙로 114,True
,,2005,26.02~27.02,신규,21,2,2026,300,30.42,4,1202-2,37,,,,,,,,,,12240,치평동,,서구,12240,오피스텔,전월세,202602,오피스텔 전월세,랜드피아오피스텔,서구,,,,서구|치평동|1202-2|||,35.1574390611471,126.849064142289,광주광역시 서구 치평동 1202-2,전남광주통합특별시 서구 상무중앙로 114,서구,치평동,1224074500,성공,서구,치평동,True,서구 치평동,서구 치평동,300,37,30.42,서구 상무중앙로 114,True
,,2005,26.02~27.02,신규,20,2,2026,500,30.42,16,1202-2,35,,,,,,,,,,12240,치평동,,서구,12240,오피스텔,전월세,202602,오피스텔 전월세,랜드피아오피스텔,서구,,,,서구|치평동|1202-2|||,35.1574390611471,126.849064142289,광주광역시 서구 치평동 1202-2,전남광주통합특별시 서구 상무중앙로 114,서구,치평동,1224074500,성공,서구,치평동,True,서구 치평동,서구 치평동,500,35,30.42,서구 상무중앙로 114,True
,,2005,26.02~28.02,신규,10,2,2026,"5,000",33.12,6,1202-2,5,,,,,,,,,,12240,치평동,,서구,12240,오피스텔,전월세,202602,오피스텔 전월세,랜드피아오피스텔,서구,,,,서구|치평동|1202-2|||,35.1574390611471,126.849064142289,광주광역시 서구 치평동 1202-2,전남광주통합특별시 서구 상무중앙로 114,서구,치평동,1224074500,성공,서구,치평동,True,서구 치평동,서구 치평동,5000,5,33.12,서구 상무중앙로 114,True
,,2005,26.02~27.02,신규,7,2,2026,300,30.42,10,1202-2,33,,,,,,,,,,12240,치평동,,서구,12240,오피스텔,전월세,202602,오피스텔 전월세,랜드피아오피스텔,서구,,,,서구|치평동|1202-2|||,35.1574390611471,126.849064142289,광주광역시 서구 치평동 1202-2,전남광주통합특별시 서구 상무중앙로 114,서구,치평동,1224074500,성공,서구,치평동,True,서구 치평동,서구 치평동,300,33,30.42,서구 상무중앙로 114,True
,,2013,26.03~27.03,신규,27,2,2026,300,27.54,4,694-115,38,,,,,,,,,,12330,쌍암동,,광산구,12330,오피스텔,전월세,202602,오피스텔 전월세,에드가,광산구,,,,광산구|쌍암동|694-115|||,35.2149023369798,126.849588941863,광주광역시 광산구 쌍암동 694-115,전남광주통합특별시 광산구 월계로 223-17,광산구,첨단2동,1233062600,성공,북구,첨단2동,True,광산구 첨단2동,북구 첨단2동,300,38,27.54,광산구 월계로 223-17,True
,,2017,26.03~27.03,신규,26,2,2026,500,29.98,6,694-74,50,,,,,,,,,,12330,쌍암동,,광산구,12330,오피스텔,전월세,202602,오피스텔 전월세,윤진리안채,광산구,,,,광산구|쌍암동|694-74|||,35.2151862774642,126.851132647598,광주광역시 광산구 쌍암동 694-74,전남광주통합특별시 광산구 첨단강변로99번길 21,광산구,첨단2동,1233062600,성공,북구,첨단2동,True,광산구 첨단2동,북구 첨단2동,500,50,29.98,광산구 첨단강변로99번길 21,True
,,2015,26.03~27.02,신규,27,2,2026,"1,000",39.47,4,676-2,65,,,,,,,,,,12330,쌍암동,,광산구,12330,오피스텔,전월세,202602,오피스텔 전월세,에이엠시티센트럴파크,광산구,,,,광산구|쌍암동|676-2|||,35.2215170161494,126.846882804545,광주광역시 광산구 쌍암동 676-2,전남광주통합특별시 광산구 첨단중앙로182번길 50,광산구,첨단1동,1233062400,성공,광산구,첨단1동,True,광산구 첨단1동,광산구 첨단1동,1000,65,39.47,광산구 첨단중앙로182번길 50,True
,,2013,26.02~27.02,신규,11,2,2026,300,27.54,4,694-115,38,,,,,,,,,,12330,쌍암동,,광산구,12330,오피스텔,전월세,202602,오피스텔 전월세,에드가,광산구,,,,광산구|쌍암동|694-115|||,35.2149023369798,126.849588941863,광주광역시 광산구 쌍암동 694-115,전남광주통합특별시 광산구 월계로 223-17,광산구,첨단2동,1233062600,성공,북구,첨단2동,True,광산구 첨단2동,북구 첨단2동,300,38,27.54,광산구 월계로 223-17,True
,,2013,26.02~28.02,신규,24,2,2026,"4,600",27.54,2,694-115,0,,,,,,,,,,12330,쌍암동,,광산구,12330,오피스텔,전월세,202602,오피스텔 전월세,에드가,광산구,,,,광산구|쌍암동|694-115|||,35.2149023369798,126.849588941863,광주광역시 광산구 쌍암동 694-115,전남광주통합특별시 광산구 월계로 223-17,광산구,첨단2동,1233062600,성공,북구,첨단2동,True,광산구 첨단2동,북구 첨단2동,4600,0,27.54,광산구 월계로 223-17,True
,,,26.03~28.03,신규,27,2,2026,"13,500",49.25,5,1589-3,0,,,,,,,,,,12330,우산동,,광산구,12330,오피스텔,전월세,202602,오피스텔 전월세,우산동 한국아델리움 앤 중해마루힐,광산구,,,,광산구|우산동|1589-3|||,35.1599039377961,126.81132820509,광주광역시 광산구 우산동 1589-3,전남광주통합특별시 광산구 무진대로 278-11,광산구,우산동,1233058000,성공,광산구,우산동,True,광산구 우산동,광산구 우산동,13500,0,49.25,광산구 무진대로 278-11,True
,,2013,26.02~27.02,신규,4,2,2026,300,27.54,4,694-115,38,,,,,,,,,,12330,쌍암동,,광산구,12330,오피스텔,전월세,202602,오피스텔 전월세,에드가,광산구,,,,광산구|쌍암동|694-115|||,35.2149023369798,126.849588941863,광주광역시 광산구 쌍암동 694-115,전남광주통합특별시 광산구 월계로 223-17,광산구,첨단2동,1233062600,성공,북구,첨단2동,True,광산구 첨단2동,북구 첨단2동,300,38,27.54,광산구 월계로 223-17,True
,,2017,26.02~27.02,신규,21,2,2026,"2,000",31.76,4,694-74,40,,,,,,,,,,12330,쌍암동,,광산구,12330,오피스텔,전월세,202602,오피스텔 전월세,윤진리안채,광산구,,,,광산구|쌍암동|694-74|||,35.2151862774642,126.851132647598,광주광역시 광산구 쌍암동 694-74,전남광주통합특별시 광산구 첨단강변로99번길 21,광산구,첨단2동,1233062600,성공,북구,첨단2동,True,광산구 첨단2동,북구 첨단2동,2000,40,31.76,광산구 첨단강변로99번길 21,True
,,2014,26.02~27.02,신규,21,2,2026,300,25.24,3,893-1,38,,,,,,,,,,12330,월계동,,광산구,12330,오피스텔,전월세,202602,오피스텔 전월세,무들 에코클래스,광산구,,,,광산구|월계동|893-1|||,35.2144820852673,126.847824082744,광주광역시 광산구 월계동 893-1,전남광주통합특별시 광산구 임방울대로826번길 60-5,광산구,첨단2동,1233062600,성공,북구,첨단2동,True,광산구 첨단2동,북구 첨단2동,300,38,25.24,광산구 임방울대로826번길 60-5,True
,,2017,26.04~28.04,신규,23,2,2026,"7,000",29.98,3,694-74,0,,,,,,,,,,12330,쌍암동,,광산구,12330,오피스텔,전월세,202602,오피스텔 전월세,윤진리안채,광산구,,,,광산구|쌍암동|694-74|||,35.2151862774642,126.851132647598,광주광역시 광산구 쌍암동 694-74,전남광주통합특별시 광산구 첨단강변로99번길 21,광산구,첨단2동,1233062600,성공,북구,첨단2동,True,광산구 첨단2동,북구 첨단2동,7000,0,29.98,광산구 첨단강변로99번길 21,True
,,2017,26.04~28.04,신규,23,2,2026,"7,000",29.98,3,694-74,0,,,,,,,,,,12330,쌍암동,,광산구,12330,오피스텔,전월세,202602,오피스텔 전월세,윤진리안채,광산구,,,,광산구|쌍암동|694-74|||,35.2151862774642,126.851132647598,광주광역시 광산구 쌍암동 694-74,전남광주통합특별시 광산구 첨단강변로99번길 21,광산구,첨단2동,1233062600,성공,북구,첨단2동,True,광산구 첨단2동,북구 첨단2동,7000,0,29.98,광산구 첨단강변로99번길 21,True
,,,26.03~26.04,신규,20,2,2026,"13,500",52.57,6,1589-3,0,,,,,,,,,,12330,우산동,,광산구,12330,오피스텔,전월세,202602,오피스텔 전월세,우산동 한국아델리움 앤 중해마루힐,광산구,,,,광산구|우산동|1589-3|||,35.1599039377961,126.81132820509,광주광역시 광산구 우산동 1589-3,전남광주통합특별시 광산구 무진대로 278-11,광산구,우산동,1233058000,성공,광산구,우산동,True,광산구 우산동,광산구 우산동,13500,0,52.57,광산구 무진대로 278-11,True
,,,26.02~27.02,신규,3,2,2026,"1,000",49.25,7,1589-3,60,,,,,,,,,,12330,우산동,,광산구,12330,오피스텔,전월세,202602,오피스텔 전월세,우산동 한국아델리움 앤 중해마루힐,광산구,,,,광산구|우산동|1589-3|||,35.1599039377961,126.81132820509,광주광역시 광산구 우산동 1589-3,전남광주통합특별시 광산구 무진대로 278-11,광산구,우산동,1233058000,성공,광산구,우산동,True,광산구 우산동,광산구 우산동,1000,60,49.25,광산구 무진대로 278-11,True
,,2017,26.02~27.02,신규,12,2,2026,500,29.98,8,694-74,56,,,,,,,,,,12330,쌍암동,,광산구,12330,오피스텔,전월세,202602,오피스텔 전월세,윤진리안채,광산구,,,,광산구|쌍암동|694-74|||,35.2151862774642,126.851132647598,광주광역시 광산구 쌍암동 694-74,전남광주통합특별시 광산구 첨단강변로99번길 21,광산구,첨단2동,1233062600,성공,북구,첨단2동,True,광산구 첨단2동,북구 첨단2동,500,56,29.98,광산구 첨단강변로99번길 21,True
,,2017,26.02~27.02,신규,10,2,2026,500,29.98,8,694-74,55,,,,,,,,,,12330,쌍암동,,광산구,12330,오피스텔,전월세,202602,오피스텔 전월세,윤진리안채,광산구,,,,광산구|쌍암동|694-74|||,35.2151862774642,126.851132647598,광주광역시 광산구 쌍암동 694-74,전남광주통합특별시 광산구 첨단강변로99번길 21,광산구,첨단2동,1233062600,성공,북구,첨단2동,True,광산구 첨단2동,북구 첨단2동,500,55,29.98,광산구 첨단강변로99번길 21,True
,,2021,26.03~27.03,신규,11,3,2026,500,24.85,20,92,45,,,,,,,,,,12210,수기동,,동구,12210,오피스텔,전월세,202603,오피스텔 전월세,아트시티 리버파크 모아미래도,동구,,,,동구|수기동|92|||,35.1489709013846,126.911238973669,광주광역시 동구 수기동 92,전남광주통합특별시 동구 천변우로 361-15,동구,충장동,1221052500,성공,동구,충장동,True,동구 충장동,동구 충장동,500,45,24.85,동구 천변우로 361-15,True
,,2021,26.03~27.03,신규,5,3,2026,500,24.85,10,92,43,,,,,,,,,,12210,수기동,,동구,12210,오피스텔,전월세,202603,오피스텔 전월세,아트시티 리버파크 모아미래도,동구,,,,동구|수기동|92|||,35.1489709013846,126.911238973669,광주광역시 동구 수기동 92,전남광주통합특별시 동구 천변우로 361-15,동구,충장동,1221052500,성공,동구,충장동,True,동구 충장동,동구 충장동,500,43,24.85,동구 천변우로 361-15,True
,,2021,26.03~27.02,신규,1,3,2026,500,24.85,9,92,43,,,,,,,,,,12210,수기동,,동구,12210,오피스텔,전월세,202603,오피스텔 전월세,아트시티 리버파크 모아미래도,동구,,,,동구|수기동|92|||,35.1489709013846,126.911238973669,광주광역시 동구 수기동 92,전남광주통합특별시 동구 천변우로 361-15,동구,충장동,1221052500,성공,동구,충장동,True,동구 충장동,동구 충장동,500,43,24.85,동구 천변우로 361-15,True
,,2021,26.03~27.03,신규,4,3,2026,500,24.85,25,92,45,,,,,,,,,,12210,수기동,,동구,12210,오피스텔,전월세,202603,오피스텔 전월세,아트시티 리버파크 모아미래도,동구,,,,동구|수기동|92|||,35.1489709013846,126.911238973669,광주광역시 동구 수기동 92,전남광주통합특별시 동구 천변우로 361-15,동구,충장동,1221052500,성공,동구,충장동,True,동구 충장동,동구 충장동,500,45,24.85,동구 천변우로 361-15,True
,,2021,26.03~27.03,신규,11,3,2026,500,24.85,24,92,45,,,,,,,,,,12210,수기동,,동구,12210,오피스텔,전월세,202603,오피스텔 전월세,아트시티 리버파크 모아미래도,동구,,,,동구|수기동|92|||,35.1489709013846,126.911238973669,광주광역시 동구 수기동 92,전남광주통합특별시 동구 천변우로 361-15,동구,충장동,1221052500,성공,동구,충장동,True,동구 충장동,동구 충장동,500,45,24.85,동구 천변우로 361-15,True
,,2014,26.04~27.03,신규,21,3,2026,500,26.49,5,154-1,40,,,,,,,,,,12210,금남로5가,,동구,12210,오피스텔,전월세,202603,오피스텔 전월세,금남로 AM-City 하이클래스,동구,,,,동구|금남로5가|154-1|||,35.1517659240292,126.913725421103,광주광역시 동구 금남로5가 154-1,전남광주통합특별시 동구 금남로 185,동구,충장동,1221052500,성공,동구,충장동,True,동구 충장동,동구 충장동,500,40,26.49,동구 금남로 185,True
,,2021,26.04~28.04,신규,21,3,2026,"9,400",24.85,13,92,0,,,,,,,,,,12210,수기동,,동구,12210,오피스텔,전월세,202603,오피스텔 전월세,아트시티 리버파크 모아미래도,동구,,,,동구|수기동|92|||,35.1489709013846,126.911238973669,광주광역시 동구 수기동 92,전남광주통합특별시 동구 천변우로 361-15,동구,충장동,1221052500,성공,동구,충장동,True,동구 충장동,동구 충장동,9400,0,24.85,동구 천변우로 361-15,True
,,2021,26.03~27.03,신규,18,3,2026,500,24.85,10,92,48,,,,,,,,,,12210,수기동,,동구,12210,오피스텔,전월세,202603,오피스텔 전월세,아트시티 리버파크 모아미래도,동구,,,,동구|수기동|92|||,35.1489709013846,126.911238973669,광주광역시 동구 수기동 92,전남광주통합특별시 동구 천변우로 361-15,동구,충장동,1221052500,성공,동구,충장동,True,동구 충장동,동구 충장동,500,48,24.85,동구 천변우로 361-15,True
,,2021,26.03~27.03,신규,20,3,2026,300,24.85,25,92,55,,,,,,,,,,12210,수기동,,동구,12210,오피스텔,전월세,202603,오피스텔 전월세,아트시티 리버파크 모아미래도,동구,,,,동구|수기동|92|||,35.1489709013846,126.911238973669,광주광역시 동구 수기동 92,전남광주통합특별시 동구 천변우로 361-15,동구,충장동,1221052500,성공,동구,충장동,True,동구 충장동,동구 충장동,300,55,24.85,동구 천변우로 361-15,True
,,2021,26.03~27.03,신규,15,3,2026,"1,000",48.74,7,92,75,,,,,,,,,,12210,수기동,,동구,12210,오피스텔,전월세,202603,오피스텔 전월세,아트시티 리버파크 모아미래도,동구,,,,동구|수기동|92|||,35.1489709013846,126.911238973669,광주광역시 동구 수기동 92,전남광주통합특별시 동구 천변우로 361-15,동구,충장동,1221052500,성공,동구,충장동,True,동구 충장동,동구 충장동,1000,75,48.74,동구 천변우로 361-15,True
,,2021,26.03~27.03,신규,17,3,2026,500,24.85,19,92,50,,,,,,,,,,12210,수기동,,동구,12210,오피스텔,전월세,202603,오피스텔 전월세,아트시티 리버파크 모아미래도,동구,,,,동구|수기동|92|||,35.1489709013846,126.911238973669,광주광역시 동구 수기동 92,전남광주통합특별시 동구 천변우로 361-15,동구,충장동,1221052500,성공,동구,충장동,True,동구 충장동,동구 충장동,500,50,24.85,동구 천변우로 361-15,True
,,2021,26.03~27.03,신규,3,3,2026,500,24.85,26,92,50,,,,,,,,,,12210,수기동,,동구,12210,오피스텔,전월세,202603,오피스텔 전월세,아트시티 리버파크 모아미래도,동구,,,,동구|수기동|92|||,35.1489709013846,126.911238973669,광주광역시 동구 수기동 92,전남광주통합특별시 동구 천변우로 361-15,동구,충장동,1221052500,성공,동구,충장동,True,동구 충장동,동구 충장동,500,50,24.85,동구 천변우로 361-15,True
,,2021,26.04~28.04,신규,11,3,2026,"9,500",24.85,15,92,0,,,,,,,,,,12210,수기동,,동구,12210,오피스텔,전월세,202603,오피스텔 전월세,아트시티 리버파크 모아미래도,동구,,,,동구|수기동|92|||,35.1489709013846,126.911238973669,광주광역시 동구 수기동 92,전남광주통합특별시 동구 천변우로 361-15,동구,충장동,1221052500,성공,동구,충장동,True,동구 충장동,동구 충장동,9500,0,24.85,동구 천변우로 361-15,True
,,2021,26.04~28.04,신규,12,3,2026,"16,000",56.03,23,92,0,,,,,,,,,,12210,수기동,,동구,12210,오피스텔,전월세,202603,오피스텔 전월세,아트시티 리버파크 모아미래도,동구,,,,동구|수기동|92|||,35.1489709013846,126.911238973669,광주광역시 동구 수기동 92,전남광주통합특별시 동구 천변우로 361-15,동구,충장동,1221052500,성공,동구,충장동,True,동구 충장동,동구 충장동,16000,0,56.03,동구 천변우로 361-15,True
,,2021,26.03~27.03,신규,2,3,2026,500,24.85,24,92,50,,,,,,,,,,12210,수기동,,동구,12210,오피스텔,전월세,202603,오피스텔 전월세,아트시티 리버파크 모아미래도,동구,,,,동구|수기동|92|||,35.1489709013846,126.911238973669,광주광역시 동구 수기동 92,전남광주통합특별시 동구 천변우로 361-15,동구,충장동,1221052500,성공,동구,충장동,True,동구 충장동,동구 충장동,500,50,24.85,동구 천변우로 361-15,True
,,2021,26.03~27.03,신규,2,3,2026,500,24.85,15,92,50,,,,,,,,,,12210,수기동,,동구,12210,오피스텔,전월세,202603,오피스텔 전월세,아트시티 리버파크 모아미래도,동구,,,,동구|수기동|92|||,35.1489709013846,126.911238973669,광주광역시 동구 수기동 92,전남광주통합특별시 동구 천변우로 361-15,동구,충장동,1221052500,성공,동구,충장동,True,동구 충장동,동구 충장동,500,50,24.85,동구 천변우로 361-15,True
,,2005,26.03~27.03,신규,19,3,2026,300,30.42,7,1202-2,38,,,,,,,,,,12240,치평동,,서구,12240,오피스텔,전월세,202603,오피스텔 전월세,랜드피아오피스텔,서구,,,,서구|치평동|1202-2|||,35.1574390611471,126.849064142289,광주광역시 서구 치평동 1202-2,전남광주통합특별시 서구 상무중앙로 114,서구,치평동,1224074500,성공,서구,치평동,True,서구 치평동,서구 치평동,300,38,30.42,서구 상무중앙로 114,True
,,2005,26.03~27.03,신규,9,3,2026,500,41.64,8,1202-2,45,,,,,,,,,,12240,치평동,,서구,12240,오피스텔,전월세,202603,오피스텔 전월세,랜드피아오피스텔,서구,,,,서구|치평동|1202-2|||,35.1574390611471,126.849064142289,광주광역시 서구 치평동 1202-2,전남광주통합특별시 서구 상무중앙로 114,서구,치평동,1224074500,성공,서구,치평동,True,서구 치평동,서구 치평동,500,45,41.64,서구 상무중앙로 114,True
,,2005,26.04~27.04,신규,31,3,2026,300,30.42,14,1202-2,37,,,,,,,,,,12240,치평동,,서구,12240,오피스텔,전월세,202603,오피스텔 전월세,랜드피아오피스텔,서구,,,,서구|치평동|1202-2|||,35.1574390611471,126.849064142289,광주광역시 서구 치평동 1202-2,전남광주통합특별시 서구 상무중앙로 114,서구,치평동,1224074500,성공,서구,치평동,True,서구 치평동,서구 치평동,300,37,30.42,서구 상무중앙로 114,True
,,2005,26.03~27.03,신규,28,3,2026,300,30.42,5,1202-2,38,,,,,,,,,,12240,치평동,,서구,12240,오피스텔,전월세,202603,오피스텔 전월세,랜드피아오피스텔,서구,,,,서구|치평동|1202-2|||,35.1574390611471,126.849064142289,광주광역시 서구 치평동 1202-2,전남광주통합특별시 서구 상무중앙로 114,서구,치평동,1224074500,성공,서구,치평동,True,서구 치평동,서구 치평동,300,38,30.42,서구 상무중앙로 114,True
,,2018,26.04~27.04,갱신,20,3,2026,"1,000",53.66,16,415-57,80,"1,000",70,,,,,,,,12240,농성동,,서구,12240,오피스텔,전월세,202603,오피스텔 전월세,농성지오스테이션,서구,,,,서구|농성동|415-57|||,35.1603903368224,126.886429218677,광주광역시 서구 농성동 415-57,전남광주통합특별시 서구 내방로 433,서구,농성1동,1224065000,성공,서구,농성1동,True,서구 농성1동,서구 농성1동,1000,80,53.66,서구 내방로 433,True
,,2005,26.03~27.03,신규,16,3,2026,300,30.42,5,1202-2,36,,,,,,,,,,12240,치평동,,서구,12240,오피스텔,전월세,202603,오피스텔 전월세,랜드피아오피스텔,서구,,,,서구|치평동|1202-2|||,35.1574390611471,126.849064142289,광주광역시 서구 치평동 1202-2,전남광주통합특별시 서구 상무중앙로 114,서구,치평동,1224074500,성공,서구,치평동,True,서구 치평동,서구 치평동,300,36,30.42,서구 상무중앙로 114,True
,,2005,26.03~27.03,신규,9,3,2026,300,30.42,16,1202-2,37,,,,,,,,,,12240,치평동,,서구,12240,오피스텔,전월세,202603,오피스텔 전월세,랜드피아오피스텔,서구,,,,서구|치평동|1202-2|||,35.1574390611471,126.849064142289,광주광역시 서구 치평동 1202-2,전남광주통합특별시 서구 상무중앙로 114,서구,치평동,1224074500,성공,서구,치평동,True,서구 치평동,서구 치평동,300,37,30.42,서구 상무중앙로 114,True
,,2018,26.04~27.12,갱신,7,3,2026,"15,500",53.66,19,415-57,0,"15,000",,,,,,,,,12240,농성동,사용,서구,12240,오피스텔,전월세,202603,오피스텔 전월세,농성지오스테이션,서구,,,,서구|농성동|415-57|||,35.1603903368224,126.886429218677,광주광역시 서구 농성동 415-57,전남광주통합특별시 서구 내방로 433,서구,농성1동,1224065000,성공,서구,농성1동,True,서구 농성1동,서구 농성1동,15500,0,53.66,서구 내방로 433,True
,,2018,26.03~28.03,신규,29,3,2026,"1,000",49.24,3,676-3,70,,,,,,,,,,12330,쌍암동,,광산구,12330,오피스텔,전월세,202603,오피스텔 전월세,첨단센트럴파크2차,광산구,,,,광산구|쌍암동|676-3|||,35.2209763822162,126.84687920672,광주광역시 광산구 쌍암동 676-3,전남광주통합특별시 광산구 첨단중앙로170번길 87,광산구,첨단1동,1233062400,성공,광산구,첨단1동,True,광산구 첨단1동,광산구 첨단1동,1000,70,49.24,광산구 첨단중앙로170번길 87,True
,,2013,26.04~27.03,신규,30,3,2026,"2,000",32.78,3,694-115,30,,,,,,,,,,12330,쌍암동,,광산구,12330,오피스텔,전월세,202603,오피스텔 전월세,에드가,광산구,,,,광산구|쌍암동|694-115|||,35.2149023369798,126.849588941863,광주광역시 광산구 쌍암동 694-115,전남광주통합특별시 광산구 월계로 223-17,광산구,첨단2동,1233062600,성공,북구,첨단2동,True,광산구 첨단2동,북구 첨단2동,2000,30,32.78,광산구 월계로 223-17,True
,,2015,26.03~28.03,신규,23,3,2026,"9,500",39.47,3,676-2,0,,,,,,,,,,12330,쌍암동,,광산구,12330,오피스텔,전월세,202603,오피스텔 전월세,에이엠시티센트럴파크,광산구,,,,광산구|쌍암동|676-2|||,35.2215170161494,126.846882804545,광주광역시 광산구 쌍암동 676-2,전남광주통합특별시 광산구 첨단중앙로182번길 50,광산구,첨단1동,1233062400,성공,광산구,첨단1동,True,광산구 첨단1동,광산구 첨단1동,9500,0,39.47,광산구 첨단중앙로182번길 50,True
,,2017,26.04~27.04,신규,7,3,2026,500,31.76,6,694-74,53,,,,,,,,,,12330,쌍암동,,광산구,12330,오피스텔,전월세,202603,오피스텔 전월세,윤진리안채,광산구,,,,광산구|쌍암동|694-74|||,35.2151862774642,126.851132647598,광주광역시 광산구 쌍암동 694-74,전남광주통합특별시 광산구 첨단강변로99번길 21,광산구,첨단2동,1233062600,성공,북구,첨단2동,True,광산구 첨단2동,북구 첨단2동,500,53,31.76,광산구 첨단강변로99번길 21,True
,,2017,26.03~27.03,신규,3,3,2026,500,31.76,3,694-74,55,,,,,,,,,,12330,쌍암동,,광산구,12330,오피스텔,전월세,202603,오피스텔 전월세,윤진리안채,광산구,,,,광산구|쌍암동|694-74|||,35.2151862774642,126.851132647598,광주광역시 광산구 쌍암동 694-74,전남광주통합특별시 광산구 첨단강변로99번길 21,광산구,첨단2동,1233062600,성공,북구,첨단2동,True,광산구 첨단2동,북구 첨단2동,500,55,31.76,광산구 첨단강변로99번길 21,True
,,2021,26.04~27.04,신규,25,4,2026,300,24.85,19,92,50,,,,,,,,,,12210,수기동,,동구,12210,오피스텔,전월세,202604,오피스텔 전월세,아트시티 리버파크 모아미래도,동구,,,,동구|수기동|92|||,35.1489709013846,126.911238973669,광주광역시 동구 수기동 92,전남광주통합특별시 동구 천변우로 361-15,동구,충장동,1221052500,성공,동구,충장동,True,동구 충장동,동구 충장동,300,50,24.85,동구 천변우로 361-15,True
,,2021,26.04~27.04,신규,14,4,2026,500,24.85,15,92,45,,,,,,,,,,12210,수기동,,동구,12210,오피스텔,전월세,202604,오피스텔 전월세,아트시티 리버파크 모아미래도,동구,,,,동구|수기동|92|||,35.1489709013846,126.911238973669,광주광역시 동구 수기동 92,전남광주통합특별시 동구 천변우로 361-15,동구,충장동,1221052500,성공,동구,충장동,True,동구 충장동,동구 충장동,500,45,24.85,동구 천변우로 361-15,True
,,2021,26.05~27.05,신규,21,4,2026,500,24.85,24,92,50,,,,,,,,,,12210,수기동,,동구,12210,오피스텔,전월세,202604,오피스텔 전월세,아트시티 리버파크 모아미래도,동구,,,,동구|수기동|92|||,35.1489709013846,126.911238973669,광주광역시 동구 수기동 92,전남광주통합특별시 동구 천변우로 361-15,동구,충장동,1221052500,성공,동구,충장동,True,동구 충장동,동구 충장동,500,50,24.85,동구 천변우로 361-15,True
,,2021,26.04~27.04,신규,29,4,2026,500,24.85,9,92,50,,,,,,,,,,12210,수기동,,동구,12210,오피스텔,전월세,202604,오피스텔 전월세,아트시티 리버파크 모아미래도,동구,,,,동구|수기동|92|||,35.1489709013846,126.911238973669,광주광역시 동구 수기동 92,전남광주통합특별시 동구 천변우로 361-15,동구,충장동,1221052500,성공,동구,충장동,True,동구 충장동,동구 충장동,500,50,24.85,동구 천변우로 361-15,True
,,2021,26.04~26.10,신규,25,4,2026,500,24.85,25,92,55,,,,,,,,,,12210,수기동,,동구,12210,오피스텔,전월세,202604,오피스텔 전월세,아트시티 리버파크 모아미래도,동구,,,,동구|수기동|92|||,35.1489709013846,126.911238973669,광주광역시 동구 수기동 92,전남광주통합특별시 동구 천변우로 361-15,동구,충장동,1221052500,성공,동구,충장동,True,동구 충장동,동구 충장동,500,55,24.85,동구 천변우로 361-15,True
,,2021,26.04~26.10,신규,26,4,2026,500,24.85,11,92,55,,,,,,,,,,12210,수기동,,동구,12210,오피스텔,전월세,202604,오피스텔 전월세,아트시티 리버파크 모아미래도,동구,,,,동구|수기동|92|||,35.1489709013846,126.911238973669,광주광역시 동구 수기동 92,전남광주통합특별시 동구 천변우로 361-15,동구,충장동,1221052500,성공,동구,충장동,True,동구 충장동,동구 충장동,500,55,24.85,동구 천변우로 361-15,True
,,2021,26.04~27.04,신규,23,4,2026,500,24.85,8,92,48,,,,,,,,,,12210,수기동,,동구,12210,오피스텔,전월세,202604,오피스텔 전월세,아트시티 리버파크 모아미래도,동구,,,,동구|수기동|92|||,35.1489709013846,126.911238973669,광주광역시 동구 수기동 92,전남광주통합특별시 동구 천변우로 361-15,동구,충장동,1221052500,성공,동구,충장동,True,동구 충장동,동구 충장동,500,48,24.85,동구 천변우로 361-15,True
,,2021,26.04~27.04,신규,20,4,2026,300,24.85,22,92,49,,,,,,,,,,12210,수기동,,동구,12210,오피스텔,전월세,202604,오피스텔 전월세,아트시티 리버파크 모아미래도,동구,,,,동구|수기동|92|||,35.1489709013846,126.911238973669,광주광역시 동구 수기동 92,전남광주통합특별시 동구 천변우로 361-15,동구,충장동,1221052500,성공,동구,충장동,True,동구 충장동,동구 충장동,300,49,24.85,동구 천변우로 361-15,True
,,2021,26.04~27.04,신규,17,4,2026,500,24.85,20,92,50,,,,,,,,,,12210,수기동,,동구,12210,오피스텔,전월세,202604,오피스텔 전월세,아트시티 리버파크 모아미래도,동구,,,,동구|수기동|92|||,35.1489709013846,126.911238973669,광주광역시 동구 수기동 92,전남광주통합특별시 동구 천변우로 361-15,동구,충장동,1221052500,성공,동구,충장동,True,동구 충장동,동구 충장동,500,50,24.85,동구 천변우로 361-15,True
,,2005,26.05~27.05,신규,18,4,2026,300,33.12,7,1202-2,37,,,,,,,,,,12240,치평동,,서구,12240,오피스텔,전월세,202604,오피스텔 전월세,랜드피아오피스텔,서구,,,,서구|치평동|1202-2|||,35.1574390611471,126.849064142289,광주광역시 서구 치평동 1202-2,전남광주통합특별시 서구 상무중앙로 114,서구,치평동,1224074500,성공,서구,치평동,True,서구 치평동,서구 치평동,300,37,33.12,서구 상무중앙로 114,True
,,2005,26.04~27.04,신규,13,4,2026,"1,000",55.54,13,1202-2,60,,,,,,,,,,12240,치평동,,서구,12240,오피스텔,전월세,202604,오피스텔 전월세,랜드피아오피스텔,서구,,,,서구|치평동|1202-2|||,35.1574390611471,126.849064142289,광주광역시 서구 치평동 1202-2,전남광주통합특별시 서구 상무중앙로 114,서구,치평동,1224074500,성공,서구,치평동,True,서구 치평동,서구 치평동,1000,60,55.54,서구 상무중앙로 114,True
,,2005,26.04~27.04,신규,18,4,2026,300,30.42,10,1202-2,37,,,,,,,,,,12240,치평동,,서구,12240,오피스텔,전월세,202604,오피스텔 전월세,랜드피아오피스텔,서구,,,,서구|치평동|1202-2|||,35.1574390611471,126.849064142289,광주광역시 서구 치평동 1202-2,전남광주통합특별시 서구 상무중앙로 114,서구,치평동,1224074500,성공,서구,치평동,True,서구 치평동,서구 치평동,300,37,30.42,서구 상무중앙로 114,True
,,2005,26.04~28.04,신규,23,4,2026,200,30.42,15,1202-2,39,,,,,,,,,,12240,치평동,,서구,12240,오피스텔,전월세,202604,오피스텔 전월세,랜드피아오피스텔,서구,,,,서구|치평동|1202-2|||,35.1574390611471,126.849064142289,광주광역시 서구 치평동 1202-2,전남광주통합특별시 서구 상무중앙로 114,서구,치평동,1224074500,성공,서구,치평동,True,서구 치평동,서구 치평동,200,39,30.42,서구 상무중앙로 114,True
,,2005,26.04~27.04,신규,4,4,2026,500,41.64,15,1202-2,45,,,,,,,,,,12240,치평동,,서구,12240,오피스텔,전월세,202604,오피스텔 전월세,랜드피아오피스텔,서구,,,,서구|치평동|1202-2|||,35.1574390611471,126.849064142289,광주광역시 서구 치평동 1202-2,전남광주통합특별시 서구 상무중앙로 114,서구,치평동,1224074500,성공,서구,치평동,True,서구 치평동,서구 치평동,500,45,41.64,서구 상무중앙로 114,True
,,2005,26.04~27.04,신규,9,4,2026,300,30.42,15,1202-2,36,,,,,,,,,,12240,치평동,,서구,12240,오피스텔,전월세,202604,오피스텔 전월세,랜드피아오피스텔,서구,,,,서구|치평동|1202-2|||,35.1574390611471,126.849064142289,광주광역시 서구 치평동 1202-2,전남광주통합특별시 서구 상무중앙로 114,서구,치평동,1224074500,성공,서구,치평동,True,서구 치평동,서구 치평동,300,36,30.42,서구 상무중앙로 114,True
,,2005,26.04~27.03,신규,1,4,2026,"6,700",41.64,11,1202-2,0,,,,,,,,,,12240,치평동,,서구,12240,오피스텔,전월세,202604,오피스텔 전월세,랜드피아오피스텔,서구,,,,서구|치평동|1202-2|||,35.1574390611471,126.849064142289,광주광역시 서구 치평동 1202-2,전남광주통합특별시 서구 상무중앙로 114,서구,치평동,1224074500,성공,서구,치평동,True,서구 치평동,서구 치평동,6700,0,41.64,서구 상무중앙로 114,True
,,2018,26.04~28.04,신규,9,4,2026,"13,700",53.66,19,415-57,0,,,,,,,,,,12240,농성동,,서구,12240,오피스텔,전월세,202604,오피스텔 전월세,농성지오스테이션,서구,,,,서구|농성동|415-57|||,35.1603903368224,126.886429218677,광주광역시 서구 농성동 415-57,전남광주통합특별시 서구 내방로 433,서구,농성1동,1224065000,성공,서구,농성1동,True,서구 농성1동,서구 농성1동,13700,0,53.66,서구 내방로 433,True
,,2018,26.04~28.04,신규,6,4,2026,"15,500",53.66,19,415-57,0,,,,,,,,,,12240,농성동,,서구,12240,오피스텔,전월세,202604,오피스텔 전월세,농성지오스테이션,서구,,,,서구|농성동|415-57|||,35.1603903368224,126.886429218677,광주광역시 서구 농성동 415-57,전남광주통합특별시 서구 내방로 433,서구,농성1동,1224065000,성공,서구,농성1동,True,서구 농성1동,서구 농성1동,15500,0,53.66,서구 내방로 433,True
,,2017,26.05~28.05,신규,14,4,2026,500,29.53,5,694-74,49,,,,,,,,,,12330,쌍암동,,광산구,12330,오피스텔,전월세,202604,오피스텔 전월세,윤진리안채,광산구,,,,광산구|쌍암동|694-74|||,35.2151862774642,126.851132647598,광주광역시 광산구 쌍암동 694-74,전남광주통합특별시 광산구 첨단강변로99번길 21,광산구,첨단2동,1233062600,성공,북구,첨단2동,True,광산구 첨단2동,북구 첨단2동,500,49,29.53,광산구 첨단강변로99번길 21,True
,,2017,26.04~27.04,신규,30,4,2026,"1,000",29.53,7,694-74,50,,,,,,,,,,12330,쌍암동,,광산구,12330,오피스텔,전월세,202604,오피스텔 전월세,윤진리안채,광산구,,,,광산구|쌍암동|694-74|||,35.2151862774642,126.851132647598,광주광역시 광산구 쌍암동 694-74,전남광주통합특별시 광산구 첨단강변로99번길 21,광산구,첨단2동,1233062600,성공,북구,첨단2동,True,광산구 첨단2동,북구 첨단2동,1000,50,29.53,광산구 첨단강변로99번길 21,True
,,,26.05~27.04,신규,28,4,2026,700,52.57,2,1589-3,60,,,,,,,,,,12330,우산동,,광산구,12330,오피스텔,전월세,202604,오피스텔 전월세,우산동 한국아델리움 앤 중해마루힐,광산구,,,,광산구|우산동|1589-3|||,35.1599039377961,126.81132820509,광주광역시 광산구 우산동 1589-3,전남광주통합특별시 광산구 무진대로 278-11,광산구,우산동,1233058000,성공,광산구,우산동,True,광산구 우산동,광산구 우산동,700,60,52.57,광산구 무진대로 278-11,True
,,2017,26.04~27.04,신규,25,4,2026,500,29.53,3,694-74,50,,,,,,,,,,12330,쌍암동,,광산구,12330,오피스텔,전월세,202604,오피스텔 전월세,윤진리안채,광산구,,,,광산구|쌍암동|694-74|||,35.2151862774642,126.851132647598,광주광역시 광산구 쌍암동 694-74,전남광주통합특별시 광산구 첨단강변로99번길 21,광산구,첨단2동,1233062600,성공,북구,첨단2동,True,광산구 첨단2동,북구 첨단2동,500,50,29.53,광산구 첨단강변로99번길 21,True
,,,26.05~28.05,신규,14,4,2026,"10,000",49.25,6,1589-3,10,,,,,,,,,,12330,우산동,,광산구,12330,오피스텔,전월세,202604,오피스텔 전월세,우산동 한국아델리움 앤 중해마루힐,광산구,,,,광산구|우산동|1589-3|||,35.1599039377961,126.81132820509,광주광역시 광산구 우산동 1589-3,전남광주통합특별시 광산구 무진대로 278-11,광산구,우산동,1233058000,성공,광산구,우산동,True,광산구 우산동,광산구 우산동,10000,10,49.25,광산구 무진대로 278-11,True
,,,26.05~28.05,신규,8,4,2026,"12,000",49.25,11,1589-3,0,,,,,,,,,,12330,우산동,,광산구,12330,오피스텔,전월세,202604,오피스텔 전월세,우산동 한국아델리움 앤 중해마루힐,광산구,,,,광산구|우산동|1589-3|||,35.1599039377961,126.81132820509,광주광역시 광산구 우산동 1589-3,전남광주통합특별시 광산구 무진대로 278-11,광산구,우산동,1233058000,성공,광산구,우산동,True,광산구 우산동,광산구 우산동,12000,0,49.25,광산구 무진대로 278-11,True
,,2013,26.04~28.04,신규,4,4,2026,"5,500",32.78,2,694-115,0,,,,,,,,,,12330,쌍암동,,광산구,12330,오피스텔,전월세,202604,오피스텔 전월세,에드가,광산구,,,,광산구|쌍암동|694-115|||,35.2149023369798,126.849588941863,광주광역시 광산구 쌍암동 694-115,전남광주통합특별시 광산구 월계로 223-17,광산구,첨단2동,1233062600,성공,북구,첨단2동,True,광산구 첨단2동,북구 첨단2동,5500,0,32.78,광산구 월계로 223-17,True
,,2021,26.05~27.05,신규,2,5,2026,500,24.85,8,92,50,,,,,,,,,,12210,수기동,,동구,12210,오피스텔,전월세,202605,오피스텔 전월세,아트시티 리버파크 모아미래도,동구,,,,동구|수기동|92|||,35.1489709013846,126.911238973669,광주광역시 동구 수기동 92,전남광주통합특별시 동구 천변우로 361-15,동구,충장동,1221052500,성공,동구,충장동,True,동구 충장동,동구 충장동,500,50,24.85,동구 천변우로 361-15,True
,,2021,26.05~28.03,갱신,30,5,2026,"17,430",48.74,10,92,0,"18,000",,,,,,,,,12210,수기동,,동구,12210,오피스텔,전월세,202605,오피스텔 전월세,아트시티 리버파크 모아미래도,동구,,,,동구|수기동|92|||,35.1489709013846,126.911238973669,광주광역시 동구 수기동 92,전남광주통합특별시 동구 천변우로 361-15,동구,충장동,1221052500,성공,동구,충장동,True,동구 충장동,동구 충장동,17430,0,48.74,동구 천변우로 361-15,True
,,2021,26.05~27.05,신규,21,5,2026,500,24.85,25,92,50,,,,,,,,,,12210,수기동,,동구,12210,오피스텔,전월세,202605,오피스텔 전월세,아트시티 리버파크 모아미래도,동구,,,,동구|수기동|92|||,35.1489709013846,126.911238973669,광주광역시 동구 수기동 92,전남광주통합특별시 동구 천변우로 361-15,동구,충장동,1221052500,성공,동구,충장동,True,동구 충장동,동구 충장동,500,50,24.85,동구 천변우로 361-15,True
,,2021,26.05~28.03,갱신,30,5,2026,"17,430",24.85,12,92,0,"18,000",,,,,,,,,12210,수기동,,동구,12210,오피스텔,전월세,202605,오피스텔 전월세,아트시티 리버파크 모아미래도,동구,,,,동구|수기동|92|||,35.1489709013846,126.911238973669,광주광역시 동구 수기동 92,전남광주통합특별시 동구 천변우로 361-15,동구,충장동,1221052500,성공,동구,충장동,True,동구 충장동,동구 충장동,17430,0,24.85,동구 천변우로 361-15,True
,,2020,26.05~28.05,신규,23,5,2026,500,23.69,2,89,49,,,,,,,,,,12210,수기동,,동구,12210,오피스텔,전월세,202605,오피스텔 전월세,충장홀리어스 오피스텔,동구,,,,동구|수기동|89|||,35.1492678458829,126.910919848281,광주광역시 동구 수기동 89,전남광주통합특별시 동구 구성로148번길 10-2,동구,충장동,1221052500,성공,동구,충장동,True,동구 충장동,동구 충장동,500,49,23.69,동구 구성로148번길 10-2,True
,,2021,26.07~28.06,신규,21,5,2026,"17,000",56.03,25,92,0,,,,,,,,,,12210,수기동,,동구,12210,오피스텔,전월세,202605,오피스텔 전월세,아트시티 리버파크 모아미래도,동구,,,,동구|수기동|92|||,35.1489709013846,126.911238973669,광주광역시 동구 수기동 92,전남광주통합특별시 동구 천변우로 361-15,동구,충장동,1221052500,성공,동구,충장동,True,동구 충장동,동구 충장동,17000,0,56.03,동구 천변우로 361-15,True
,,2021,26.05~27.05,신규,18,5,2026,500,24.85,23,92,50,,,,,,,,,,12210,수기동,,동구,12210,오피스텔,전월세,202605,오피스텔 전월세,아트시티 리버파크 모아미래도,동구,,,,동구|수기동|92|||,35.1489709013846,126.911238973669,광주광역시 동구 수기동 92,전남광주통합특별시 동구 천변우로 361-15,동구,충장동,1221052500,성공,동구,충장동,True,동구 충장동,동구 충장동,500,50,24.85,동구 천변우로 361-15,True
,,2021,26.06~28.06,신규,13,5,2026,"17,000",56.03,12,92,0,,,,,,,,,,12210,수기동,,동구,12210,오피스텔,전월세,202605,오피스텔 전월세,아트시티 리버파크 모아미래도,동구,,,,동구|수기동|92|||,35.1489709013846,126.911238973669,광주광역시 동구 수기동 92,전남광주통합특별시 동구 천변우로 361-15,동구,충장동,1221052500,성공,동구,충장동,True,동구 충장동,동구 충장동,17000,0,56.03,동구 천변우로 361-15,True
,,2021,26.05~27.05,신규,13,5,2026,500,24.85,9,92,48,,,,,,,,,,12210,수기동,,동구,12210,오피스텔,전월세,202605,오피스텔 전월세,아트시티 리버파크 모아미래도,동구,,,,동구|수기동|92|||,35.1489709013846,126.911238973669,광주광역시 동구 수기동 92,전남광주통합특별시 동구 천변우로 361-15,동구,충장동,1221052500,성공,동구,충장동,True,동구 충장동,동구 충장동,500,48,24.85,동구 천변우로 361-15,True
,,2021,26.05~27.05,신규,4,5,2026,500,24.85,10,92,48,,,,,,,,,,12210,수기동,,동구,12210,오피스텔,전월세,202605,오피스텔 전월세,아트시티 리버파크 모아미래도,동구,,,,동구|수기동|92|||,35.1489709013846,126.911238973669,광주광역시 동구 수기동 92,전남광주통합특별시 동구 천변우로 361-15,동구,충장동,1221052500,성공,동구,충장동,True,동구 충장동,동구 충장동,500,48,24.85,동구 천변우로 361-15,True
,,2021,26.05~27.05,신규,2,5,2026,500,24.85,20,92,50,,,,,,,,,,12210,수기동,,동구,12210,오피스텔,전월세,202605,오피스텔 전월세,아트시티 리버파크 모아미래도,동구,,,,동구|수기동|92|||,35.1489709013846,126.911238973669,광주광역시 동구 수기동 92,전남광주통합특별시 동구 천변우로 361-15,동구,충장동,1221052500,성공,동구,충장동,True,동구 충장동,동구 충장동,500,50,24.85,동구 천변우로 361-15,True
,,2005,26.05~27.05,신규,16,5,2026,300,30.42,4,1202-2,35,,,,,,,,,,12240,치평동,,서구,12240,오피스텔,전월세,202605,오피스텔 전월세,랜드피아오피스텔,서구,,,,서구|치평동|1202-2|||,35.1574390611471,126.849064142289,광주광역시 서구 치평동 1202-2,전남광주통합특별시 서구 상무중앙로 114,서구,치평동,1224074500,성공,서구,치평동,True,서구 치평동,서구 치평동,300,35,30.42,서구 상무중앙로 114,True
,,2005,26.05~27.05,신규,8,5,2026,500,30.42,15,1202-2,37,,,,,,,,,,12240,치평동,,서구,12240,오피스텔,전월세,202605,오피스텔 전월세,랜드피아오피스텔,서구,,,,서구|치평동|1202-2|||,35.1574390611471,126.849064142289,광주광역시 서구 치평동 1202-2,전남광주통합특별시 서구 상무중앙로 114,서구,치평동,1224074500,성공,서구,치평동,True,서구 치평동,서구 치평동,500,37,30.42,서구 상무중앙로 114,True
,,2005,26.06~27.05,신규,21,5,2026,300,30.42,15,1202-2,36,,,,,,,,,,12240,치평동,,서구,12240,오피스텔,전월세,202605,오피스텔 전월세,랜드피아오피스텔,서구,,,,서구|치평동|1202-2|||,35.1574390611471,126.849064142289,광주광역시 서구 치평동 1202-2,전남광주통합특별시 서구 상무중앙로 114,서구,치평동,1224074500,성공,서구,치평동,True,서구 치평동,서구 치평동,300,36,30.42,서구 상무중앙로 114,True
,,2018,26.06~27.06,신규,31,5,2026,"1,000",53.66,5,415-57,80,,,,,,,,,,12240,농성동,,서구,12240,오피스텔,전월세,202605,오피스텔 전월세,농성지오스테이션,서구,,,,서구|농성동|415-57|||,35.1603903368224,126.886429218677,광주광역시 서구 농성동 415-57,전남광주통합특별시 서구 내방로 433,서구,농성1동,1224065000,성공,서구,농성1동,True,서구 농성1동,서구 농성1동,1000,80,53.66,서구 내방로 433,True
,,2005,26.05~27.05,신규,25,5,2026,500,41.64,7,1202-2,45,,,,,,,,,,12240,치평동,,서구,12240,오피스텔,전월세,202605,오피스텔 전월세,랜드피아오피스텔,서구,,,,서구|치평동|1202-2|||,35.1574390611471,126.849064142289,광주광역시 서구 치평동 1202-2,전남광주통합특별시 서구 상무중앙로 114,서구,치평동,1224074500,성공,서구,치평동,True,서구 치평동,서구 치평동,500,45,41.64,서구 상무중앙로 114,True
,,2018,26.06~28.06,신규,22,5,2026,"13,700",53.66,4,415-57,0,,,,,,,,,,12240,농성동,,서구,12240,오피스텔,전월세,202605,오피스텔 전월세,농성지오스테이션,서구,,,,서구|농성동|415-57|||,35.1603903368224,126.886429218677,광주광역시 서구 농성동 415-57,전남광주통합특별시 서구 내방로 433,서구,농성1동,1224065000,성공,서구,농성1동,True,서구 농성1동,서구 농성1동,13700,0,53.66,서구 내방로 433,True
,,2005,26.05~27.05,신규,14,5,2026,300,30.42,11,1202-2,37,,,,,,,,,,12240,치평동,,서구,12240,오피스텔,전월세,202605,오피스텔 전월세,랜드피아오피스텔,서구,,,,서구|치평동|1202-2|||,35.1574390611471,126.849064142289,광주광역시 서구 치평동 1202-2,전남광주통합특별시 서구 상무중앙로 114,서구,치평동,1224074500,성공,서구,치평동,True,서구 치평동,서구 치평동,300,37,30.42,서구 상무중앙로 114,True
,,2005,26.05~27.05,신규,17,5,2026,300,31.05,8,1202-2,38,,,,,,,,,,12240,치평동,,서구,12240,오피스텔,전월세,202605,오피스텔 전월세,랜드피아오피스텔,서구,,,,서구|치평동|1202-2|||,35.1574390611471,126.849064142289,광주광역시 서구 치평동 1202-2,전남광주통합특별시 서구 상무중앙로 114,서구,치평동,1224074500,성공,서구,치평동,True,서구 치평동,서구 치평동,300,38,31.05,서구 상무중앙로 114,True
,,2005,26.05~27.05,신규,4,5,2026,"4,800",30.42,8,1202-2,0,,,,,,,,,,12240,치평동,,서구,12240,오피스텔,전월세,202605,오피스텔 전월세,랜드피아오피스텔,서구,,,,서구|치평동|1202-2|||,35.1574390611471,126.849064142289,광주광역시 서구 치평동 1202-2,전남광주통합특별시 서구 상무중앙로 114,서구,치평동,1224074500,성공,서구,치평동,True,서구 치평동,서구 치평동,4800,0,30.42,서구 상무중앙로 114,True
,,2015,26.05~27.05,신규,7,5,2026,"1,000",39.47,6,676-2,55,,,,,,,,,,12330,쌍암동,,광산구,12330,오피스텔,전월세,202605,오피스텔 전월세,에이엠시티센트럴파크,광산구,,,,광산구|쌍암동|676-2|||,35.2215170161494,126.846882804545,광주광역시 광산구 쌍암동 676-2,전남광주통합특별시 광산구 첨단중앙로182번길 50,광산구,첨단1동,1233062400,성공,광산구,첨단1동,True,광산구 첨단1동,광산구 첨단1동,1000,55,39.47,광산구 첨단중앙로182번길 50,True
,,2018,26.06~28.06,신규,26,5,2026,"13,600",49.24,4,676-3,0,,,,,,,,,,12330,쌍암동,,광산구,12330,오피스텔,전월세,202605,오피스텔 전월세,첨단센트럴파크2차,광산구,,,,광산구|쌍암동|676-3|||,35.2209763822162,126.84687920672,광주광역시 광산구 쌍암동 676-3,전남광주통합특별시 광산구 첨단중앙로170번길 87,광산구,첨단1동,1233062400,성공,광산구,첨단1동,True,광산구 첨단1동,광산구 첨단1동,13600,0,49.24,광산구 첨단중앙로170번길 87,True
,,2017,26.06~28.06,신규,30,5,2026,"7,500",29.98,5,694-74,0,,,,,,,,,,12330,쌍암동,,광산구,12330,오피스텔,전월세,202605,오피스텔 전월세,윤진리안채,광산구,,,,광산구|쌍암동|694-74|||,35.2151862774642,126.851132647598,광주광역시 광산구 쌍암동 694-74,전남광주통합특별시 광산구 첨단강변로99번길 21,광산구,첨단2동,1233062600,성공,북구,첨단2동,True,광산구 첨단2동,북구 첨단2동,7500,0,29.98,광산구 첨단강변로99번길 21,True
,,2014,26.06~27.06,신규,27,5,2026,300,25.24,6,893-1,37,,,,,,,,,,12330,월계동,,광산구,12330,오피스텔,전월세,202605,오피스텔 전월세,무들 에코클래스,광산구,,,,광산구|월계동|893-1|||,35.2144820852673,126.847824082744,광주광역시 광산구 월계동 893-1,전남광주통합특별시 광산구 임방울대로826번길 60-5,광산구,첨단2동,1233062600,성공,북구,첨단2동,True,광산구 첨단2동,북구 첨단2동,300,37,25.24,광산구 임방울대로826번길 60-5,True
,,2015,26.06~27.06,신규,22,5,2026,500,39.47,7,676-2,65,,,,,,,,,,12330,쌍암동,,광산구,12330,오피스텔,전월세,202605,오피스텔 전월세,에이엠시티센트럴파크,광산구,,,,광산구|쌍암동|676-2|||,35.2215170161494,126.846882804545,광주광역시 광산구 쌍암동 676-2,전남광주통합특별시 광산구 첨단중앙로182번길 50,광산구,첨단1동,1233062400,성공,광산구,첨단1동,True,광산구 첨단1동,광산구 첨단1동,500,65,39.47,광산구 첨단중앙로182번길 50,True
,,2018,26.06~28.06,신규,20,5,2026,"14,800",55.85,3,676-3,0,,,,,,,,,,12330,쌍암동,,광산구,12330,오피스텔,전월세,202605,오피스텔 전월세,첨단센트럴파크2차,광산구,,,,광산구|쌍암동|676-3|||,35.2209763822162,126.84687920672,광주광역시 광산구 쌍암동 676-3,전남광주통합특별시 광산구 첨단중앙로170번길 87,광산구,첨단1동,1233062400,성공,광산구,첨단1동,True,광산구 첨단1동,광산구 첨단1동,14800,0,55.85,광산구 첨단중앙로170번길 87,True
,,2015,26.05~27.05,신규,13,5,2026,500,39.47,8,676-2,60,,,,,,,,,,12330,쌍암동,,광산구,12330,오피스텔,전월세,202605,오피스텔 전월세,에이엠시티센트럴파크,광산구,,,,광산구|쌍암동|676-2|||,35.2215170161494,126.846882804545,광주광역시 광산구 쌍암동 676-2,전남광주통합특별시 광산구 첨단중앙로182번길 50,광산구,첨단1동,1233062400,성공,광산구,첨단1동,True,광산구 첨단1동,광산구 첨단1동,500,60,39.47,광산구 첨단중앙로182번길 50,True
,,2017,26.05~27.05,신규,15,5,2026,400,29.98,3,694-74,52,,,,,,,,,,12330,쌍암동,,광산구,12330,오피스텔,전월세,202605,오피스텔 전월세,윤진리안채,광산구,,,,광산구|쌍암동|694-74|||,35.2151862774642,126.851132647598,광주광역시 광산구 쌍암동 694-74,전남광주통합특별시 광산구 첨단강변로99번길 21,광산구,첨단2동,1233062600,성공,북구,첨단2동,True,광산구 첨단2동,북구 첨단2동,400,52,29.98,광산구 첨단강변로99번길 21,True
,,2021,26.07~27.06,신규,19,6,2026,500,24.85,25,92,45,,,,,,,,,,12210,수기동,,동구,12210,오피스텔,전월세,202606,오피스텔 전월세,아트시티 리버파크 모아미래도,동구,,,,동구|수기동|92|||,35.1489709013846,126.911238973669,광주광역시 동구 수기동 92,전남광주통합특별시 동구 천변우로 361-15,동구,충장동,1221052500,성공,동구,충장동,True,동구 충장동,동구 충장동,500,45,24.85,동구 천변우로 361-15,True
,,2021,26.06~27.06,신규,19,6,2026,500,24.85,15,92,50,,,,,,,,,,12210,수기동,,동구,12210,오피스텔,전월세,202606,오피스텔 전월세,아트시티 리버파크 모아미래도,동구,,,,동구|수기동|92|||,35.1489709013846,126.911238973669,광주광역시 동구 수기동 92,전남광주통합특별시 동구 천변우로 361-15,동구,충장동,1221052500,성공,동구,충장동,True,동구 충장동,동구 충장동,500,50,24.85,동구 천변우로 361-15,True
,,2021,26.07~27.06,신규,27,6,2026,500,24.85,20,92,45,,,,,,,,,,12210,수기동,,동구,12210,오피스텔,전월세,202606,오피스텔 전월세,아트시티 리버파크 모아미래도,동구,,,,동구|수기동|92|||,35.1489709013846,126.911238973669,광주광역시 동구 수기동 92,전남광주통합특별시 동구 천변우로 361-15,동구,충장동,1221052500,성공,동구,충장동,True,동구 충장동,동구 충장동,500,45,24.85,동구 천변우로 361-15,True
,,2021,26.06~27.06,신규,20,6,2026,500,24.85,26,92,50,,,,,,,,,,12210,수기동,,동구,12210,오피스텔,전월세,202606,오피스텔 전월세,아트시티 리버파크 모아미래도,동구,,,,동구|수기동|92|||,35.1489709013846,126.911238973669,광주광역시 동구 수기동 92,전남광주통합특별시 동구 천변우로 361-15,동구,충장동,1221052500,성공,동구,충장동,True,동구 충장동,동구 충장동,500,50,24.85,동구 천변우로 361-15,True
,,2021,26.06~27.06,신규,10,6,2026,500,24.85,18,92,50,,,,,,,,,,12210,수기동,,동구,12210,오피스텔,전월세,202606,오피스텔 전월세,아트시티 리버파크 모아미래도,동구,,,,동구|수기동|92|||,35.1489709013846,126.911238973669,광주광역시 동구 수기동 92,전남광주통합특별시 동구 천변우로 361-15,동구,충장동,1221052500,성공,동구,충장동,True,동구 충장동,동구 충장동,500,50,24.85,동구 천변우로 361-15,True
,,2021,26.08~28.08,신규,13,6,2026,"9,400",24.85,10,92,0,,,,,,,,,,12210,수기동,,동구,12210,오피스텔,전월세,202606,오피스텔 전월세,아트시티 리버파크 모아미래도,동구,,,,동구|수기동|92|||,35.1489709013846,126.911238973669,광주광역시 동구 수기동 92,전남광주통합특별시 동구 천변우로 361-15,동구,충장동,1221052500,성공,동구,충장동,True,동구 충장동,동구 충장동,9400,0,24.85,동구 천변우로 361-15,True
,,2021,26.06~28.06,신규,2,6,2026,"8,000",24.85,20,92,0,,,,,,,,,,12210,수기동,,동구,12210,오피스텔,전월세,202606,오피스텔 전월세,아트시티 리버파크 모아미래도,동구,,,,동구|수기동|92|||,35.1489709013846,126.911238973669,광주광역시 동구 수기동 92,전남광주통합특별시 동구 천변우로 361-15,동구,충장동,1221052500,성공,동구,충장동,True,동구 충장동,동구 충장동,8000,0,24.85,동구 천변우로 361-15,True
,,2005,26.06~27.06,신규,29,6,2026,300,30.42,5,1202-2,38,,,,,,,,,,12240,치평동,,서구,12240,오피스텔,전월세,202606,오피스텔 전월세,랜드피아오피스텔,서구,,,,서구|치평동|1202-2|||,35.1574390611471,126.849064142289,광주광역시 서구 치평동 1202-2,전남광주통합특별시 서구 상무중앙로 114,서구,치평동,1224074500,성공,서구,치평동,True,서구 치평동,서구 치평동,300,38,30.42,서구 상무중앙로 114,True
,,2018,26.07~28.07,신규,17,6,2026,"3,000",53.66,12,415-57,65,,,,,,,,,,12240,농성동,,서구,12240,오피스텔,전월세,202606,오피스텔 전월세,농성지오스테이션,서구,,,,서구|농성동|415-57|||,35.1603903368224,126.886429218677,광주광역시 서구 농성동 415-57,전남광주통합특별시 서구 내방로 433,서구,농성1동,1224065000,성공,서구,농성1동,True,서구 농성1동,서구 농성1동,3000,65,53.66,서구 내방로 433,True
,,2018,26.06~28.06,신규,24,6,2026,"12,600",53.66,4,415-57,0,,,,,,,,,,12240,농성동,,서구,12240,오피스텔,전월세,202606,오피스텔 전월세,농성지오스테이션,서구,,,,서구|농성동|415-57|||,35.1603903368224,126.886429218677,광주광역시 서구 농성동 415-57,전남광주통합특별시 서구 내방로 433,서구,농성1동,1224065000,성공,서구,농성1동,True,서구 농성1동,서구 농성1동,12600,0,53.66,서구 내방로 433,True
,,2018,26.06~28.06,신규,24,6,2026,"13,000",53.66,4,415-57,0,,,,,,,,,,12240,농성동,,서구,12240,오피스텔,전월세,202606,오피스텔 전월세,농성지오스테이션,서구,,,,서구|농성동|415-57|||,35.1603903368224,126.886429218677,광주광역시 서구 농성동 415-57,전남광주통합특별시 서구 내방로 433,서구,농성1동,1224065000,성공,서구,농성1동,True,서구 농성1동,서구 농성1동,13000,0,53.66,서구 내방로 433,True
,,2005,26.06~27.06,신규,12,6,2026,"4,000",30.42,14,1202-2,0,,,,,,,,,,12240,치평동,,서구,12240,오피스텔,전월세,202606,오피스텔 전월세,랜드피아오피스텔,서구,,,,서구|치평동|1202-2|||,35.1574390611471,126.849064142289,광주광역시 서구 치평동 1202-2,전남광주통합특별시 서구 상무중앙로 114,서구,치평동,1224074500,성공,서구,치평동,True,서구 치평동,서구 치평동,4000,0,30.42,서구 상무중앙로 114,True
,,2005,26.06~28.06,신규,1,6,2026,500,55.54,8,1202-2,53,,,,,,,,,,12240,치평동,,서구,12240,오피스텔,전월세,202606,오피스텔 전월세,랜드피아오피스텔,서구,,,,서구|치평동|1202-2|||,35.1574390611471,126.849064142289,광주광역시 서구 치평동 1202-2,전남광주통합특별시 서구 상무중앙로 114,서구,치평동,1224074500,성공,서구,치평동,True,서구 치평동,서구 치평동,500,53,55.54,서구 상무중앙로 114,True
,,2005,26.06~27.06,신규,10,6,2026,"1,000",30.42,6,1202-2,30,,,,,,,,,,12240,치평동,,서구,12240,오피스텔,전월세,202606,오피스텔 전월세,랜드피아오피스텔,서구,,,,서구|치평동|1202-2|||,35.1574390611471,126.849064142289,광주광역시 서구 치평동 1202-2,전남광주통합특별시 서구 상무중앙로 114,서구,치평동,1224074500,성공,서구,치평동,True,서구 치평동,서구 치평동,1000,30,30.42,서구 상무중앙로 114,True
,,,26.07~28.07,신규,27,6,2026,"1,000",52.57,12,1589-3,65,,,,,,,,,,12330,우산동,,광산구,12330,오피스텔,전월세,202606,오피스텔 전월세,우산동 한국아델리움 앤 중해마루힐,광산구,,,,광산구|우산동|1589-3|||,35.1599039377961,126.81132820509,광주광역시 광산구 우산동 1589-3,전남광주통합특별시 광산구 무진대로 278-11,광산구,우산동,1233058000,성공,광산구,우산동,True,광산구 우산동,광산구 우산동,1000,65,52.57,광산구 무진대로 278-11,True
,,,26.07~27.07,신규,19,6,2026,"1,000",49.25,2,1589-3,55,,,,,,,,,,12330,우산동,,광산구,12330,오피스텔,전월세,202606,오피스텔 전월세,우산동 한국아델리움 앤 중해마루힐,광산구,,,,광산구|우산동|1589-3|||,35.1599039377961,126.81132820509,광주광역시 광산구 우산동 1589-3,전남광주통합특별시 광산구 무진대로 278-11,광산구,우산동,1233058000,성공,광산구,우산동,True,광산구 우산동,광산구 우산동,1000,55,49.25,광산구 무진대로 278-11,True
,,2017,26.06~27.06,신규,27,6,2026,500,29.98,3,694-74,50,,,,,,,,,,12330,쌍암동,,광산구,12330,오피스텔,전월세,202606,오피스텔 전월세,윤진리안채,광산구,,,,광산구|쌍암동|694-74|||,35.2151862774642,126.851132647598,광주광역시 광산구 쌍암동 694-74,전남광주통합특별시 광산구 첨단강변로99번길 21,광산구,첨단2동,1233062600,성공,북구,첨단2동,True,광산구 첨단2동,북구 첨단2동,500,50,29.98,광산구 첨단강변로99번길 21,True
,,,26.07~28.07,갱신,29,6,2026,"12,500",52.57,8,1589-3,0,"12,500",,,,,,,,,12330,우산동,사용,광산구,12330,오피스텔,전월세,202606,오피스텔 전월세,우산동 한국아델리움 앤 중해마루힐,광산구,,,,광산구|우산동|1589-3|||,35.1599039377961,126.81132820509,광주광역시 광산구 우산동 1589-3,전남광주통합특별시 광산구 무진대로 278-11,광산구,우산동,1233058000,성공,광산구,우산동,True,광산구 우산동,광산구 우산동,12500,0,52.57,광산구 무진대로 278-11,True
,,,26.06~27.06,신규,20,6,2026,"10,000",49.25,5,1589-3,10,,,,,,,,,,12330,우산동,,광산구,12330,오피스텔,전월세,202606,오피스텔 전월세,우산동 한국아델리움 앤 중해마루힐,광산구,,,,광산구|우산동|1589-3|||,35.1599039377961,126.81132820509,광주광역시 광산구 우산동 1589-3,전남광주통합특별시 광산구 무진대로 278-11,광산구,우산동,1233058000,성공,광산구,우산동,True,광산구 우산동,광산구 우산동,10000,10,49.25,광산구 무진대로 278-11,True
,,2018,26.07~28.07,신규,11,6,2026,"13,500",55.85,4,676-3,0,,,,,,,,,,12330,쌍암동,,광산구,12330,오피스텔,전월세,202606,오피스텔 전월세,첨단센트럴파크2차,광산구,,,,광산구|쌍암동|676-3|||,35.2209763822162,126.84687920672,광주광역시 광산구 쌍암동 676-3,전남광주통합특별시 광산구 첨단중앙로170번길 87,광산구,첨단1동,1233062400,성공,광산구,첨단1동,True,광산구 첨단1동,광산구 첨단1동,13500,0,55.85,광산구 첨단중앙로170번길 87,True
,,,26.06~28.06,갱신,2,6,2026,"12,600",52.57,12,1589-3,0,"12,600",,,,,,,,,12330,우산동,,광산구,12330,오피스텔,전월세,202606,오피스텔 전월세,우산동 한국아델리움 앤 중해마루힐,광산구,,,,광산구|우산동|1589-3|||,35.1599039377961,126.81132820509,광주광역시 광산구 우산동 1589-3,전남광주통합특별시 광산구 무진대로 278-11,광산구,우산동,1233058000,성공,광산구,우산동,True,광산구 우산동,광산구 우산동,12600,0,52.57,광산구 무진대로 278-11,True
,,2021,25.09~27.12,신규,29,9,2025,"1,056",56.1073,3,781-18,35,,,,,,,,,,12300,운암동,,북구,12300,연립다세대,전월세,202509,연립다세대 전월세,,,연립,,(781-18),북구|운암동|781-18|||,35.1742071876485,126.873277358082,광주광역시 북구 운암동 781-18,전남광주통합특별시 북구 동운로 212,북구,운암1동,1230060100,성공,북구,운암1동,True,북구 운암1동,북구 운암1동,1056,35,56.1073,북구 동운로 212,True
,,2021,25.09~27.12,신규,23,9,2025,100,29.69,4,1427-1,21,,,,,,,,,,12300,용봉동,,북구,12300,연립다세대,전월세,202509,연립다세대 전월세,,,연립,,팀캐슬전대,북구|용봉동|1427-1|||,35.1825658625028,126.900103818373,광주광역시 북구 용봉동 1427-1,전남광주통합특별시 북구 고운로13번길 14-2,북구,용봉동,1230059000,성공,북구,용봉동,True,북구 용봉동,북구 용봉동,100,21,29.69,북구 고운로13번길 14-2,True
,,2021,25.10~27.09,신규,30,9,2025,"8,102",56.1073,4,781-18,11,,,,,,,,,,12300,운암동,,북구,12300,연립다세대,전월세,202509,연립다세대 전월세,,,연립,,(781-18),북구|운암동|781-18|||,35.1742071876485,126.873277358082,광주광역시 북구 운암동 781-18,전남광주통합특별시 북구 동운로 212,북구,운암1동,1230060100,성공,북구,운암1동,True,북구 운암1동,북구 운암1동,8102,11,56.1073,북구 동운로 212,True
,,2021,25.10~27.09,갱신,9,9,2025,"9,066",56.1073,2,781-18,12,"8,802",12,,,,,,,,12300,운암동,,북구,12300,연립다세대,전월세,202509,연립다세대 전월세,,,연립,,(781-18),북구|운암동|781-18|||,35.1742071876485,126.873277358082,광주광역시 북구 운암동 781-18,전남광주통합특별시 북구 동운로 212,북구,운암1동,1230060100,성공,북구,운암1동,True,북구 운암1동,북구 운암1동,9066,12,56.1073,북구 동운로 212,True
,,2021,25.10~27.09,신규,8,9,2025,"7,932",56.1073,2,781-18,11,,,,,,,,,,12300,운암동,,북구,12300,연립다세대,전월세,202509,연립다세대 전월세,,,연립,,(781-18),북구|운암동|781-18|||,35.1742071876485,126.873277358082,광주광역시 북구 운암동 781-18,전남광주통합특별시 북구 동운로 212,북구,운암1동,1230060100,성공,북구,운암1동,True,북구 운암1동,북구 운암1동,7932,11,56.1073,북구 동운로 212,True
,,2021,25.10~27.12,신규,14,10,2025,200,23.6,4,1427-1,19,,,,,,,,,,12300,용봉동,,북구,12300,연립다세대,전월세,202510,연립다세대 전월세,,,연립,,팀캐슬전대,북구|용봉동|1427-1|||,35.1825658625028,126.900103818373,광주광역시 북구 용봉동 1427-1,전남광주통합특별시 북구 고운로13번길 14-2,북구,용봉동,1230059000,성공,북구,용봉동,True,북구 용봉동,북구 용봉동,200,19,23.6,북구 고운로13번길 14-2,True
,,2021,26.04~28.03,갱신,30,1,2026,"3,300",33.32,5,1424-1,13,"3,280",10,,,,,,,,12300,용봉동,,북구,12300,연립다세대,전월세,202601,연립다세대 전월세,,,연립,,리치하임,북구|용봉동|1424-1|||,35.1828154200819,126.901279121888,광주광역시 북구 용봉동 1424-1,전남광주통합특별시 북구 고운로 25,북구,용봉동,1230059000,성공,북구,용봉동,True,북구 용봉동,북구 용봉동,3300,13,33.32,북구 고운로 25,True
