원본주소,정규화주소,검색주소,경도,위도,카카오매칭주소,공식시도,공식자치구,공식행정동,공식행정동코드,프로젝트자치구,프로젝트행정동,매핑상태,오류내용
전남광주통합특별시 동구 중앙로 248,광주광역시 동구 중앙로 248,광주광역시 동구 중앙로 248,126.920306643405,35.1537180008102,전남광주통합특별시 동구 중앙로 248,전남광주통합특별시,동구,동명동,1221054500,동구,동명동,성공,
전남광주통합특별시 동구 금남로 185,광주광역시 동구 금남로 185,광주광역시 동구 금남로 185,126.913773916333,35.1517778565085,전남광주통합특별시 동구 금남로 185,전남광주통합특별시,동구,충장동,1221052500,동구,충장동,성공,
전남광주통합특별시 동구 구성로148번길 10-2,광주광역시 동구 구성로148번길 10-2,광주광역시 동구 구성로148번길 10-2,126.911002877713,35.1493100004472,전남광주통합특별시 동구 구성로148번길 10-2,전남광주통합특별시,동구,충장동,1221052500,동구,충장동,성공,
전남광주통합특별시 동구 의재로88번길 9-2,광주광역시 동구 의재로88번길 9-2,광주광역시 동구 의재로88번길 9-2,126.938081372133,35.1315116161507,전남광주통합특별시 동구 의재로88번길 9-2,전남광주통합특별시,동구,지원1동,1221073000,동구,지원1동,성공,
전남광주통합특별시 동구 문화전당로23번길 26,광주광역시 동구 문화전당로23번길 26,광주광역시 동구 문화전당로23번길 26,126.917080005484,35.1442200879515,전남광주통합특별시 동구 문화전당로23번길 26,전남광주통합특별시,동구,서남동,1221065500,동구,서남동,성공,
전남광주통합특별시 동구 천변우로 361-15,광주광역시 동구 천변우로 361-15,광주광역시 동구 천변우로 361-15,126.911220884488,35.1489540326832,전남광주통합특별시 동구 천변우로 361-15,전남광주통합특별시,동구,충장동,1221052500,동구,충장동,성공,
전남광주통합특별시 동구 의재로88번길 9-7,광주광역시 동구 의재로88번길 9-7,광주광역시 동구 의재로88번길 9-7,126.937650731885,35.1317903674359,전남광주통합특별시 동구 의재로88번길 9-7,전남광주통합특별시,동구,지원1동,1221073000,동구,지원1동,성공,
전남광주통합특별시 동구 동계천로 80,광주광역시 동구 동계천로 80,광주광역시 동구 동계천로 80,126.9197438147,35.1524142622105,전남광주통합특별시 동구 동계천로 80,전남광주통합특별시,동구,충장동,1221052500,동구,충장동,성공,
전남광주통합특별시 동구 남문로 307,광주광역시 동구 남문로 307,광주광역시 동구 남문로 307,126.938382703563,35.1008564925425,전남광주통합특별시 동구 남문로 307,전남광주통합특별시,동구,지원2동,1221074000,동구,지원2동,성공,
전남광주통합특별시 동구 계림로30번길 15,광주광역시 동구 계림로30번길 15,광주광역시 동구 계림로30번길 15,126.925452875099,35.1570873153984,전남광주통합특별시 동구 계림로30번길 15,전남광주통합특별시,동구,산수1동,1221059000,동구,산수1동,성공,
전남광주통합특별시 동구 무등로 374,광주광역시 동구 무등로 374,광주광역시 동구 무등로 374,126.923988069423,35.1587794291597,전남광주통합특별시 동구 무등로 374,전남광주통합특별시,동구,계림2동,1221057000,동구,계림2동,성공,
전남광주통합특별시 동구 중흥로227번길 20-8,광주광역시 동구 중흥로227번길 20-8,광주광역시 동구 중흥로227번길 20-8,126.919554075514,35.1608737590289,전남광주통합특별시 동구 중흥로227번길 20-8,전남광주통합특별시,동구,계림1동,1221056000,동구,계림1동,성공,
전남광주통합특별시 동구 남문로693번길 11,광주광역시 동구 남문로693번길 11,광주광역시 동구 남문로693번길 11,126.928362837801,35.1298280121729,전남광주통합특별시 동구 남문로693번길 11,전남광주통합특별시,동구,학동,1221068500,동구,학동,성공,
전남광주통합특별시 동구 동명로69번길 20,광주광역시 동구 동명로69번길 20,광주광역시 동구 동명로69번길 20,126.928532288719,35.1529983479735,전남광주통합특별시 동구 동명로69번길 20,전남광주통합특별시,동구,지산1동,1221062000,동구,지산1동,성공,
전남광주통합특별시 동구 용산2로 20,광주광역시 동구 용산2로 20,광주광역시 동구 용산2로 20,126.922189198913,35.1175853849506,전남광주통합특별시 동구 용산2로 20,전남광주통합특별시,동구,지원2동,1221074000,동구,지원2동,성공,
전남광주통합특별시 동구 충장로58번길 14,광주광역시 동구 충장로58번길 14,광주광역시 동구 충장로58번길 14,126.913262228761,35.1493436371393,전남광주통합특별시 동구 충장로58번길 14,전남광주통합특별시,동구,충장동,1221052500,동구,충장동,성공,
전남광주통합특별시 동구 산수길39번길 25,광주광역시 동구 산수길39번길 25,광주광역시 동구 산수길39번길 25,126.926440268303,35.1587364156589,전남광주통합특별시 동구 산수길39번길 25,전남광주통합특별시,동구,계림2동,1221057000,동구,계림2동,성공,
전남광주통합특별시 동구 산수길35번길 26,광주광역시 동구 산수길35번길 26,광주광역시 동구 산수길35번길 26,126.926276897519,35.1585535206338,전남광주통합특별시 동구 산수길35번길 26,전남광주통합특별시,동구,계림2동,1221057000,동구,계림2동,성공,
전남광주통합특별시 동구 산수길35번길 28,광주광역시 동구 산수길35번길 28,광주광역시 동구 산수길35번길 28,126.926140242942,35.1586851260398,전남광주통합특별시 동구 산수길35번길 28,전남광주통합특별시,동구,계림2동,1221057000,동구,계림2동,성공,
전남광주통합특별시 동구 산수길39번길 23,광주광역시 동구 산수길39번길 23,광주광역시 동구 산수길39번길 23,126.926550008688,35.1586312034381,전남광주통합특별시 동구 산수길39번길 23,전남광주통합특별시,동구,계림2동,1221057000,동구,계림2동,성공,
전남광주통합특별시 동구 산수길39번길 25-1,광주광역시 동구 산수길39번길 25-1,광주광역시 동구 산수길39번길 25-1,126.926330198287,35.1588417177139,전남광주통합특별시 동구 산수길39번길 25-1,전남광주통합특별시,동구,계림2동,1221057000,동구,계림2동,성공,
전남광주통합특별시 동구 산수길39번길 21,광주광역시 동구 산수길39번길 21,광주광역시 동구 산수길39번길 21,126.926657006609,35.1585240966005,전남광주통합특별시 동구 산수길39번길 21,전남광주통합특별시,동구,계림2동,1221057000,동구,계림2동,성공,
전남광주통합특별시 동구 산수길35번길 24,광주광역시 동구 산수길35번길 24,광주광역시 동구 산수길35번길 24,126.926412673859,35.1584216441292,전남광주통합특별시 동구 산수길35번길 24,전남광주통합특별시,동구,계림2동,1221057000,동구,계림2동,성공,
전남광주통합특별시 동구 무등로449번길 36,광주광역시 동구 무등로449번길 36,광주광역시 동구 무등로449번길 36,126.930239121246,35.1593871907641,전남광주통합특별시 동구 무등로449번길 36,전남광주통합특별시,동구,산수1동,1221059000,동구,산수1동,성공,
전남광주통합특별시 동구 산수길35번길 20-7,광주광역시 동구 산수길35번길 20-7,광주광역시 동구 산수길35번길 20-7,126.926757757258,35.1584068906621,전남광주통합특별시 동구 산수길35번길 20-7,전남광주통합특별시,동구,계림2동,1221057000,동구,계림2동,성공,
전남광주통합특별시 동구 산수길35번길 22,광주광역시 동구 산수길35번길 22,광주광역시 동구 산수길35번길 22,126.926559825386,35.1583330396278,전남광주통합특별시 동구 산수길35번길 22,전남광주통합특별시,동구,계림2동,1221057000,동구,계림2동,성공,
전남광주통합특별시 동구 필문대로192번길 22,광주광역시 동구 필문대로192번길 22,광주광역시 동구 필문대로192번길 22,126.92902037142,35.1535910990751,전남광주통합특별시 동구 필문대로192번길 22,전남광주통합특별시,동구,산수1동,1221059000,동구,산수1동,성공,
전남광주통합특별시 동구 필문대로137번길 5-15,광주광역시 동구 필문대로137번길 5-15,광주광역시 동구 필문대로137번길 5-15,126.931658438016,35.1591887992323,전남광주통합특별시 동구 필문대로137번길 5-15,전남광주통합특별시,동구,산수1동,1221059000,동구,산수1동,성공,
전남광주통합특별시 동구 필문대로205번길 41-30,광주광역시 동구 필문대로205번길 41-30,광주광역시 동구 필문대로205번길 41-30,126.935838308572,35.152725539122,전남광주통합특별시 동구 필문대로205번길 41-30,전남광주통합특별시,동구,지산1동,1221062000,동구,지산1동,성공,
전남광주통합특별시 동구 무등로306번길 29-15,광주광역시 동구 무등로306번길 29-15,광주광역시 동구 무등로306번길 29-15,126.915886348841,35.1596321695397,전남광주통합특별시 동구 무등로306번길 29-15,전남광주통합특별시,동구,계림1동,1221056000,동구,계림1동,성공,
전남광주통합특별시 동구 필문대로187번길 7-14,광주광역시 동구 필문대로187번길 7-14,광주광역시 동구 필문대로187번길 7-14,126.933591781245,35.1548816445591,전남광주통합특별시 동구 필문대로187번길 7-14,전남광주통합특별시,동구,산수2동,1221060000,동구,산수2동,성공,
전남광주통합특별시 동구 필문대로187번길 7-10,광주광역시 동구 필문대로187번길 7-10,광주광역시 동구 필문대로187번길 7-10,126.933611214168,35.1547377981191,전남광주통합특별시 동구 필문대로187번길 7-10,전남광주통합특별시,동구,산수2동,1221060000,동구,산수2동,성공,
전남광주통합특별시 동구 필문대로187번길 19-5,광주광역시 동구 필문대로187번길 19-5,광주광역시 동구 필문대로187번길 19-5,126.93453980915,35.1547396554082,전남광주통합특별시 동구 필문대로187번길 19-5,전남광주통합특별시,동구,산수2동,1221060000,동구,산수2동,성공,
전남광주통합특별시 동구 필문대로159번길 1-13,광주광역시 동구 필문대로159번길 1-13,광주광역시 동구 필문대로159번길 1-13,126.932123034269,35.1569445845847,전남광주통합특별시 동구 필문대로159번길 1-13,전남광주통합특별시,동구,산수1동,1221059000,동구,산수1동,성공,
전남광주통합특별시 동구 필문대로153번길 24,광주광역시 동구 필문대로153번길 24,광주광역시 동구 필문대로153번길 24,126.934179563276,35.1575216882061,전남광주통합특별시 동구 필문대로153번길 24,전남광주통합특별시,동구,산수2동,1221060000,동구,산수2동,성공,
전남광주통합특별시 동구 필문대로137번길 5-7,광주광역시 동구 필문대로137번길 5-7,광주광역시 동구 필문대로137번길 5-7,126.931739187062,35.1588323570437,전남광주통합특별시 동구 필문대로137번길 5-7,전남광주통합특별시,동구,산수1동,1221059000,동구,산수1동,성공,
전남광주통합특별시 동구 필문대로106번길 4,광주광역시 동구 필문대로106번길 4,광주광역시 동구 필문대로106번길 4,126.92970166113,35.1610256415941,전남광주통합특별시 동구 필문대로106번길 4,전남광주통합특별시,동구,계림2동,1221057000,동구,계림2동,성공,
전남광주통합특별시 동구 중흥로241번길 22-1,광주광역시 동구 중흥로241번길 22-1,광주광역시 동구 중흥로241번길 22-1,126.919921936954,35.1609235774876,전남광주통합특별시 동구 중흥로241번길 22-1,전남광주통합특별시,동구,계림1동,1221056000,동구,계림1동,성공,
전남광주통합특별시 동구 중흥로227번길 6-11,광주광역시 동구 중흥로227번길 6-11,광주광역시 동구 중흥로227번길 6-11,126.919056720478,35.1598057676895,전남광주통합특별시 동구 중흥로227번길 6-11,전남광주통합특별시,동구,계림1동,1221056000,동구,계림1동,성공,
전남광주통합특별시 동구 중흥로227번길 12,광주광역시 동구 중흥로227번길 12,광주광역시 동구 중흥로227번길 12,126.918961412715,35.1605087642405,전남광주통합특별시 동구 중흥로227번길 12,전남광주통합특별시,동구,계림1동,1221056000,동구,계림1동,성공,
전남광주통합특별시 동구 의재로51번길 21,광주광역시 동구 의재로51번길 21,광주광역시 동구 의재로51번길 21,126.933566787794,35.1340479158827,전남광주통합특별시 동구 의재로51번길 21,전남광주통합특별시,동구,학운동,1221071000,동구,학운동,성공,
전남광주통합특별시 동구 의재로136번길 26-4,광주광역시 동구 의재로136번길 26-4,광주광역시 동구 의재로136번길 26-4,126.944455049204,35.1315284055416,전남광주통합특별시 동구 의재로136번길 26-4,전남광주통합특별시,동구,학운동,1221071000,동구,학운동,성공,
전남광주통합특별시 동구 산수길39번길 26,광주광역시 동구 산수길39번길 26,광주광역시 동구 산수길39번길 26,126.926623015107,35.1589766486624,전남광주통합특별시 동구 산수길39번길 26,전남광주통합특별시,동구,계림2동,1221057000,동구,계림2동,성공,
전남광주통합특별시 동구 밤실로136번길 13-7,광주광역시 동구 밤실로136번길 13-7,광주광역시 동구 밤실로136번길 13-7,126.936549811847,35.1602041370189,전남광주통합특별시 동구 밤실로136번길 13-7,전남광주통합특별시,동구,산수2동,1221060000,동구,산수2동,성공,
전남광주통합특별시 동구 무등로449번길 8-8,광주광역시 동구 무등로449번길 8-8,광주광역시 동구 무등로449번길 8-8,126.931016059397,35.1568198421109,전남광주통합특별시 동구 무등로449번길 8-8,전남광주통합특별시,동구,산수1동,1221059000,동구,산수1동,성공,
전남광주통합특별시 동구 무등로449번길 50,광주광역시 동구 무등로449번길 50,광주광역시 동구 무등로449번길 50,126.929782566472,35.1606271074345,전남광주통합특별시 동구 무등로449번길 50,전남광주통합특별시,동구,산수1동,1221059000,동구,산수1동,성공,
전남광주통합특별시 동구 무등로449번길 5-25,광주광역시 동구 무등로449번길 5-25,광주광역시 동구 무등로449번길 5-25,126.929487874121,35.1575651080429,전남광주통합특별시 동구 무등로449번길 5-25,전남광주통합특별시,동구,산수1동,1221059000,동구,산수1동,성공,
전남광주통합특별시 동구 무등로449번길 48,광주광역시 동구 무등로449번길 48,광주광역시 동구 무등로449번길 48,126.929861367839,35.1605050188912,전남광주통합특별시 동구 무등로449번길 48,전남광주통합특별시,동구,산수1동,1221059000,동구,산수1동,성공,
전남광주통합특별시 동구 무등로449번길 42,광주광역시 동구 무등로449번길 42,광주광역시 동구 무등로449번길 42,126.93011349323,35.1599784101694,전남광주통합특별시 동구 무등로449번길 42,전남광주통합특별시,동구,산수1동,1221059000,동구,산수1동,성공,
전남광주통합특별시 동구 무등로449번길 32-1,광주광역시 동구 무등로449번길 32-1,광주광역시 동구 무등로449번길 32-1,126.930339878946,35.1591281980104,전남광주통합특별시 동구 무등로449번길 32-1,전남광주통합특별시,동구,산수1동,1221059000,동구,산수1동,성공,
전남광주통합특별시 동구 무등로449번길 16,광주광역시 동구 무등로449번길 16,광주광역시 동구 무등로449번길 16,126.930657280132,35.1575920125448,전남광주통합특별시 동구 무등로449번길 16,전남광주통합특별시,동구,산수1동,1221059000,동구,산수1동,성공,
전남광주통합특별시 동구 무등로415번길 16,광주광역시 동구 무등로415번길 16,광주광역시 동구 무등로415번길 16,126.929171020821,35.1593303262143,전남광주통합특별시 동구 무등로415번길 16,전남광주통합특별시,동구,산수1동,1221059000,동구,산수1동,성공,
전남광주통합특별시 동구 경양로235번길 4-3,광주광역시 동구 경양로235번길 4-3,광주광역시 동구 경양로235번길 4-3,126.91715371129,35.1578990073791,전남광주통합특별시 동구 경양로235번길 4-3,전남광주통합특별시,동구,계림1동,1221056000,동구,계림1동,성공,
전남광주통합특별시 동구 경양로235번길 15,광주광역시 동구 경양로235번길 15,광주광역시 동구 경양로235번길 15,126.91758577213,35.1587027739754,전남광주통합특별시 동구 경양로235번길 15,전남광주통합특별시,동구,계림1동,1221056000,동구,계림1동,성공,
전남광주통합특별시 동구 경양로223번길 6-15,광주광역시 동구 경양로223번길 6-15,광주광역시 동구 경양로223번길 6-15,126.916763639087,35.1582271053289,전남광주통합특별시 동구 경양로223번길 6-15,전남광주통합특별시,동구,계림1동,1221056000,동구,계림1동,성공,
전남광주통합특별시 동구 경양로217번길 8,광주광역시 동구 경양로217번길 8,광주광역시 동구 경양로217번길 8,126.915593401838,35.1591069239502,전남광주통합특별시 동구 경양로217번길 8,전남광주통합특별시,동구,계림1동,1221056000,동구,계림1동,성공,
전남광주통합특별시 동구 경양로217번길 5,광주광역시 동구 경양로217번길 5,광주광역시 동구 경양로217번길 5,126.915296259115,35.1592447147017,전남광주통합특별시 동구 경양로217번길 5,전남광주통합특별시,동구,계림1동,1221056000,동구,계림1동,성공,
전남광주통합특별시 동구 무등로 437-1,광주광역시 동구 무등로 437-1,광주광역시 동구 무등로 437-1,126.929337768054,35.1573949339992,전남광주통합특별시 동구 무등로 437-1,전남광주통합특별시,동구,산수1동,1221059000,동구,산수1동,성공,
전남광주통합특별시 동구 학소로76번길 7-11,광주광역시 동구 학소로76번길 7-11,광주광역시 동구 학소로76번길 7-11,126.934523457592,35.1271946462985,전남광주통합특별시 동구 학소로76번길 7-11,전남광주통합특별시,동구,지원1동,1221073000,동구,지원1동,성공,
전남광주통합특별시 동구 필문대로123번길 12-1,광주광역시 동구 필문대로123번길 12-1,광주광역시 동구 필문대로123번길 12-1,126.932388123978,35.1598195293366,전남광주통합특별시 동구 필문대로123번길 12-1,전남광주통합특별시,동구,산수2동,1221060000,동구,산수2동,성공,
전남광주통합특별시 동구 중흥로213번길 22,광주광역시 동구 중흥로213번길 22,광주광역시 동구 중흥로213번길 22,126.918119265798,35.1615782916203,전남광주통합특별시 동구 중흥로213번길 22,전남광주통합특별시,동구,계림1동,1221056000,동구,계림1동,성공,
전남광주통합특별시 동구 중흥로213번길 16-17,광주광역시 동구 중흥로213번길 16-17,광주광역시 동구 중흥로213번길 16-17,126.918778823997,35.1609016345949,전남광주통합특별시 동구 중흥로213번길 16-17,전남광주통합특별시,동구,계림1동,1221056000,동구,계림1동,성공,
전남광주통합특별시 동구 중흥로213번길 16-15,광주광역시 동구 중흥로213번길 16-15,광주광역시 동구 중흥로213번길 16-15,126.918680777723,35.1609337473482,전남광주통합특별시 동구 중흥로213번길 16-15,전남광주통합특별시,동구,계림1동,1221056000,동구,계림1동,성공,
전남광주통합특별시 동구 밤실로3번길 10-1,광주광역시 동구 밤실로3번길 10-1,광주광역시 동구 밤실로3번길 10-1,126.93583452931,35.1483129250166,전남광주통합특별시 동구 밤실로3번길 10-1,전남광주통합특별시,동구,지산2동,1221063000,동구,지산2동,성공,
전남광주통합특별시 동구 독립로350번길 15,광주광역시 동구 독립로350번길 15,광주광역시 동구 독립로350번길 15,126.915921174962,35.1616264509837,전남광주통합특별시 동구 독립로350번길 15,전남광주통합특별시,동구,계림1동,1221056000,동구,계림1동,성공,
전남광주통합특별시 동구 학소로86번길 10,광주광역시 동구 학소로86번길 10,광주광역시 동구 학소로86번길 10,126.934402571281,35.1279935502224,전남광주통합특별시 동구 학소로86번길 10,전남광주통합특별시,동구,지원1동,1221073000,동구,지원1동,성공,
전남광주통합특별시 동구 중흥로227번길 10-10,광주광역시 동구 중흥로227번길 10-10,광주광역시 동구 중흥로227번길 10-10,126.919091221501,35.1599897581784,전남광주통합특별시 동구 중흥로227번길 10-10,전남광주통합특별시,동구,계림1동,1221056000,동구,계림1동,성공,
전남광주통합특별시 동구 동계로1번길 13,광주광역시 동구 동계로1번길 13,광주광역시 동구 동계로1번길 13,126.922458249813,35.1521188511945,전남광주통합특별시 동구 동계로1번길 13,전남광주통합특별시,동구,동명동,1221054500,동구,동명동,성공,
전남광주통합특별시 동구 경양로243번길 24-3,광주광역시 동구 경양로243번길 24-3,광주광역시 동구 경양로243번길 24-3,126.918939534507,35.1587752552281,전남광주통합특별시 동구 경양로243번길 24-3,전남광주통합특별시,동구,계림1동,1221056000,동구,계림1동,성공,
전남광주통합특별시 동구 경양로 239,광주광역시 동구 경양로 239,광주광역시 동구 경양로 239,126.916991209946,35.157530600596,전남광주통합특별시 동구 경양로 239,전남광주통합특별시,동구,계림1동,1221056000,동구,계림1동,성공,
전남광주통합특별시 동구 필문대로171번길 17-4,광주광역시 동구 필문대로171번길 17-4,광주광역시 동구 필문대로171번길 17-4,126.934405021187,35.1562620698763,전남광주통합특별시 동구 필문대로171번길 17-4,전남광주통합특별시,동구,산수2동,1221060000,동구,산수2동,성공,
전남광주통합특별시 동구 동명로20번길 2,광주광역시 동구 동명로20번길 2,광주광역시 동구 동명로20번길 2,126.923646770606,35.1506298370815,전남광주통합특별시 동구 동명로20번길 2,전남광주통합특별시,동구,동명동,1221054500,동구,동명동,성공,
전남광주통합특별시 동구 무등로 489-1,광주광역시 동구 무등로 489-1,광주광역시 동구 무등로 489-1,126.933291074541,35.1554079638387,전남광주통합특별시 동구 무등로 489-1,전남광주통합특별시,동구,산수2동,1221060000,동구,산수2동,성공,
전남광주통합특별시 동구 경양로235번길 10-7,광주광역시 동구 경양로235번길 10-7,광주광역시 동구 경양로235번길 10-7,126.917653087023,35.1580148119864,전남광주통합특별시 동구 경양로235번길 10-7,전남광주통합특별시,동구,계림1동,1221056000,동구,계림1동,성공,
전남광주통합특별시 동구 증심천로 47,광주광역시 동구 증심천로 47,광주광역시 동구 증심천로 47,126.934573288082,35.1307354115363,전남광주통합특별시 동구 증심천로 47,전남광주통합특별시,동구,학운동,1221071000,동구,학운동,성공,
전남광주통합특별시 동구 화산로 357-8,광주광역시 동구 화산로 357-8,광주광역시 동구 화산로 357-8,126.932662513248,35.1209153505448,전남광주통합특별시 동구 화산로 357-8,전남광주통합특별시,동구,지원2동,1221074000,동구,지원2동,성공,
전남광주통합특별시 동구 무등로449번길 5-17,광주광역시 동구 무등로449번길 5-17,광주광역시 동구 무등로449번길 5-17,126.929701628055,35.1573644092947,전남광주통합특별시 동구 무등로449번길 5-17,전남광주통합특별시,동구,산수1동,1221059000,동구,산수1동,성공,
전남광주통합특별시 동구 중흥로227번길 6-7,광주광역시 동구 중흥로227번길 6-7,광주광역시 동구 중흥로227번길 6-7,126.918872237292,35.1598978533584,전남광주통합특별시 동구 중흥로227번길 6-7,전남광주통합특별시,동구,계림1동,1221056000,동구,계림1동,성공,
전남광주통합특별시 동구 중흥로227번길 14-6,광주광역시 동구 중흥로227번길 14-6,광주광역시 동구 중흥로227번길 14-6,126.919187161101,35.16042175359,전남광주통합특별시 동구 중흥로227번길 14-6,전남광주통합특별시,동구,계림1동,1221056000,동구,계림1동,성공,
전남광주통합특별시 서구 내방로 433,광주광역시 서구 내방로 433,광주광역시 서구 내방로 433,126.886452541151,35.1603516002465,전남광주통합특별시 서구 내방로 433,전남광주통합특별시,서구,농성1동,1224065000,서구,농성1동,성공,
전남광주통합특별시 서구 운천로162번길 35,광주광역시 서구 운천로162번길 35,광주광역시 서구 운천로162번길 35,126.860540111703,35.1472071465479,전남광주통합특별시 서구 운천로162번길 35,전남광주통합특별시,서구,상무2동,1224075200,서구,상무2동,성공,
전남광주통합특별시 서구 상무중앙로 114,광주광역시 서구 상무중앙로 114,광주광역시 서구 상무중앙로 114,126.849063916955,35.1574422156228,전남광주통합특별시 서구 상무중앙로 114,전남광주통합특별시,서구,치평동,1224074500,서구,치평동,성공,
전남광주통합특별시 서구 화운로193번길 22,광주광역시 서구 화운로193번길 22,광주광역시 서구 화운로193번길 22,126.874501634681,35.1563110953333,전남광주통합특별시 서구 화운로193번길 22,전남광주통합특별시,서구,화정1동,1224076000,서구,화정1동,성공,
전남광주통합특별시 서구 금호운천길 13,광주광역시 서구 금호운천길 13,광주광역시 서구 금호운천길 13,126.856930599556,35.1362004704757,전남광주통합특별시 서구 금호운천길 13,전남광주통합특별시,서구,금호1동,1224082100,서구,금호1동,성공,
전남광주통합특별시 서구 화정로39번길 14,광주광역시 서구 화정로39번길 14,광주광역시 서구 화정로39번길 14,126.861737034318,35.1459812253943,전남광주통합특별시 서구 화정로39번길 14,전남광주통합특별시,서구,상무2동,1224075200,서구,상무2동,성공,
전남광주통합특별시 서구 월산로 164-3,광주광역시 서구 월산로 164-3,광주광역시 서구 월산로 164-3,126.895287523408,35.1533855589326,전남광주통합특별시 서구 월산로 164-3,전남광주통합특별시,서구,농성1동,1224065000,서구,농성1동,성공,
전남광주통합특별시 서구 동천로18번길 19,광주광역시 서구 동천로18번길 19,광주광역시 서구 동천로18번길 19,126.860797282527,35.1716595945231,전남광주통합특별시 서구 동천로18번길 19,전남광주통합특별시,서구,동천동,1224084000,서구,동천동,성공,
전남광주통합특별시 서구 상무대로1177번길 20,광주광역시 서구 상무대로1177번길 20,광주광역시 서구 상무대로1177번길 20,126.88893059177,35.1560344031674,전남광주통합특별시 서구 상무대로1177번길 20,전남광주통합특별시,서구,농성1동,1224065000,서구,농성1동,성공,
전남광주통합특별시 서구 양동로17번길 18,광주광역시 서구 양동로17번길 18,광주광역시 서구 양동로17번길 18,126.897090433374,35.1548086385266,전남광주통합특별시 서구 양동로17번길 18,전남광주통합특별시,서구,양3동,1224059000,서구,양3동,성공,
전남광주통합특별시 서구 월산로 242,광주광역시 서구 월산로 242,광주광역시 서구 월산로 242,126.890135528593,35.1580154280847,전남광주통합특별시 서구 월산로 242,전남광주통합특별시,서구,농성1동,1224065000,서구,농성1동,성공,
전남광주통합특별시 서구 월드컵4강로28번길 3-16,광주광역시 서구 월드컵4강로28번길 3-16,광주광역시 서구 월드컵4강로28번길 3-16,126.876525069753,35.1406627592966,전남광주통합특별시 서구 월드컵4강로28번길 3-16,전남광주통합특별시,서구,화정3동,1224078000,서구,화정3동,성공,
전남광주통합특별시 서구 월드컵4강로42번길 39-11,광주광역시 서구 월드컵4강로42번길 39-11,광주광역시 서구 월드컵4강로42번길 39-11,126.879667992853,35.1420789856977,전남광주통합특별시 서구 월드컵4강로42번길 39-11,전남광주통합특별시,서구,화정3동,1224078000,서구,화정3동,성공,
전남광주통합특별시 서구 시청로 92,광주광역시 서구 시청로 92,광주광역시 서구 시청로 92,126.85231412844,35.156733155918,전남광주통합특별시 서구 시청로 92,전남광주통합특별시,서구,치평동,1224074500,서구,치평동,성공,
전남광주통합특별시 서구 동천로 11,광주광역시 서구 동천로 11,광주광역시 서구 동천로 11,126.85751070628,35.1700734408684,전남광주통합특별시 서구 동천로 11,전남광주통합특별시,서구,동천동,1224084000,서구,동천동,성공,
전남광주통합특별시 서구 내방로 337,광주광역시 서구 내방로 337,광주광역시 서구 내방로 337,126.877560609924,35.1577292693289,전남광주통합특별시 서구 내방로 337,전남광주통합특별시,서구,화정1동,1224076000,서구,화정1동,성공,
전남광주통합특별시 서구 화정로39번길 8-15,광주광역시 서구 화정로39번길 8-15,광주광역시 서구 화정로39번길 8-15,126.862283726579,35.1457350553409,전남광주통합특별시 서구 화정로39번길 8-15,전남광주통합특별시,서구,상무2동,1224075200,서구,상무2동,성공,
전남광주통합특별시 서구 군분로200번길 6-1,광주광역시 서구 군분로200번길 6-1,광주광역시 서구 군분로200번길 6-1,126.885043857109,35.1493105071723,전남광주통합특별시 서구 군분로200번길 6-1,전남광주통합특별시,서구,농성2동,1224066000,서구,농성2동,성공,
전남광주통합특별시 서구 화정로49번길 32-8,광주광역시 서구 화정로49번길 32-8,광주광역시 서구 화정로49번길 32-8,126.862452714408,35.1474360248917,전남광주통합특별시 서구 화정로49번길 32-8,전남광주통합특별시,서구,상무2동,1224075200,서구,상무2동,성공,
전남광주통합특별시 서구 월드컵4강로81번길 11-1,광주광역시 서구 월드컵4강로81번길 11-1,광주광역시 서구 월드컵4강로81번길 11-1,126.872498292356,35.1435286147868,전남광주통합특별시 서구 월드컵4강로81번길 11-1,전남광주통합특별시,서구,화정4동,1224079000,서구,화정4동,성공,
전남광주통합특별시 서구 월드컵4강로71번길 19-1,광주광역시 서구 월드컵4강로71번길 19-1,광주광역시 서구 월드컵4강로71번길 19-1,126.871918501193,35.1432171238265,전남광주통합특별시 서구 월드컵4강로71번길 19-1,전남광주통합특별시,서구,화정4동,1224079000,서구,화정4동,성공,
전남광주통합특별시 서구 화정로138번길 25,광주광역시 서구 화정로138번길 25,광주광역시 서구 화정로138번길 25,126.873051415573,35.1430669773926,전남광주통합특별시 서구 화정로138번길 25,전남광주통합특별시,서구,화정4동,1224079000,서구,화정4동,성공,
전남광주통합특별시 서구 화정로138번길 25-1,광주광역시 서구 화정로138번길 25-1,광주광역시 서구 화정로138번길 25-1,126.872976732928,35.1429663973333,전남광주통합특별시 서구 화정로138번길 25-1,전남광주통합특별시,서구,화정4동,1224079000,서구,화정4동,성공,
전남광주통합특별시 서구 월드컵4강로104번길 19-5,광주광역시 서구 월드컵4강로104번길 19-5,광주광역시 서구 월드컵4강로104번길 19-5,126.874792366659,35.1462824117806,전남광주통합특별시 서구 월드컵4강로104번길 19-5,전남광주통합특별시,서구,화정3동,1224078000,서구,화정3동,성공,
전남광주통합특별시 서구 쌍촌로20번길 7-6,광주광역시 서구 쌍촌로20번길 7-6,광주광역시 서구 쌍촌로20번길 7-6,126.865899022437,35.1469536939232,전남광주통합특별시 서구 쌍촌로20번길 7-6,전남광주통합특별시,서구,상무2동,1224075200,서구,상무2동,성공,
전남광주통합특별시 서구 상무대로1019번길 27,광주광역시 서구 상무대로1019번길 27,광주광역시 서구 상무대로1019번길 27,126.873291002749,35.1542999836835,전남광주통합특별시 서구 상무대로1019번길 27,전남광주통합특별시,서구,화정1동,1224076000,서구,화정1동,성공,
전남광주통합특별시 서구 신촌길 8,광주광역시 서구 신촌길 8,광주광역시 서구 신촌길 8,126.855204447365,35.1448503196485,전남광주통합특별시 서구 신촌길 8,전남광주통합특별시,서구,상무2동,1224075200,서구,상무2동,성공,
전남광주통합특별시 서구 쌍학로8번길 6-1,광주광역시 서구 쌍학로8번길 6-1,광주광역시 서구 쌍학로8번길 6-1,126.865807059222,35.1457511767603,전남광주통합특별시 서구 쌍학로8번길 6-1,전남광주통합특별시,서구,상무2동,1224075200,서구,상무2동,성공,
전남광주통합특별시 서구 상무대로1066번길 19,광주광역시 서구 상무대로1066번길 19,광주광역시 서구 상무대로1066번길 19,126.879837959574,35.1508208236164,전남광주통합특별시 서구 상무대로1066번길 19,전남광주통합특별시,서구,화정2동,1224077000,서구,화정2동,성공,
전남광주통합특별시 서구 양동로25번길 7,광주광역시 서구 양동로25번길 7,광주광역시 서구 양동로25번길 7,126.897907506491,35.1552619926952,전남광주통합특별시 서구 양동로25번길 7,전남광주통합특별시,서구,양3동,1224059000,서구,양3동,성공,
전남광주통합특별시 서구 상무민주로 104,광주광역시 서구 상무민주로 104,광주광역시 서구 상무민주로 104,126.860103982576,35.160043357681,전남광주통합특별시 서구 상무민주로 104,전남광주통합특별시,서구,상무1동,1224075100,서구,상무1동,성공,
전남광주통합특별시 서구 무진대로772번길 4,광주광역시 서구 무진대로772번길 4,광주광역시 서구 무진대로772번길 4,126.864604634846,35.1615327382796,전남광주통합특별시 서구 무진대로772번길 4,전남광주통합특별시,서구,상무1동,1224075100,서구,상무1동,성공,
전남광주통합특별시 서구 화개중앙로 116,광주광역시 서구 화개중앙로 116,광주광역시 서구 화개중앙로 116,126.852100125447,35.129062909708,전남광주통합특별시 서구 화개중앙로 116,전남광주통합특별시,서구,금호2동,1224082400,서구,금호2동,성공,
전남광주통합특별시 서구 발산로11번길 15,광주광역시 서구 발산로11번길 15,광주광역시 서구 발산로11번길 15,126.891003356296,35.1571115174347,전남광주통합특별시 서구 발산로11번길 15,전남광주통합특별시,서구,농성1동,1224065000,서구,농성1동,성공,
전남광주통합특별시 서구 발산로11번길 17,광주광역시 서구 발산로11번길 17,광주광역시 서구 발산로11번길 17,126.890796296725,35.1573242320971,전남광주통합특별시 서구 발산로11번길 17,전남광주통합특별시,서구,농성1동,1224065000,서구,농성1동,성공,
전남광주통합특별시 서구 월산로245번길 10-4,광주광역시 서구 월산로245번길 10-4,광주광역시 서구 월산로245번길 10-4,126.888651373046,35.1578137009859,전남광주통합특별시 서구 월산로245번길 10-4,전남광주통합특별시,서구,농성1동,1224065000,서구,농성1동,성공,
전남광주통합특별시 서구 발산로 36,광주광역시 서구 발산로 36,광주광역시 서구 발산로 36,126.894967515084,35.1583244629473,전남광주통합특별시 서구 발산로 36,전남광주통합특별시,서구,양3동,1224059000,서구,양3동,성공,
전남광주통합특별시 서구 경열로45번길 13,광주광역시 서구 경열로45번길 13,광주광역시 서구 경열로45번길 13,126.891419368346,35.1522025442065,전남광주통합특별시 서구 경열로45번길 13,전남광주통합특별시,서구,농성1동,1224065000,서구,농성1동,성공,
전남광주통합특별시 서구 상무민주로 10,광주광역시 서구 상무민주로 10,광주광역시 서구 상무민주로 10,126.858823251335,35.1514516470865,전남광주통합특별시 서구 상무민주로 10,전남광주통합특별시,서구,상무1동,1224075100,서구,상무1동,성공,
전남광주통합특별시 서구 천변좌로140번길 18,광주광역시 서구 천변좌로140번길 18,광주광역시 서구 천변좌로140번길 18,126.893149341697,35.158639069962,전남광주통합특별시 서구 천변좌로140번길 18,전남광주통합특별시,서구,양3동,1224059000,서구,양3동,성공,
전남광주통합특별시 서구 천변좌로140번길 20,광주광역시 서구 천변좌로140번길 20,광주광역시 서구 천변좌로140번길 20,126.89302722037,35.1583597210779,전남광주통합특별시 서구 천변좌로140번길 20,전남광주통합특별시,서구,양3동,1224059000,서구,양3동,성공,
전남광주통합특별시 서구 운천로154번길 30-7,광주광역시 서구 운천로154번길 30-7,광주광역시 서구 운천로154번길 30-7,126.860767790239,35.1461950000124,전남광주통합특별시 서구 운천로154번길 30-7,전남광주통합특별시,서구,상무2동,1224075200,서구,상무2동,성공,
전남광주통합특별시 서구 운천로154번길 30-5,광주광역시 서구 운천로154번길 30-5,광주광역시 서구 운천로154번길 30-5,126.860955138274,35.146180793361,전남광주통합특별시 서구 운천로154번길 30-5,전남광주통합특별시,서구,상무2동,1224075200,서구,상무2동,성공,
전남광주통합특별시 서구 화정로21번길 10-1,광주광역시 서구 화정로21번길 10-1,광주광역시 서구 화정로21번길 10-1,126.85977890714,35.1454436571086,전남광주통합특별시 서구 화정로21번길 10-1,전남광주통합특별시,서구,상무2동,1224075200,서구,상무2동,성공,
전남광주통합특별시 서구 상무민주로5번길 9,광주광역시 서구 상무민주로5번길 9,광주광역시 서구 상무민주로5번길 9,126.857420292239,35.1508682665687,전남광주통합특별시 서구 상무민주로5번길 9,전남광주통합특별시,서구,상무1동,1224075100,서구,상무1동,성공,
전남광주통합특별시 서구 화정로21번길 10,광주광역시 서구 화정로21번길 10,광주광역시 서구 화정로21번길 10,126.860234622189,35.1455868690189,전남광주통합특별시 서구 화정로21번길 10,전남광주통합특별시,서구,상무2동,1224075200,서구,상무2동,성공,
전남광주통합특별시 서구 양동로17번길 17,광주광역시 서구 양동로17번길 17,광주광역시 서구 양동로17번길 17,126.897338356365,35.1545488065037,전남광주통합특별시 서구 양동로17번길 17,전남광주통합특별시,서구,양3동,1224059000,서구,양3동,성공,
전남광주통합특별시 서구 화정로49번길 15-1,광주광역시 서구 화정로49번길 15-1,광주광역시 서구 화정로49번길 15-1,126.862355858838,35.1459753499684,전남광주통합특별시 서구 화정로49번길 15-1,전남광주통합특별시,서구,상무2동,1224075200,서구,상무2동,성공,
전남광주통합특별시 서구 화정로49번길 15,광주광역시 서구 화정로49번길 15,광주광역시 서구 화정로49번길 15,126.862489713208,35.1461867809202,전남광주통합특별시 서구 화정로49번길 15,전남광주통합특별시,서구,상무2동,1224075200,서구,상무2동,성공,
전남광주통합특별시 서구 상무대로1194번길 8-19,광주광역시 서구 상무대로1194번길 8-19,광주광역시 서구 상무대로1194번길 8-19,126.892147183731,35.1537185609192,전남광주통합특별시 서구 상무대로1194번길 8-19,전남광주통합특별시,서구,농성1동,1224065000,서구,농성1동,성공,
전남광주통합특별시 서구 월드컵4강로71번길 19,광주광역시 서구 월드컵4강로71번길 19,광주광역시 서구 월드컵4강로71번길 19,126.872125384308,35.1432660158306,전남광주통합특별시 서구 월드컵4강로71번길 19,전남광주통합특별시,서구,화정4동,1224079000,서구,화정4동,성공,
전남광주통합특별시 서구 천변좌로130번길 17,광주광역시 서구 천변좌로130번길 17,광주광역시 서구 천변좌로130번길 17,126.892698671657,35.1587335848019,전남광주통합특별시 서구 천변좌로130번길 17,전남광주통합특별시,서구,양3동,1224059000,서구,양3동,성공,
전남광주통합특별시 서구 천변좌로130번길 16,광주광역시 서구 천변좌로130번길 16,광주광역시 서구 천변좌로130번길 16,126.892517764694,35.1589231605756,전남광주통합특별시 서구 천변좌로130번길 16,전남광주통합특별시,서구,양3동,1224059000,서구,양3동,성공,
전남광주통합특별시 서구 천변좌로130번길 16-1,광주광역시 서구 천변좌로130번길 16-1,광주광역시 서구 천변좌로130번길 16-1,126.892454301446,35.1587749207937,전남광주통합특별시 서구 천변좌로130번길 16-1,전남광주통합특별시,서구,양3동,1224059000,서구,양3동,성공,
전남광주통합특별시 서구 쌍촌로47번길 31,광주광역시 서구 쌍촌로47번길 31,광주광역시 서구 쌍촌로47번길 31,126.861550282754,35.1483650209699,전남광주통합특별시 서구 쌍촌로47번길 31,전남광주통합특별시,서구,상무2동,1224075200,서구,상무2동,성공,
전남광주통합특별시 서구 월산로225번길 13-13,광주광역시 서구 월산로225번길 13-13,광주광역시 서구 월산로225번길 13-13,126.890377814198,35.1551909668698,전남광주통합특별시 서구 월산로225번길 13-13,전남광주통합특별시,서구,농성1동,1224065000,서구,농성1동,성공,
전남광주통합특별시 서구 천변좌로130번길 18,광주광역시 서구 천변좌로130번길 18,광주광역시 서구 천변좌로130번길 18,126.892415407227,35.1586391415528,전남광주통합특별시 서구 천변좌로130번길 18,전남광주통합특별시,서구,양3동,1224059000,서구,양3동,성공,
전남광주통합특별시 서구 금화로481번길 6-9,광주광역시 서구 금화로481번길 6-9,광주광역시 서구 금화로481번길 6-9,126.890469266297,35.1495181587516,전남광주통합특별시 서구 금화로481번길 6-9,전남광주통합특별시,서구,농성2동,1224066000,서구,농성2동,성공,
전남광주통합특별시 서구 상무대로1194번길 20,광주광역시 서구 상무대로1194번길 20,광주광역시 서구 상무대로1194번길 20,126.893414377473,35.1534399001077,전남광주통합특별시 서구 상무대로1194번길 20,전남광주통합특별시,서구,농성1동,1224065000,서구,농성1동,성공,
전남광주통합특별시 서구 월산로194번길 11,광주광역시 서구 월산로194번길 11,광주광역시 서구 월산로194번길 11,126.894251538889,35.1550510935209,전남광주통합특별시 서구 월산로194번길 11,전남광주통합특별시,서구,농성1동,1224065000,서구,농성1동,성공,
전남광주통합특별시 서구 발산로45번길 27-1,광주광역시 서구 발산로45번길 27-1,광주광역시 서구 발산로45번길 27-1,126.892193981897,35.1594247497179,전남광주통합특별시 서구 발산로45번길 27-1,전남광주통합특별시,서구,양3동,1224059000,서구,양3동,성공,
전남광주통합특별시 서구 화정로279번길 8,광주광역시 서구 화정로279번길 8,광주광역시 서구 화정로279번길 8,126.886733815068,35.1494490153541,전남광주통합특별시 서구 화정로279번길 8,전남광주통합특별시,서구,농성2동,1224066000,서구,농성2동,성공,
전남광주통합특별시 서구 화정로279번길 15,광주광역시 서구 화정로279번길 15,광주광역시 서구 화정로279번길 15,126.88575887291,35.1499093262902,전남광주통합특별시 서구 화정로279번길 15,전남광주통합특별시,서구,농성2동,1224066000,서구,농성2동,성공,
전남광주통합특별시 서구 월산로245번길 23,광주광역시 서구 월산로245번길 23,광주광역시 서구 월산로245번길 23,126.887702667244,35.1566881090356,전남광주통합특별시 서구 월산로245번길 23,전남광주통합특별시,서구,농성1동,1224065000,서구,농성1동,성공,
전남광주통합특별시 서구 동림2지구길 32,광주광역시 서구 동림2지구길 32,광주광역시 서구 동림2지구길 32,126.875276177966,35.1710358544968,전남광주통합특별시 서구 동림2지구길 32,전남광주통합특별시,서구,동천동,1224084000,서구,동천동,성공,
전남광주통합특별시 서구 동림2지구길 21-3,광주광역시 서구 동림2지구길 21-3,광주광역시 서구 동림2지구길 21-3,126.874491662359,35.1708051981107,전남광주통합특별시 서구 동림2지구길 21-3,전남광주통합특별시,서구,동천동,1224084000,서구,동천동,성공,
전남광주통합특별시 서구 동림2지구길 31,광주광역시 서구 동림2지구길 31,광주광역시 서구 동림2지구길 31,126.875115060441,35.1708740751419,전남광주통합특별시 서구 동림2지구길 31,전남광주통합특별시,서구,동천동,1224084000,서구,동천동,성공,
전남광주통합특별시 서구 동림2지구길 15,광주광역시 서구 동림2지구길 15,광주광역시 서구 동림2지구길 15,126.873758984997,35.170205394702,전남광주통합특별시 서구 동림2지구길 15,전남광주통합특별시,서구,동천동,1224084000,서구,동천동,성공,
전남광주통합특별시 서구 화정로49번길 34-9,광주광역시 서구 화정로49번길 34-9,광주광역시 서구 화정로49번길 34-9,126.862246724852,35.1480262722106,전남광주통합특별시 서구 화정로49번길 34-9,전남광주통합특별시,서구,상무2동,1224075200,서구,상무2동,성공,
전남광주통합특별시 서구 화정로293번길 6-13,광주광역시 서구 화정로293번길 6-13,광주광역시 서구 화정로293번길 6-13,126.888548024282,35.1504610326901,전남광주통합특별시 서구 화정로293번길 6-13,전남광주통합특별시,서구,농성2동,1224066000,서구,농성2동,성공,
전남광주통합특별시 서구 화정로279번길 4,광주광역시 서구 화정로279번길 4,광주광역시 서구 화정로279번길 4,126.886944563523,35.1492601067115,전남광주통합특별시 서구 화정로279번길 4,전남광주통합특별시,서구,농성2동,1224066000,서구,농성2동,성공,
전남광주통합특별시 서구 화정로279번길 19,광주광역시 서구 화정로279번길 19,광주광역시 서구 화정로279번길 19,126.885714474647,35.1503459935865,전남광주통합특별시 서구 화정로279번길 19,전남광주통합특별시,서구,농성2동,1224066000,서구,농성2동,성공,
전남광주통합특별시 서구 화정로271번길 11,광주광역시 서구 화정로271번길 11,광주광역시 서구 화정로271번길 11,126.885305429694,35.1491928570773,전남광주통합특별시 서구 화정로271번길 11,전남광주통합특별시,서구,농성2동,1224066000,서구,농성2동,성공,
전남광주통합특별시 서구 화정로253번길 7,광주광역시 서구 화정로253번길 7,광주광역시 서구 화정로253번길 7,126.883994318485,35.1480435458093,전남광주통합특별시 서구 화정로253번길 7,전남광주통합특별시,서구,화정2동,1224077000,서구,화정2동,성공,
전남광주통합특별시 서구 화정로253번길 11-1,광주광역시 서구 화정로253번길 11-1,광주광역시 서구 화정로253번길 11-1,126.88363726684,35.148396627012,전남광주통합특별시 서구 화정로253번길 11-1,전남광주통합특별시,서구,화정2동,1224077000,서구,화정2동,성공,
전남광주통합특별시 서구 화정로21번길 8-9,광주광역시 서구 화정로21번길 8-9,광주광역시 서구 화정로21번길 8-9,126.860141763407,35.1453423128046,전남광주통합특별시 서구 화정로21번길 8-9,전남광주통합특별시,서구,상무2동,1224075200,서구,상무2동,성공,
전남광주통합특별시 서구 화운로175번길 5-15,광주광역시 서구 화운로175번길 5-15,광주광역시 서구 화운로175번길 5-15,126.876157505437,35.1538232437975,전남광주통합특별시 서구 화운로175번길 5-15,전남광주통합특별시,서구,화정1동,1224076000,서구,화정1동,성공,
전남광주통합특별시 서구 화운로110번길 5-10,광주광역시 서구 화운로110번길 5-10,광주광역시 서구 화운로110번길 5-10,126.879531059627,35.1499634152751,전남광주통합특별시 서구 화운로110번길 5-10,전남광주통합특별시,서구,화정2동,1224077000,서구,화정2동,성공,
전남광주통합특별시 서구 화운로100번길 6,광주광역시 서구 화운로100번길 6,광주광역시 서구 화운로100번길 6,126.880278384277,35.148785176367,전남광주통합특별시 서구 화운로100번길 6,전남광주통합특별시,서구,화정2동,1224077000,서구,화정2동,성공,
전남광주통합특별시 서구 화개중앙로3번길 12-10,광주광역시 서구 화개중앙로3번길 12-10,광주광역시 서구 화개중앙로3번길 12-10,126.859408094448,35.1218956692445,전남광주통합특별시 서구 화개중앙로3번길 12-10,전남광주통합특별시,서구,금호2동,1224082400,서구,금호2동,성공,
전남광주통합특별시 서구 화개2로9번길 9-11,광주광역시 서구 화개2로9번길 9-11,광주광역시 서구 화개2로9번길 9-11,126.856751206146,35.1235405226675,전남광주통합특별시 서구 화개2로9번길 9-11,전남광주통합특별시,서구,금호2동,1224082400,서구,금호2동,성공,
전남광주통합특별시 서구 화개2로9번길 9-10,광주광역시 서구 화개2로9번길 9-10,광주광역시 서구 화개2로9번길 9-10,126.856575359781,35.1236565906885,전남광주통합특별시 서구 화개2로9번길 9-10,전남광주통합특별시,서구,금호2동,1224082400,서구,금호2동,성공,
전남광주통합특별시 서구 화개2로20번길 32-8,광주광역시 서구 화개2로20번길 32-8,광주광역시 서구 화개2로20번길 32-8,126.861151249752,35.1232321484498,전남광주통합특별시 서구 화개2로20번길 32-8,전남광주통합특별시,서구,금호2동,1224082400,서구,금호2동,성공,
전남광주통합특별시 서구 화개2로20번길 32-17,광주광역시 서구 화개2로20번길 32-17,광주광역시 서구 화개2로20번길 32-17,126.861014081124,35.122799967357,전남광주통합특별시 서구 화개2로20번길 32-17,전남광주통합특별시,서구,금호2동,1224082400,서구,금호2동,성공,
전남광주통합특별시 서구 화개2로20번길 28-17,광주광역시 서구 화개2로20번길 28-17,광주광역시 서구 화개2로20번길 28-17,126.860692043021,35.1229566153187,전남광주통합특별시 서구 화개2로20번길 28-17,전남광주통합특별시,서구,금호2동,1224082400,서구,금호2동,성공,
전남광주통합특별시 서구 화개1로1번길 23,광주광역시 서구 화개1로1번길 23,광주광역시 서구 화개1로1번길 23,126.852621377993,35.1259606009283,전남광주통합특별시 서구 화개1로1번길 23,전남광주통합특별시,서구,금호2동,1224082400,서구,금호2동,성공,
전남광주통합특별시 서구 풍암중앙로91번길 4-30,광주광역시 서구 풍암중앙로91번길 4-30,광주광역시 서구 풍암중앙로91번길 4-30,126.884793726629,35.1279107589848,전남광주통합특별시 서구 풍암중앙로91번길 4-30,전남광주통합특별시,서구,풍암동,1224083000,서구,풍암동,성공,
전남광주통합특별시 서구 풍암운리로33번길 9,광주광역시 서구 풍암운리로33번길 9,광주광역시 서구 풍암운리로33번길 9,126.867233549186,35.1240516332735,전남광주통합특별시 서구 풍암운리로33번길 9,전남광주통합특별시,서구,풍암동,1224083000,서구,풍암동,성공,
전남광주통합특별시 서구 풍암신흥안길 7,광주광역시 서구 풍암신흥안길 7,광주광역시 서구 풍암신흥안길 7,126.863611169738,35.1203057772776,전남광주통합특별시 서구 풍암신흥안길 7,전남광주통합특별시,서구,풍암동,1224083000,서구,풍암동,성공,
전남광주통합특별시 서구 풍암신흥안길 27-5,광주광역시 서구 풍암신흥안길 27-5,광주광역시 서구 풍암신흥안길 27-5,126.861589437033,35.1211484247569,전남광주통합특별시 서구 풍암신흥안길 27-5,전남광주통합특별시,서구,풍암동,1224083000,서구,풍암동,성공,
전남광주통합특별시 서구 풍암신흥안길 11-8,광주광역시 서구 풍암신흥안길 11-8,광주광역시 서구 풍암신흥안길 11-8,126.862959847278,35.1203774222491,전남광주통합특별시 서구 풍암신흥안길 11-8,전남광주통합특별시,서구,풍암동,1224083000,서구,풍암동,성공,
전남광주통합특별시 서구 풍암신흥로62번길 3-68,광주광역시 서구 풍암신흥로62번길 3-68,광주광역시 서구 풍암신흥로62번길 3-68,126.869128371286,35.1227927754627,전남광주통합특별시 서구 풍암신흥로62번길 3-68,전남광주통합특별시,서구,풍암동,1224083000,서구,풍암동,성공,
전남광주통합특별시 서구 풍암신흥로50번길 5,광주광역시 서구 풍암신흥로50번길 5,광주광역시 서구 풍암신흥로50번길 5,126.868896035202,35.1212030582241,전남광주통합특별시 서구 풍암신흥로50번길 5,전남광주통합특별시,서구,풍암동,1224083000,서구,풍암동,성공,
전남광주통합특별시 서구 풍암신흥로50번길 35,광주광역시 서구 풍암신흥로50번길 35,광주광역시 서구 풍암신흥로50번길 35,126.869897644162,35.1236862247056,전남광주통합특별시 서구 풍암신흥로50번길 35,전남광주통합특별시,서구,풍암동,1224083000,서구,풍암동,성공,
전남광주통합특별시 서구 풍암신흥로50번길 31,광주광역시 서구 풍암신흥로50번길 31,광주광역시 서구 풍암신흥로50번길 31,126.869814188025,35.1234592617086,전남광주통합특별시 서구 풍암신흥로50번길 31,전남광주통합특별시,서구,풍암동,1224083000,서구,풍암동,성공,
전남광주통합특별시 서구 풍암신흥로11번길 38-20,광주광역시 서구 풍암신흥로11번길 38-20,광주광역시 서구 풍암신흥로11번길 38-20,126.8625137851,35.122339548223,전남광주통합특별시 서구 풍암신흥로11번길 38-20,전남광주통합특별시,서구,풍암동,1224083000,서구,풍암동,성공,
전남광주통합특별시 서구 풍금로24번길 5-1,광주광역시 서구 풍금로24번길 5-1,광주광역시 서구 풍금로24번길 5-1,126.865291808633,35.1222536126205,전남광주통합특별시 서구 풍금로24번길 5-1,전남광주통합특별시,서구,풍암동,1224083000,서구,풍암동,성공,
전남광주통합특별시 서구 풍금로12번길 13,광주광역시 서구 풍금로12번길 13,광주광역시 서구 풍금로12번길 13,126.866962933032,35.1216680390757,전남광주통합특별시 서구 풍금로12번길 13,전남광주통합특별시,서구,풍암동,1224083000,서구,풍암동,성공,
전남광주통합특별시 서구 월산로225번길 13-22,광주광역시 서구 월산로225번길 13-22,광주광역시 서구 월산로225번길 13-22,126.89026686204,35.1550231233734,전남광주통합특별시 서구 월산로225번길 13-22,전남광주통합특별시,서구,농성1동,1224065000,서구,농성1동,성공,
전남광주통합특별시 서구 월산로225번길 13-18,광주광역시 서구 월산로225번길 13-18,광주광역시 서구 월산로225번길 13-18,126.8900987787,35.1551458263704,전남광주통합특별시 서구 월산로225번길 13-18,전남광주통합특별시,서구,농성1동,1224065000,서구,농성1동,성공,
전남광주통합특별시 서구 월드컵4강로181번길 6-8,광주광역시 서구 월드컵4강로181번길 6-8,광주광역시 서구 월드컵4강로181번길 6-8,126.869027578401,35.1525777286876,전남광주통합특별시 서구 월드컵4강로181번길 6-8,전남광주통합특별시,서구,상무1동,1224075100,서구,상무1동,성공,
전남광주통합특별시 서구 상무오월로38번길 27-11,광주광역시 서구 상무오월로38번길 27-11,광주광역시 서구 상무오월로38번길 27-11,126.865690622026,35.1543032442902,전남광주통합특별시 서구 상무오월로38번길 27-11,전남광주통합특별시,서구,상무1동,1224075100,서구,상무1동,성공,
전남광주통합특별시 서구 상무대로884번길 26,광주광역시 서구 상무대로884번길 26,광주광역시 서구 상무대로884번길 26,126.85912353458,35.1480021303792,전남광주통합특별시 서구 상무대로884번길 26,전남광주통합특별시,서구,상무2동,1224075200,서구,상무2동,성공,
전남광주통합특별시 서구 상무대로1171번길 4,광주광역시 서구 상무대로1171번길 4,광주광역시 서구 상무대로1171번길 4,126.88964356456,35.1549597324865,전남광주통합특별시 서구 상무대로1171번길 4,전남광주통합특별시,서구,농성1동,1224065000,서구,농성1동,성공,
전남광주통합특별시 서구 상무대로1005번길 39-5,광주광역시 서구 상무대로1005번길 39-5,광주광역시 서구 상무대로1005번길 39-5,126.871474669997,35.1551232653641,전남광주통합특별시 서구 상무대로1005번길 39-5,전남광주통합특별시,서구,화정1동,1224076000,서구,화정1동,성공,
전남광주통합특별시 서구 상무대로1005번길 17-19,광주광역시 서구 상무대로1005번길 17-19,광주광역시 서구 상무대로1005번길 17-19,126.871100947196,35.1531887306268,전남광주통합특별시 서구 상무대로1005번길 17-19,전남광주통합특별시,서구,화정1동,1224076000,서구,화정1동,성공,
전남광주통합특별시 서구 상무대로1005번길 11-33,광주광역시 서구 상무대로1005번길 11-33,광주광역시 서구 상무대로1005번길 11-33,126.870694867224,35.1527108475988,전남광주통합특별시 서구 상무대로1005번길 11-33,전남광주통합특별시,서구,화정1동,1224076000,서구,화정1동,성공,
전남광주통합특별시 서구 대남대로462번길 2,광주광역시 서구 대남대로462번길 2,광주광역시 서구 대남대로462번길 2,126.886629608533,35.1513123905477,전남광주통합특별시 서구 대남대로462번길 2,전남광주통합특별시,서구,농성2동,1224066000,서구,농성2동,성공,
전남광주통합특별시 서구 대남대로461번길 3,광주광역시 서구 대남대로461번길 3,광주광역시 서구 대남대로461번길 3,126.885718865012,35.1508950163654,전남광주통합특별시 서구 대남대로461번길 3,전남광주통합특별시,서구,농성2동,1224066000,서구,농성2동,성공,
전남광주통합특별시 서구 대남대로450번길 10-12,광주광역시 서구 대남대로450번길 10-12,광주광역시 서구 대남대로450번길 10-12,126.888124555788,35.1504353142108,전남광주통합특별시 서구 대남대로450번길 10-12,전남광주통합특별시,서구,농성2동,1224066000,서구,농성2동,성공,
전남광주통합특별시 서구 대남대로450번길 10-10,광주광역시 서구 대남대로450번길 10-10,광주광역시 서구 대남대로450번길 10-10,126.888024149132,35.1505886330156,전남광주통합특별시 서구 대남대로450번길 10-10,전남광주통합특별시,서구,농성2동,1224066000,서구,농성2동,성공,
전남광주통합특별시 서구 내방마을2길 6-16,광주광역시 서구 내방마을2길 6-16,광주광역시 서구 내방마을2길 6-16,126.875565740103,35.1549760174447,전남광주통합특별시 서구 내방마을2길 6-16,전남광주통합특별시,서구,화정1동,1224076000,서구,화정1동,성공,
전남광주통합특별시 서구 내방마을2길 6-14,광주광역시 서구 내방마을2길 6-14,광주광역시 서구 내방마을2길 6-14,126.875427262307,35.1549581183623,전남광주통합특별시 서구 내방마을2길 6-14,전남광주통합특별시,서구,화정1동,1224076000,서구,화정1동,성공,
전남광주통합특별시 서구 내방로404번길 25,광주광역시 서구 내방로404번길 25,광주광역시 서구 내방로404번길 25,126.884949850915,35.156062506566,전남광주통합특별시 서구 내방로404번길 25,전남광주통합특별시,서구,농성1동,1224065000,서구,농성1동,성공,
전남광주통합특별시 서구 내방로350번길 3-6,광주광역시 서구 내방로350번길 3-6,광주광역시 서구 내방로350번길 3-6,126.879080208895,35.1568778391089,전남광주통합특별시 서구 내방로350번길 3-6,전남광주통합특별시,서구,화정1동,1224076000,서구,화정1동,성공,
전남광주통합특별시 서구 금화로73번길 14,광주광역시 서구 금화로73번길 14,광주광역시 서구 금화로73번길 14,126.857089966185,35.1334114825686,전남광주통합특별시 서구 금화로73번길 14,전남광주통합특별시,서구,금호1동,1224082100,서구,금호1동,성공,
전남광주통합특별시 서구 금화로482번길 15-1,광주광역시 서구 금화로482번길 15-1,광주광역시 서구 금화로482번길 15-1,126.89286986764,35.1499598084209,전남광주통합특별시 서구 금화로482번길 15-1,전남광주통합특별시,서구,농성2동,1224066000,서구,농성2동,성공,
전남광주통합특별시 서구 금화로482번길 15,광주광역시 서구 금화로482번길 15,광주광역시 서구 금화로482번길 15,126.892749220147,35.1499059806002,전남광주통합특별시 서구 금화로482번길 15,전남광주통합특별시,서구,농성2동,1224066000,서구,농성2동,성공,
전남광주통합특별시 서구 금화로481번길 8,광주광역시 서구 금화로481번길 8,광주광역시 서구 금화로481번길 8,126.890484628026,35.1491922406189,전남광주통합특별시 서구 금화로481번길 8,전남광주통합특별시,서구,농성2동,1224066000,서구,농성2동,성공,
전남광주통합특별시 서구 금호만호길 90,광주광역시 서구 금호만호길 90,광주광역시 서구 금호만호길 90,126.854358830807,35.133875317378,전남광주통합특별시 서구 금호만호길 90,전남광주통합특별시,서구,금호1동,1224082100,서구,금호1동,성공,
전남광주통합특별시 서구 군분로222번길 4-1,광주광역시 서구 군분로222번길 4-1,광주광역시 서구 군분로222번길 4-1,126.883375380715,35.150657077677,전남광주통합특별시 서구 군분로222번길 4-1,전남광주통합특별시,서구,농성2동,1224066000,서구,농성2동,성공,
전남광주통합특별시 서구 군분로221번길 4,광주광역시 서구 군분로221번길 4,광주광역시 서구 군분로221번길 4,126.88239933006,35.1505679812501,전남광주통합특별시 서구 군분로221번길 4,전남광주통합특별시,서구,농성2동,1224066000,서구,농성2동,성공,
전남광주통합특별시 서구 화정로280번길 7,광주광역시 서구 화정로280번길 7,광주광역시 서구 화정로280번길 7,126.887561021838,35.1483585083718,전남광주통합특별시 서구 화정로280번길 7,전남광주통합특별시,서구,농성2동,1224066000,서구,농성2동,성공,
전남광주통합특별시 서구 화정로276번길 10,광주광역시 서구 화정로276번길 10,광주광역시 서구 화정로276번길 10,126.887047393888,35.1478295628233,전남광주통합특별시 서구 화정로276번길 10,전남광주통합특별시,서구,농성2동,1224066000,서구,농성2동,성공,
전남광주통합특별시 서구 군분로159번길 12,광주광역시 서구 군분로159번길 12,광주광역시 서구 군분로159번길 12,126.885887700215,35.1457511996838,전남광주통합특별시 서구 군분로159번길 12,전남광주통합특별시,서구,화정2동,1224077000,서구,화정2동,성공,
전남광주통합특별시 서구 군분로129번길 11,광주광역시 서구 군분로129번길 11,광주광역시 서구 군분로129번길 11,126.887703556282,35.1433399517354,전남광주통합특별시 서구 군분로129번길 11,전남광주통합특별시,서구,화정2동,1224077000,서구,화정2동,성공,
전남광주통합특별시 서구 경열로54번길 10,광주광역시 서구 경열로54번길 10,광주광역시 서구 경열로54번길 10,126.892143773093,35.1498993139362,전남광주통합특별시 서구 경열로54번길 10,전남광주통합특별시,서구,농성2동,1224066000,서구,농성2동,성공,
전남광주통합특별시 서구 풍암운리로 10-1,광주광역시 서구 풍암운리로 10-1,광주광역시 서구 풍암운리로 10-1,126.865433324648,35.1224570274853,전남광주통합특별시 서구 풍암운리로 10-1,전남광주통합특별시,서구,풍암동,1224083000,서구,풍암동,성공,
전남광주통합특별시 서구 군분로 206-3,광주광역시 서구 군분로 206-3,광주광역시 서구 군분로 206-3,126.884117349531,35.1498160991435,전남광주통합특별시 서구 군분로 206-3,전남광주통합특별시,서구,농성2동,1224066000,서구,농성2동,성공,
전남광주통합특별시 서구 칠성로4번길 5,광주광역시 서구 칠성로4번길 5,광주광역시 서구 칠성로4번길 5,126.858264407684,35.1661422431171,전남광주통합특별시 서구 칠성로4번길 5,전남광주통합특별시,서구,유덕동,1224074000,서구,유덕동,성공,
전남광주통합특별시 서구 상무버들로53번길 22-31,광주광역시 서구 상무버들로53번길 22-31,광주광역시 서구 상무버들로53번길 22-31,126.856596131732,35.1645511858515,전남광주통합특별시 서구 상무버들로53번길 22-31,전남광주통합특별시,서구,유덕동,1224074000,서구,유덕동,성공,
전남광주통합특별시 서구 상무버들로53번길 22-27,광주광역시 서구 상무버들로53번길 22-27,광주광역시 서구 상무버들로53번길 22-27,126.856595600089,35.1644163420632,전남광주통합특별시 서구 상무버들로53번길 22-27,전남광주통합특별시,서구,유덕동,1224074000,서구,유덕동,성공,
전남광주통합특별시 서구 상무대로967번길 18-4,광주광역시 서구 상무대로967번길 18-4,광주광역시 서구 상무대로967번길 18-4,126.867862549743,35.1530911402624,전남광주통합특별시 서구 상무대로967번길 18-4,전남광주통합특별시,서구,상무1동,1224075100,서구,상무1동,성공,
전남광주통합특별시 서구 금부로103번길 8-8,광주광역시 서구 금부로103번길 8-8,광주광역시 서구 금부로103번길 8-8,126.860455819482,35.1404633358527,전남광주통합특별시 서구 금부로103번길 8-8,전남광주통합특별시,서구,금호1동,1224082100,서구,금호1동,성공,
전남광주통합특별시 서구 금부로103번길 8-16,광주광역시 서구 금부로103번길 8-16,광주광역시 서구 금부로103번길 8-16,126.860960636821,35.1404955538973,전남광주통합특별시 서구 금부로103번길 8-16,전남광주통합특별시,서구,금호1동,1224082100,서구,금호1동,성공,
전남광주통합특별시 서구 금부로103번길 20-6,광주광역시 서구 금부로103번길 20-6,광주광역시 서구 금부로103번길 20-6,126.860257053397,35.1415159872501,전남광주통합특별시 서구 금부로103번길 20-6,전남광주통합특별시,서구,상무2동,1224075200,서구,상무2동,성공,
전남광주통합특별시 서구 화정로78번길 24-34,광주광역시 서구 화정로78번길 24-34,광주광역시 서구 화정로78번길 24-34,126.865242841616,35.1431876204424,전남광주통합특별시 서구 화정로78번길 24-34,전남광주통합특별시,서구,화정4동,1224079000,서구,화정4동,성공,
전남광주통합특별시 서구 화정로78번길 24-13,광주광역시 서구 화정로78번길 24-13,광주광역시 서구 화정로78번길 24-13,126.865205324422,35.1425147124687,전남광주통합특별시 서구 화정로78번길 24-13,전남광주통합특별시,서구,화정4동,1224079000,서구,화정4동,성공,
전남광주통합특별시 서구 화정로21번길 4-22,광주광역시 서구 화정로21번길 4-22,광주광역시 서구 화정로21번길 4-22,126.860922575549,35.1448732418766,전남광주통합특별시 서구 화정로21번길 4-22,전남광주통합특별시,서구,상무2동,1224075200,서구,상무2동,성공,
전남광주통합특별시 서구 화개2로20번길 28-13,광주광역시 서구 화개2로20번길 28-13,광주광역시 서구 화개2로20번길 28-13,126.86085423083,35.1231265285015,전남광주통합특별시 서구 화개2로20번길 28-13,전남광주통합특별시,서구,금호2동,1224082400,서구,금호2동,성공,
전남광주통합특별시 서구 풍암순환로128번길 29,광주광역시 서구 풍암순환로128번길 29,광주광역시 서구 풍암순환로128번길 29,126.884323557496,35.1246829772235,전남광주통합특별시 서구 풍암순환로128번길 29,전남광주통합특별시,서구,풍암동,1224083000,서구,풍암동,성공,
전남광주통합특별시 서구 칠성로4번길 7,광주광역시 서구 칠성로4번길 7,광주광역시 서구 칠성로4번길 7,126.858367229689,35.1659685815871,전남광주통합특별시 서구 칠성로4번길 7,전남광주통합특별시,서구,유덕동,1224074000,서구,유덕동,성공,
전남광주통합특별시 서구 염화로83번길 19-4,광주광역시 서구 염화로83번길 19-4,광주광역시 서구 염화로83번길 19-4,126.87190915216,35.1424604210214,전남광주통합특별시 서구 염화로83번길 19-4,전남광주통합특별시,서구,화정4동,1224079000,서구,화정4동,성공,
전남광주통합특별시 서구 상무오월로3번길 28-5,광주광역시 서구 상무오월로3번길 28-5,광주광역시 서구 상무오월로3번길 28-5,126.860181905077,35.1580579343107,전남광주통합특별시 서구 상무오월로3번길 28-5,전남광주통합특별시,서구,상무1동,1224075100,서구,상무1동,성공,
전남광주통합특별시 서구 학생독립로22번길 28,광주광역시 서구 학생독립로22번길 28,광주광역시 서구 학생독립로22번길 28,126.86498180984,35.1429719946646,전남광주통합특별시 서구 학생독립로22번길 28,전남광주통합특별시,서구,화정4동,1224079000,서구,화정4동,성공,
전남광주통합특별시 서구 학생독립로10번길 4-9,광주광역시 서구 학생독립로10번길 4-9,광주광역시 서구 학생독립로10번길 4-9,126.866225579564,35.1443554312759,전남광주통합특별시 서구 학생독립로10번길 4-9,전남광주통합특별시,서구,상무2동,1224075200,서구,상무2동,성공,
전남광주통합특별시 서구 내방마을2길 6-8,광주광역시 서구 내방마을2길 6-8,광주광역시 서구 내방마을2길 6-8,126.875147504894,35.1550322827144,전남광주통합특별시 서구 내방마을2길 6-8,전남광주통합특별시,서구,화정1동,1224076000,서구,화정1동,성공,
전남광주통합특별시 서구 금부로99번길 19-1,광주광역시 서구 금부로99번길 19-1,광주광역시 서구 금부로99번길 19-1,126.859307343219,35.1415023594312,전남광주통합특별시 서구 금부로99번길 19-1,전남광주통합특별시,서구,상무2동,1224075200,서구,상무2동,성공,
전남광주통합특별시 서구 금부로95번길 26-26,광주광역시 서구 금부로95번길 26-26,광주광역시 서구 금부로95번길 26-26,126.860222556895,35.1422457798146,전남광주통합특별시 서구 금부로95번길 26-26,전남광주통합특별시,서구,상무2동,1224075200,서구,상무2동,성공,
전남광주통합특별시 서구 금부로103번길 20-12,광주광역시 서구 금부로103번길 20-12,광주광역시 서구 금부로103번길 20-12,126.860526018077,35.1415740743835,전남광주통합특별시 서구 금부로103번길 20-12,전남광주통합특별시,서구,상무2동,1224075200,서구,상무2동,성공,
전남광주통합특별시 서구 화정로21번길 4-26,광주광역시 서구 화정로21번길 4-26,광주광역시 서구 화정로21번길 4-26,126.861065979459,35.1448862958416,전남광주통합특별시 서구 화정로21번길 4-26,전남광주통합특별시,서구,상무2동,1224075200,서구,상무2동,성공,
전남광주통합특별시 서구 화정로21번길 4-18,광주광역시 서구 화정로21번길 4-18,광주광역시 서구 화정로21번길 4-18,126.860648914907,35.1448596774749,전남광주통합특별시 서구 화정로21번길 4-18,전남광주통합특별시,서구,상무2동,1224075200,서구,상무2동,성공,
전남광주통합특별시 서구 화정로21번길 4-16,광주광역시 서구 화정로21번길 4-16,광주광역시 서구 화정로21번길 4-16,126.860504848539,35.1448490559284,전남광주통합특별시 서구 화정로21번길 4-16,전남광주통합특별시,서구,상무2동,1224075200,서구,상무2동,성공,
전남광주통합특별시 서구 화정로138번길 45-6,광주광역시 서구 화정로138번길 45-6,광주광역시 서구 화정로138번길 45-6,126.872246939258,35.1411790414199,전남광주통합특별시 서구 화정로138번길 45-6,전남광주통합특별시,서구,화정4동,1224079000,서구,화정4동,성공,
전남광주통합특별시 서구 월드컵4강로71번길 23,광주광역시 서구 월드컵4강로71번길 23,광주광역시 서구 월드컵4강로71번길 23,126.871653472319,35.1432296427442,전남광주통합특별시 서구 월드컵4강로71번길 23,전남광주통합특별시,서구,화정4동,1224079000,서구,화정4동,성공,
전남광주통합특별시 서구 월드컵4강로197번길 45,광주광역시 서구 월드컵4강로197번길 45,광주광역시 서구 월드컵4강로197번길 45,126.864424603626,35.153477811258,전남광주통합특별시 서구 월드컵4강로197번길 45,전남광주통합특별시,서구,상무1동,1224075100,서구,상무1동,성공,
전남광주통합특별시 서구 운천로92번길 22,광주광역시 서구 운천로92번길 22,광주광역시 서구 운천로92번길 22,126.861058326417,35.1408659452948,전남광주통합특별시 서구 운천로92번길 22,전남광주통합특별시,서구,금호1동,1224082100,서구,금호1동,성공,
전남광주통합특별시 서구 염화로83번길 25-1,광주광역시 서구 염화로83번길 25-1,광주광역시 서구 염화로83번길 25-1,126.871775535788,35.1426453292227,전남광주통합특별시 서구 염화로83번길 25-1,전남광주통합특별시,서구,화정4동,1224079000,서구,화정4동,성공,
전남광주통합특별시 서구 학생독립로10번길 11,광주광역시 서구 학생독립로10번길 11,광주광역시 서구 학생독립로10번길 11,126.865567445116,35.1437163589544,전남광주통합특별시 서구 학생독립로10번길 11,전남광주통합특별시,서구,화정4동,1224079000,서구,화정4동,성공,
전남광주통합특별시 서구 금부로103번길 8-20,광주광역시 서구 금부로103번길 8-20,광주광역시 서구 금부로103번길 8-20,126.86122714781,35.1405106417153,전남광주통합특별시 서구 금부로103번길 8-20,전남광주통합특별시,서구,금호1동,1224082100,서구,금호1동,성공,
전남광주통합특별시 서구 쌍학로 47,광주광역시 서구 쌍학로 47,광주광역시 서구 쌍학로 47,126.86883134741,35.1473820754605,전남광주통합특별시 서구 쌍학로 47,전남광주통합특별시,서구,상무2동,1224075200,서구,상무2동,성공,
전남광주통합특별시 서구 내방로418번길 12,광주광역시 서구 내방로418번길 12,광주광역시 서구 내방로418번길 12,126.885985393416,35.1581627516561,전남광주통합특별시 서구 내방로418번길 12,전남광주통합특별시,서구,농성1동,1224065000,서구,농성1동,성공,
전남광주통합특별시 서구 하남대로710번길 5,광주광역시 서구 하남대로710번길 5,광주광역시 서구 하남대로710번길 5,126.870831302338,35.1710967251632,전남광주통합특별시 서구 하남대로710번길 5,전남광주통합특별시,서구,동천동,1224084000,서구,동천동,성공,
전남광주통합특별시 서구 동천로 25,광주광역시 서구 동천로 25,광주광역시 서구 동천로 25,126.857950808757,35.171570030232,전남광주통합특별시 서구 동천로 25,전남광주통합특별시,서구,동천동,1224084000,서구,동천동,성공,
전남광주통합특별시 서구 월산로225번길 9-10,광주광역시 서구 월산로225번길 9-10,광주광역시 서구 월산로225번길 9-10,126.890390016283,35.1554217260131,전남광주통합특별시 서구 월산로225번길 9-10,전남광주통합특별시,서구,농성1동,1224065000,서구,농성1동,성공,
전남광주통합특별시 서구 화개1로 33,광주광역시 서구 화개1로 33,광주광역시 서구 화개1로 33,126.854651852005,35.1258743586657,전남광주통합특별시 서구 화개1로 33,전남광주통합특별시,서구,금호2동,1224082400,서구,금호2동,성공,
전남광주통합특별시 서구 화개2로9번길 27-7,광주광역시 서구 화개2로9번길 27-7,광주광역시 서구 화개2로9번길 27-7,126.855219386846,35.1244496211203,전남광주통합특별시 서구 화개2로9번길 27-7,전남광주통합특별시,서구,금호2동,1224082400,서구,금호2동,성공,
전남광주통합특별시 서구 금호운천길 70-6,광주광역시 서구 금호운천길 70-6,광주광역시 서구 금호운천길 70-6,126.856770785033,35.1410554674081,전남광주통합특별시 서구 금호운천길 70-6,전남광주통합특별시,서구,금호1동,1224082100,서구,금호1동,성공,
전남광주통합특별시 서구 시청서편로12번길 2-1,광주광역시 서구 시청서편로12번길 2-1,광주광역시 서구 시청서편로12번길 2-1,126.846047343636,35.1598847076978,전남광주통합특별시 서구 시청서편로12번길 2-1,전남광주통합특별시,서구,치평동,1224074500,서구,치평동,성공,
전남광주통합특별시 서구 월드컵4강로68번길 19-17,광주광역시 서구 월드컵4강로68번길 19-17,광주광역시 서구 월드컵4강로68번길 19-17,126.876433944667,35.1440346600081,전남광주통합특별시 서구 월드컵4강로68번길 19-17,전남광주통합특별시,서구,화정3동,1224078000,서구,화정3동,성공,
전남광주통합특별시 서구 화정로293번길 6-12,광주광역시 서구 화정로293번길 6-12,광주광역시 서구 화정로293번길 6-12,126.888669332133,35.1501897445612,전남광주통합특별시 서구 화정로293번길 6-12,전남광주통합특별시,서구,농성2동,1224066000,서구,농성2동,성공,
전남광주통합특별시 서구 월산로225번길 9-14,광주광역시 서구 월산로225번길 9-14,광주광역시 서구 월산로225번길 9-14,126.890534366542,35.1553191916371,전남광주통합특별시 서구 월산로225번길 9-14,전남광주통합특별시,서구,농성1동,1224065000,서구,농성1동,성공,
전남광주통합특별시 서구 상무대로1171번길 1,광주광역시 서구 상무대로1171번길 1,광주광역시 서구 상무대로1171번길 1,126.889474048836,35.1546802465544,전남광주통합특별시 서구 상무대로1171번길 1,전남광주통합특별시,서구,농성1동,1224065000,서구,농성1동,성공,
전남광주통합특별시 서구 상무대로1171번길 5-1,광주광역시 서구 상무대로1171번길 5-1,광주광역시 서구 상무대로1171번길 5-1,126.88938931459,35.1548477320254,전남광주통합특별시 서구 상무대로1171번길 5-1,전남광주통합특별시,서구,농성1동,1224065000,서구,농성1동,성공,
전남광주통합특별시 서구 천변좌로118번길 10-1,광주광역시 서구 천변좌로118번길 10-1,광주광역시 서구 천변좌로118번길 10-1,126.891501123974,35.1597293314301,전남광주통합특별시 서구 천변좌로118번길 10-1,전남광주통합특별시,서구,양3동,1224059000,서구,양3동,성공,
전남광주통합특별시 서구 운천로32번길 23,광주광역시 서구 운천로32번길 23,광주광역시 서구 운천로32번길 23,126.862068557203,35.1371326669416,전남광주통합특별시 서구 운천로32번길 23,전남광주통합특별시,서구,금호1동,1224082100,서구,금호1동,성공,
전남광주통합특별시 서구 화정로 87-1,광주광역시 서구 화정로 87-1,광주광역시 서구 화정로 87-1,126.867243818239,35.1461145656161,전남광주통합특별시 서구 화정로 87-1,전남광주통합특별시,서구,상무2동,1224075200,서구,상무2동,성공,
전남광주통합특별시 남구 금화로415번길 27,광주광역시 남구 금화로415번길 27,광주광역시 남구 금화로415번길 27,126.888869894982,35.1454632823562,전남광주통합특별시 남구 금화로415번길 27,전남광주통합특별시,남구,월산4동,1227063000,남구,월산4동,성공,
전남광주통합특별시 남구 월산로95번길 6,광주광역시 남구 월산로95번길 6,광주광역시 남구 월산로95번길 6,126.89667760143,35.1484326947183,전남광주통합특별시 남구 월산로95번길 6,전남광주통합특별시,남구,월산동,1227060500,남구,월산동,성공,
전남광주통합특별시 남구 군분로23번길 27,광주광역시 남구 군분로23번길 27,광주광역시 남구 군분로23번길 27,126.892455807991,35.1343562385946,전남광주통합특별시 남구 군분로23번길 27,전남광주통합특별시,남구,주월2동,1227070000,남구,주월2동,성공,
전남광주통합특별시 남구 경열로76번길 33-5,광주광역시 남구 경열로76번길 33-5,광주광역시 남구 경열로76번길 33-5,126.894934615466,35.1484858184166,전남광주통합특별시 남구 경열로76번길 33-5,전남광주통합특별시,남구,월산4동,1227063000,남구,월산4동,성공,
전남광주통합특별시 남구 금화로376번길 8,광주광역시 남구 금화로376번길 8,광주광역시 남구 금화로376번길 8,126.887189529734,35.1406564809719,전남광주통합특별시 남구 금화로376번길 8,전남광주통합특별시,남구,주월2동,1227070000,남구,주월2동,성공,
전남광주통합특별시 남구 대남대로 219,광주광역시 남구 대남대로 219,광주광역시 남구 대남대로 219,126.900474242687,35.1331828439074,전남광주통합특별시 남구 대남대로 219,전남광주통합특별시,남구,주월1동,1227069000,남구,주월1동,성공,
전남광주통합특별시 남구 봉주길 39,광주광역시 남구 봉주길 39,광주광역시 남구 봉주길 39,126.890420575253,35.1353273465192,전남광주통합특별시 남구 봉주길 39,전남광주통합특별시,남구,주월2동,1227070000,남구,주월2동,성공,
전남광주통합특별시 남구 백운로34번길 5-8,광주광역시 남구 백운로34번길 5-8,광주광역시 남구 백운로34번길 5-8,126.908308113381,35.1374950149002,전남광주통합특별시 남구 백운로34번길 5-8,전남광주통합특별시,남구,백운1동,1227067000,남구,백운1동,성공,
전남광주통합특별시 남구 대남대로85번길 5,광주광역시 남구 대남대로85번길 5,광주광역시 남구 대남대로85번길 5,126.916355502003,35.1338399508372,전남광주통합특별시 남구 대남대로85번길 5,전남광주통합특별시,남구,방림1동,1227052000,남구,방림1동,성공,
전남광주통합특별시 남구 독립로80번길 7,광주광역시 남구 독립로80번길 7,광주광역시 남구 독립로80번길 7,126.904285032219,35.1427866859136,전남광주통합특별시 남구 독립로80번길 7,전남광주통합특별시,남구,백운1동,1227067000,남구,백운1동,성공,
전남광주통합특별시 남구 효우2로 89,광주광역시 남구 효우2로 89,광주광역시 남구 효우2로 89,126.883930361143,35.0980689513697,전남광주통합특별시 남구 효우2로 89,전남광주통합특별시,남구,송암동,1227072000,남구,송암동,성공,
전남광주통합특별시 남구 원효천1길 5,광주광역시 남구 원효천1길 5,광주광역시 남구 원효천1길 5,126.882169192416,35.1054008701488,전남광주통합특별시 남구 원효천1길 5,전남광주통합특별시,남구,송암동,1227072000,남구,송암동,성공,
전남광주통합특별시 남구 서문대로809번길 22,광주광역시 남구 서문대로809번길 22,광주광역시 남구 서문대로809번길 22,126.897813816902,35.1324043759552,전남광주통합특별시 남구 서문대로809번길 22,전남광주통합특별시,남구,주월1동,1227069000,남구,주월1동,성공,
전남광주통합특별시 남구 노대실로 89,광주광역시 남구 노대실로 89,광주광역시 남구 노대실로 89,126.904286241741,35.1024571026272,전남광주통합특별시 남구 노대실로 89,전남광주통합특별시,남구,효덕동,1227071000,남구,효덕동,성공,
전남광주통합특별시 남구 노대실로 33,광주광역시 남구 노대실로 33,광주광역시 남구 노대실로 33,126.907926833181,35.1061802264261,전남광주통합특별시 남구 노대실로 33,전남광주통합특별시,남구,효덕동,1227071000,남구,효덕동,성공,
전남광주통합특별시 남구 진제길 28,광주광역시 남구 진제길 28,광주광역시 남구 진제길 28,126.902406444992,35.1152383375849,전남광주통합특별시 남구 진제길 28,전남광주통합특별시,남구,진월동,1227070500,남구,진월동,성공,
전남광주통합특별시 남구 금화로456번길 21-2,광주광역시 남구 금화로456번길 21-2,광주광역시 남구 금화로456번길 21-2,126.894157916898,35.1467492113871,전남광주통합특별시 남구 금화로456번길 21-2,전남광주통합특별시,남구,월산4동,1227063000,남구,월산4동,성공,
전남광주통합특별시 남구 금화로 450,광주광역시 남구 금화로 450,광주광역시 남구 금화로 450,126.89167100907,35.1461640132606,전남광주통합특별시 남구 금화로 450,전남광주통합특별시,남구,월산4동,1227063000,남구,월산4동,성공,
전남광주통합특별시 남구 효우2로 45,광주광역시 남구 효우2로 45,광주광역시 남구 효우2로 45,126.887123068898,35.1007864356389,전남광주통합특별시 남구 효우2로 45,전남광주통합특별시,남구,효덕동,1227071000,남구,효덕동,성공,
전남광주통합특별시 남구 효우2로 21,광주광역시 남구 효우2로 21,광주광역시 남구 효우2로 21,126.889272521166,35.1013640312197,전남광주통합특별시 남구 효우2로 21,전남광주통합특별시,남구,효덕동,1227071000,남구,효덕동,성공,
전남광주통합특별시 남구 백운로75번나길 3,광주광역시 남구 백운로75번나길 3,광주광역시 남구 백운로75번나길 3,126.904788636495,35.1403070753212,전남광주통합특별시 남구 백운로75번나길 3,전남광주통합특별시,남구,백운1동,1227067000,남구,백운1동,성공,
전남광주통합특별시 남구 군분로77번길 35-8,광주광역시 남구 군분로77번길 35-8,광주광역시 남구 군분로77번길 35-8,126.888713701993,35.1379113496396,전남광주통합특별시 남구 군분로77번길 35-8,전남광주통합특별시,남구,주월2동,1227070000,남구,주월2동,성공,
전남광주통합특별시 남구 화산로 115,광주광역시 남구 화산로 115,광주광역시 남구 화산로 115,126.908595323641,35.115646523398,전남광주통합특별시 남구 화산로 115,전남광주통합특별시,남구,진월동,1227070500,남구,진월동,성공,
전남광주통합특별시 남구 제중로 111,광주광역시 남구 제중로 111,광주광역시 남구 제중로 111,126.909365580962,35.1412315967029,전남광주통합특별시 남구 제중로 111,전남광주통합특별시,남구,사직동,1227054500,남구,사직동,성공,
전남광주통합특별시 남구 봉선로84번길 16,광주광역시 남구 봉선로84번길 16,광주광역시 남구 봉선로84번길 16,126.904819081964,35.1271586448036,전남광주통합특별시 남구 봉선로84번길 16,전남광주통합특별시,남구,주월1동,1227069000,남구,주월1동,성공,
전남광주통합특별시 남구 금당로124번길 3,광주광역시 남구 금당로124번길 3,광주광역시 남구 금당로124번길 3,126.895003638826,35.1283205998503,전남광주통합특별시 남구 금당로124번길 3,전남광주통합특별시,남구,주월1동,1227069000,남구,주월1동,성공,
전남광주통합특별시 남구 입하2안길 32,광주광역시 남구 입하2안길 32,광주광역시 남구 입하2안길 32,126.87436565761,35.1058031566727,전남광주통합특별시 남구 입하2안길 32,전남광주통합특별시,남구,송암동,1227072000,남구,송암동,성공,
전남광주통합특별시 남구 구성로8번길 5-6,광주광역시 남구 구성로8번길 5-6,광주광역시 남구 구성로8번길 5-6,126.898902562598,35.1517576177761,전남광주통합특별시 남구 구성로8번길 5-6,전남광주통합특별시,남구,월산동,1227060500,남구,월산동,성공,
전남광주통합특별시 남구 경열로76번길 25,광주광역시 남구 경열로76번길 25,광주광역시 남구 경열로76번길 25,126.894366858593,35.1492137144453,전남광주통합특별시 남구 경열로76번길 25,전남광주통합특별시,남구,월산4동,1227063000,남구,월산4동,성공,
전남광주통합특별시 남구 양림로 2-18,광주광역시 남구 양림로 2-18,광주광역시 남구 양림로 2-18,126.911176350639,35.1346915691231,전남광주통합특별시 남구 양림로 2-18,전남광주통합특별시,남구,백운2동,1227068000,남구,백운2동,성공,
전남광주통합특별시 남구 회재로1223번길 26-14,광주광역시 남구 회재로1223번길 26-14,광주광역시 남구 회재로1223번길 26-14,126.893904723708,35.1359431931444,전남광주통합특별시 남구 회재로1223번길 26-14,전남광주통합특별시,남구,주월2동,1227070000,남구,주월2동,성공,
전남광주통합특별시 남구 효천로 176,광주광역시 남구 효천로 176,광주광역시 남구 효천로 176,126.862666774794,35.1077913226699,전남광주통합특별시 남구 효천로 176,전남광주통합특별시,남구,송암동,1227072000,남구,송암동,성공,
전남광주통합특별시 남구 효천중앙로 35,광주광역시 남구 효천중앙로 35,광주광역시 남구 효천중앙로 35,126.872753630959,35.1035405762775,전남광주통합특별시 남구 효천중앙로 35,전남광주통합특별시,남구,송암동,1227072000,남구,송암동,성공,
전남광주통합특별시 남구 봉선2로 51-1,광주광역시 남구 봉선2로 51-1,광주광역시 남구 봉선2로 51-1,126.911865417927,35.1268459721553,전남광주통합특별시 남구 봉선2로 51-1,전남광주통합특별시,남구,봉선2동,1227053800,남구,봉선2동,성공,
전남광주통합특별시 남구 방림로 31,광주광역시 남구 방림로 31,광주광역시 남구 방림로 31,126.919880049793,35.1346816815214,전남광주통합특별시 남구 방림로 31,전남광주통합특별시,남구,방림1동,1227052000,남구,방림1동,성공,
전남광주통합특별시 남구 원효천1길 16,광주광역시 남구 원효천1길 16,광주광역시 남구 원효천1길 16,126.883013006534,35.1045457490292,전남광주통합특별시 남구 원효천1길 16,전남광주통합특별시,남구,송암동,1227072000,남구,송암동,성공,
전남광주통합특별시 남구 화산로 20,광주광역시 남구 화산로 20,광주광역시 남구 화산로 20,126.898865148572,35.1113742527655,전남광주통합특별시 남구 화산로 20,전남광주통합특별시,남구,진월동,1227070500,남구,진월동,성공,
전남광주통합특별시 남구 광복마을4길 39,광주광역시 남구 광복마을4길 39,광주광역시 남구 광복마을4길 39,126.893496166457,35.1202237700193,전남광주통합특별시 남구 광복마을4길 39,전남광주통합특별시,남구,진월동,1227070500,남구,진월동,성공,
전남광주통합특별시 남구 화산로 75,광주광역시 남구 화산로 75,광주광역시 남구 화산로 75,126.905097132677,35.1139781108888,전남광주통합특별시 남구 화산로 75,전남광주통합특별시,남구,진월동,1227070500,남구,진월동,성공,
전남광주통합특별시 남구 화산로73번길 3,광주광역시 남구 화산로73번길 3,광주광역시 남구 화산로73번길 3,126.903745005107,35.1134362251379,전남광주통합특별시 남구 화산로73번길 3,전남광주통합특별시,남구,진월동,1227070500,남구,진월동,성공,
전남광주통합특별시 남구 대남대로85번길 3,광주광역시 남구 대남대로85번길 3,광주광역시 남구 대남대로85번길 3,126.916041363732,35.1340574128324,전남광주통합특별시 남구 대남대로85번길 3,전남광주통합특별시,남구,방림1동,1227052000,남구,방림1동,성공,
전남광주통합특별시 남구 제중로 11,광주광역시 남구 제중로 11,광주광역시 남구 제중로 11,126.91367461479,35.13617070827,전남광주통합특별시 남구 제중로 11,전남광주통합특별시,남구,양림동,1227051000,남구,양림동,성공,
전남광주통합특별시 남구 서문대로704번길 10,광주광역시 남구 서문대로704번길 10,광주광역시 남구 서문대로704번길 10,126.899824590261,35.1228735895871,전남광주통합특별시 남구 서문대로704번길 10,전남광주통합특별시,남구,진월동,1227070500,남구,진월동,성공,
전남광주통합특별시 남구 금화로456번길 26,광주광역시 남구 금화로456번길 26,광주광역시 남구 금화로456번길 26,126.894242639356,35.146576764844,전남광주통합특별시 남구 금화로456번길 26,전남광주통합특별시,남구,월산4동,1227063000,남구,월산4동,성공,
전남광주통합특별시 남구 노대실로 9,광주광역시 남구 노대실로 9,광주광역시 남구 노대실로 9,126.905275412231,35.1093123270157,전남광주통합특별시 남구 노대실로 9,전남광주통합특별시,남구,효덕동,1227071000,남구,효덕동,성공,
전남광주통합특별시 남구 월광2길 45,광주광역시 남구 월광2길 45,광주광역시 남구 월광2길 45,126.893884873082,35.1477730088329,전남광주통합특별시 남구 월광2길 45,전남광주통합특별시,남구,월산4동,1227063000,남구,월산4동,성공,
전남광주통합특별시 남구 구성로 104-1,광주광역시 남구 구성로 104-1,광주광역시 남구 구성로 104-1,126.906333438724,35.1483423852569,전남광주통합특별시 남구 구성로 104-1,전남광주통합특별시,남구,사직동,1227054500,남구,사직동,성공,
전남광주통합특별시 남구 대남대로340번길 41,광주광역시 남구 대남대로340번길 41,광주광역시 남구 대남대로340번길 41,126.895179296024,35.1451820011109,전남광주통합특별시 남구 대남대로340번길 41,전남광주통합특별시,남구,월산4동,1227063000,남구,월산4동,성공,
전남광주통합특별시 남구 행암길 9,광주광역시 남구 행암길 9,광주광역시 남구 행암길 9,126.895124116974,35.1023727268669,전남광주통합특별시 남구 행암길 9,전남광주통합특별시,남구,효덕동,1227071000,남구,효덕동,성공,
전남광주통합특별시 남구 사직안길 6,광주광역시 남구 사직안길 6,광주광역시 남구 사직안길 6,126.91370583551,35.14308156563,전남광주통합특별시 남구 사직안길 6,전남광주통합특별시,남구,사직동,1227054500,남구,사직동,성공,
전남광주통합특별시 남구 월산로116번길 20-9,광주광역시 남구 월산로116번길 20-9,광주광역시 남구 월산로116번길 20-9,126.90002739426,35.1488510321229,전남광주통합특별시 남구 월산로116번길 20-9,전남광주통합특별시,남구,월산동,1227060500,남구,월산동,성공,
전남광주통합특별시 남구 월산로116번길 20-11,광주광역시 남구 월산로116번길 20-11,광주광역시 남구 월산로116번길 20-11,126.900157541213,35.1487672227365,전남광주통합특별시 남구 월산로116번길 20-11,전남광주통합특별시,남구,월산동,1227060500,남구,월산동,성공,
전남광주통합특별시 남구 구성로78번길 35,광주광역시 남구 구성로78번길 35,광주광역시 남구 구성로78번길 35,126.903061472773,35.1458609786014,전남광주통합특별시 남구 구성로78번길 35,전남광주통합특별시,남구,월산동,1227060500,남구,월산동,성공,
전남광주통합특별시 남구 금화로446번나길 14,광주광역시 남구 금화로446번나길 14,광주광역시 남구 금화로446번나길 14,126.892933620894,35.1469494998789,전남광주통합특별시 남구 금화로446번나길 14,전남광주통합특별시,남구,월산4동,1227063000,남구,월산4동,성공,
전남광주통합특별시 남구 백운로52번길 4,광주광역시 남구 백운로52번길 4,광주광역시 남구 백운로52번길 4,126.907118748266,35.1381044217626,전남광주통합특별시 남구 백운로52번길 4,전남광주통합특별시,남구,백운1동,1227067000,남구,백운1동,성공,
전남광주통합특별시 남구 금화로394번길 30,광주광역시 남구 금화로394번길 30,광주광역시 남구 금화로394번길 30,126.890338773718,35.1399521630667,전남광주통합특별시 남구 금화로394번길 30,전남광주통합특별시,남구,월산5동,1227064000,남구,월산5동,성공,
전남광주통합특별시 남구 구성로20번길 14,광주광역시 남구 구성로20번길 14,광주광역시 남구 구성로20번길 14,126.899473549851,35.1512401711358,전남광주통합특별시 남구 구성로20번길 14,전남광주통합특별시,남구,월산동,1227060500,남구,월산동,성공,
전남광주통합특별시 남구 백양로51번길 9,광주광역시 남구 백양로51번길 9,광주광역시 남구 백양로51번길 9,126.907073947672,35.1350421878156,전남광주통합특별시 남구 백양로51번길 9,전남광주통합특별시,남구,백운2동,1227068000,남구,백운2동,성공,
전남광주통합특별시 남구 효우2로 90,광주광역시 남구 효우2로 90,광주광역시 남구 효우2로 90,126.882892460059,35.0984138984661,전남광주통합특별시 남구 효우2로 90,전남광주통합특별시,남구,송암동,1227072000,남구,송암동,성공,
전남광주통합특별시 남구 용대로183번안길 12-1,광주광역시 남구 용대로183번안길 12-1,광주광역시 남구 용대로183번안길 12-1,126.917169227196,35.133922804177,전남광주통합특별시 남구 용대로183번안길 12-1,전남광주통합특별시,남구,방림1동,1227052000,남구,방림1동,성공,
전남광주통합특별시 남구 회재로1224번길 15-1,광주광역시 남구 회재로1224번길 15-1,광주광역시 남구 회재로1224번길 15-1,126.89594178439,35.1323075991348,전남광주통합특별시 남구 회재로1224번길 15-1,전남광주통합특별시,남구,주월1동,1227069000,남구,주월1동,성공,
전남광주통합특별시 남구 회재로1224번길 15,광주광역시 남구 회재로1224번길 15,광주광역시 남구 회재로1224번길 15,126.895853876222,35.1324113606723,전남광주통합특별시 남구 회재로1224번길 15,전남광주통합특별시,남구,주월1동,1227069000,남구,주월1동,성공,
전남광주통합특별시 남구 회재로1224번길 13,광주광역시 남구 회재로1224번길 13,광주광역시 남구 회재로1224번길 13,126.895779471573,35.1325087340781,전남광주통합특별시 남구 회재로1224번길 13,전남광주통합특별시,남구,주월1동,1227069000,남구,주월1동,성공,
전남광주통합특별시 남구 회서로21번나길 10,광주광역시 남구 회서로21번나길 10,광주광역시 남구 회서로21번나길 10,126.894417074602,35.1320834634375,전남광주통합특별시 남구 회서로21번나길 10,전남광주통합특별시,남구,주월1동,1227069000,남구,주월1동,성공,
전남광주통합특별시 남구 진다리로13번서길 5,광주광역시 남구 진다리로13번서길 5,광주광역시 남구 진다리로13번서길 5,126.902652588766,35.1375653268808,전남광주통합특별시 남구 진다리로13번서길 5,전남광주통합특별시,남구,백운1동,1227067000,남구,백운1동,성공,
전남광주통합특별시 남구 진다리로13번서길 3,광주광역시 남구 진다리로13번서길 3,광주광역시 남구 진다리로13번서길 3,126.90281262689,35.1375182239323,전남광주통합특별시 남구 진다리로13번서길 3,전남광주통합특별시,남구,백운1동,1227067000,남구,백운1동,성공,
전남광주통합특별시 남구 진다리로13번서길 1,광주광역시 남구 진다리로13번서길 1,광주광역시 남구 진다리로13번서길 1,126.903014850034,35.1375214505699,전남광주통합특별시 남구 진다리로13번서길 1,전남광주통합특별시,남구,백운1동,1227067000,남구,백운1동,성공,
전남광주통합특별시 남구 중앙로33번길 10-1,광주광역시 남구 중앙로33번길 10-1,광주광역시 남구 중앙로33번길 10-1,126.902488057641,35.1451524090391,전남광주통합특별시 남구 중앙로33번길 10-1,전남광주통합특별시,남구,월산동,1227060500,남구,월산동,성공,
전남광주통합특별시 남구 제석로80번길 14,광주광역시 남구 제석로80번길 14,광주광역시 남구 제석로80번길 14,126.908851885749,35.1210824009766,전남광주통합특별시 남구 제석로80번길 14,전남광주통합특별시,남구,봉선2동,1227053800,남구,봉선2동,성공,
전남광주통합특별시 남구 월광길 50,광주광역시 남구 월광길 50,광주광역시 남구 월광길 50,126.892366184513,35.1454282206291,전남광주통합특별시 남구 월광길 50,전남광주통합특별시,남구,월산4동,1227063000,남구,월산4동,성공,
전남광주통합특별시 남구 월광1길 27,광주광역시 남구 월광1길 27,광주광역시 남구 월광1길 27,126.894695879357,35.1452855990765,전남광주통합특별시 남구 월광1길 27,전남광주통합특별시,남구,월산4동,1227063000,남구,월산4동,성공,
전남광주통합특별시 남구 월광1길 24-1,광주광역시 남구 월광1길 24-1,광주광역시 남구 월광1길 24-1,126.894936163842,35.1450610081317,전남광주통합특별시 남구 월광1길 24-1,전남광주통합특별시,남구,월산4동,1227063000,남구,월산4동,성공,
전남광주통합특별시 남구 수박등로47번길 12,광주광역시 남구 수박등로47번길 12,광주광역시 남구 수박등로47번길 12,126.895520934932,35.1449035952222,전남광주통합특별시 남구 수박등로47번길 12,전남광주통합특별시,남구,월산4동,1227063000,남구,월산4동,성공,
전남광주통합특별시 남구 봉주5길 8,광주광역시 남구 봉주5길 8,광주광역시 남구 봉주5길 8,126.891430355334,35.1369885653308,전남광주통합특별시 남구 봉주5길 8,전남광주통합특별시,남구,주월2동,1227070000,남구,주월2동,성공,
전남광주통합특별시 남구 봉선중앙로134번길 21,광주광역시 남구 봉선중앙로134번길 21,광주광역시 남구 봉선중앙로134번길 21,126.912958583711,35.1333532563146,전남광주통합특별시 남구 봉선중앙로134번길 21,전남광주통합특별시,남구,방림1동,1227052000,남구,방림1동,성공,
전남광주통합특별시 남구 봉선로51번길 30-2,광주광역시 남구 봉선로51번길 30-2,광주광역시 남구 봉선로51번길 30-2,126.907523675679,35.1288574661482,전남광주통합특별시 남구 봉선로51번길 30-2,전남광주통합특별시,남구,봉선1동,1227053700,남구,봉선1동,성공,
전남광주통합특별시 남구 백운로5번길 44-1,광주광역시 남구 백운로5번길 44-1,광주광역시 남구 백운로5번길 44-1,126.904896028659,35.1343924183,전남광주통합특별시 남구 백운로5번길 44-1,전남광주통합특별시,남구,백운2동,1227068000,남구,백운2동,성공,
전남광주통합특별시 남구 백운로5번길 29-1,광주광역시 남구 백운로5번길 29-1,광주광역시 남구 백운로5번길 29-1,126.906529246841,35.1343022907203,전남광주통합특별시 남구 백운로5번길 29-1,전남광주통합특별시,남구,백운2동,1227068000,남구,백운2동,성공,
전남광주통합특별시 남구 백운로44번길 6-6,광주광역시 남구 백운로44번길 6-6,광주광역시 남구 백운로44번길 6-6,126.907865875628,35.1373337862669,전남광주통합특별시 남구 백운로44번길 6-6,전남광주통합특별시,남구,백운1동,1227067000,남구,백운1동,성공,
전남광주통합특별시 남구 백운로44번길 6-4,광주광역시 남구 백운로44번길 6-4,광주광역시 남구 백운로44번길 6-4,126.907771961691,35.1374202456431,전남광주통합특별시 남구 백운로44번길 6-4,전남광주통합특별시,남구,백운1동,1227067000,남구,백운1동,성공,
전남광주통합특별시 남구 백양로61번길 6,광주광역시 남구 백양로61번길 6,광주광역시 남구 백양로61번길 6,126.908737297999,35.1347040886357,전남광주통합특별시 남구 백양로61번길 6,전남광주통합특별시,남구,백운2동,1227068000,남구,백운2동,성공,
전남광주통합특별시 남구 백양로51번길 3,광주광역시 남구 백양로51번길 3,광주광역시 남구 백양로51번길 3,126.907298329901,35.1343670584896,전남광주통합특별시 남구 백양로51번길 3,전남광주통합특별시,남구,백운2동,1227068000,남구,백운2동,성공,
전남광주통합특별시 남구 독립로10번길 62,광주광역시 남구 독립로10번길 62,광주광역시 남구 독립로10번길 62,126.908297018458,35.134864108767,전남광주통합특별시 남구 독립로10번길 62,전남광주통합특별시,남구,백운2동,1227068000,남구,백운2동,성공,
전남광주통합특별시 남구 독립로10번길 32-1,광주광역시 남구 독립로10번길 32-1,광주광역시 남구 독립로10번길 32-1,126.904889399567,35.1345260852345,전남광주통합특별시 남구 독립로10번길 32-1,전남광주통합특별시,남구,백운2동,1227068000,남구,백운2동,성공,
전남광주통합특별시 남구 대남대로390번길 16,광주광역시 남구 대남대로390번길 16,광주광역시 남구 대남대로390번길 16,126.891097276301,35.1470845097462,전남광주통합특별시 남구 대남대로390번길 16,전남광주통합특별시,남구,월산4동,1227063000,남구,월산4동,성공,
전남광주통합특별시 남구 대남대로372번안길 27-1,광주광역시 남구 대남대로372번안길 27-1,광주광역시 남구 대남대로372번안길 27-1,126.89324148327,35.1472530794949,전남광주통합특별시 남구 대남대로372번안길 27-1,전남광주통합특별시,남구,월산4동,1227063000,남구,월산4동,성공,
전남광주통합특별시 남구 대남대로350번길 49,광주광역시 남구 대남대로350번길 49,광주광역시 남구 대남대로350번길 49,126.894343585217,35.146842484021,전남광주통합특별시 남구 대남대로350번길 49,전남광주통합특별시,남구,월산4동,1227063000,남구,월산4동,성공,
전남광주통합특별시 남구 대남대로350번길 45,광주광역시 남구 대남대로350번길 45,광주광역시 남구 대남대로350번길 45,126.894295303493,35.1464152868811,전남광주통합특별시 남구 대남대로350번길 45,전남광주통합특별시,남구,월산4동,1227063000,남구,월산4동,성공,
전남광주통합특별시 남구 대남대로350번길 37,광주광역시 남구 대남대로350번길 37,광주광역시 남구 대남대로350번길 37,126.894222086498,35.1458379011491,전남광주통합특별시 남구 대남대로350번길 37,전남광주통합특별시,남구,월산4동,1227063000,남구,월산4동,성공,
전남광주통합특별시 남구 대남대로340번길 17,광주광역시 남구 대남대로340번길 17,광주광역시 남구 대남대로340번길 17,126.894640782972,35.1431631153198,전남광주통합특별시 남구 대남대로340번길 17,전남광주통합특별시,남구,월산4동,1227063000,남구,월산4동,성공,
전남광주통합특별시 남구 대남대로181번길 15-3,광주광역시 남구 대남대로181번길 15-3,광주광역시 남구 대남대로181번길 15-3,126.905639700496,35.1322308095496,전남광주통합특별시 남구 대남대로181번길 15-3,전남광주통합특별시,남구,봉선1동,1227053700,남구,봉선1동,성공,
전남광주통합특별시 남구 금화로470번길 19,광주광역시 남구 금화로470번길 19,광주광역시 남구 금화로470번길 19,126.893660178416,35.1479841809876,전남광주통합특별시 남구 금화로470번길 19,전남광주통합특별시,남구,월산4동,1227063000,남구,월산4동,성공,
전남광주통합특별시 남구 금화로456번길 19,광주광역시 남구 금화로456번길 19,광주광역시 남구 금화로456번길 19,126.893697409249,35.146780716455,전남광주통합특별시 남구 금화로456번길 19,전남광주통합특별시,남구,월산4동,1227063000,남구,월산4동,성공,
전남광주통합특별시 남구 금화로446번가길 15,광주광역시 남구 금화로446번가길 15,광주광역시 남구 금화로446번가길 15,126.891937823373,35.147213255521,전남광주통합특별시 남구 금화로446번가길 15,전남광주통합특별시,남구,월산4동,1227063000,남구,월산4동,성공,
전남광주통합특별시 남구 금화로440번길 14,광주광역시 남구 금화로440번길 14,광주광역시 남구 금화로440번길 14,126.892199652459,35.1442253861304,전남광주통합특별시 남구 금화로440번길 14,전남광주통합특별시,남구,월산4동,1227063000,남구,월산4동,성공,
전남광주통합특별시 남구 금화로422번길 8,광주광역시 남구 금화로422번길 8,광주광역시 남구 금화로422번길 8,126.891388509149,35.1429670822054,전남광주통합특별시 남구 금화로422번길 8,전남광주통합특별시,남구,월산4동,1227063000,남구,월산4동,성공,
전남광주통합특별시 남구 금화로422번길 13,광주광역시 남구 금화로422번길 13,광주광역시 남구 금화로422번길 13,126.891872460977,35.1427005316746,전남광주통합특별시 남구 금화로422번길 13,전남광주통합특별시,남구,월산4동,1227063000,남구,월산4동,성공,
전남광주통합특별시 남구 금화로415번길 12,광주광역시 남구 금화로415번길 12,광주광역시 남구 금화로415번길 12,126.890035611876,35.1443409792,전남광주통합특별시 남구 금화로415번길 12,전남광주통합특별시,남구,월산4동,1227063000,남구,월산4동,성공,
전남광주통합특별시 남구 금화로394번길 7,광주광역시 남구 금화로394번길 7,광주광역시 남구 금화로394번길 7,126.889279022138,35.1417174181451,전남광주통합특별시 남구 금화로394번길 7,전남광주통합특별시,남구,월산4동,1227063000,남구,월산4동,성공,
전남광주통합특별시 남구 구성로78번길 21,광주광역시 남구 구성로78번길 21,광주광역시 남구 구성로78번길 21,126.9033345449,35.1470308030735,전남광주통합특별시 남구 구성로78번길 21,전남광주통합특별시,남구,월산동,1227060500,남구,월산동,성공,
전남광주통합특별시 남구 금화로482번길 14,광주광역시 남구 금화로482번길 14,광주광역시 남구 금화로482번길 14,126.892839456388,35.1496343002072,전남광주통합특별시 남구 금화로482번길 14,전남광주통합특별시,남구,월산4동,1227063000,남구,월산4동,성공,
전남광주통합특별시 남구 월산로151번길 5-7,광주광역시 남구 월산로151번길 5-7,광주광역시 남구 월산로151번길 5-7,126.895456156298,35.1507650895771,전남광주통합특별시 남구 월산로151번길 5-7,전남광주통합특별시,남구,월산동,1227060500,남구,월산동,성공,
전남광주통합특별시 남구 화정로272번길 23,광주광역시 남구 화정로272번길 23,광주광역시 남구 화정로272번길 23,126.887685416888,35.1467189581061,전남광주통합특별시 남구 화정로272번길 23,전남광주통합특별시,남구,월산4동,1227063000,남구,월산4동,성공,
전남광주통합특별시 남구 화정로260번길 18,광주광역시 남구 화정로260번길 18,광주광역시 남구 화정로260번길 18,126.886052113564,35.1464413463299,전남광주통합특별시 남구 화정로260번길 18,전남광주통합특별시,남구,월산4동,1227063000,남구,월산4동,성공,
전남광주통합특별시 남구 진다리로 49-2,광주광역시 남구 진다리로 49-2,광주광역시 남구 진다리로 49-2,126.907155607266,35.1368564233571,전남광주통합특별시 남구 진다리로 49-2,전남광주통합특별시,남구,백운1동,1227067000,남구,백운1동,성공,
전남광주통합특별시 남구 진다리로 31,광주광역시 남구 진다리로 31,광주광역시 남구 진다리로 31,126.905045236474,35.136957183002,전남광주통합특별시 남구 진다리로 31,전남광주통합특별시,남구,백운1동,1227067000,남구,백운1동,성공,
전남광주통합특별시 남구 제중로 24-9,광주광역시 남구 제중로 24-9,광주광역시 남구 제중로 24-9,126.915173184092,35.1368616695467,전남광주통합특별시 남구 제중로 24-9,전남광주통합특별시,남구,양림동,1227051000,남구,양림동,성공,
전남광주통합특별시 남구 금화로 456,광주광역시 남구 금화로 456,광주광역시 남구 금화로 456,126.891724485912,35.1466353827869,전남광주통합특별시 남구 금화로 456,전남광주통합특별시,남구,월산4동,1227063000,남구,월산4동,성공,
전남광주통합특별시 남구 월광길 37-1,광주광역시 남구 월광길 37-1,광주광역시 남구 월광길 37-1,126.89263940127,35.1445318788765,전남광주통합특별시 남구 월광길 37-1,전남광주통합특별시,남구,월산4동,1227063000,남구,월산4동,성공,
전남광주통합특별시 남구 봉주4길 16,광주광역시 남구 봉주4길 16,광주광역시 남구 봉주4길 16,126.891552226801,35.13784199429,전남광주통합특별시 남구 봉주4길 16,전남광주통합특별시,남구,주월2동,1227070000,남구,주월2동,성공,
전남광주통합특별시 남구 대남대로372번안길 5-5,광주광역시 남구 대남대로372번안길 5-5,광주광역시 남구 대남대로372번안길 5-5,126.892721113484,35.1452324892913,전남광주통합특별시 남구 대남대로372번안길 5-5,전남광주통합특별시,남구,월산4동,1227063000,남구,월산4동,성공,
전남광주통합특별시 남구 금화로456번길 4,광주광역시 남구 금화로456번길 4,광주광역시 남구 금화로456번길 4,126.89192169289,35.1466312323076,전남광주통합특별시 남구 금화로456번길 4,전남광주통합특별시,남구,월산4동,1227063000,남구,월산4동,성공,
전남광주통합특별시 남구 군분로78번길 9,광주광역시 남구 군분로78번길 9,광주광역시 남구 군분로78번길 9,126.892647238006,35.1405692293587,전남광주통합특별시 남구 군분로78번길 9,전남광주통합특별시,남구,월산5동,1227064000,남구,월산5동,성공,
전남광주통합특별시 남구 군분로55번길 14,광주광역시 남구 군분로55번길 14,광주광역시 남구 군분로55번길 14,126.891661657078,35.1379006807224,전남광주통합특별시 남구 군분로55번길 14,전남광주통합특별시,남구,주월2동,1227070000,남구,주월2동,성공,
전남광주통합특별시 남구 군분로119번길 6-4,광주광역시 남구 군분로119번길 6-4,광주광역시 남구 군분로119번길 6-4,126.888738811633,35.1433276566653,전남광주통합특별시 남구 군분로119번길 6-4,전남광주통합특별시,남구,월산4동,1227063000,남구,월산4동,성공,
전남광주통합특별시 남구 회재로1231번길 7,광주광역시 남구 회재로1231번길 7,광주광역시 남구 회재로1231번길 7,126.894905105858,35.1343907462327,전남광주통합특별시 남구 회재로1231번길 7,전남광주통합특별시,남구,주월2동,1227070000,남구,주월2동,성공,
전남광주통합특별시 남구 회서로21번가길 5-1,광주광역시 남구 회서로21번가길 5-1,광주광역시 남구 회서로21번가길 5-1,126.894025316507,35.1312818095087,전남광주통합특별시 남구 회서로21번가길 5-1,전남광주통합특별시,남구,주월1동,1227069000,남구,주월1동,성공,
전남광주통합특별시 남구 봉선2로19번길 12,광주광역시 남구 봉선2로19번길 12,광주광역시 남구 봉선2로19번길 12,126.90990200536,35.1263416574323,전남광주통합특별시 남구 봉선2로19번길 12,전남광주통합특별시,남구,봉선2동,1227053800,남구,봉선2동,성공,
전남광주통합특별시 남구 군분로77번안길 15,광주광역시 남구 군분로77번안길 15,광주광역시 남구 군분로77번안길 15,126.88928843597,35.1404378534076,전남광주통합특별시 남구 군분로77번안길 15,전남광주통합특별시,남구,주월2동,1227070000,남구,주월2동,성공,
전남광주통합특별시 남구 진다리로31번안길 5,광주광역시 남구 진다리로31번안길 5,광주광역시 남구 진다리로31번안길 5,126.90549965982,35.1373915443073,전남광주통합특별시 남구 진다리로31번안길 5,전남광주통합특별시,남구,백운1동,1227067000,남구,백운1동,성공,
전남광주통합특별시 남구 용대로193번길 9,광주광역시 남구 용대로193번길 9,광주광역시 남구 용대로193번길 9,126.916639924426,35.1333871216345,전남광주통합특별시 남구 용대로193번길 9,전남광주통합특별시,남구,방림1동,1227052000,남구,방림1동,성공,
전남광주통합특별시 남구 수박등로47번길 15,광주광역시 남구 수박등로47번길 15,광주광역시 남구 수박등로47번길 15,126.894953051299,35.1447287809686,전남광주통합특별시 남구 수박등로47번길 15,전남광주통합특별시,남구,월산4동,1227063000,남구,월산4동,성공,
전남광주통합특별시 남구 봉선2로19번길 10-17,광주광역시 남구 봉선2로19번길 10-17,광주광역시 남구 봉선2로19번길 10-17,126.910305805293,35.1264875272549,전남광주통합특별시 남구 봉선2로19번길 10-17,전남광주통합특별시,남구,봉선2동,1227053800,남구,봉선2동,성공,
전남광주통합특별시 남구 금화로422번길 70,광주광역시 남구 금화로422번길 70,광주광역시 남구 금화로422번길 70,126.894979478735,35.138250716004,전남광주통합특별시 남구 금화로422번길 70,전남광주통합특별시,남구,월산5동,1227064000,남구,월산5동,성공,
전남광주통합특별시 남구 봉선로 63-1,광주광역시 남구 봉선로 63-1,광주광역시 남구 봉선로 63-1,126.905192418221,35.1279312261336,전남광주통합특별시 남구 봉선로 63-1,전남광주통합특별시,남구,봉선1동,1227053700,남구,봉선1동,성공,
전남광주통합특별시 남구 효우로 262,광주광역시 남구 효우로 262,광주광역시 남구 효우로 262,126.886919539802,35.1033041264568,전남광주통합특별시 남구 효우로 262,전남광주통합특별시,남구,효덕동,1227071000,남구,효덕동,성공,
전남광주통합특별시 남구 독립로80번길 8,광주광역시 남구 독립로80번길 8,광주광역시 남구 독립로80번길 8,126.902845256715,35.1404392048749,전남광주통합특별시 남구 독립로80번길 8,전남광주통합특별시,남구,백운1동,1227067000,남구,백운1동,성공,
전남광주통합특별시 남구 백운로 100,광주광역시 남구 백운로 100,광주광역시 남구 백운로 100,126.906879390386,35.1423803904015,전남광주통합특별시 남구 백운로 100,전남광주통합특별시,남구,백운1동,1227067000,남구,백운1동,성공,
전남광주통합특별시 남구 효우로60번길 50,광주광역시 남구 효우로60번길 50,광주광역시 남구 효우로60번길 50,126.899846619151,35.1102524156125,전남광주통합특별시 남구 효우로60번길 50,전남광주통합특별시,남구,효덕동,1227071000,남구,효덕동,성공,
전남광주통합특별시 남구 정율성로 7,광주광역시 남구 정율성로 7,광주광역시 남구 정율성로 7,126.917498526873,35.1360752133466,전남광주통합특별시 남구 정율성로 7,전남광주통합특별시,남구,양림동,1227051000,남구,양림동,성공,
전남광주통합특별시 남구 효우로60번길 37,광주광역시 남구 효우로60번길 37,광주광역시 남구 효우로60번길 37,126.900396164239,35.1080922922696,전남광주통합특별시 남구 효우로60번길 37,전남광주통합특별시,남구,효덕동,1227071000,남구,효덕동,성공,
전남광주통합특별시 남구 효우로60번길 9,광주광역시 남구 효우로60번길 9,광주광역시 남구 효우로60번길 9,126.903826714922,35.1071916220954,전남광주통합특별시 남구 효우로60번길 9,전남광주통합특별시,남구,효덕동,1227071000,남구,효덕동,성공,
전남광주통합특별시 남구 효우로60번길 10,광주광역시 남구 효우로60번길 10,광주광역시 남구 효우로60번길 10,126.902405251107,35.1101676106804,전남광주통합특별시 남구 효우로60번길 10,전남광주통합특별시,남구,효덕동,1227071000,남구,효덕동,성공,
전남광주통합특별시 남구 서문대로663번안길 2,광주광역시 남구 서문대로663번안길 2,광주광역시 남구 서문대로663번안길 2,126.89479787192,35.1180365722946,전남광주통합특별시 남구 서문대로663번안길 2,전남광주통합특별시,남구,진월동,1227070500,남구,진월동,성공,
전남광주통합특별시 남구 광복마을3길 7,광주광역시 남구 광복마을3길 7,광주광역시 남구 광복마을3길 7,126.897698979815,35.1194748401732,전남광주통합특별시 남구 광복마을3길 7,전남광주통합특별시,남구,진월동,1227070500,남구,진월동,성공,
전남광주통합특별시 남구 대남대로107번길 13-10,광주광역시 남구 대남대로107번길 13-10,광주광역시 남구 대남대로107번길 13-10,126.914080334075,35.132662170276,전남광주통합특별시 남구 대남대로107번길 13-10,전남광주통합특별시,남구,방림1동,1227052000,남구,방림1동,성공,
전남광주통합특별시 남구 회재로1224번길 24,광주광역시 남구 회재로1224번길 24,광주광역시 남구 회재로1224번길 24,126.895658782591,35.1318180056868,전남광주통합특별시 남구 회재로1224번길 24,전남광주통합특별시,남구,주월1동,1227069000,남구,주월1동,성공,
전남광주통합특별시 남구 회재로1224번길 26,광주광역시 남구 회재로1224번길 26,광주광역시 남구 회재로1224번길 26,126.895541464802,35.1317538176951,전남광주통합특별시 남구 회재로1224번길 26,전남광주통합특별시,남구,주월1동,1227069000,남구,주월1동,성공,
전남광주통합특별시 남구 진다리로39번길 12,광주광역시 남구 진다리로39번길 12,광주광역시 남구 진다리로39번길 12,126.906239029968,35.1373650777202,전남광주통합특별시 남구 진다리로39번길 12,전남광주통합특별시,남구,백운1동,1227067000,남구,백운1동,성공,
전남광주통합특별시 남구 백운로17번길 19,광주광역시 남구 백운로17번길 19,광주광역시 남구 백운로17번길 19,126.906839089033,35.1351822595803,전남광주통합특별시 남구 백운로17번길 19,전남광주통합특별시,남구,백운2동,1227068000,남구,백운2동,성공,
전남광주통합특별시 남구 수박등로5번길 13,광주광역시 남구 수박등로5번길 13,광주광역시 남구 수박등로5번길 13,126.894175383335,35.1416486924696,전남광주통합특별시 남구 수박등로5번길 13,전남광주통합특별시,남구,월산5동,1227064000,남구,월산5동,성공,
전남광주통합특별시 북구 우치로361번길 15,광주광역시 북구 우치로361번길 15,광주광역시 북구 우치로361번길 15,126.902436348891,35.1970002562237,전남광주통합특별시 북구 우치로361번길 15,전남광주통합특별시,북구,삼각동,1230066600,북구,삼각동,성공,
전남광주통합특별시 북구 평교로 45,광주광역시 북구 평교로 45,광주광역시 북구 평교로 45,126.925236682428,35.1804497525146,전남광주통합특별시 북구 평교로 45,전남광주통합특별시,북구,문화동,1230065000,북구,문화동,성공,
전남광주통합특별시 북구 서암대로 66,광주광역시 북구 서암대로 66,광주광역시 북구 서암대로 66,126.891744831045,35.1716216194971,전남광주통합특별시 북구 서암대로 66,전남광주통합특별시,북구,신안동,1230058000,북구,신안동,성공,
전남광주통합특별시 북구 용봉택지로 16,광주광역시 북구 용봉택지로 16,광주광역시 북구 용봉택지로 16,126.888218422696,35.1785666158653,전남광주통합특별시 북구 용봉택지로 16,전남광주통합특별시,북구,용봉동,1230059000,북구,용봉동,성공,
전남광주통합특별시 북구 서양로 20,광주광역시 북구 서양로 20,광주광역시 북구 서양로 20,126.903741289816,35.1707473342026,전남광주통합특별시 북구 서양로 20,전남광주통합특별시,북구,신안동,1230058000,북구,신안동,성공,
전남광주통합특별시 북구 우치로238번길 18,광주광역시 북구 우치로238번길 18,광주광역시 북구 우치로238번길 18,126.906243868132,35.1865198801485,전남광주통합특별시 북구 우치로238번길 18,전남광주통합특별시,북구,오치1동,1230067600,북구,오치1동,성공,
전남광주통합특별시 북구 신촌로23번길 39,광주광역시 북구 신촌로23번길 39,광주광역시 북구 신촌로23번길 39,126.909944860867,35.1891217460546,전남광주통합특별시 북구 신촌로23번길 39,전남광주통합특별시,북구,오치1동,1230067600,북구,오치1동,성공,
전남광주통합특별시 북구 설죽로315번길 25,광주광역시 북구 설죽로315번길 25,광주광역시 북구 설죽로315번길 25,126.89582926571,35.1881376852671,전남광주통합특별시 북구 설죽로315번길 25,전남광주통합특별시,북구,매곡동,1230067300,북구,매곡동,성공,
전남광주통합특별시 북구 오산정길 16,광주광역시 북구 오산정길 16,광주광역시 북구 오산정길 16,126.908787499615,35.1884317039328,전남광주통합특별시 북구 오산정길 16,전남광주통합특별시,북구,오치1동,1230067600,북구,오치1동,성공,
전남광주통합특별시 북구 송월로20번길 19-9,광주광역시 북구 송월로20번길 19-9,광주광역시 북구 송월로20번길 19-9,126.914179946503,35.1859708891634,전남광주통합특별시 북구 송월로20번길 19-9,전남광주통합특별시,북구,오치1동,1230067600,북구,오치1동,성공,
전남광주통합특별시 북구 서하로355번길 39,광주광역시 북구 서하로355번길 39,광주광역시 북구 서하로355번길 39,126.920519397342,35.1883989596462,전남광주통합특별시 북구 서하로355번길 39,전남광주통합특별시,북구,문흥1동,1230065600,북구,문흥1동,성공,
전남광주통합특별시 북구 문화소통로 238-2,광주광역시 북구 문화소통로 238-2,광주광역시 북구 문화소통로 238-2,126.919847083858,35.1810556227168,전남광주통합특별시 북구 문화소통로 238-2,전남광주통합특별시,북구,우산동,1230062000,북구,우산동,성공,
전남광주통합특별시 북구 하서로466번길 60,광주광역시 북구 하서로466번길 60,광주광역시 북구 하서로466번길 60,126.879955540938,35.2148523382148,전남광주통합특별시 북구 하서로466번길 60,전남광주통합특별시,북구,건국동,1230069500,북구,건국동,성공,
전남광주통합특별시 북구 양산택지로37번길 8,광주광역시 북구 양산택지로37번길 8,광주광역시 북구 양산택지로37번길 8,126.878879278157,35.2100652720322,전남광주통합특별시 북구 양산택지로37번길 8,전남광주통합특별시,북구,양산동,1230069600,북구,양산동,성공,
전남광주통합특별시 북구 양산택지로34번길 15,광주광역시 북구 양산택지로34번길 15,광주광역시 북구 양산택지로34번길 15,126.881432943943,35.2092168336041,전남광주통합특별시 북구 양산택지로34번길 15,전남광주통합특별시,북구,양산동,1230069600,북구,양산동,성공,
전남광주통합특별시 북구 서방로181번길 36,광주광역시 북구 서방로181번길 36,광주광역시 북구 서방로181번길 36,126.932003824923,35.1705490876746,전남광주통합특별시 북구 서방로181번길 36,전남광주통합특별시,북구,두암1동,1230066100,북구,두암1동,성공,
전남광주통합특별시 북구 본촌택지로30번길 2,광주광역시 북구 본촌택지로30번길 2,광주광역시 북구 본촌택지로30번길 2,126.880168634478,35.2162577550387,전남광주통합특별시 북구 본촌택지로30번길 2,전남광주통합특별시,북구,건국동,1230069500,북구,건국동,성공,
전남광주통합특별시 북구 상촌로43번길 11-7,광주광역시 북구 상촌로43번길 11-7,광주광역시 북구 상촌로43번길 11-7,126.879011900498,35.212094887316,전남광주통합특별시 북구 상촌로43번길 11-7,전남광주통합특별시,북구,양산동,1230069600,북구,양산동,성공,
전남광주통합특별시 북구 참판로 215,광주광역시 북구 참판로 215,광주광역시 북구 참판로 215,126.93453243091,35.1769593119371,전남광주통합특별시 북구 참판로 215,전남광주통합특별시,북구,두암2동,1230066200,북구,두암2동,성공,
전남광주통합특별시 북구 양산택지로 102,광주광역시 북구 양산택지로 102,광주광역시 북구 양산택지로 102,126.882986281337,35.2151139929711,전남광주통합특별시 북구 양산택지로 102,전남광주통합특별시,북구,건국동,1230069500,북구,건국동,성공,
전남광주통합특별시 북구 상촌로43번길 11-8,광주광역시 북구 상촌로43번길 11-8,광주광역시 북구 상촌로43번길 11-8,126.879202835057,35.2125769402908,전남광주통합특별시 북구 상촌로43번길 11-8,전남광주통합특별시,북구,양산동,1230069600,북구,양산동,성공,
전남광주통합특별시 북구 천지인로115번길 15,광주광역시 북구 천지인로115번길 15,광주광역시 북구 천지인로115번길 15,126.911246148644,35.1846963312437,전남광주통합특별시 북구 천지인로115번길 15,전남광주통합특별시,북구,오치1동,1230067600,북구,오치1동,성공,
전남광주통합특별시 북구 자라봉로63번길 15-4,광주광역시 북구 자라봉로63번길 15-4,광주광역시 북구 자라봉로63번길 15-4,126.880101355527,35.2086053072507,전남광주통합특별시 북구 자라봉로63번길 15-4,전남광주통합특별시,북구,양산동,1230069600,북구,양산동,성공,
전남광주통합특별시 북구 연양로117번길 3-2,광주광역시 북구 연양로117번길 3-2,광주광역시 북구 연양로117번길 3-2,126.880432092689,35.2065407272735,전남광주통합특별시 북구 연양로117번길 3-2,전남광주통합특별시,북구,양산동,1230069600,북구,양산동,성공,
전남광주통합특별시 북구 양산택지로37번길 106,광주광역시 북구 양산택지로37번길 106,광주광역시 북구 양산택지로37번길 106,126.876982215828,35.2069760496065,전남광주통합특별시 북구 양산택지로37번길 106,전남광주통합특별시,북구,양산동,1230069600,북구,양산동,성공,
전남광주통합특별시 북구 삼정로87번길 65-17,광주광역시 북구 삼정로87번길 65-17,광주광역시 북구 삼정로87번길 65-17,126.934462572698,35.1701670953243,전남광주통합특별시 북구 삼정로87번길 65-17,전남광주통합특별시,북구,두암3동,1230066300,북구,두암3동,성공,
전남광주통합특별시 북구 동문대로134번길 60,광주광역시 북구 동문대로134번길 60,광주광역시 북구 동문대로134번길 60,126.929451024387,35.1732937941675,전남광주통합특별시 북구 동문대로134번길 60,전남광주통합특별시,북구,두암2동,1230066200,북구,두암2동,성공,
전남광주통합특별시 북구 하서로466번길 36,광주광역시 북구 하서로466번길 36,광주광역시 북구 하서로466번길 36,126.878971548557,35.2152334411629,전남광주통합특별시 북구 하서로466번길 36,전남광주통합특별시,북구,건국동,1230069500,북구,건국동,성공,
전남광주통합특별시 북구 양산택지로37번길 14-1,광주광역시 북구 양산택지로37번길 14-1,광주광역시 북구 양산택지로37번길 14-1,126.87808503445,35.2102072489871,전남광주통합특별시 북구 양산택지로37번길 14-1,전남광주통합특별시,북구,양산동,1230069600,북구,양산동,성공,
전남광주통합특별시 북구 양산로 57-6,광주광역시 북구 양산로 57-6,광주광역시 북구 양산로 57-6,126.881132111766,35.2106662724586,전남광주통합특별시 북구 양산로 57-6,전남광주통합특별시,북구,양산동,1230069600,북구,양산동,성공,
전남광주통합특별시 북구 무등로 282-9,광주광역시 북구 무등로 282-9,광주광역시 북구 무등로 282-9,126.914129280553,35.1623211334543,전남광주통합특별시 북구 무등로 282-9,전남광주통합특별시,북구,중흥1동,1230051000,북구,중흥1동,성공,
전남광주통합특별시 북구 오산정길19번길 4,광주광역시 북구 오산정길19번길 4,광주광역시 북구 오산정길19번길 4,126.908407100475,35.1888833562333,전남광주통합특별시 북구 오산정길19번길 4,전남광주통합특별시,북구,오치1동,1230067600,북구,오치1동,성공,
전남광주통합특별시 북구 양산택지로51번길 6-17,광주광역시 북구 양산택지로51번길 6-17,광주광역시 북구 양산택지로51번길 6-17,126.879999799109,35.2116455553842,전남광주통합특별시 북구 양산택지로51번길 6-17,전남광주통합특별시,북구,양산동,1230069600,북구,양산동,성공,
전남광주통합특별시 북구 양산택지로34번길 11,광주광역시 북구 양산택지로34번길 11,광주광역시 북구 양산택지로34번길 11,126.880971821617,35.2092741578173,전남광주통합특별시 북구 양산택지로34번길 11,전남광주통합특별시,북구,양산동,1230069600,북구,양산동,성공,
전남광주통합특별시 북구 동문대로134번길 58,광주광역시 북구 동문대로134번길 58,광주광역시 북구 동문대로134번길 58,126.92930824977,35.1733711375337,전남광주통합특별시 북구 동문대로134번길 58,전남광주통합특별시,북구,두암2동,1230066200,북구,두암2동,성공,
전남광주통합특별시 북구 용두택지로 56,광주광역시 북구 용두택지로 56,광주광역시 북구 용두택지로 56,126.878384207226,35.2157237281891,전남광주통합특별시 북구 용두택지로 56,전남광주통합특별시,북구,건국동,1230069500,북구,건국동,성공,
전남광주통합특별시 북구 유림로160번길 22,광주광역시 북구 유림로160번길 22,광주광역시 북구 유림로160번길 22,126.864942738241,35.175579871191,전남광주통합특별시 북구 유림로160번길 22,전남광주통합특별시,북구,동림동,1230061500,북구,동림동,성공,
전남광주통합특별시 북구 오문로38번길 7-12,광주광역시 북구 오문로38번길 7-12,광주광역시 북구 오문로38번길 7-12,126.91028976927,35.1896866107279,전남광주통합특별시 북구 오문로38번길 7-12,전남광주통합특별시,북구,오치1동,1230067600,북구,오치1동,성공,
전남광주통합특별시 북구 연양로117번길 2,광주광역시 북구 연양로117번길 2,광주광역시 북구 연양로117번길 2,126.880693616116,35.2060611955279,전남광주통합특별시 북구 연양로117번길 2,전남광주통합특별시,북구,양산동,1230069600,북구,양산동,성공,
전남광주통합특별시 북구 연양로105번길 40-8,광주광역시 북구 연양로105번길 40-8,광주광역시 북구 연양로105번길 40-8,126.881019494624,35.2094934133869,전남광주통합특별시 북구 연양로105번길 40-8,전남광주통합특별시,북구,양산동,1230069600,북구,양산동,성공,
전남광주통합특별시 북구 서양로49번길 39,광주광역시 북구 서양로49번길 39,광주광역시 북구 서양로49번길 39,126.907283262306,35.1719345708929,전남광주통합특별시 북구 서양로49번길 39,전남광주통합특별시,북구,중흥동,1230053500,북구,중흥동,성공,
전남광주통합특별시 북구 상촌로43번길 14,광주광역시 북구 상촌로43번길 14,광주광역시 북구 상촌로43번길 14,126.87980773305,35.212078554279,전남광주통합특별시 북구 상촌로43번길 14,전남광주통합특별시,북구,양산동,1230069600,북구,양산동,성공,
전남광주통합특별시 북구 상촌로43번길 55,광주광역시 북구 상촌로43번길 55,광주광역시 북구 상촌로43번길 55,126.880334306322,35.2141323535715,전남광주통합특별시 북구 상촌로43번길 55,전남광주통합특별시,북구,건국동,1230069500,북구,건국동,성공,
전남광주통합특별시 북구 상촌로43번길 51,광주광역시 북구 상촌로43번길 51,광주광역시 북구 상촌로43번길 51,126.880180372686,35.2138754064521,전남광주통합특별시 북구 상촌로43번길 51,전남광주통합특별시,북구,건국동,1230069500,북구,건국동,성공,
전남광주통합특별시 북구 상촌로31번길 12-10,광주광역시 북구 상촌로31번길 12-10,광주광역시 북구 상촌로31번길 12-10,126.878829180995,35.2121465322853,전남광주통합특별시 북구 상촌로31번길 12-10,전남광주통합특별시,북구,양산동,1230069600,북구,양산동,성공,
전남광주통합특별시 북구 본촌택지로 37,광주광역시 북구 본촌택지로 37,광주광역시 북구 본촌택지로 37,126.880395038001,35.2171303960855,전남광주통합특별시 북구 본촌택지로 37,전남광주통합특별시,북구,건국동,1230069500,북구,건국동,성공,
전남광주통합특별시 북구 반룡로5번길 45,광주광역시 북구 반룡로5번길 45,광주광역시 북구 반룡로5번길 45,126.900491538789,35.1809849329453,전남광주통합특별시 북구 반룡로5번길 45,전남광주통합특별시,북구,용봉동,1230059000,북구,용봉동,성공,
전남광주통합특별시 북구 비엔날레로 154-3,광주광역시 북구 비엔날레로 154-3,광주광역시 북구 비엔날레로 154-3,126.894003198952,35.1829455561763,전남광주통합특별시 북구 비엔날레로 154-3,전남광주통합특별시,북구,용봉동,1230059000,북구,용봉동,성공,
전남광주통합특별시 북구 저불로73번길 37,광주광역시 북구 저불로73번길 37,광주광역시 북구 저불로73번길 37,126.893233984873,35.1810443717933,전남광주통합특별시 북구 저불로73번길 37,전남광주통합특별시,북구,용봉동,1230059000,북구,용봉동,성공,
전남광주통합특별시 북구 중흥로40번길 17,광주광역시 북구 중흥로40번길 17,광주광역시 북구 중흥로40번길 17,126.898771167863,35.1641842806264,전남광주통합특별시 북구 중흥로40번길 17,전남광주통합특별시,북구,임동,1230057000,북구,임동,성공,
전남광주통합특별시 북구 고운로13번길 14-2,광주광역시 북구 고운로13번길 14-2,광주광역시 북구 고운로13번길 14-2,126.900108754176,35.182569652268,전남광주통합특별시 북구 고운로13번길 14-2,전남광주통합특별시,북구,용봉동,1230059000,북구,용봉동,성공,
전남광주통합특별시 북구 중흥로173번길 7-5,광주광역시 북구 중흥로173번길 7-5,광주광역시 북구 중흥로173번길 7-5,126.912662502006,35.1617524991845,전남광주통합특별시 북구 중흥로173번길 7-5,전남광주통합특별시,북구,중흥1동,1230051000,북구,중흥1동,성공,
전남광주통합특별시 북구 동운로 212,광주광역시 북구 동운로 212,광주광역시 북구 동운로 212,126.873270474078,35.1741866295121,전남광주통합특별시 북구 동운로 212,전남광주통합특별시,북구,운암1동,1230060100,북구,운암1동,성공,
전남광주통합특별시 북구 서암대로 268,광주광역시 북구 서암대로 268,광주광역시 북구 서암대로 268,126.913498803937,35.1654434422031,전남광주통합특별시 북구 서암대로 268,전남광주통합특별시,북구,중흥1동,1230051000,북구,중흥1동,성공,
전남광주통합특별시 북구 설죽로148번길 10,광주광역시 북구 설죽로148번길 10,광주광역시 북구 설죽로148번길 10,126.89649774915,35.1733750378143,전남광주통합특별시 북구 설죽로148번길 10,전남광주통합특별시,북구,용봉동,1230059000,북구,용봉동,성공,
전남광주통합특별시 북구 평교로18번길 6-2,광주광역시 북구 평교로18번길 6-2,광주광역시 북구 평교로18번길 6-2,126.925038459998,35.1788420607696,전남광주통합특별시 북구 평교로18번길 6-2,전남광주통합특별시,북구,우산동,1230062000,북구,우산동,성공,
전남광주통합특별시 북구 평교로29번길 7-6,광주광역시 북구 평교로29번길 7-6,광주광역시 북구 평교로29번길 7-6,126.924263632247,35.1800064918861,전남광주통합특별시 북구 평교로29번길 7-6,전남광주통합특별시,북구,문화동,1230065000,북구,문화동,성공,
전남광주통합특별시 북구 고운로 25,광주광역시 북구 고운로 25,광주광역시 북구 고운로 25,126.901300493894,35.1828457230539,전남광주통합특별시 북구 고운로 25,전남광주통합특별시,북구,용봉동,1230059000,북구,용봉동,성공,
전남광주통합특별시 북구 삼정로66번길 85,광주광역시 북구 삼정로66번길 85,광주광역시 북구 삼정로66번길 85,126.938044531477,35.1704255968408,전남광주통합특별시 북구 삼정로66번길 85,전남광주통합특별시,북구,두암3동,1230066300,북구,두암3동,성공,
전남광주통합특별시 북구 면앙로209번길 20,광주광역시 북구 면앙로209번길 20,광주광역시 북구 면앙로209번길 20,126.93495708035,35.1756935847847,전남광주통합특별시 북구 면앙로209번길 20,전남광주통합특별시,북구,두암2동,1230066200,북구,두암2동,성공,
전남광주통합특별시 북구 서강로54번길 32,광주광역시 북구 서강로54번길 32,광주광역시 북구 서강로54번길 32,126.874664429153,35.1757497704293,전남광주통합특별시 북구 서강로54번길 32,전남광주통합특별시,북구,운암1동,1230060100,북구,운암1동,성공,
전남광주통합특별시 북구 서강로 38,광주광역시 북구 서강로 38,광주광역시 북구 서강로 38,126.8710991269,35.1752125159472,전남광주통합특별시 북구 서강로 38,전남광주통합특별시,북구,운암1동,1230060100,북구,운암1동,성공,
전남광주통합특별시 북구 군왕로 311,광주광역시 북구 군왕로 311,광주광역시 북구 군왕로 311,126.937324797494,35.1873978622556,전남광주통합특별시 북구 군왕로 311,전남광주통합특별시,북구,문화동,1230065000,북구,문화동,성공,
전남광주통합특별시 북구 첨단연신로 166,광주광역시 북구 첨단연신로 166,광주광역시 북구 첨단연신로 166,126.863493070398,35.213942288732,전남광주통합특별시 북구 첨단연신로 166,전남광주통합특별시,북구,신용동,1230069700,북구,신용동,성공,
전남광주통합특별시 북구 초당로7번길 8,광주광역시 북구 초당로7번길 8,광주광역시 북구 초당로7번길 8,126.892849693238,35.1942079615103,전남광주통합특별시 북구 초당로7번길 8,전남광주통합특별시,북구,매곡동,1230067300,북구,매곡동,성공,
전남광주통합특별시 북구 군왕로105번길 49,광주광역시 북구 군왕로105번길 49,광주광역시 북구 군왕로105번길 49,126.929850831757,35.1708581074093,전남광주통합특별시 북구 군왕로105번길 49,전남광주통합특별시,북구,두암1동,1230066100,북구,두암1동,성공,
전남광주통합특별시 북구 부남길 6,광주광역시 북구 부남길 6,광주광역시 북구 부남길 6,126.925721543934,35.1866671529544,전남광주통합특별시 북구 부남길 6,전남광주통합특별시,북구,문흥1동,1230065600,북구,문흥1동,성공,
전남광주통합특별시 북구 안산로 20-8,광주광역시 북구 안산로 20-8,광주광역시 북구 안산로 20-8,126.902691826163,35.1887490138426,전남광주통합특별시 북구 안산로 20-8,전남광주통합특별시,북구,오치2동,1230067700,북구,오치2동,성공,
전남광주통합특별시 북구 군왕로207번길 20,광주광역시 북구 군왕로207번길 20,광주광역시 북구 군왕로207번길 20,126.934052534513,35.1806884146817,전남광주통합특별시 북구 군왕로207번길 20,전남광주통합특별시,북구,문화동,1230065000,북구,문화동,성공,
전남광주통합특별시 북구 대자로 55,광주광역시 북구 대자로 55,광주광역시 북구 대자로 55,126.878982513065,35.1757083725248,전남광주통합특별시 북구 대자로 55,전남광주통합특별시,북구,운암1동,1230060100,북구,운암1동,성공,
전남광주통합특별시 북구 태봉로 37,광주광역시 북구 태봉로 37,광주광역시 북구 태봉로 37,126.902766247064,35.1614758150715,전남광주통합특별시 북구 태봉로 37,전남광주통합특별시,북구,임동,1230057000,북구,임동,성공,
전남광주통합특별시 북구 각화대로69번길 16,광주광역시 북구 각화대로69번길 16,광주광역시 북구 각화대로69번길 16,126.939058476805,35.1804446960892,전남광주통합특별시 북구 각화대로69번길 16,전남광주통합특별시,북구,문화동,1230065000,북구,문화동,성공,
전남광주통합특별시 북구 천변우로 11,광주광역시 북구 천변우로 11,광주광역시 북구 천변우로 11,126.885740632332,35.1700975881534,전남광주통합특별시 북구 천변우로 11,전남광주통합특별시,북구,임동,1230057000,북구,임동,성공,
전남광주통합특별시 북구 용두마을길 13,광주광역시 북구 용두마을길 13,광주광역시 북구 용두마을길 13,126.875866046361,35.2200055608835,전남광주통합특별시 북구 용두마을길 13,전남광주통합특별시,북구,건국동,1230069500,북구,건국동,성공,
전남광주통합특별시 북구 양일1로 52,광주광역시 북구 양일1로 52,광주광역시 북구 양일1로 52,126.868059143903,35.194109488675,전남광주통합특별시 북구 양일1로 52,전남광주통합특별시,북구,양산동,1230069600,북구,양산동,성공,
전남광주통합특별시 북구 비엔날레로3번길 10,광주광역시 북구 비엔날레로3번길 10,광주광역시 북구 비엔날레로3번길 10,126.8848489638,35.1739907873425,전남광주통합특별시 북구 비엔날레로3번길 10,전남광주통합특별시,북구,운암2동,1230060200,북구,운암2동,성공,
전남광주통합특별시 북구 우치로303번길 8,광주광역시 북구 우치로303번길 8,광주광역시 북구 우치로303번길 8,126.904322567387,35.1917012582821,전남광주통합특별시 북구 우치로303번길 8,전남광주통합특별시,북구,오치2동,1230067700,북구,오치2동,성공,
전남광주통합특별시 북구 오문로38번길 18,광주광역시 북구 오문로38번길 18,광주광역시 북구 오문로38번길 18,126.909406546231,35.1894031081212,전남광주통합특별시 북구 오문로38번길 18,전남광주통합특별시,북구,오치1동,1230067600,북구,오치1동,성공,
전남광주통합특별시 북구 상촌로31번길 12-1,광주광역시 북구 상촌로31번길 12-1,광주광역시 북구 상촌로31번길 12-1,126.878617925428,35.2124803614196,전남광주통합특별시 북구 상촌로31번길 12-1,전남광주통합특별시,북구,양산동,1230069600,북구,양산동,성공,
전남광주통합특별시 북구 안산로 65,광주광역시 북구 안산로 65,광주광역시 북구 안산로 65,126.901810167526,35.1930364967051,전남광주통합특별시 북구 안산로 65,전남광주통합특별시,북구,오치2동,1230067700,북구,오치2동,성공,
전남광주통합특별시 북구 하백로6번길 12,광주광역시 북구 하백로6번길 12,광주광역시 북구 하백로6번길 12,126.890958004597,35.1877969216583,전남광주통합특별시 북구 하백로6번길 12,전남광주통합특별시,북구,매곡동,1230067300,북구,매곡동,성공,
전남광주통합특별시 북구 독립로349번길 54,광주광역시 북구 독립로349번길 54,광주광역시 북구 독립로349번길 54,126.912205284862,35.1629397091109,전남광주통합특별시 북구 독립로349번길 54,전남광주통합특별시,북구,중흥1동,1230051000,북구,중흥1동,성공,
전남광주통합특별시 북구 양산택지로37번길 112,광주광역시 북구 양산택지로37번길 112,광주광역시 북구 양산택지로37번길 112,126.877483943632,35.206930589358,전남광주통합특별시 북구 양산택지로37번길 112,전남광주통합특별시,북구,양산동,1230069600,북구,양산동,성공,
전남광주통합특별시 북구 고운로5번길 84,광주광역시 북구 고운로5번길 84,광주광역시 북구 고운로5번길 84,126.901891871556,35.1831614076279,전남광주통합특별시 북구 고운로5번길 84,전남광주통합특별시,북구,용봉동,1230059000,북구,용봉동,성공,
전남광주통합특별시 북구 탁영로15번길 16-12,광주광역시 북구 탁영로15번길 16-12,광주광역시 북구 탁영로15번길 16-12,126.934903202068,35.1671257899482,전남광주통합특별시 북구 탁영로15번길 16-12,전남광주통합특별시,북구,두암3동,1230066300,북구,두암3동,성공,
전남광주통합특별시 북구 서하로233번길 29-2,광주광역시 북구 서하로233번길 29-2,광주광역시 북구 서하로233번길 29-2,126.906052735412,35.1886040256235,전남광주통합특별시 북구 서하로233번길 29-2,전남광주통합특별시,북구,오치1동,1230067600,북구,오치1동,성공,
전남광주통합특별시 북구 대천로21번길 26,광주광역시 북구 대천로21번길 26,광주광역시 북구 대천로21번길 26,126.908845214639,35.1864005435157,전남광주통합특별시 북구 대천로21번길 26,전남광주통합특별시,북구,오치1동,1230067600,북구,오치1동,성공,
전남광주통합특별시 북구 천지인로93번길 12-4,광주광역시 북구 천지인로93번길 12-4,광주광역시 북구 천지인로93번길 12-4,126.90909967699,35.1846592258978,전남광주통합특별시 북구 천지인로93번길 12-4,전남광주통합특별시,북구,오치1동,1230067600,북구,오치1동,성공,
전남광주통합특별시 북구 신촌로7번길 43,광주광역시 북구 신촌로7번길 43,광주광역시 북구 신촌로7번길 43,126.909481093872,35.1876249706994,전남광주통합특별시 북구 신촌로7번길 43,전남광주통합특별시,북구,오치1동,1230067600,북구,오치1동,성공,
전남광주통합특별시 북구 서방로172번길 30-12,광주광역시 북구 서방로172번길 30-12,광주광역시 북구 서방로172번길 30-12,126.930182154483,35.1678678633208,전남광주통합특별시 북구 서방로172번길 30-12,전남광주통합특별시,북구,두암1동,1230066100,북구,두암1동,성공,
전남광주통합특별시 북구 신임로32번길 16,광주광역시 북구 신임로32번길 16,광주광역시 북구 신임로32번길 16,126.899513262733,35.1659786016752,전남광주통합특별시 북구 신임로32번길 16,전남광주통합특별시,북구,신안동,1230058000,북구,신안동,성공,
전남광주통합특별시 북구 동문대로121번길 59,광주광역시 북구 동문대로121번길 59,광주광역시 북구 동문대로121번길 59,126.922689557574,35.1747776281561,전남광주통합특별시 북구 동문대로121번길 59,전남광주통합특별시,북구,우산동,1230062000,북구,우산동,성공,
전남광주통합특별시 북구 중문로 96-19,광주광역시 북구 중문로 96-19,광주광역시 북구 중문로 96-19,126.922330801137,35.1810150573762,전남광주통합특별시 북구 중문로 96-19,전남광주통합특별시,북구,우산동,1230062000,북구,우산동,성공,
전남광주통합특별시 북구 양산택지로33번길 29-9,광주광역시 북구 양산택지로33번길 29-9,광주광역시 북구 양산택지로33번길 29-9,126.875996667693,35.2090840271704,전남광주통합특별시 북구 양산택지로33번길 29-9,전남광주통합특별시,북구,양산동,1230069600,북구,양산동,성공,
전남광주통합특별시 북구 동운로 130,광주광역시 북구 동운로 130,광주광역시 북구 동운로 130,126.864765098355,35.1733373680985,전남광주통합특별시 북구 동운로 130,전남광주통합특별시,북구,동림동,1230061500,북구,동림동,성공,
전남광주통합특별시 북구 효열로29번길 37,광주광역시 북구 효열로29번길 37,광주광역시 북구 효열로29번길 37,126.871599645412,35.2099402348622,전남광주통합특별시 북구 효열로29번길 37,전남광주통합특별시,북구,양산동,1230069600,북구,양산동,성공,
전남광주통합특별시 북구 첨단연신로 184,광주광역시 북구 첨단연신로 184,광주광역시 북구 첨단연신로 184,126.859146699513,35.2132247024289,전남광주통합특별시 북구 첨단연신로 184,전남광주통합특별시,북구,신용동,1230069700,북구,신용동,성공,
전남광주통합특별시 북구 자라봉로56번길 15-3,광주광역시 북구 자라봉로56번길 15-3,광주광역시 북구 자라봉로56번길 15-3,126.880107821037,35.2070458848297,전남광주통합특별시 북구 자라봉로56번길 15-3,전남광주통합특별시,북구,양산동,1230069600,북구,양산동,성공,
전남광주통합특별시 북구 군왕로117번길 19,광주광역시 북구 군왕로117번길 19,광주광역시 북구 군왕로117번길 19,126.931563478244,35.1717919021884,전남광주통합특별시 북구 군왕로117번길 19,전남광주통합특별시,북구,두암1동,1230066100,북구,두암1동,성공,
전남광주통합특별시 북구 일곡마을로 132,광주광역시 북구 일곡마을로 132,광주광역시 북구 일곡마을로 132,126.890057271274,35.2084802748817,전남광주통합특별시 북구 일곡마을로 132,전남광주통합특별시,북구,일곡동,1230066900,북구,일곡동,성공,
전남광주통합특별시 북구 양산택지로79번길 24-7,광주광역시 북구 양산택지로79번길 24-7,광주광역시 북구 양산택지로79번길 24-7,126.879373152585,35.214524659161,전남광주통합특별시 북구 양산택지로79번길 24-7,전남광주통합특별시,북구,건국동,1230069500,북구,건국동,성공,
전남광주통합특별시 북구 하서로423번길 42,광주광역시 북구 하서로423번길 42,광주광역시 북구 하서로423번길 42,126.872649233015,35.2134592268784,전남광주통합특별시 북구 하서로423번길 42,전남광주통합특별시,북구,건국동,1230069500,북구,건국동,성공,
전남광주통합특별시 북구 동운로 192,광주광역시 북구 동운로 192,광주광역시 북구 동운로 192,126.87172345368,35.173242091759,전남광주통합특별시 북구 동운로 192,전남광주통합특별시,북구,운암1동,1230060100,북구,운암1동,성공,
전남광주통합특별시 북구 하서로 215-4,광주광역시 북구 하서로 215-4,광주광역시 북구 하서로 215-4,126.876595658531,35.1946999515941,전남광주통합특별시 북구 하서로 215-4,전남광주통합특별시,북구,양산동,1230069600,북구,양산동,성공,
전남광주통합특별시 북구 용주로30번길 60,광주광역시 북구 용주로30번길 60,광주광역시 북구 용주로30번길 60,126.904142990919,35.180246872869,전남광주통합특별시 북구 용주로30번길 60,전남광주통합특별시,북구,용봉동,1230059000,북구,용봉동,성공,
전남광주통합특별시 북구 천변우로79번길 25,광주광역시 북구 천변우로79번길 25,광주광역시 북구 천변우로79번길 25,126.887672207093,35.1660715869472,전남광주통합특별시 북구 천변우로79번길 25,전남광주통합특별시,북구,임동,1230057000,북구,임동,성공,
전남광주통합특별시 북구 하서로 71,광주광역시 북구 하서로 71,광주광역시 북구 하서로 71,126.879828744028,35.182977840617,전남광주통합특별시 북구 하서로 71,전남광주통합특별시,북구,운암3동,1230060300,북구,운암3동,성공,
전남광주통합특별시 북구 천변우로79번길 45,광주광역시 북구 천변우로79번길 45,광주광역시 북구 천변우로79번길 45,126.889183808525,35.1659741902413,전남광주통합특별시 북구 천변우로79번길 45,전남광주통합특별시,북구,임동,1230057000,북구,임동,성공,
전남광주통합특별시 북구 양산택지소로 30,광주광역시 북구 양산택지소로 30,광주광역시 북구 양산택지소로 30,126.885314903059,35.214739636763,전남광주통합특별시 북구 양산택지소로 30,전남광주통합특별시,북구,건국동,1230069500,북구,건국동,성공,
전남광주통합특별시 북구 금호로24번길 18,광주광역시 북구 금호로24번길 18,광주광역시 북구 금호로24번길 18,126.891677454709,35.1708584700757,전남광주통합특별시 북구 금호로24번길 18,전남광주통합특별시,북구,운암2동,1230060200,북구,운암2동,성공,
전남광주통합특별시 북구 본촌마을길 178,광주광역시 북구 본촌마을길 178,광주광역시 북구 본촌마을길 178,126.882247821974,35.2170591127628,전남광주통합특별시 북구 본촌마을길 178,전남광주통합특별시,북구,건국동,1230069500,북구,건국동,성공,
전남광주통합특별시 북구 양산신촌길 50,광주광역시 북구 양산신촌길 50,광주광역시 북구 양산신촌길 50,126.873233728378,35.1994776178846,전남광주통합특별시 북구 양산신촌길 50,전남광주통합특별시,북구,양산동,1230069600,북구,양산동,성공,
전남광주통합특별시 북구 양산택지로34번길 22,광주광역시 북구 양산택지로34번길 22,광주광역시 북구 양산택지로34번길 22,126.88251772102,35.2094099690369,전남광주통합특별시 북구 양산택지로34번길 22,전남광주통합특별시,북구,양산동,1230069600,북구,양산동,성공,
전남광주통합특별시 북구 서하로183번길 62-1,광주광역시 북구 서하로183번길 62-1,광주광역시 북구 서하로183번길 62-1,126.901273833649,35.1928159499523,전남광주통합특별시 북구 서하로183번길 62-1,전남광주통합특별시,북구,오치2동,1230067700,북구,오치2동,성공,
전남광주통합특별시 북구 무등로218번길 33,광주광역시 북구 무등로218번길 33,광주광역시 북구 무등로218번길 33,126.906177387313,35.1634455401955,전남광주통합특별시 북구 무등로218번길 33,전남광주통합특별시,북구,신안동,1230058000,북구,신안동,성공,
전남광주통합특별시 북구 서하로183번길 62,광주광역시 북구 서하로183번길 62,광주광역시 북구 서하로183번길 62,126.901063590047,35.1927945064159,전남광주통합특별시 북구 서하로183번길 62,전남광주통합특별시,북구,오치2동,1230067700,북구,오치2동,성공,
전남광주통합특별시 북구 서강로54번길 11,광주광역시 북구 서강로54번길 11,광주광역시 북구 서강로54번길 11,126.871691671954,35.1769113907932,전남광주통합특별시 북구 서강로54번길 11,전남광주통합특별시,북구,운암1동,1230060100,북구,운암1동,성공,
전남광주통합특별시 북구 문화소통로 313,광주광역시 북구 문화소통로 313,광주광역시 북구 문화소통로 313,126.927991231289,35.1830075773659,전남광주통합특별시 북구 문화소통로 313,전남광주통합특별시,북구,문화동,1230065000,북구,문화동,성공,
전남광주통합특별시 북구 서강로54번길 10,광주광역시 북구 서강로54번길 10,광주광역시 북구 서강로54번길 10,126.871164845017,35.1760024446002,전남광주통합특별시 북구 서강로54번길 10,전남광주통합특별시,북구,운암1동,1230060100,북구,운암1동,성공,
전남광주통합특별시 북구 서방로40번길 13,광주광역시 북구 서방로40번길 13,광주광역시 북구 서방로40번길 13,126.917349253146,35.1720431696673,전남광주통합특별시 북구 서방로40번길 13,전남광주통합특별시,북구,중흥동,1230053500,북구,중흥동,성공,
전남광주통합특별시 북구 양일로 52,광주광역시 북구 양일로 52,광주광역시 북구 양일로 52,126.870214855935,35.197041397437,전남광주통합특별시 북구 양일로 52,전남광주통합특별시,북구,양산동,1230069600,북구,양산동,성공,
전남광주통합특별시 북구 우치로241번길 28,광주광역시 북구 우치로241번길 28,광주광역시 북구 우치로241번길 28,126.903450874745,35.1864962336051,전남광주통합특별시 북구 우치로241번길 28,전남광주통합특별시,북구,오치2동,1230067700,북구,오치2동,성공,
전남광주통합특별시 북구 우치로241번길 32,광주광역시 북구 우치로241번길 32,광주광역시 북구 우치로241번길 32,126.90328531133,35.1864926763597,전남광주통합특별시 북구 우치로241번길 32,전남광주통합특별시,북구,오치2동,1230067700,북구,오치2동,성공,
전남광주통합특별시 북구 양산택지소로 20,광주광역시 북구 양산택지소로 20,광주광역시 북구 양산택지소로 20,126.883592775172,35.2136486205069,전남광주통합특별시 북구 양산택지소로 20,전남광주통합특별시,북구,건국동,1230069500,북구,건국동,성공,
전남광주통합특별시 북구 양산택지로37번길 78,광주광역시 북구 양산택지로37번길 78,광주광역시 북구 양산택지로37번길 78,126.874246164155,35.2074660080145,전남광주통합특별시 북구 양산택지로37번길 78,전남광주통합특별시,북구,양산동,1230069600,북구,양산동,성공,
전남광주통합특별시 북구 무등로111번길 30,광주광역시 북구 무등로111번길 30,광주광역시 북구 무등로111번길 30,126.897556272625,35.168680045287,전남광주통합특별시 북구 무등로111번길 30,전남광주통합특별시,북구,신안동,1230058000,북구,신안동,성공,
전남광주통합특별시 북구 우치로311번길 7-16,광주광역시 북구 우치로311번길 7-16,광주광역시 북구 우치로311번길 7-16,126.90344912227,35.191968898313,전남광주통합특별시 북구 우치로311번길 7-16,전남광주통합특별시,북구,오치2동,1230067700,북구,오치2동,성공,
전남광주통합특별시 북구 경열로233번길 47-5,광주광역시 북구 경열로233번길 47-5,광주광역시 북구 경열로233번길 47-5,126.904357866254,35.1605375954571,전남광주통합특별시 북구 경열로233번길 47-5,전남광주통합특별시,북구,중앙동,1230055500,북구,중앙동,성공,
전남광주통합특별시 북구 서방로148번길 10-15,광주광역시 북구 서방로148번길 10-15,광주광역시 북구 서방로148번길 10-15,126.927165419721,35.1692055053017,전남광주통합특별시 북구 서방로148번길 10-15,전남광주통합특별시,북구,두암1동,1230066100,북구,두암1동,성공,
전남광주통합특별시 북구 자라봉로56번길 15-6,광주광역시 북구 자라봉로56번길 15-6,광주광역시 북구 자라봉로56번길 15-6,126.880053023328,35.2067453198086,전남광주통합특별시 북구 자라봉로56번길 15-6,전남광주통합특별시,북구,양산동,1230069600,북구,양산동,성공,
전남광주통합특별시 북구 동문대로122번길 55,광주광역시 북구 동문대로122번길 55,광주광역시 북구 동문대로122번길 55,126.928597707195,35.1725805908327,전남광주통합특별시 북구 동문대로122번길 55,전남광주통합특별시,북구,두암2동,1230066200,북구,두암2동,성공,
전남광주통합특별시 북구 우치로275번길 16-6,광주광역시 북구 우치로275번길 16-6,광주광역시 북구 우치로275번길 16-6,126.904637567616,35.1896472293581,전남광주통합특별시 북구 우치로275번길 16-6,전남광주통합특별시,북구,오치2동,1230067700,북구,오치2동,성공,
전남광주통합특별시 북구 연양로117번길 9-5,광주광역시 북구 연양로117번길 9-5,광주광역시 북구 연양로117번길 9-5,126.880277978723,35.206790249501,전남광주통합특별시 북구 연양로117번길 9-5,전남광주통합특별시,북구,양산동,1230069600,북구,양산동,성공,
전남광주통합특별시 북구 연양로117번길 3-4,광주광역시 북구 연양로117번길 3-4,광주광역시 북구 연양로117번길 3-4,126.880206050449,35.2066380301415,전남광주통합특별시 북구 연양로117번길 3-4,전남광주통합특별시,북구,양산동,1230069600,북구,양산동,성공,
전남광주통합특별시 북구 상촌로31번길 12-6,광주광역시 북구 상촌로31번길 12-6,광주광역시 북구 상촌로31번길 12-6,126.878658698758,35.212166822222,전남광주통합특별시 북구 상촌로31번길 12-6,전남광주통합특별시,북구,양산동,1230069600,북구,양산동,성공,
전남광주통합특별시 북구 무등로39번길 7,광주광역시 북구 무등로39번길 7,광주광역시 북구 무등로39번길 7,126.888758796183,35.1701664668162,전남광주통합특별시 북구 무등로39번길 7,전남광주통합특별시,북구,운암2동,1230060200,북구,운암2동,성공,
전남광주통합특별시 북구 오산정길 12-3,광주광역시 북구 오산정길 12-3,광주광역시 북구 오산정길 12-3,126.908705306513,35.1880981406384,전남광주통합특별시 북구 오산정길 12-3,전남광주통합특별시,북구,오치1동,1230067600,북구,오치1동,성공,
전남광주통합특별시 북구 우치로361번길 6,광주광역시 북구 우치로361번길 6,광주광역시 북구 우치로361번길 6,126.902861890765,35.1974280202173,전남광주통합특별시 북구 우치로361번길 6,전남광주통합특별시,북구,삼각동,1230066600,북구,삼각동,성공,
전남광주통합특별시 북구 우치로361번길 4,광주광역시 북구 우치로361번길 4,광주광역시 북구 우치로361번길 4,126.903007759536,35.1973907309614,전남광주통합특별시 북구 우치로361번길 4,전남광주통합특별시,북구,삼각동,1230066600,북구,삼각동,성공,
전남광주통합특별시 북구 양산신촌길 56,광주광역시 북구 양산신촌길 56,광주광역시 북구 양산신촌길 56,126.873444904062,35.1994000520003,전남광주통합특별시 북구 양산신촌길 56,전남광주통합특별시,북구,양산동,1230069600,북구,양산동,성공,
전남광주통합특별시 북구 우치로 375-15,광주광역시 북구 우치로 375-15,광주광역시 북구 우치로 375-15,126.902870399074,35.1976601255952,전남광주통합특별시 북구 우치로 375-15,전남광주통합특별시,북구,삼각동,1230066600,북구,삼각동,성공,
전남광주통합특별시 북구 설죽로 390-15,광주광역시 북구 설죽로 390-15,광주광역시 북구 설죽로 390-15,126.901292739528,35.1947057444843,전남광주통합특별시 북구 설죽로 390-15,전남광주통합특별시,북구,삼각동,1230066600,북구,삼각동,성공,
전남광주통합특별시 북구 경양로87번길 8-8,광주광역시 북구 경양로87번길 8-8,광주광역시 북구 경양로87번길 8-8,126.902186112171,35.1628072860924,전남광주통합특별시 북구 경양로87번길 8-8,전남광주통합특별시,북구,신안동,1230058000,북구,신안동,성공,
전남광주통합특별시 북구 면앙로32번길 8-7,광주광역시 북구 면앙로32번길 8-7,광주광역시 북구 면앙로32번길 8-7,126.915153466715,35.1791109944204,전남광주통합특별시 북구 면앙로32번길 8-7,전남광주통합특별시,북구,용봉동,1230059000,북구,용봉동,성공,
전남광주통합특별시 북구 우치로383번길 9,광주광역시 북구 우치로383번길 9,광주광역시 북구 우치로383번길 9,126.902348191966,35.198453167128,전남광주통합특별시 북구 우치로383번길 9,전남광주통합특별시,북구,삼각동,1230066600,북구,삼각동,성공,
전남광주통합특별시 북구 반룡로27번길 10-7,광주광역시 북구 반룡로27번길 10-7,광주광역시 북구 반룡로27번길 10-7,126.90174695219,35.1795112489872,전남광주통합특별시 북구 반룡로27번길 10-7,전남광주통합특별시,북구,용봉동,1230059000,북구,용봉동,성공,
전남광주통합특별시 북구 일곡마을로 129-14,광주광역시 북구 일곡마을로 129-14,광주광역시 북구 일곡마을로 129-14,126.889232143859,35.2085843500707,전남광주통합특별시 북구 일곡마을로 129-14,전남광주통합특별시,북구,일곡동,1230066900,북구,일곡동,성공,
전남광주통합특별시 북구 경열로234번길 46,광주광역시 북구 경열로234번길 46,광주광역시 북구 경열로234번길 46,126.909470588065,35.1593703876119,전남광주통합특별시 북구 경열로234번길 46,전남광주통합특별시,북구,중흥1동,1230051000,북구,중흥1동,성공,
전남광주통합특별시 북구 중가로37번길 9,광주광역시 북구 중가로37번길 9,광주광역시 북구 중가로37번길 9,126.904470219683,35.1602890892452,전남광주통합특별시 북구 중가로37번길 9,전남광주통합특별시,북구,중앙동,1230055500,북구,중앙동,성공,
전남광주통합특별시 북구 천지인로105번길 11-11,광주광역시 북구 천지인로105번길 11-11,광주광역시 북구 천지인로105번길 11-11,126.909568417022,35.1846187453783,전남광주통합특별시 북구 천지인로105번길 11-11,전남광주통합특별시,북구,오치1동,1230067600,북구,오치1동,성공,
전남광주통합특별시 북구 중흥로17번길 7,광주광역시 북구 중흥로17번길 7,광주광역시 북구 중흥로17번길 7,126.896502653727,35.1663859146346,전남광주통합특별시 북구 중흥로17번길 7,전남광주통합특별시,북구,신안동,1230058000,북구,신안동,성공,
전남광주통합특별시 북구 일곡마을로124번길 41,광주광역시 북구 일곡마을로124번길 41,광주광역시 북구 일곡마을로124번길 41,126.891821592923,35.2079651189878,전남광주통합특별시 북구 일곡마을로124번길 41,전남광주통합특별시,북구,일곡동,1230066900,북구,일곡동,성공,
전남광주통합특별시 북구 군왕로 101,광주광역시 북구 군왕로 101,광주광역시 북구 군왕로 101,126.932288367682,35.17000113132,전남광주통합특별시 북구 군왕로 101,전남광주통합특별시,북구,두암1동,1230066100,북구,두암1동,성공,
전남광주통합특별시 북구 일곡마을로124번길 37,광주광역시 북구 일곡마을로124번길 37,광주광역시 북구 일곡마을로124번길 37,126.891713282884,35.2079018374007,전남광주통합특별시 북구 일곡마을로124번길 37,전남광주통합특별시,북구,일곡동,1230066900,북구,일곡동,성공,
전남광주통합특별시 북구 용봉택지로13번길 17-1,광주광역시 북구 용봉택지로13번길 17-1,광주광역시 북구 용봉택지로13번길 17-1,126.887691666144,35.1801786547846,전남광주통합특별시 북구 용봉택지로13번길 17-1,전남광주통합특별시,북구,용봉동,1230059000,북구,용봉동,성공,
전남광주통합특별시 북구 군왕로51번길 114,광주광역시 북구 군왕로51번길 114,광주광역시 북구 군왕로51번길 114,126.927109150665,35.1690345739741,전남광주통합특별시 북구 군왕로51번길 114,전남광주통합특별시,북구,두암1동,1230066100,북구,두암1동,성공,
전남광주통합특별시 북구 오문로38번길 15,광주광역시 북구 오문로38번길 15,광주광역시 북구 오문로38번길 15,126.909781276337,35.1895081252844,전남광주통합특별시 북구 오문로38번길 15,전남광주통합특별시,북구,오치1동,1230067600,북구,오치1동,성공,
전남광주통합특별시 북구 신촌로13번길 15,광주광역시 북구 신촌로13번길 15,광주광역시 북구 신촌로13번길 15,126.911116723833,35.1881079564221,전남광주통합특별시 북구 신촌로13번길 15,전남광주통합특별시,북구,오치1동,1230067600,북구,오치1동,성공,
전남광주통합특별시 북구 비엔날레로93번길 23-5,광주광역시 북구 비엔날레로93번길 23-5,광주광역시 북구 비엔날레로93번길 23-5,126.88885202788,35.1799798944917,전남광주통합특별시 북구 비엔날레로93번길 23-5,전남광주통합특별시,북구,용봉동,1230059000,북구,용봉동,성공,
전남광주통합특별시 북구 오문로38번길 17,광주광역시 북구 오문로38번길 17,광주광역시 북구 오문로38번길 17,126.909789887499,35.1893662584416,전남광주통합특별시 북구 오문로38번길 17,전남광주통합특별시,북구,오치1동,1230067600,북구,오치1동,성공,
전남광주통합특별시 북구 북문대로249번길 13-1,광주광역시 북구 북문대로249번길 13-1,광주광역시 북구 북문대로249번길 13-1,126.864006479508,35.1864976656766,전남광주통합특별시 북구 북문대로249번길 13-1,전남광주통합특별시,북구,동림동,1230061500,북구,동림동,성공,
전남광주통합특별시 북구 연양로117번길 1,광주광역시 북구 연양로117번길 1,광주광역시 북구 연양로117번길 1,126.880206265241,35.206192672304,전남광주통합특별시 북구 연양로117번길 1,전남광주통합특별시,북구,양산동,1230069600,북구,양산동,성공,
전남광주통합특별시 북구 독립로367번길 40-6,광주광역시 북구 독립로367번길 40-6,광주광역시 북구 독립로367번길 40-6,126.913482374938,35.1640623688484,전남광주통합특별시 북구 독립로367번길 40-6,전남광주통합특별시,북구,중흥1동,1230051000,북구,중흥1동,성공,
전남광주통합특별시 북구 중문로 38,광주광역시 북구 중문로 38,광주광역시 북구 중문로 38,126.919535383627,35.1760618104962,전남광주통합특별시 북구 중문로 38,전남광주통합특별시,북구,우산동,1230062000,북구,우산동,성공,
전남광주통합특별시 북구 우치로257번길 20-11,광주광역시 북구 우치로257번길 20-11,광주광역시 북구 우치로257번길 20-11,126.90281506123,35.1884353511399,전남광주통합특별시 북구 우치로257번길 20-11,전남광주통합특별시,북구,오치2동,1230067700,북구,오치2동,성공,
전남광주통합특별시 북구 자동차로47번길 75,광주광역시 북구 자동차로47번길 75,광주광역시 북구 자동차로47번길 75,126.897124374069,35.1641143000236,전남광주통합특별시 북구 자동차로47번길 75,전남광주통합특별시,북구,임동,1230057000,북구,임동,성공,
전남광주통합특별시 북구 경양로103번길 27-10,광주광역시 북구 경양로103번길 27-10,광주광역시 북구 경양로103번길 27-10,126.903813333711,35.1634475621592,전남광주통합특별시 북구 경양로103번길 27-10,전남광주통합특별시,북구,신안동,1230058000,북구,신안동,성공,
전남광주통합특별시 북구 서하로257번길 5-8,광주광역시 북구 서하로257번길 5-8,광주광역시 북구 서하로257번길 5-8,126.908686100398,35.1878946903178,전남광주통합특별시 북구 서하로257번길 5-8,전남광주통합특별시,북구,오치1동,1230067600,북구,오치1동,성공,
전남광주통합특별시 북구 우치로257번길 20-1,광주광역시 북구 우치로257번길 20-1,광주광역시 북구 우치로257번길 20-1,126.902853210121,35.1880244540045,전남광주통합특별시 북구 우치로257번길 20-1,전남광주통합특별시,북구,오치2동,1230067700,북구,오치2동,성공,
전남광주통합특별시 북구 연양로117번길 3-1,광주광역시 북구 연양로117번길 3-1,광주광역시 북구 연양로117번길 3-1,126.880307502995,35.2063530328188,전남광주통합특별시 북구 연양로117번길 3-1,전남광주통합특별시,북구,양산동,1230069600,북구,양산동,성공,
전남광주통합특별시 북구 청계로 22,광주광역시 북구 청계로 22,광주광역시 북구 청계로 22,126.893837915827,35.1751330861454,전남광주통합특별시 북구 청계로 22,전남광주통합특별시,북구,용봉동,1230059000,북구,용봉동,성공,
전남광주통합특별시 북구 저불로31번길 10-3,광주광역시 북구 저불로31번길 10-3,광주광역시 북구 저불로31번길 10-3,126.893936760081,35.1774654331639,전남광주통합특별시 북구 저불로31번길 10-3,전남광주통합특별시,북구,용봉동,1230059000,북구,용봉동,성공,
전남광주통합특별시 북구 저불로31번길 14-2,광주광역시 북구 저불로31번길 14-2,광주광역시 북구 저불로31번길 14-2,126.893784152609,35.1776436778917,전남광주통합특별시 북구 저불로31번길 14-2,전남광주통합특별시,북구,용봉동,1230059000,북구,용봉동,성공,
전남광주통합특별시 북구 경양로 98-1,광주광역시 북구 경양로 98-1,광주광역시 북구 경양로 98-1,126.902775259881,35.1621109198093,전남광주통합특별시 북구 경양로 98-1,전남광주통합특별시,북구,임동,1230057000,북구,임동,성공,
전남광주통합특별시 북구 자라봉로63번길 15-3,광주광역시 북구 자라봉로63번길 15-3,광주광역시 북구 자라봉로63번길 15-3,126.880176965072,35.2082711608682,전남광주통합특별시 북구 자라봉로63번길 15-3,전남광주통합특별시,북구,양산동,1230069600,북구,양산동,성공,
전남광주통합특별시 북구 신촌로7번길 11,광주광역시 북구 신촌로7번길 11,광주광역시 북구 신촌로7번길 11,126.9112016952,35.1875115920634,전남광주통합특별시 북구 신촌로7번길 11,전남광주통합특별시,북구,오치1동,1230067600,북구,오치1동,성공,
전남광주통합특별시 북구 서하로455번길 6,광주광역시 북구 서하로455번길 6,광주광역시 북구 서하로455번길 6,126.928882358303,35.1819005175593,전남광주통합특별시 북구 서하로455번길 6,전남광주통합특별시,북구,문화동,1230065000,북구,문화동,성공,
전남광주통합특별시 북구 독립로367번길 64,광주광역시 북구 독립로367번길 64,광주광역시 북구 독립로367번길 64,126.912075269546,35.1643195049174,전남광주통합특별시 북구 독립로367번길 64,전남광주통합특별시,북구,중흥1동,1230051000,북구,중흥1동,성공,
전남광주통합특별시 북구 서하로 272,광주광역시 북구 서하로 272,광주광역시 북구 서하로 272,126.910202606829,35.1868772027129,전남광주통합특별시 북구 서하로 272,전남광주통합특별시,북구,오치1동,1230067600,북구,오치1동,성공,
전남광주통합특별시 북구 군왕로117번길 9-3,광주광역시 북구 군왕로117번길 9-3,광주광역시 북구 군왕로117번길 9-3,126.932210875207,35.1715814386442,전남광주통합특별시 북구 군왕로117번길 9-3,전남광주통합특별시,북구,두암1동,1230066100,북구,두암1동,성공,
전남광주통합특별시 북구 중가로3번길 15,광주광역시 북구 중가로3번길 15,광주광역시 북구 중가로3번길 15,126.901095559808,35.1615106071946,전남광주통합특별시 북구 중가로3번길 15,전남광주통합특별시,북구,임동,1230057000,북구,임동,성공,
전남광주통합특별시 북구 독립로367번길 66,광주광역시 북구 독립로367번길 66,광주광역시 북구 독립로367번길 66,126.911939679051,35.1643502329002,전남광주통합특별시 북구 독립로367번길 66,전남광주통합특별시,북구,중흥1동,1230051000,북구,중흥1동,성공,
전남광주통합특별시 북구 중가로3번길 13,광주광역시 북구 중가로3번길 13,광주광역시 북구 중가로3번길 13,126.901027592519,35.1613511012873,전남광주통합특별시 북구 중가로3번길 13,전남광주통합특별시,북구,임동,1230057000,북구,임동,성공,
전남광주통합특별시 북구 금남로13번길 10,광주광역시 북구 금남로13번길 10,광주광역시 북구 금남로13번길 10,126.898325941682,35.1601496059054,전남광주통합특별시 북구 금남로13번길 10,전남광주통합특별시,북구,임동,1230057000,북구,임동,성공,
전남광주통합특별시 북구 안산로 89,광주광역시 북구 안산로 89,광주광역시 북구 안산로 89,126.901323087351,35.1951250790891,전남광주통합특별시 북구 안산로 89,전남광주통합특별시,북구,삼각동,1230066600,북구,삼각동,성공,
전남광주통합특별시 북구 독립로367번길 13,광주광역시 북구 독립로367번길 13,광주광역시 북구 독립로367번길 13,126.91453438907,35.1632817276688,전남광주통합특별시 북구 독립로367번길 13,전남광주통합특별시,북구,중흥1동,1230051000,북구,중흥1동,성공,
전남광주통합특별시 북구 양산택지로37번길 17,광주광역시 북구 양산택지로37번길 17,광주광역시 북구 양산택지로37번길 17,126.877786075313,35.2099981945934,전남광주통합특별시 북구 양산택지로37번길 17,전남광주통합특별시,북구,양산동,1230069600,북구,양산동,성공,
전남광주통합특별시 북구 우치로241번길 13,광주광역시 북구 우치로241번길 13,광주광역시 북구 우치로241번길 13,126.90424768357,35.1861795891151,전남광주통합특별시 북구 우치로241번길 13,전남광주통합특별시,북구,오치2동,1230067700,북구,오치2동,성공,
전남광주통합특별시 북구 양산택지로33번길 29-4,광주광역시 북구 양산택지로33번길 29-4,광주광역시 북구 양산택지로33번길 29-4,126.875761181404,35.2096053077883,전남광주통합특별시 북구 양산택지로33번길 29-4,전남광주통합특별시,북구,양산동,1230069600,북구,양산동,성공,
전남광주통합특별시 북구 서방로148번길 10-9,광주광역시 북구 서방로148번길 10-9,광주광역시 북구 서방로148번길 10-9,126.927531613932,35.1690787235717,전남광주통합특별시 북구 서방로148번길 10-9,전남광주통합특별시,북구,두암1동,1230066100,북구,두암1동,성공,
전남광주통합특별시 북구 서방로148번길 10-13,광주광역시 북구 서방로148번길 10-13,광주광역시 북구 서방로148번길 10-13,126.927348677333,35.1691469369372,전남광주통합특별시 북구 서방로148번길 10-13,전남광주통합특별시,북구,두암1동,1230066100,북구,두암1동,성공,
전남광주통합특별시 북구 효열로 28,광주광역시 북구 효열로 28,광주광역시 북구 효열로 28,126.871806586945,35.2078933044202,전남광주통합특별시 북구 효열로 28,전남광주통합특별시,북구,양산동,1230069600,북구,양산동,성공,
전남광주통합특별시 북구 중흥로163번길 9,광주광역시 북구 중흥로163번길 9,광주광역시 북구 중흥로163번길 9,126.911842784811,35.1620877518439,전남광주통합특별시 북구 중흥로163번길 9,전남광주통합특별시,북구,중흥1동,1230051000,북구,중흥1동,성공,
전남광주통합특별시 북구 군왕로51번길 106,광주광역시 북구 군왕로51번길 106,광주광역시 북구 군왕로51번길 106,126.927453552887,35.1688483798648,전남광주통합특별시 북구 군왕로51번길 106,전남광주통합특별시,북구,두암1동,1230066100,북구,두암1동,성공,
전남광주통합특별시 북구 중흥로163번길 11,광주광역시 북구 중흥로163번길 11,광주광역시 북구 중흥로163번길 11,126.911911969149,35.1622584294173,전남광주통합특별시 북구 중흥로163번길 11,전남광주통합특별시,북구,중흥1동,1230051000,북구,중흥1동,성공,
전남광주통합특별시 북구 군왕로51번길 110,광주광역시 북구 군왕로51번길 110,광주광역시 북구 군왕로51번길 110,126.92727707972,35.1689316496753,전남광주통합특별시 북구 군왕로51번길 110,전남광주통합특별시,북구,두암1동,1230066100,북구,두암1동,성공,
전남광주통합특별시 북구 본촌택지로30번길 44,광주광역시 북구 본촌택지로30번길 44,광주광역시 북구 본촌택지로30번길 44,126.881218439377,35.2135282374319,전남광주통합특별시 북구 본촌택지로30번길 44,전남광주통합특별시,북구,건국동,1230069500,북구,건국동,성공,
전남광주통합특별시 북구 양산택지로79번길 8-2,광주광역시 북구 양산택지로79번길 8-2,광주광역시 북구 양산택지로79번길 8-2,126.881026325213,35.2135439125811,전남광주통합특별시 북구 양산택지로79번길 8-2,전남광주통합특별시,북구,건국동,1230069500,북구,건국동,성공,
전남광주통합특별시 북구 본촌택지로29번길 3-9,광주광역시 북구 본촌택지로29번길 3-9,광주광역시 북구 본촌택지로29번길 3-9,126.879372175007,35.2157794285552,전남광주통합특별시 북구 본촌택지로29번길 3-9,전남광주통합특별시,북구,건국동,1230069500,북구,건국동,성공,
전남광주통합특별시 북구 양산택지로79번길 8-4,광주광역시 북구 양산택지로79번길 8-4,광주광역시 북구 양산택지로79번길 8-4,126.881142447125,35.2137477319555,전남광주통합특별시 북구 양산택지로79번길 8-4,전남광주통합특별시,북구,건국동,1230069500,북구,건국동,성공,
전남광주통합특별시 북구 하서로466번길 85,광주광역시 북구 하서로466번길 85,광주광역시 북구 하서로466번길 85,126.881401743328,35.2145861524398,전남광주통합특별시 북구 하서로466번길 85,전남광주통합특별시,북구,건국동,1230069500,북구,건국동,성공,
전남광주통합특별시 북구 본촌택지로 21,광주광역시 북구 본촌택지로 21,광주광역시 북구 본촌택지로 21,126.879537974871,35.2157367794785,전남광주통합특별시 북구 본촌택지로 21,전남광주통합특별시,북구,건국동,1230069500,북구,건국동,성공,
전남광주통합특별시 북구 하서로466번길 91,광주광역시 북구 하서로466번길 91,광주광역시 북구 하서로466번길 91,126.881694595614,35.2144802598211,전남광주통합특별시 북구 하서로466번길 91,전남광주통합특별시,북구,건국동,1230069500,북구,건국동,성공,
전남광주통합특별시 북구 본촌택지로30번길 42,광주광역시 북구 본촌택지로30번길 42,광주광역시 북구 본촌택지로30번길 42,126.88137736695,35.2138270108266,전남광주통합특별시 북구 본촌택지로30번길 42,전남광주통합특별시,북구,건국동,1230069500,북구,건국동,성공,
전남광주통합특별시 북구 신촌로 29,광주광역시 북구 신촌로 29,광주광역시 북구 신촌로 29,126.912152568694,35.1898064142666,전남광주통합특별시 북구 신촌로 29,전남광주통합특별시,북구,오치1동,1230067600,북구,오치1동,성공,
전남광주통합특별시 북구 우치로264번길 5,광주광역시 북구 우치로264번길 5,광주광역시 북구 우치로264번길 5,126.905763287245,35.1883418669922,전남광주통합특별시 북구 우치로264번길 5,전남광주통합특별시,북구,오치1동,1230067600,북구,오치1동,성공,
전남광주통합특별시 북구 우치로264번길 9,광주광역시 북구 우치로264번길 9,광주광역시 북구 우치로264번길 9,126.905994615341,35.1883511504521,전남광주통합특별시 북구 우치로264번길 9,전남광주통합특별시,북구,오치1동,1230067600,북구,오치1동,성공,
전남광주통합특별시 북구 하서로466번길 79,광주광역시 북구 하서로466번길 79,광주광역시 북구 하서로466번길 79,126.881095044133,35.214697168449,전남광주통합특별시 북구 하서로466번길 79,전남광주통합특별시,북구,건국동,1230069500,북구,건국동,성공,
전남광주통합특별시 북구 우치로 292-1,광주광역시 북구 우치로 292-1,광주광역시 북구 우치로 292-1,126.905531434112,35.190873231492,전남광주통합특별시 북구 우치로 292-1,전남광주통합특별시,북구,오치1동,1230067600,북구,오치1동,성공,
전남광주통합특별시 북구 본촌택지로30번길 6-10,광주광역시 북구 본촌택지로30번길 6-10,광주광역시 북구 본촌택지로30번길 6-10,126.87994162201,35.2155781821634,전남광주통합특별시 북구 본촌택지로30번길 6-10,전남광주통합특별시,북구,건국동,1230069500,북구,건국동,성공,
전남광주통합특별시 북구 본촌택지로 20,광주광역시 북구 본촌택지로 20,광주광역시 북구 본촌택지로 20,126.879758825455,35.2156026977669,전남광주통합특별시 북구 본촌택지로 20,전남광주통합특별시,북구,건국동,1230069500,북구,건국동,성공,
전남광주통합특별시 북구 대천로27번길 13-3,광주광역시 북구 대천로27번길 13-3,광주광역시 북구 대천로27번길 13-3,126.908999436302,35.1859414189363,전남광주통합특별시 북구 대천로27번길 13-3,전남광주통합특별시,북구,오치1동,1230067600,북구,오치1동,성공,
전남광주통합특별시 북구 설죽로471번길 52,광주광역시 북구 설죽로471번길 52,광주광역시 북구 설죽로471번길 52,126.894433881627,35.2008686428037,전남광주통합특별시 북구 설죽로471번길 52,전남광주통합특별시,북구,삼각동,1230066600,북구,삼각동,성공,
전남광주통합특별시 북구 대천로157번길 59,광주광역시 북구 대천로157번길 59,광주광역시 북구 대천로157번길 59,126.921114329025,35.1900408963312,전남광주통합특별시 북구 대천로157번길 59,전남광주통합특별시,북구,문흥1동,1230065600,북구,문흥1동,성공,
전남광주통합특별시 북구 하서로 373-6,광주광역시 북구 하서로 373-6,광주광역시 북구 하서로 373-6,126.873309671173,35.2084166789528,전남광주통합특별시 북구 하서로 373-6,전남광주통합특별시,북구,양산동,1230069600,북구,양산동,성공,
전남광주통합특별시 북구 중흥로40번길 11-5,광주광역시 북구 중흥로40번길 11-5,광주광역시 북구 중흥로40번길 11-5,126.899052806266,35.16455019678,전남광주통합특별시 북구 중흥로40번길 11-5,전남광주통합특별시,북구,임동,1230057000,북구,임동,성공,
전남광주통합특별시 북구 중흥로174번길 18-8,광주광역시 북구 중흥로174번길 18-8,광주광역시 북구 중흥로174번길 18-8,126.912118489687,35.1607726889975,전남광주통합특별시 북구 중흥로174번길 18-8,전남광주통합특별시,북구,중흥1동,1230051000,북구,중흥1동,성공,
전남광주통합특별시 북구 양산택지로79번길 34-7,광주광역시 북구 양산택지로79번길 34-7,광주광역시 북구 양산택지로79번길 34-7,126.878470852168,35.2147005117169,전남광주통합특별시 북구 양산택지로79번길 34-7,전남광주통합특별시,북구,건국동,1230069500,북구,건국동,성공,
전남광주통합특별시 북구 양산택지로51번길 4,광주광역시 북구 양산택지로51번길 4,광주광역시 북구 양산택지로51번길 4,126.879756756855,35.2110468169874,전남광주통합특별시 북구 양산택지로51번길 4,전남광주통합특별시,북구,양산동,1230069600,북구,양산동,성공,
전남광주통합특별시 북구 설죽로436번길 14,광주광역시 북구 설죽로436번길 14,광주광역시 북구 설죽로436번길 14,126.900772348727,35.197710342595,전남광주통합특별시 북구 설죽로436번길 14,전남광주통합특별시,북구,삼각동,1230066600,북구,삼각동,성공,
전남광주통합특별시 북구 설죽로436번길 16,광주광역시 북구 설죽로436번길 16,광주광역시 북구 설죽로436번길 16,126.900488038352,35.1975447109172,전남광주통합특별시 북구 설죽로436번길 16,전남광주통합특별시,북구,삼각동,1230066600,북구,삼각동,성공,
전남광주통합특별시 북구 북문대로249번길 25-8,광주광역시 북구 북문대로249번길 25-8,광주광역시 북구 북문대로249번길 25-8,126.863773076549,35.1864219599758,전남광주통합특별시 북구 북문대로249번길 25-8,전남광주통합특별시,북구,동림동,1230061500,북구,동림동,성공,
전남광주통합특별시 북구 양산택지로79번길 38-8,광주광역시 북구 양산택지로79번길 38-8,광주광역시 북구 양산택지로79번길 38-8,126.878257870268,35.2147139081417,전남광주통합특별시 북구 양산택지로79번길 38-8,전남광주통합특별시,북구,건국동,1230069500,북구,건국동,성공,
전남광주통합특별시 북구 상촌로31번길 26-12,광주광역시 북구 상촌로31번길 26-12,광주광역시 북구 상촌로31번길 26-12,126.879061566505,35.2127451716523,전남광주통합특별시 북구 상촌로31번길 26-12,전남광주통합특별시,북구,양산동,1230069600,북구,양산동,성공,
전남광주통합특별시 북구 중흥로174번길 18-4,광주광역시 북구 중흥로174번길 18-4,광주광역시 북구 중흥로174번길 18-4,126.912275048726,35.1607319708899,전남광주통합특별시 북구 중흥로174번길 18-4,전남광주통합특별시,북구,중흥1동,1230051000,북구,중흥1동,성공,
전남광주통합특별시 북구 양산택지로34번길 16-1,광주광역시 북구 양산택지로34번길 16-1,광주광역시 북구 양산택지로34번길 16-1,126.881422091331,35.20890098935,전남광주통합특별시 북구 양산택지로34번길 16-1,전남광주통합특별시,북구,양산동,1230069600,북구,양산동,성공,
전남광주통합특별시 북구 북문대로249번길 27,광주광역시 북구 북문대로249번길 27,광주광역시 북구 북문대로249번길 27,126.863640259174,35.1866000984974,전남광주통합특별시 북구 북문대로249번길 27,전남광주통합특별시,북구,동림동,1230061500,북구,동림동,성공,
전남광주통합특별시 북구 호동로73번길 5,광주광역시 북구 호동로73번길 5,광주광역시 북구 호동로73번길 5,126.917599053166,35.1779620110352,전남광주통합특별시 북구 호동로73번길 5,전남광주통합특별시,북구,문흥2동,1230065700,북구,문흥2동,성공,
전남광주통합특별시 북구 천지인로105번길 19,광주광역시 북구 천지인로105번길 19,광주광역시 북구 천지인로105번길 19,126.910117049226,35.1850086295082,전남광주통합특별시 북구 천지인로105번길 19,전남광주통합특별시,북구,오치1동,1230067600,북구,오치1동,성공,
전남광주통합특별시 북구 천지인로105번길 12-1,광주광역시 북구 천지인로105번길 12-1,광주광역시 북구 천지인로105번길 12-1,126.910516311481,35.1847511374592,전남광주통합특별시 북구 천지인로105번길 12-1,전남광주통합특별시,북구,오치1동,1230067600,북구,오치1동,성공,
전남광주통합특별시 북구 천지인로105번길 12,광주광역시 북구 천지인로105번길 12,광주광역시 북구 천지인로105번길 12,126.910371124991,35.1847906897511,전남광주통합특별시 북구 천지인로105번길 12,전남광주통합특별시,북구,오치1동,1230067600,북구,오치1동,성공,
전남광주통합특별시 북구 중흥로173번길 6,광주광역시 북구 중흥로173번길 6,광주광역시 북구 중흥로173번길 6,126.913118563257,35.1616397966742,전남광주통합특별시 북구 중흥로173번길 6,전남광주통합특별시,북구,중흥1동,1230051000,북구,중흥1동,성공,
전남광주통합특별시 북구 중흥로163번길 8-8,광주광역시 북구 중흥로163번길 8-8,광주광역시 북구 중흥로163번길 8-8,126.912407462995,35.1618154101915,전남광주통합특별시 북구 중흥로163번길 8-8,전남광주통합특별시,북구,중흥1동,1230051000,북구,중흥1동,성공,
전남광주통합특별시 북구 중흥로163번길 5,광주광역시 북구 중흥로163번길 5,광주광역시 북구 중흥로163번길 5,126.911779410436,35.1619241090573,전남광주통합특별시 북구 중흥로163번길 5,전남광주통합특별시,북구,중흥1동,1230051000,북구,중흥1동,성공,
전남광주통합특별시 북구 자미로6번길 23-5,광주광역시 북구 자미로6번길 23-5,광주광역시 북구 자미로6번길 23-5,126.905349569428,35.1662823728286,전남광주통합특별시 북구 자미로6번길 23-5,전남광주통합특별시,북구,신안동,1230058000,북구,신안동,성공,
전남광주통합특별시 북구 자미로26번길 9,광주광역시 북구 자미로26번길 9,광주광역시 북구 자미로26번길 9,126.9039119753,35.1682360164838,전남광주통합특별시 북구 자미로26번길 9,전남광주통합특별시,북구,신안동,1230058000,북구,신안동,성공,
전남광주통합특별시 북구 자동차로48번길 16,광주광역시 북구 자동차로48번길 16,광주광역시 북구 자동차로48번길 16,126.902218047395,35.1631784914051,전남광주통합특별시 북구 자동차로48번길 16,전남광주통합특별시,북구,신안동,1230058000,북구,신안동,성공,
전남광주통합특별시 북구 운신북길 137,광주광역시 북구 운신북길 137,광주광역시 북구 운신북길 137,126.88088234092,35.1724692467418,전남광주통합특별시 북구 운신북길 137,전남광주통합특별시,북구,운암2동,1230060200,북구,운암2동,성공,
전남광주통합특별시 북구 우치로311번길 13-3,광주광역시 북구 우치로311번길 13-3,광주광역시 북구 우치로311번길 13-3,126.903112875699,35.1920936476368,전남광주통합특별시 북구 우치로311번길 13-3,전남광주통합특별시,북구,오치2동,1230067700,북구,오치2동,성공,
전남광주통합특별시 북구 우치로2번길 9-12,광주광역시 북구 우치로2번길 9-12,광주광역시 북구 우치로2번길 9-12,126.911234357027,35.168174452009,전남광주통합특별시 북구 우치로2번길 9-12,전남광주통합특별시,북구,중흥동,1230053500,북구,중흥동,성공,
전남광주통합특별시 북구 우치로2번길 58,광주광역시 북구 우치로2번길 58,광주광역시 북구 우치로2번길 58,126.913244669499,35.1670215389704,전남광주통합특별시 북구 우치로2번길 58,전남광주통합특별시,북구,중흥동,1230053500,북구,중흥동,성공,
전남광주통합특별시 북구 우치로264번길 25,광주광역시 북구 우치로264번길 25,광주광역시 북구 우치로264번길 25,126.906806964426,35.188374582543,전남광주통합특별시 북구 우치로264번길 25,전남광주통합특별시,북구,오치1동,1230067600,북구,오치1동,성공,
전남광주통합특별시 북구 우치로264번길 23,광주광역시 북구 우치로264번길 23,광주광역시 북구 우치로264번길 23,126.906661920827,35.1883779861328,전남광주통합특별시 북구 우치로264번길 23,전남광주통합특별시,북구,오치1동,1230067600,북구,오치1동,성공,
전남광주통합특별시 북구 우치로257번길 20-3,광주광역시 북구 우치로257번길 20-3,광주광역시 북구 우치로257번길 20-3,126.902841091743,35.188151084663,전남광주통합특별시 북구 우치로257번길 20-3,전남광주통합특별시,북구,오치2동,1230067700,북구,오치2동,성공,
전남광주통합특별시 북구 연양로105번길 24-2,광주광역시 북구 연양로105번길 24-2,광주광역시 북구 연양로105번길 24-2,126.879752296718,35.2083362681449,전남광주통합특별시 북구 연양로105번길 24-2,전남광주통합특별시,북구,양산동,1230069600,북구,양산동,성공,
전남광주통합특별시 북구 연양로105번길 14,광주광역시 북구 연양로105번길 14,광주광역시 북구 연양로105번길 14,126.879386757685,35.2075536213312,전남광주통합특별시 북구 연양로105번길 14,전남광주통합특별시,북구,양산동,1230069600,북구,양산동,성공,
전남광주통합특별시 북구 연양로105번길 10,광주광역시 북구 연양로105번길 10,광주광역시 북구 연양로105번길 10,126.879302641083,35.2071782145798,전남광주통합특별시 북구 연양로105번길 10,전남광주통합특별시,북구,양산동,1230069600,북구,양산동,성공,
전남광주통합특별시 북구 어매마을길17번길 10,광주광역시 북구 어매마을길17번길 10,광주광역시 북구 어매마을길17번길 10,126.894449101298,35.1912255229864,전남광주통합특별시 북구 어매마을길17번길 10,전남광주통합특별시,북구,매곡동,1230067300,북구,매곡동,성공,
전남광주통합특별시 북구 양일로344번길 52,광주광역시 북구 양일로344번길 52,광주광역시 북구 양일로344번길 52,126.902113285864,35.2009450390137,전남광주통합특별시 북구 양일로344번길 52,전남광주통합특별시,북구,삼각동,1230066600,북구,삼각동,성공,
전남광주통합특별시 북구 양일로344번길 30-8,광주광역시 북구 양일로344번길 30-8,광주광역시 북구 양일로344번길 30-8,126.901383985197,35.201793431692,전남광주통합특별시 북구 양일로344번길 30-8,전남광주통합특별시,북구,삼각동,1230066600,북구,삼각동,성공,
전남광주통합특별시 북구 양산택지로79번길 38-9,광주광역시 북구 양산택지로79번길 38-9,광주광역시 북구 양산택지로79번길 38-9,126.878140471528,35.2150744204786,전남광주통합특별시 북구 양산택지로79번길 38-9,전남광주통합특별시,북구,건국동,1230069500,북구,건국동,성공,
전남광주통합특별시 북구 양산택지로79번길 38-7,광주광역시 북구 양산택지로79번길 38-7,광주광역시 북구 양산택지로79번길 38-7,126.878019983453,35.2148562623993,전남광주통합특별시 북구 양산택지로79번길 38-7,전남광주통합특별시,북구,건국동,1230069500,북구,건국동,성공,
전남광주통합특별시 북구 양산택지로79번길 38-10,광주광역시 북구 양산택지로79번길 38-10,광주광역시 북구 양산택지로79번길 38-10,126.878345174532,35.2148686676918,전남광주통합특별시 북구 양산택지로79번길 38-10,전남광주통합특별시,북구,건국동,1230069500,북구,건국동,성공,
전남광주통합특별시 북구 양산택지로79번길 34-3,광주광역시 북구 양산택지로79번길 34-3,광주광역시 북구 양산택지로79번길 34-3,126.878286298859,35.2144313632432,전남광주통합특별시 북구 양산택지로79번길 34-3,전남광주통합특별시,북구,건국동,1230069500,북구,건국동,성공,
전남광주통합특별시 북구 양산택지로37번길 97,광주광역시 북구 양산택지로37번길 97,광주광역시 북구 양산택지로37번길 97,126.87595213698,35.2072409876428,전남광주통합특별시 북구 양산택지로37번길 97,전남광주통합특별시,북구,양산동,1230069600,북구,양산동,성공,
전남광주통합특별시 북구 양산택지로37번길 68,광주광역시 북구 양산택지로37번길 68,광주광역시 북구 양산택지로37번길 68,126.874327426207,35.2083249003468,전남광주통합특별시 북구 양산택지로37번길 68,전남광주통합특별시,북구,양산동,1230069600,북구,양산동,성공,
전남광주통합특별시 북구 양산택지로37번길 30,광주광역시 북구 양산택지로37번길 30,광주광역시 북구 양산택지로37번길 30,126.876614352814,35.2104373164063,전남광주통합특별시 북구 양산택지로37번길 30,전남광주통합특별시,북구,양산동,1230069600,북구,양산동,성공,
전남광주통합특별시 북구 양산택지로33번길 25-5,광주광역시 북구 양산택지로33번길 25-5,광주광역시 북구 양산택지로33번길 25-5,126.876593054981,35.2092705853184,전남광주통합특별시 북구 양산택지로33번길 25-5,전남광주통합특별시,북구,양산동,1230069600,북구,양산동,성공,
전남광주통합특별시 북구 신촌로23번길 27,광주광역시 북구 신촌로23번길 27,광주광역시 북구 신촌로23번길 27,126.910524419548,35.189173282438,전남광주통합특별시 북구 신촌로23번길 27,전남광주통합특별시,북구,오치1동,1230067600,북구,오치1동,성공,
전남광주통합특별시 북구 신촌로23번길 20,광주광역시 북구 신촌로23번길 20,광주광역시 북구 신촌로23번길 20,126.910919122594,35.1893884564077,전남광주통합특별시 북구 신촌로23번길 20,전남광주통합특별시,북구,오치1동,1230067600,북구,오치1동,성공,
전남광주통합특별시 북구 송해로4번길 7-6,광주광역시 북구 송해로4번길 7-6,광주광역시 북구 송해로4번길 7-6,126.902168092964,35.1993792525113,전남광주통합특별시 북구 송해로4번길 7-6,전남광주통합특별시,북구,삼각동,1230066600,북구,삼각동,성공,
전남광주통합특별시 북구 설죽로471번길 82-8,광주광역시 북구 설죽로471번길 82-8,광주광역시 북구 설죽로471번길 82-8,126.897184584127,35.2014650913259,전남광주통합특별시 북구 설죽로471번길 82-8,전남광주통합특별시,북구,삼각동,1230066600,북구,삼각동,성공,
전남광주통합특별시 북구 설죽로471번길 78-7,광주광역시 북구 설죽로471번길 78-7,광주광역시 북구 설죽로471번길 78-7,126.897022208659,35.201435028431,전남광주통합특별시 북구 설죽로471번길 78-7,전남광주통합특별시,북구,삼각동,1230066600,북구,삼각동,성공,
전남광주통합특별시 북구 설죽로471번길 57-1,광주광역시 북구 설죽로471번길 57-1,광주광역시 북구 설죽로471번길 57-1,126.894588889513,35.2013299100298,전남광주통합특별시 북구 설죽로471번길 57-1,전남광주통합특별시,북구,삼각동,1230066600,북구,삼각동,성공,
전남광주통합특별시 북구 설죽로471번길 34-13,광주광역시 북구 설죽로471번길 34-13,광주광역시 북구 설죽로471번길 34-13,126.895396969097,35.2010986025077,전남광주통합특별시 북구 설죽로471번길 34-13,전남광주통합특별시,북구,삼각동,1230066600,북구,삼각동,성공,
전남광주통합특별시 북구 설죽로455번길 18-12,광주광역시 북구 설죽로455번길 18-12,광주광역시 북구 설죽로455번길 18-12,126.897752644839,35.2002399124173,전남광주통합특별시 북구 설죽로455번길 18-12,전남광주통합특별시,북구,삼각동,1230066600,북구,삼각동,성공,
전남광주통합특별시 북구 설죽로251번길 8-3,광주광역시 북구 설죽로251번길 8-3,광주광역시 북구 설죽로251번길 8-3,126.897637564266,35.1822046130185,전남광주통합특별시 북구 설죽로251번길 8-3,전남광주통합특별시,북구,용봉동,1230059000,북구,용봉동,성공,
전남광주통합특별시 북구 설죽로196번길 7,광주광역시 북구 설죽로196번길 7,광주광역시 북구 설죽로196번길 7,126.897814662983,35.1771948444252,전남광주통합특별시 북구 설죽로196번길 7,전남광주통합특별시,북구,용봉동,1230059000,북구,용봉동,성공,
전남광주통합특별시 북구 서하로274번길 9-13,광주광역시 북구 서하로274번길 9-13,광주광역시 북구 서하로274번길 9-13,126.911246122087,35.1866393831641,전남광주통합특별시 북구 서하로274번길 9-13,전남광주통합특별시,북구,오치1동,1230067600,북구,오치1동,성공,
전남광주통합특별시 북구 서암대로18번길 9-4,광주광역시 북구 서암대로18번길 9-4,광주광역시 북구 서암대로18번길 9-4,126.887079204583,35.172142220511,전남광주통합특별시 북구 서암대로18번길 9-4,전남광주통합특별시,북구,운암2동,1230060200,북구,운암2동,성공,
전남광주통합특별시 북구 서암대로160번길 20,광주광역시 북구 서암대로160번길 20,광주광역시 북구 서암대로160번길 20,126.901124819404,35.168350499547,전남광주통합특별시 북구 서암대로160번길 20,전남광주통합특별시,북구,신안동,1230058000,북구,신안동,성공,
전남광주통합특별시 북구 서방로181번길 76,광주광역시 북구 서방로181번길 76,광주광역시 북구 서방로181번길 76,126.931994861826,35.1722171352571,전남광주통합특별시 북구 서방로181번길 76,전남광주통합특별시,북구,두암2동,1230066200,북구,두암2동,성공,
전남광주통합특별시 북구 상촌로43번길 66,광주광역시 북구 상촌로43번길 66,광주광역시 북구 상촌로43번길 66,126.880913171168,35.2142412667003,전남광주통합특별시 북구 상촌로43번길 66,전남광주통합특별시,북구,건국동,1230069500,북구,건국동,성공,
전남광주통합특별시 북구 본촌택지로30번길 8-5,광주광역시 북구 본촌택지로30번길 8-5,광주광역시 북구 본촌택지로30번길 8-5,126.880652012997,35.2154296208502,전남광주통합특별시 북구 본촌택지로30번길 8-5,전남광주통합특별시,북구,건국동,1230069500,북구,건국동,성공,
전남광주통합특별시 북구 본촌마을길102번길 64,광주광역시 북구 본촌마을길102번길 64,광주광역시 북구 본촌마을길102번길 64,126.880217110831,35.2173519523875,전남광주통합특별시 북구 본촌마을길102번길 64,전남광주통합특별시,북구,건국동,1230069500,북구,건국동,성공,
전남광주통합특별시 북구 본촌마을길102번길 62,광주광역시 북구 본촌마을길102번길 62,광주광역시 북구 본촌마을길102번길 62,126.880066193254,35.2174301303298,전남광주통합특별시 북구 본촌마을길102번길 62,전남광주통합특별시,북구,건국동,1230069500,북구,건국동,성공,
전남광주통합특별시 북구 무등로164번길 23,광주광역시 북구 무등로164번길 23,광주광역시 북구 무등로164번길 23,126.901258281722,35.1650947223682,전남광주통합특별시 북구 무등로164번길 23,전남광주통합특별시,북구,신안동,1230058000,북구,신안동,성공,
전남광주통합특별시 북구 동문대로112번길 90,광주광역시 북구 동문대로112번길 90,광주광역시 북구 동문대로112번길 90,126.929949140497,35.1746242162621,전남광주통합특별시 북구 동문대로112번길 90,전남광주통합특별시,북구,두암2동,1230066200,북구,두암2동,성공,
전남광주통합특별시 북구 독립로367번길 49,광주광역시 북구 독립로367번길 49,광주광역시 북구 독립로367번길 49,126.912665248145,35.1638040840926,전남광주통합특별시 북구 독립로367번길 49,전남광주통합특별시,북구,중흥1동,1230051000,북구,중흥1동,성공,
전남광주통합특별시 북구 대천로157번길 13-10,광주광역시 북구 대천로157번길 13-10,광주광역시 북구 대천로157번길 13-10,126.920750691823,35.1881055398458,전남광주통합특별시 북구 대천로157번길 13-10,전남광주통합특별시,북구,문흥1동,1230065600,북구,문흥1동,성공,
전남광주통합특별시 북구 군왕로32번길 5-2,광주광역시 북구 군왕로32번길 5-2,광주광역시 북구 군왕로32번길 5-2,126.931543511019,35.1643124203719,전남광주통합특별시 북구 군왕로32번길 5-2,전남광주통합특별시,북구,풍향동,1230063500,북구,풍향동,성공,
전남광주통합특별시 북구 군왕로18번길 33,광주광역시 북구 군왕로18번길 33,광주광역시 북구 군왕로18번길 33,126.932353301031,35.1610488739343,전남광주통합특별시 북구 군왕로18번길 33,전남광주통합특별시,북구,두암3동,1230066300,북구,두암3동,성공,
전남광주통합특별시 북구 군왕로105번길 10-8,광주광역시 북구 군왕로105번길 10-8,광주광역시 북구 군왕로105번길 10-8,126.932177816581,35.1710731445109,전남광주통합특별시 북구 군왕로105번길 10-8,전남광주통합특별시,북구,두암1동,1230066100,북구,두암1동,성공,
전남광주통합특별시 북구 경열로211번길 30-3,광주광역시 북구 경열로211번길 30-3,광주광역시 북구 경열로211번길 30-3,126.904466028749,35.1588981984408,전남광주통합특별시 북구 경열로211번길 30-3,전남광주통합특별시,북구,중앙동,1230055500,북구,중앙동,성공,
전남광주통합특별시 북구 경양로97번길 26-8,광주광역시 북구 경양로97번길 26-8,광주광역시 북구 경양로97번길 26-8,126.903640343853,35.1632658009103,전남광주통합특별시 북구 경양로97번길 26-8,전남광주통합특별시,북구,신안동,1230058000,북구,신안동,성공,
전남광주통합특별시 북구 경양로183번길 8-8,광주광역시 북구 경양로183번길 8-8,광주광역시 북구 경양로183번길 8-8,126.912175961113,35.1600968915311,전남광주통합특별시 북구 경양로183번길 8-8,전남광주통합특별시,북구,중흥1동,1230051000,북구,중흥1동,성공,
전남광주통합특별시 북구 경양로183번길 8,광주광역시 북구 경양로183번길 8,광주광역시 북구 경양로183번길 8,126.911951999409,35.1601494584924,전남광주통합특별시 북구 경양로183번길 8,전남광주통합특별시,북구,중흥1동,1230051000,북구,중흥1동,성공,
전남광주통합특별시 북구 경양로183번길 30-6,광주광역시 북구 경양로183번길 30-6,광주광역시 북구 경양로183번길 30-6,126.912016400158,35.1609898424564,전남광주통합특별시 북구 경양로183번길 30-6,전남광주통합특별시,북구,중흥1동,1230051000,북구,중흥1동,성공,
전남광주통합특별시 북구 경양로119번길 10-8,광주광역시 북구 경양로119번길 10-8,광주광역시 북구 경양로119번길 10-8,126.905994632084,35.1617299323732,전남광주통합특별시 북구 경양로119번길 10-8,전남광주통합특별시,북구,신안동,1230058000,북구,신안동,성공,
전남광주통합특별시 북구 경양로103번길 27-5,광주광역시 북구 경양로103번길 27-5,광주광역시 북구 경양로103번길 27-5,126.903800321694,35.1632189672578,전남광주통합특별시 북구 경양로103번길 27-5,전남광주통합특별시,북구,신안동,1230058000,북구,신안동,성공,
전남광주통합특별시 북구 감적길 18,광주광역시 북구 감적길 18,광주광역시 북구 감적길 18,126.921304880515,35.1759772539671,전남광주통합특별시 북구 감적길 18,전남광주통합특별시,북구,우산동,1230062000,북구,우산동,성공,
전남광주통합특별시 북구 참판로 67,광주광역시 북구 참판로 67,광주광역시 북구 참판로 67,126.931676609295,35.1642341674294,전남광주통합특별시 북구 참판로 67,전남광주통합특별시,북구,풍향동,1230063500,북구,풍향동,성공,
전남광주통합특별시 북구 참판로 189,광주광역시 북구 참판로 189,광주광역시 북구 참판로 189,126.933696826695,35.1747447639135,전남광주통합특별시 북구 참판로 189,전남광주통합특별시,북구,두암2동,1230066200,북구,두암2동,성공,
전남광주통합특별시 북구 참판로 177,광주광역시 북구 참판로 177,광주광역시 북구 참판로 177,126.933472930715,35.1736062268566,전남광주통합특별시 북구 참판로 177,전남광주통합특별시,북구,두암2동,1230066200,북구,두암2동,성공,
전남광주통합특별시 북구 자라봉로 60,광주광역시 북구 자라봉로 60,광주광역시 북구 자라봉로 60,126.880287063965,35.2076336534904,전남광주통합특별시 북구 자라봉로 60,전남광주통합특별시,북구,양산동,1230069600,북구,양산동,성공,
전남광주통합특별시 북구 자라봉로 18,광주광역시 북구 자라봉로 18,광주광역시 북구 자라봉로 18,126.87565500739,35.2077155150264,전남광주통합특별시 북구 자라봉로 18,전남광주통합특별시,북구,양산동,1230069600,북구,양산동,성공,
전남광주통합특별시 북구 일곡마을로 82-7,광주광역시 북구 일곡마을로 82-7,광주광역시 북구 일곡마을로 82-7,126.892297779827,35.2059691387237,전남광주통합특별시 북구 일곡마을로 82-7,전남광주통합특별시,북구,일곡동,1230066900,북구,일곡동,성공,
전남광주통합특별시 북구 일곡로 19-1,광주광역시 북구 일곡로 19-1,광주광역시 북구 일곡로 19-1,126.890734726662,35.2074437925809,전남광주통합특별시 북구 일곡로 19-1,전남광주통합특별시,북구,일곡동,1230066900,북구,일곡동,성공,
전남광주통합특별시 북구 월동로 16-4,광주광역시 북구 월동로 16-4,광주광역시 북구 월동로 16-4,126.935309520818,35.1731335582504,전남광주통합특별시 북구 월동로 16-4,전남광주통합특별시,북구,두암2동,1230066200,북구,두암2동,성공,
전남광주통합특별시 북구 월동로 12,광주광역시 북구 월동로 12,광주광역시 북구 월동로 12,126.934994099282,35.1727677987852,전남광주통합특별시 북구 월동로 12,전남광주통합특별시,북구,두암2동,1230066200,북구,두암2동,성공,
전남광주통합특별시 북구 우치로 240-14,광주광역시 북구 우치로 240-14,광주광역시 북구 우치로 240-14,126.90581427743,35.1867803089116,전남광주통합특별시 북구 우치로 240-14,전남광주통합특별시,북구,오치1동,1230067600,북구,오치1동,성공,
전남광주통합특별시 북구 우치로 240-12,광주광역시 북구 우치로 240-12,광주광역시 북구 우치로 240-12,126.90565699313,35.1867375523931,전남광주통합특별시 북구 우치로 240-12,전남광주통합특별시,북구,오치1동,1230067600,북구,오치1동,성공,
전남광주통합특별시 북구 우치로 239-5,광주광역시 북구 우치로 239-5,광주광역시 북구 우치로 239-5,126.904862675265,35.1860473942548,전남광주통합특별시 북구 우치로 239-5,전남광주통합특별시,북구,오치2동,1230067700,북구,오치2동,성공,
전남광주통합특별시 북구 양산택지소로 43,광주광역시 북구 양산택지소로 43,광주광역시 북구 양산택지소로 43,126.882863642172,35.2159254505742,전남광주통합특별시 북구 양산택지소로 43,전남광주통합특별시,북구,건국동,1230069500,북구,건국동,성공,
전남광주통합특별시 북구 양산택지소로 35,광주광역시 북구 양산택지소로 35,광주광역시 북구 양산택지소로 35,126.883189400315,35.2152388459241,전남광주통합특별시 북구 양산택지소로 35,전남광주통합특별시,북구,건국동,1230069500,북구,건국동,성공,
전남광주통합특별시 북구 안산로 20-3,광주광역시 북구 안산로 20-3,광주광역시 북구 안산로 20-3,126.902627549409,35.1889717771124,전남광주통합특별시 북구 안산로 20-3,전남광주통합특별시,북구,오치2동,1230067700,북구,오치2동,성공,
전남광주통합특별시 북구 서하로 240-12,광주광역시 북구 서하로 240-12,광주광역시 북구 서하로 240-12,126.90697916712,35.1866022000425,전남광주통합특별시 북구 서하로 240-12,전남광주통합특별시,북구,오치1동,1230067600,북구,오치1동,성공,
전남광주통합특별시 북구 상촌로 42,광주광역시 북구 상촌로 42,광주광역시 북구 상촌로 42,126.879178784309,35.2114639278227,전남광주통합특별시 북구 상촌로 42,전남광주통합특별시,북구,양산동,1230069600,북구,양산동,성공,
전남광주통합특별시 북구 군왕로 109,광주광역시 북구 군왕로 109,광주광역시 북구 군왕로 109,126.932393269811,35.1711087784427,전남광주통합특별시 북구 군왕로 109,전남광주통합특별시,북구,두암1동,1230066100,북구,두암1동,성공,
전남광주통합특별시 북구 경양로 95,광주광역시 북구 경양로 95,광주광역시 북구 경양로 95,126.902500789676,35.1625374926506,전남광주통합특별시 북구 경양로 95,전남광주통합특별시,북구,신안동,1230058000,북구,신안동,성공,
전남광주통합특별시 북구 중흥로183번길 7-10,광주광역시 북구 중흥로183번길 7-10,광주광역시 북구 중흥로183번길 7-10,126.913594096899,35.1617947198342,전남광주통합특별시 북구 중흥로183번길 7-10,전남광주통합특별시,북구,중흥1동,1230051000,북구,중흥1동,성공,
전남광주통합특별시 북구 저불로91번길 3,광주광역시 북구 저불로91번길 3,광주광역시 북구 저불로91번길 3,126.89501264073,35.182479623232,전남광주통합특별시 북구 저불로91번길 3,전남광주통합특별시,북구,용봉동,1230059000,북구,용봉동,성공,
전남광주통합특별시 북구 우치로257번길 3,광주광역시 북구 우치로257번길 3,광주광역시 북구 우치로257번길 3,126.90477238376,35.1877776548878,전남광주통합특별시 북구 우치로257번길 3,전남광주통합특별시,북구,오치2동,1230067700,북구,오치2동,성공,
전남광주통합특별시 북구 우치로257번길 20-15,광주광역시 북구 우치로257번길 20-15,광주광역시 북구 우치로257번길 20-15,126.902768351878,35.1885663706596,전남광주통합특별시 북구 우치로257번길 20-15,전남광주통합특별시,북구,오치2동,1230067700,북구,오치2동,성공,
전남광주통합특별시 북구 일곡로 19,광주광역시 북구 일곡로 19,광주광역시 북구 일곡로 19,126.890580739744,35.2074570836708,전남광주통합특별시 북구 일곡로 19,전남광주통합특별시,북구,일곡동,1230066900,북구,일곡동,성공,
전남광주통합특별시 북구 안산로 20-12,광주광역시 북구 안산로 20-12,광주광역시 북구 안산로 20-12,126.902863666967,35.1887404086452,전남광주통합특별시 북구 안산로 20-12,전남광주통합특별시,북구,오치2동,1230067700,북구,오치2동,성공,
전남광주통합특별시 북구 중흥로173번길 8-7,광주광역시 북구 중흥로173번길 8-7,광주광역시 북구 중흥로173번길 8-7,126.913457655906,35.1618039064451,전남광주통합특별시 북구 중흥로173번길 8-7,전남광주통합특별시,북구,중흥1동,1230051000,북구,중흥1동,성공,
전남광주통합특별시 북구 우치로126번길 25-7,광주광역시 북구 우치로126번길 25-7,광주광역시 북구 우치로126번길 25-7,126.913370116629,35.1791449751235,전남광주통합특별시 북구 우치로126번길 25-7,전남광주통합특별시,북구,용봉동,1230059000,북구,용봉동,성공,
전남광주통합특별시 북구 양일로343번길 47-9,광주광역시 북구 양일로343번길 47-9,광주광역시 북구 양일로343번길 47-9,126.900264115939,35.2054694024659,전남광주통합특별시 북구 양일로343번길 47-9,전남광주통합특별시,북구,일곡동,1230066900,북구,일곡동,성공,
전남광주통합특별시 북구 송월로40번길 13-8,광주광역시 북구 송월로40번길 13-8,광주광역시 북구 송월로40번길 13-8,126.914370372002,35.1878110506369,전남광주통합특별시 북구 송월로40번길 13-8,전남광주통합특별시,북구,오치1동,1230067600,북구,오치1동,성공,
전남광주통합특별시 북구 설죽로251번길 71,광주광역시 북구 설죽로251번길 71,광주광역시 북구 설죽로251번길 71,126.894271054261,35.1820343393376,전남광주통합특별시 북구 설죽로251번길 71,전남광주통합특별시,북구,용봉동,1230059000,북구,용봉동,성공,
전남광주통합특별시 북구 설죽로251번길 69,광주광역시 북구 설죽로251번길 69,광주광역시 북구 설죽로251번길 69,126.894396366381,35.1819992957821,전남광주통합특별시 북구 설죽로251번길 69,전남광주통합특별시,북구,용봉동,1230059000,북구,용봉동,성공,
전남광주통합특별시 북구 부남길26번길 34-7,광주광역시 북구 부남길26번길 34-7,광주광역시 북구 부남길26번길 34-7,126.926923581735,35.1872548468074,전남광주통합특별시 북구 부남길26번길 34-7,전남광주통합특별시,북구,문흥1동,1230065600,북구,문흥1동,성공,
전남광주통합특별시 북구 부남길26번길 34-5,광주광역시 북구 부남길26번길 34-5,광주광역시 북구 부남길26번길 34-5,126.927028483604,35.1872003780589,전남광주통합특별시 북구 부남길26번길 34-5,전남광주통합특별시,북구,문흥1동,1230065600,북구,문흥1동,성공,
전남광주통합특별시 북구 부남길26번길 34-3,광주광역시 북구 부남길26번길 34-3,광주광역시 북구 부남길26번길 34-3,126.927134373073,35.1871463604908,전남광주통합특별시 북구 부남길26번길 34-3,전남광주통합특별시,북구,문흥1동,1230065600,북구,문흥1동,성공,
전남광주통합특별시 북구 문화소통로302번길 9,광주광역시 북구 문화소통로302번길 9,광주광역시 북구 문화소통로302번길 9,126.926870225111,35.1821038371067,전남광주통합특별시 북구 문화소통로302번길 9,전남광주통합특별시,북구,문화동,1230065000,북구,문화동,성공,
전남광주통합특별시 북구 문산로74번길 139-10,광주광역시 북구 문산로74번길 139-10,광주광역시 북구 문산로74번길 139-10,126.927329482857,35.1897290405106,전남광주통합특별시 북구 문산로74번길 139-10,전남광주통합특별시,북구,문흥1동,1230065600,북구,문흥1동,성공,
전남광주통합특별시 북구 무진성길 92,광주광역시 북구 무진성길 92,광주광역시 북구 무진성길 92,126.940204173626,35.16307520245,전남광주통합특별시 북구 무진성길 92,전남광주통합특별시,북구,두암3동,1230066300,북구,두암3동,성공,
전남광주통합특별시 북구 무진성길 81,광주광역시 북구 무진성길 81,광주광역시 북구 무진성길 81,126.939531030403,35.1631917746002,전남광주통합특별시 북구 무진성길 81,전남광주통합특별시,북구,두암3동,1230066300,북구,두암3동,성공,
전남광주통합특별시 북구 무진성길 2,광주광역시 북구 무진성길 2,광주광역시 북구 무진성길 2,126.940238862718,35.1603679871534,전남광주통합특별시 북구 무진성길 2,전남광주통합특별시,북구,두암3동,1230066300,북구,두암3동,성공,
전남광주통합특별시 북구 대천로157번길 96-3,광주광역시 북구 대천로157번길 96-3,광주광역시 북구 대천로157번길 96-3,126.922842530979,35.1905191869367,전남광주통합특별시 북구 대천로157번길 96-3,전남광주통합특별시,북구,문흥1동,1230065600,북구,문흥1동,성공,
전남광주통합특별시 북구 대천로157번길 96-17,광주광역시 북구 대천로157번길 96-17,광주광역시 북구 대천로157번길 96-17,126.922447094234,35.1899973203095,전남광주통합특별시 북구 대천로157번길 96-17,전남광주통합특별시,북구,문흥1동,1230065600,북구,문흥1동,성공,
전남광주통합특별시 북구 능안로29번길 7-4,광주광역시 북구 능안로29번길 7-4,광주광역시 북구 능안로29번길 7-4,126.916562132326,35.1876647581812,전남광주통합특별시 북구 능안로29번길 7-4,전남광주통합특별시,북구,오치1동,1230067600,북구,오치1동,성공,
전남광주통합특별시 북구 감적길 46-2,광주광역시 북구 감적길 46-2,광주광역시 북구 감적길 46-2,126.924203837149,35.1752356633557,전남광주통합특별시 북구 감적길 46-2,전남광주통합특별시,북구,우산동,1230062000,북구,우산동,성공,
전남광주통합특별시 북구 참판로 172,광주광역시 북구 참판로 172,광주광역시 북구 참판로 172,126.93418761144,35.1730093778018,전남광주통합특별시 북구 참판로 172,전남광주통합특별시,북구,두암2동,1230066200,북구,두암2동,성공,
전남광주통합특별시 북구 우치로361번길 25,광주광역시 북구 우치로361번길 25,광주광역시 북구 우치로361번길 25,126.901873101488,35.1972222552163,전남광주통합특별시 북구 우치로361번길 25,전남광주통합특별시,북구,삼각동,1230066600,북구,삼각동,성공,
전남광주통합특별시 북구 양일로344번길 42,광주광역시 북구 양일로344번길 42,광주광역시 북구 양일로344번길 42,126.901938718388,35.2013734911537,전남광주통합특별시 북구 양일로344번길 42,전남광주통합특별시,북구,삼각동,1230066600,북구,삼각동,성공,
전남광주통합특별시 북구 송월로49번길 15-8,광주광역시 북구 송월로49번길 15-8,광주광역시 북구 송월로49번길 15-8,126.912360457831,35.1880281915196,전남광주통합특별시 북구 송월로49번길 15-8,전남광주통합특별시,북구,오치1동,1230067600,북구,오치1동,성공,
전남광주통합특별시 북구 송월로49번길 15-5,광주광역시 북구 송월로49번길 15-5,광주광역시 북구 송월로49번길 15-5,126.912605994487,35.1880978634246,전남광주통합특별시 북구 송월로49번길 15-5,전남광주통합특별시,북구,오치1동,1230067600,북구,오치1동,성공,
전남광주통합특별시 북구 설죽로251번길 109-8,광주광역시 북구 설죽로251번길 109-8,광주광역시 북구 설죽로251번길 109-8,126.892399984467,35.1817636368793,전남광주통합특별시 북구 설죽로251번길 109-8,전남광주통합특별시,북구,용봉동,1230059000,북구,용봉동,성공,
전남광주통합특별시 북구 설죽로251번길 109-6,광주광역시 북구 설죽로251번길 109-6,광주광역시 북구 설죽로251번길 109-6,126.892270181556,35.1817903819022,전남광주통합특별시 북구 설죽로251번길 109-6,전남광주통합특별시,북구,용봉동,1230059000,북구,용봉동,성공,
전남광주통합특별시 북구 서하로315번길 51-9,광주광역시 북구 서하로315번길 51-9,광주광역시 북구 서하로315번길 51-9,126.914360106788,35.1892231963336,전남광주통합특별시 북구 서하로315번길 51-9,전남광주통합특별시,북구,오치1동,1230067600,북구,오치1동,성공,
전남광주통합특별시 북구 부남길 46,광주광역시 북구 부남길 46,광주광역시 북구 부남길 46,126.928120305607,35.1897820614463,전남광주통합특별시 북구 부남길 46,전남광주통합특별시,북구,문흥1동,1230065600,북구,문흥1동,성공,
전남광주통합특별시 북구 부남길 42-6,광주광역시 북구 부남길 42-6,광주광역시 북구 부남길 42-6,126.927969674697,35.1893963722878,전남광주통합특별시 북구 부남길 42-6,전남광주통합특별시,북구,문흥1동,1230065600,북구,문흥1동,성공,
전남광주통합특별시 북구 부남길 42,광주광역시 북구 부남길 42,광주광역시 북구 부남길 42,126.927889979856,35.1895007017732,전남광주통합특별시 북구 부남길 42,전남광주통합특별시,북구,문흥1동,1230065600,북구,문흥1동,성공,
전남광주통합특별시 북구 무진성길 83,광주광역시 북구 무진성길 83,광주광역시 북구 무진성길 83,126.939662179246,35.1632137430125,전남광주통합특별시 북구 무진성길 83,전남광주통합특별시,북구,두암3동,1230066300,북구,두암3동,성공,
전남광주통합특별시 북구 대천로157번길 51,광주광역시 북구 대천로157번길 51,광주광역시 북구 대천로157번길 51,126.921025973127,35.1897816992162,전남광주통합특별시 북구 대천로157번길 51,전남광주통합특별시,북구,문흥1동,1230065600,북구,문흥1동,성공,
전남광주통합특별시 북구 대천로157번길 49,광주광역시 북구 대천로157번길 49,광주광역시 북구 대천로157번길 49,126.920980812155,35.1897037025586,전남광주통합특별시 북구 대천로157번길 49,전남광주통합특별시,북구,문흥1동,1230065600,북구,문흥1동,성공,
전남광주통합특별시 북구 첨단연신로 245,광주광역시 북구 첨단연신로 245,광주광역시 북구 첨단연신로 245,126.859418007915,35.2078546772409,전남광주통합특별시 북구 첨단연신로 245,전남광주통합특별시,북구,신용동,1230069700,북구,신용동,성공,
전남광주통합특별시 북구 첨단연신로 250,광주광역시 북구 첨단연신로 250,광주광역시 북구 첨단연신로 250,126.858116059959,35.2065998291372,전남광주통합특별시 북구 첨단연신로 250,전남광주통합특별시,북구,신용동,1230069700,북구,신용동,성공,
전남광주통합특별시 북구 북문대로242번길 50,광주광역시 북구 북문대로242번길 50,광주광역시 북구 북문대로242번길 50,126.864974638244,35.1908746448104,전남광주통합특별시 북구 북문대로242번길 50,전남광주통합특별시,북구,동림동,1230061500,북구,동림동,성공,
전남광주통합특별시 북구 서하로194번길 6,광주광역시 북구 서하로194번길 6,광주광역시 북구 서하로194번길 6,126.900977743698,35.1854488449553,전남광주통합특별시 북구 서하로194번길 6,전남광주통합특별시,북구,오치2동,1230067700,북구,오치2동,성공,
전남광주통합특별시 북구 삼정로 10,광주광역시 북구 삼정로 10,광주광역시 북구 삼정로 10,126.937316158095,35.1630405725811,전남광주통합특별시 북구 삼정로 10,전남광주통합특별시,북구,두암3동,1230066300,북구,두암3동,성공,
전남광주통합특별시 북구 삼정로 7,광주광역시 북구 삼정로 7,광주광역시 북구 삼정로 7,126.934585798995,35.165290543171,전남광주통합특별시 북구 삼정로 7,전남광주통합특별시,북구,두암3동,1230066300,북구,두암3동,성공,
전남광주통합특별시 북구 중문로 55,광주광역시 북구 중문로 55,광주광역시 북구 중문로 55,126.918772575064,35.1780034548618,전남광주통합특별시 북구 중문로 55,전남광주통합특별시,북구,우산동,1230062000,북구,우산동,성공,
전남광주통합특별시 북구 매곡로69번길 22,광주광역시 북구 매곡로69번길 22,광주광역시 북구 매곡로69번길 22,126.891322932505,35.189468181237,전남광주통합특별시 북구 매곡로69번길 22,전남광주통합특별시,북구,매곡동,1230067300,북구,매곡동,성공,
전남광주통합특별시 북구 초당로 7,광주광역시 북구 초당로 7,광주광역시 북구 초당로 7,126.893064950578,35.1938399486513,전남광주통합특별시 북구 초당로 7,전남광주통합특별시,북구,매곡동,1230067300,북구,매곡동,성공,
전남광주통합특별시 북구 우치로311번길 20,광주광역시 북구 우치로311번길 20,광주광역시 북구 우치로311번길 20,126.902353784254,35.1925870703059,전남광주통합특별시 북구 우치로311번길 20,전남광주통합특별시,북구,오치2동,1230067700,북구,오치2동,성공,
전남광주통합특별시 북구 하서로483번길 22,광주광역시 북구 하서로483번길 22,광주광역시 북구 하서로483번길 22,126.875243054543,35.216769614041,전남광주통합특별시 북구 하서로483번길 22,전남광주통합특별시,북구,건국동,1230069500,북구,건국동,성공,
전남광주통합특별시 북구 유림로160번길 5,광주광역시 북구 유림로160번길 5,광주광역시 북구 유림로160번길 5,126.866473044246,35.1774603549403,전남광주통합특별시 북구 유림로160번길 5,전남광주통합특별시,북구,동림동,1230061500,북구,동림동,성공,
전남광주통합특별시 북구 양산제로 110,광주광역시 북구 양산제로 110,광주광역시 북구 양산제로 110,126.869537222655,35.2028874751062,전남광주통합특별시 북구 양산제로 110,전남광주통합특별시,북구,양산동,1230069600,북구,양산동,성공,
전남광주통합특별시 북구 연양로7번길 58,광주광역시 북구 연양로7번길 58,광주광역시 북구 연양로7번길 58,126.869122413647,35.2094819493621,전남광주통합특별시 북구 연양로7번길 58,전남광주통합특별시,북구,신용동,1230069700,북구,신용동,성공,
전남광주통합특별시 북구 매곡로 20,광주광역시 북구 매곡로 20,광주광역시 북구 매곡로 20,126.895515319091,35.1870558789417,전남광주통합특별시 북구 매곡로 20,전남광주통합특별시,북구,용봉동,1230059000,북구,용봉동,성공,
전남광주통합특별시 북구 하서로229번길 57,광주광역시 북구 하서로229번길 57,광주광역시 북구 하서로229번길 57,126.872816389891,35.1955002292519,전남광주통합특별시 북구 하서로229번길 57,전남광주통합특별시,북구,양산동,1230069600,북구,양산동,성공,
전남광주통합특별시 북구 상촌로43번길 30,광주광역시 북구 상촌로43번길 30,광주광역시 북구 상촌로43번길 30,126.880359816647,35.2123154353548,전남광주통합특별시 북구 상촌로43번길 30,전남광주통합특별시,북구,양산동,1230069600,북구,양산동,성공,
전남광주통합특별시 북구 오산정길19번길 16,광주광역시 북구 오산정길19번길 16,광주광역시 북구 오산정길19번길 16,126.90773504764,35.1888754550041,전남광주통합특별시 북구 오산정길19번길 16,전남광주통합특별시,북구,오치1동,1230067600,북구,오치1동,성공,
전남광주통합특별시 북구 양산택지로51번길 6,광주광역시 북구 양산택지로51번길 6,광주광역시 북구 양산택지로51번길 6,126.879590895717,35.2111375083723,전남광주통합특별시 북구 양산택지로51번길 6,전남광주통합특별시,북구,양산동,1230069600,북구,양산동,성공,
전남광주통합특별시 북구 양산택지로37번길 18,광주광역시 북구 양산택지로37번길 18,광주광역시 북구 양산택지로37번길 18,126.877720460344,35.2102511377045,전남광주통합특별시 북구 양산택지로37번길 18,전남광주통합특별시,북구,양산동,1230069600,북구,양산동,성공,
전남광주통합특별시 북구 양산택지로51번길 14,광주광역시 북구 양산택지로51번길 14,광주광역시 북구 양산택지로51번길 14,126.878954279781,35.2112549506233,전남광주통합특별시 북구 양산택지로51번길 14,전남광주통합특별시,북구,양산동,1230069600,북구,양산동,성공,
전남광주통합특별시 북구 양산택지로34번길 16,광주광역시 북구 양산택지로34번길 16,광주광역시 북구 양산택지로34번길 16,126.881238231383,35.2089121661831,전남광주통합특별시 북구 양산택지로34번길 16,전남광주통합특별시,북구,양산동,1230069600,북구,양산동,성공,
전남광주통합특별시 북구 저불로 21,광주광역시 북구 저불로 21,광주광역시 북구 저불로 21,126.893585717587,35.176679502887,전남광주통합특별시 북구 저불로 21,전남광주통합특별시,북구,용봉동,1230059000,북구,용봉동,성공,
전남광주통합특별시 북구 설죽로251번길 85,광주광역시 북구 설죽로251번길 85,광주광역시 북구 설죽로251번길 85,126.893569933232,35.1820513918621,전남광주통합특별시 북구 설죽로251번길 85,전남광주통합특별시,북구,용봉동,1230059000,북구,용봉동,성공,
전남광주통합특별시 북구 양산택지로51번길 8,광주광역시 북구 양산택지로51번길 8,광주광역시 북구 양산택지로51번길 8,126.879428312711,35.2111649279293,전남광주통합특별시 북구 양산택지로51번길 8,전남광주통합특별시,북구,양산동,1230069600,북구,양산동,성공,
전남광주통합특별시 북구 오문로58번길 9,광주광역시 북구 오문로58번길 9,광주광역시 북구 오문로58번길 9,126.911656911146,35.1899378318009,전남광주통합특별시 북구 오문로58번길 9,전남광주통합특별시,북구,오치1동,1230067600,북구,오치1동,성공,
전남광주통합특별시 북구 하서로466번길 88-3,광주광역시 북구 하서로466번길 88-3,광주광역시 북구 하서로466번길 88-3,126.881398181603,35.2141654884949,전남광주통합특별시 북구 하서로466번길 88-3,전남광주통합특별시,북구,건국동,1230069500,북구,건국동,성공,
전남광주통합특별시 북구 신촌로 30,광주광역시 북구 신촌로 30,광주광역시 북구 신촌로 30,126.912475575242,35.1898224218394,전남광주통합특별시 북구 신촌로 30,전남광주통합특별시,북구,오치1동,1230067600,북구,오치1동,성공,
전남광주통합특별시 북구 양산택지로51번길 10,광주광역시 북구 양산택지로51번길 10,광주광역시 북구 양산택지로51번길 10,126.879264939864,35.2112064976959,전남광주통합특별시 북구 양산택지로51번길 10,전남광주통합특별시,북구,양산동,1230069600,북구,양산동,성공,
전남광주통합특별시 북구 양산택지로51번길 12,광주광역시 북구 양산택지로51번길 12,광주광역시 북구 양산택지로51번길 12,126.879107303591,35.2112306768891,전남광주통합특별시 북구 양산택지로51번길 12,전남광주통합특별시,북구,양산동,1230069600,북구,양산동,성공,
전남광주통합특별시 북구 양산택지로34번길 14,광주광역시 북구 양산택지로34번길 14,광주광역시 북구 양산택지로34번길 14,126.881137921358,35.2089407307369,전남광주통합특별시 북구 양산택지로34번길 14,전남광주통합특별시,북구,양산동,1230069600,북구,양산동,성공,
전남광주통합특별시 북구 송해로4번길 13-4,광주광역시 북구 송해로4번길 13-4,광주광역시 북구 송해로4번길 13-4,126.902611682102,35.1992321486637,전남광주통합특별시 북구 송해로4번길 13-4,전남광주통합특별시,북구,삼각동,1230066600,북구,삼각동,성공,
전남광주통합특별시 북구 용두택지로 40,광주광역시 북구 용두택지로 40,광주광역시 북구 용두택지로 40,126.877681397722,35.2146211189225,전남광주통합특별시 북구 용두택지로 40,전남광주통합특별시,북구,건국동,1230069500,북구,건국동,성공,
전남광주통합특별시 북구 연양로81번길 7-5,광주광역시 북구 연양로81번길 7-5,광주광역시 북구 연양로81번길 7-5,126.875943790776,35.2073852855267,전남광주통합특별시 북구 연양로81번길 7-5,전남광주통합특별시,북구,양산동,1230069600,북구,양산동,성공,
전남광주통합특별시 북구 우치로303번길 25-13,광주광역시 북구 우치로303번길 25-13,광주광역시 북구 우치로303번길 25-13,126.903866259802,35.1902854998145,전남광주통합특별시 북구 우치로303번길 25-13,전남광주통합특별시,북구,오치2동,1230067700,북구,오치2동,성공,
전남광주통합특별시 북구 우치로303번길 25-11,광주광역시 북구 우치로303번길 25-11,광주광역시 북구 우치로303번길 25-11,126.903860220523,35.1904722557107,전남광주통합특별시 북구 우치로303번길 25-11,전남광주통합특별시,북구,오치2동,1230067700,북구,오치2동,성공,
전남광주통합특별시 북구 일곡마을로124번길 43,광주광역시 북구 일곡마을로124번길 43,광주광역시 북구 일곡마을로124번길 43,126.891928336126,35.2080506624718,전남광주통합특별시 북구 일곡마을로124번길 43,전남광주통합특별시,북구,일곡동,1230066900,북구,일곡동,성공,
전남광주통합특별시 북구 하백로46번길 9,광주광역시 북구 하백로46번길 9,광주광역시 북구 하백로46번길 9,126.891344444871,35.19178332964,전남광주통합특별시 북구 하백로46번길 9,전남광주통합특별시,북구,매곡동,1230067300,북구,매곡동,성공,
전남광주통합특별시 북구 설죽로471번길 65-1,광주광역시 북구 설죽로471번길 65-1,광주광역시 북구 설죽로471번길 65-1,126.895467536093,35.2015602463013,전남광주통합특별시 북구 설죽로471번길 65-1,전남광주통합특별시,북구,삼각동,1230066600,북구,삼각동,성공,
전남광주통합특별시 북구 우치로228번길 54-15,광주광역시 북구 우치로228번길 54-15,광주광역시 북구 우치로228번길 54-15,126.909004683774,35.1867495780664,전남광주통합특별시 북구 우치로228번길 54-15,전남광주통합특별시,북구,오치1동,1230067600,북구,오치1동,성공,
전남광주통합특별시 북구 우치로228번길 54-13,광주광역시 북구 우치로228번길 54-13,광주광역시 북구 우치로228번길 54-13,126.908866937696,35.1867098148652,전남광주통합특별시 북구 우치로228번길 54-13,전남광주통합특별시,북구,오치1동,1230067600,북구,오치1동,성공,
전남광주통합특별시 북구 서하로257번길 22,광주광역시 북구 서하로257번길 22,광주광역시 북구 서하로257번길 22,126.909609662484,35.187823815528,전남광주통합특별시 북구 서하로257번길 22,전남광주통합특별시,북구,오치1동,1230067600,북구,오치1동,성공,
전남광주통합특별시 북구 오산정길19번길 18,광주광역시 북구 오산정길19번길 18,광주광역시 북구 오산정길19번길 18,126.907560892656,35.188891726864,전남광주통합특별시 북구 오산정길19번길 18,전남광주통합특별시,북구,오치1동,1230067600,북구,오치1동,성공,
전남광주통합특별시 북구 오문로58번길 12,광주광역시 북구 오문로58번길 12,광주광역시 북구 오문로58번길 12,126.911388420372,35.1900720276545,전남광주통합특별시 북구 오문로58번길 12,전남광주통합특별시,북구,오치1동,1230067600,북구,오치1동,성공,
전남광주통합특별시 북구 서방로182번길 48,광주광역시 북구 서방로182번길 48,광주광역시 북구 서방로182번길 48,126.931636402015,35.1666358147734,전남광주통합특별시 북구 서방로182번길 48,전남광주통합특별시,북구,두암1동,1230066100,북구,두암1동,성공,
전남광주통합특별시 북구 동문대로122번길 71-1,광주광역시 북구 동문대로122번길 71-1,광주광역시 북구 동문대로122번길 71-1,126.929609361507,35.1720994974326,전남광주통합특별시 북구 동문대로122번길 71-1,전남광주통합특별시,북구,두암2동,1230066200,북구,두암2동,성공,
전남광주통합특별시 북구 동문대로122번길 69,광주광역시 북구 동문대로122번길 69,광주광역시 북구 동문대로122번길 69,126.929328862682,35.1721312421731,전남광주통합특별시 북구 동문대로122번길 69,전남광주통합특별시,북구,두암2동,1230066200,북구,두암2동,성공,
전남광주통합특별시 북구 동문대로122번길 71,광주광역시 북구 동문대로122번길 71,광주광역시 북구 동문대로122번길 71,126.929456091427,35.1722569655801,전남광주통합특별시 북구 동문대로122번길 71,전남광주통합특별시,북구,두암2동,1230066200,북구,두암2동,성공,
전남광주통합특별시 북구 서하로 405,광주광역시 북구 서하로 405,광주광역시 북구 서하로 405,126.92507640265,35.1847499328694,전남광주통합특별시 북구 서하로 405,전남광주통합특별시,북구,문흥1동,1230065600,북구,문흥1동,성공,
전남광주통합특별시 북구 고운로 19,광주광역시 북구 고운로 19,광주광역시 북구 고운로 19,126.900530480362,35.1824531836271,전남광주통합특별시 북구 고운로 19,전남광주통합특별시,북구,용봉동,1230059000,북구,용봉동,성공,
전남광주통합특별시 북구 고운로23번길 3-3,광주광역시 북구 고운로23번길 3-3,광주광역시 북구 고운로23번길 3-3,126.900544691754,35.1825933561278,전남광주통합특별시 북구 고운로23번길 3-3,전남광주통합특별시,북구,용봉동,1230059000,북구,용봉동,성공,
전남광주통합특별시 북구 저불로73번길 22-3,광주광역시 북구 저불로73번길 22-3,광주광역시 북구 저불로73번길 22-3,126.894153872217,35.1813873338732,전남광주통합특별시 북구 저불로73번길 22-3,전남광주통합특별시,북구,용봉동,1230059000,북구,용봉동,성공,
전남광주통합특별시 북구 저불로73번길 22-7,광주광역시 북구 저불로73번길 22-7,광주광역시 북구 저불로73번길 22-7,126.894171658497,35.1815559931074,전남광주통합특별시 북구 저불로73번길 22-7,전남광주통합특별시,북구,용봉동,1230059000,북구,용봉동,성공,
전남광주통합특별시 북구 중가로 33-5,광주광역시 북구 중가로 33-5,광주광역시 북구 중가로 33-5,126.904060468582,35.1604045901163,전남광주통합특별시 북구 중가로 33-5,전남광주통합특별시,북구,중앙동,1230055500,북구,중앙동,성공,
전남광주통합특별시 북구 경열로233번길 43,광주광역시 북구 경열로233번길 43,광주광역시 북구 경열로233번길 43,126.904450194631,35.160800414491,전남광주통합특별시 북구 경열로233번길 43,전남광주통합특별시,북구,중앙동,1230055500,북구,중앙동,성공,
전남광주통합특별시 광산구 임방울대로825번길 19,광주광역시 광산구 임방울대로825번길 19,광주광역시 광산구 임방울대로825번길 19,126.847680924101,35.2186830080569,전남광주통합특별시 광산구 임방울대로825번길 19,전남광주통합특별시,광산구,첨단1동,1233062400,광산구,첨단1동,성공,
전남광주통합특별시 광산구 도산로9번길 35,광주광역시 광산구 도산로9번길 35,광주광역시 광산구 도산로9번길 35,126.790919843115,35.1276534866027,전남광주통합특별시 광산구 도산로9번길 35,전남광주통합특별시,광산구,도산동,1233054000,광산구,도산동,성공,
전남광주통합특별시 광산구 임방울대로826번길 60-5,광주광역시 광산구 임방울대로826번길 60-5,광주광역시 광산구 임방울대로826번길 60-5,126.847603046119,35.2145129939707,전남광주통합특별시 광산구 임방울대로826번길 60-5,전남광주통합특별시,광산구,첨단2동,1233062600,북구,첨단2동,성공,
전남광주통합특별시 광산구 사암로171번길 90-4,광주광역시 광산구 사암로171번길 90-4,광주광역시 광산구 사암로171번길 90-4,126.803107083998,35.1603121508754,전남광주통합특별시 광산구 사암로171번길 90-4,전남광주통합특별시,광산구,우산동,1233058000,광산구,우산동,성공,
전남광주통합특별시 광산구 월계로 223-20,광주광역시 광산구 월계로 223-20,광주광역시 광산구 월계로 223-20,126.8505134574,35.2153446028769,전남광주통합특별시 광산구 월계로 223-20,전남광주통합특별시,광산구,첨단2동,1233062600,북구,첨단2동,성공,
전남광주통합특별시 광산구 첨단중앙로170번길 87,광주광역시 광산구 첨단중앙로170번길 87,광주광역시 광산구 첨단중앙로170번길 87,126.846704085506,35.2210547582684,전남광주통합특별시 광산구 첨단중앙로170번길 87,전남광주통합특별시,광산구,첨단1동,1233062400,광산구,첨단1동,성공,
전남광주통합특별시 광산구 첨단강변로99번길 21,광주광역시 광산구 첨단강변로99번길 21,광주광역시 광산구 첨단강변로99번길 21,126.851121342395,35.2151822074863,전남광주통합특별시 광산구 첨단강변로99번길 21,전남광주통합특별시,광산구,첨단2동,1233062600,북구,첨단2동,성공,
전남광주통합특별시 광산구 첨단중앙로152번길 17-12,광주광역시 광산구 첨단중앙로152번길 17-12,광주광역시 광산구 첨단중앙로152번길 17-12,126.843439296754,35.2201008282748,전남광주통합특별시 광산구 첨단중앙로152번길 17-12,전남광주통합특별시,광산구,첨단1동,1233062400,광산구,첨단1동,성공,
전남광주통합특별시 광산구 월계로 223-17,광주광역시 광산구 월계로 223-17,광주광역시 광산구 월계로 223-17,126.849591909788,35.2149009886412,전남광주통합특별시 광산구 월계로 223-17,전남광주통합특별시,광산구,첨단2동,1233062600,북구,첨단2동,성공,
전남광주통합특별시 광산구 첨단중앙로106번길 65-11,광주광역시 광산구 첨단중앙로106번길 65-11,광주광역시 광산구 첨단중앙로106번길 65-11,126.846537480282,35.2158501532566,전남광주통합특별시 광산구 첨단중앙로106번길 65-11,전남광주통합특별시,광산구,첨단2동,1233062600,북구,첨단2동,성공,
전남광주통합특별시 광산구 첨단중앙로182번길 50,광주광역시 광산구 첨단중앙로182번길 50,광주광역시 광산구 첨단중앙로182번길 50,126.846882737504,35.2215527095,전남광주통합특별시 광산구 첨단중앙로182번길 50,전남광주통합특별시,광산구,첨단1동,1233062400,광산구,첨단1동,성공,
전남광주통합특별시 광산구 첨단중앙로152번길 17-6,광주광역시 광산구 첨단중앙로152번길 17-6,광주광역시 광산구 첨단중앙로152번길 17-6,126.843458813877,35.2193749065476,전남광주통합특별시 광산구 첨단중앙로152번길 17-6,전남광주통합특별시,광산구,첨단1동,1233062400,광산구,첨단1동,성공,
전남광주통합특별시 광산구 첨단중앙로106번길 65-4,광주광역시 광산구 첨단중앙로106번길 65-4,광주광역시 광산구 첨단중앙로106번길 65-4,126.847002100207,35.2151320947123,전남광주통합특별시 광산구 첨단중앙로106번길 65-4,전남광주통합특별시,광산구,첨단2동,1233062600,북구,첨단2동,성공,
전남광주통합특별시 광산구 하남울로 51,광주광역시 광산구 하남울로 51,광주광역시 광산구 하남울로 51,126.8018480489,35.1849731793795,전남광주통합특별시 광산구 하남울로 51,전남광주통합특별시,광산구,하남동,1233064000,광산구,하남동,성공,
전남광주통합특별시 광산구 첨단중앙로152번길 6-13,광주광역시 광산구 첨단중앙로152번길 6-13,광주광역시 광산구 첨단중앙로152번길 6-13,126.843560505087,35.2186400774434,전남광주통합특별시 광산구 첨단중앙로152번길 6-13,전남광주통합특별시,광산구,첨단1동,1233062400,광산구,첨단1동,성공,
전남광주통합특별시 광산구 신가삼효로 25-1,광주광역시 광산구 신가삼효로 25-1,광주광역시 광산구 신가삼효로 25-1,126.83522307794,35.1867773099043,전남광주통합특별시 광산구 신가삼효로 25-1,전남광주통합특별시,광산구,신가동,1233063000,광산구,신가동,성공,
전남광주통합특별시 광산구 도산로12번길 17-55,광주광역시 광산구 도산로12번길 17-55,광주광역시 광산구 도산로12번길 17-55,126.792721149164,35.1308034163294,전남광주통합특별시 광산구 도산로12번길 17-55,전남광주통합특별시,광산구,도산동,1233054000,광산구,도산동,성공,
전남광주통합특별시 광산구 선암1로 43,광주광역시 광산구 선암1로 43,광주광역시 광산구 선암1로 43,126.782817515745,35.1507805890185,전남광주통합특별시 광산구 선암1로 43,전남광주통합특별시,광산구,어룡동,1233056500,광산구,어룡동,성공,
전남광주통합특별시 광산구 선운중앙로 89,광주광역시 광산구 선운중앙로 89,광주광역시 광산구 선운중앙로 89,126.781676295863,35.1483920099678,전남광주통합특별시 광산구 선운중앙로 89,전남광주통합특별시,광산구,어룡동,1233056500,광산구,어룡동,성공,
전남광주통합특별시 광산구 목련로219번길 76,광주광역시 광산구 목련로219번길 76,광주광역시 광산구 목련로219번길 76,126.823232718727,35.175097049085,전남광주통합특별시 광산구 목련로219번길 76,전남광주통합특별시,광산구,운남동,1233063500,광산구,운남동,성공,
전남광주통합특별시 광산구 산정공원로28번길 7-2,광주광역시 광산구 산정공원로28번길 7-2,광주광역시 광산구 산정공원로28번길 7-2,126.806763340875,35.1703753802398,전남광주통합특별시 광산구 산정공원로28번길 7-2,전남광주통합특별시,광산구,월곡2동,1233061000,광산구,월곡2동,성공,
전남광주통합특별시 광산구 신창로48번길 56,광주광역시 광산구 신창로48번길 56,광주광역시 광산구 신창로48번길 56,126.84009349036,35.189361080473,전남광주통합특별시 광산구 신창로48번길 56,전남광주통합특별시,광산구,신창동,1233070000,광산구,신창동,성공,
전남광주통합특별시 광산구 도산로38번길 15,광주광역시 광산구 도산로38번길 15,광주광역시 광산구 도산로38번길 15,126.791300971029,35.1317026114446,전남광주통합특별시 광산구 도산로38번길 15,전남광주통합특별시,광산구,도산동,1233054000,광산구,도산동,성공,
전남광주통합특별시 광산구 선암로 19,광주광역시 광산구 선암로 19,광주광역시 광산구 선암로 19,126.786208775882,35.1495482429991,전남광주통합특별시 광산구 선암로 19,전남광주통합특별시,광산구,어룡동,1233056500,광산구,어룡동,성공,
전남광주통합특별시 광산구 하남마항로29번길 39,광주광역시 광산구 하남마항로29번길 39,광주광역시 광산구 하남마항로29번길 39,126.796348644929,35.1844855284195,전남광주통합특별시 광산구 하남마항로29번길 39,전남광주통합특별시,광산구,하남동,1233064000,광산구,하남동,성공,
전남광주통합특별시 광산구 사암로92번길 99-33,광주광역시 광산구 사암로92번길 99-33,광주광역시 광산구 사암로92번길 99-33,126.812621002074,35.1530724747533,전남광주통합특별시 광산구 사암로92번길 99-33,전남광주통합특별시,광산구,우산동,1233058000,광산구,우산동,성공,
전남광주통합특별시 광산구 내상로33번길 42,광주광역시 광산구 내상로33번길 42,광주광역시 광산구 내상로33번길 42,126.799162312029,35.139310764828,전남광주통합특별시 광산구 내상로33번길 42,전남광주통합특별시,광산구,송정2동,1233052500,광산구,송정2동,성공,
전남광주통합특별시 광산구 목련로382번길 94-11,광주광역시 광산구 목련로382번길 94-11,광주광역시 광산구 목련로382번길 94-11,126.836586645416,35.1804465985407,전남광주통합특별시 광산구 목련로382번길 94-11,전남광주통합특별시,광산구,신가동,1233063000,광산구,신가동,성공,
전남광주통합특별시 광산구 사암로130번길 35,광주광역시 광산구 사암로130번길 35,광주광역시 광산구 사암로130번길 35,126.80958666671,35.1560051822831,전남광주통합특별시 광산구 사암로130번길 35,전남광주통합특별시,광산구,우산동,1233058000,광산구,우산동,성공,
전남광주통합특별시 광산구 소촌로 100,광주광역시 광산구 소촌로 100,광주광역시 광산구 소촌로 100,126.793123163434,35.153438973099,전남광주통합특별시 광산구 소촌로 100,전남광주통합특별시,광산구,어룡동,1233056500,광산구,어룡동,성공,
전남광주통합특별시 광산구 목련로 15,광주광역시 광산구 목련로 15,광주광역시 광산구 목련로 15,126.798653813522,35.1737934545542,전남광주통합특별시 광산구 목련로 15,전남광주통합특별시,광산구,하남동,1233064000,광산구,하남동,성공,
전남광주통합특별시 광산구 용아로379번길 25-2,광주광역시 광산구 용아로379번길 25-2,광주광역시 광산구 용아로379번길 25-2,126.803168613813,35.1755452684431,전남광주통합특별시 광산구 용아로379번길 25-2,전남광주통합특별시,광산구,하남동,1233064000,광산구,하남동,성공,
전남광주통합특별시 광산구 목련로 41,광주광역시 광산구 목련로 41,광주광역시 광산구 목련로 41,126.802135488901,35.1751846654906,전남광주통합특별시 광산구 목련로 41,전남광주통합특별시,광산구,하남동,1233064000,광산구,하남동,성공,
전남광주통합특별시 광산구 신창로161번길 34,광주광역시 광산구 신창로161번길 34,광주광역시 광산구 신창로161번길 34,126.838109669791,35.1996082738902,전남광주통합특별시 광산구 신창로161번길 34,전남광주통합특별시,광산구,신창동,1233070000,광산구,신창동,성공,
전남광주통합특별시 광산구 우산로73번길 11,광주광역시 광산구 우산로73번길 11,광주광역시 광산구 우산로73번길 11,126.808172931074,35.1576049365165,전남광주통합특별시 광산구 우산로73번길 11,전남광주통합특별시,광산구,우산동,1233058000,광산구,우산동,성공,
전남광주통합특별시 광산구 내상로33번길 40,광주광역시 광산구 내상로33번길 40,광주광역시 광산구 내상로33번길 40,126.798844373494,35.1396444620859,전남광주통합특별시 광산구 내상로33번길 40,전남광주통합특별시,광산구,송정2동,1233052500,광산구,송정2동,성공,
전남광주통합특별시 광산구 송정로52번길 86,광주광역시 광산구 송정로52번길 86,광주광역시 광산구 송정로52번길 86,126.793834578116,35.1320610027376,전남광주통합특별시 광산구 송정로52번길 86,전남광주통합특별시,광산구,도산동,1233054000,광산구,도산동,성공,
전남광주통합특별시 광산구 무진대로 278-11,광주광역시 광산구 무진대로 278-11,광주광역시 광산구 무진대로 278-11,126.811158448516,35.1603151432274,전남광주통합특별시 광산구 무진대로 278-11,전남광주통합특별시,광산구,우산동,1233058000,광산구,우산동,성공,
전남광주통합특별시 광산구 선운중앙로 45,광주광역시 광산구 선운중앙로 45,광주광역시 광산구 선운중앙로 45,126.777913266073,35.1497235091976,전남광주통합특별시 광산구 선운중앙로 45,전남광주통합특별시,광산구,어룡동,1233056500,광산구,어룡동,성공,
전남광주통합특별시 광산구 송도로212번길 15,광주광역시 광산구 송도로212번길 15,광주광역시 광산구 송도로212번길 15,126.796773148105,35.1325222352515,전남광주통합특별시 광산구 송도로212번길 15,전남광주통합특별시,광산구,도산동,1233054000,광산구,도산동,성공,
전남광주통합특별시 광산구 평동로1120번길 70-6,광주광역시 광산구 평동로1120번길 70-6,광주광역시 광산구 평동로1120번길 70-6,126.786041511461,35.1321513323297,전남광주통합특별시 광산구 평동로1120번길 70-6,전남광주통합특별시,광산구,도산동,1233054000,광산구,도산동,성공,
전남광주통합특별시 광산구 금봉로64번길 6,광주광역시 광산구 금봉로64번길 6,광주광역시 광산구 금봉로64번길 6,126.805297662177,35.151405582148,전남광주통합특별시 광산구 금봉로64번길 6,전남광주통합특별시,광산구,어룡동,1233056500,광산구,어룡동,성공,
전남광주통합특별시 광산구 신창로71번길 33,광주광역시 광산구 신창로71번길 33,광주광역시 광산구 신창로71번길 33,126.833518193225,35.193621752374,전남광주통합특별시 광산구 신창로71번길 33,전남광주통합특별시,광산구,신창동,1233070000,광산구,신창동,성공,
전남광주통합특별시 광산구 신창로35번길 20,광주광역시 광산구 신창로35번길 20,광주광역시 광산구 신창로35번길 20,126.835415274512,35.1902330925715,전남광주통합특별시 광산구 신창로35번길 20,전남광주통합특별시,광산구,신가동,1233063000,광산구,신가동,성공,
전남광주통합특별시 광산구 신창로35번길 80,광주광역시 광산구 신창로35번길 80,광주광역시 광산구 신창로35번길 80,126.833335884327,35.1862734844775,전남광주통합특별시 광산구 신창로35번길 80,전남광주통합특별시,광산구,신가동,1233063000,광산구,신가동,성공,
전남광주통합특별시 광산구 신창로71번길 16,광주광역시 광산구 신창로71번길 16,광주광역시 광산구 신창로71번길 16,126.836401611775,35.1935076947304,전남광주통합특별시 광산구 신창로71번길 16,전남광주통합특별시,광산구,신창동,1233070000,광산구,신창동,성공,
전남광주통합특별시 광산구 장신로 306,광주광역시 광산구 장신로 306,광주광역시 광산구 장신로 306,126.843416614981,35.1911247753858,전남광주통합특별시 광산구 장신로 306,전남광주통합특별시,광산구,신창동,1233070000,광산구,신창동,성공,
전남광주통합특별시 광산구 월곡산정로 12,광주광역시 광산구 월곡산정로 12,광주광역시 광산구 월곡산정로 12,126.803869984153,35.1663117412225,전남광주통합특별시 광산구 월곡산정로 12,전남광주통합특별시,광산구,우산동,1233058000,광산구,우산동,성공,
전남광주통합특별시 광산구 선운로 55,광주광역시 광산구 선운로 55,광주광역시 광산구 선운로 55,126.774111606736,35.1500971254473,전남광주통합특별시 광산구 선운로 55,전남광주통합특별시,광산구,어룡동,1233056500,광산구,어룡동,성공,
전남광주통합특별시 광산구 장덕로5번길 16,광주광역시 광산구 장덕로5번길 16,광주광역시 광산구 장덕로5번길 16,126.811287170485,35.197707791753,전남광주통합특별시 광산구 장덕로5번길 16,전남광주통합특별시,광산구,수완동,1233063700,광산구,수완동,성공,
전남광주통합특별시 광산구 선운로20번길 47,광주광역시 광산구 선운로20번길 47,광주광역시 광산구 선운로20번길 47,126.775498992851,35.1471779487939,전남광주통합특별시 광산구 선운로20번길 47,전남광주통합특별시,광산구,어룡동,1233056500,광산구,어룡동,성공,
전남광주통합특별시 광산구 선운중앙로 43,광주광역시 광산구 선운중앙로 43,광주광역시 광산구 선운중앙로 43,126.776055287596,35.1496528481647,전남광주통합특별시 광산구 선운중앙로 43,전남광주통합특별시,광산구,어룡동,1233056500,광산구,어룡동,성공,
전남광주통합특별시 광산구 산월로 64,광주광역시 광산구 산월로 64,광주광역시 광산구 산월로 64,126.843641975465,35.2078859888343,전남광주통합특별시 광산구 산월로 64,전남광주통합특별시,광산구,첨단2동,1233062600,북구,첨단2동,성공,
전남광주통합특별시 광산구 선운로 33,광주광역시 광산구 선운로 33,광주광역시 광산구 선운로 33,126.771870509341,35.149790160374,전남광주통합특별시 광산구 선운로 33,전남광주통합특별시,광산구,어룡동,1233056500,광산구,어룡동,성공,
전남광주통합특별시 광산구 장덕로6번길 35,광주광역시 광산구 장덕로6번길 35,광주광역시 광산구 장덕로6번길 35,126.811096236025,35.1963231068099,전남광주통합특별시 광산구 장덕로6번길 35,전남광주통합특별시,광산구,수완동,1233063700,광산구,수완동,성공,
전남광주통합특별시 광산구 송도로226번길 41,광주광역시 광산구 송도로226번길 41,광주광역시 광산구 송도로226번길 41,126.79729142918,35.1324929076042,전남광주통합특별시 광산구 송도로226번길 41,전남광주통합특별시,광산구,송정1동,1233051500,광산구,송정1동,성공,
전남광주통합특별시 광산구 장덕로6번길 59,광주광역시 광산구 장덕로6번길 59,광주광역시 광산구 장덕로6번길 59,126.811141388481,35.1938938513062,전남광주통합특별시 광산구 장덕로6번길 59,전남광주통합특별시,광산구,수완동,1233063700,광산구,수완동,성공,
전남광주통합특별시 광산구 사암로118번길 117-13,광주광역시 광산구 사암로118번길 117-13,광주광역시 광산구 사암로118번길 117-13,126.813810026516,35.1552328820094,전남광주통합특별시 광산구 사암로118번길 117-13,전남광주통합특별시,광산구,우산동,1233058000,광산구,우산동,성공,
전남광주통합특별시 광산구 신창로35번길 85-6,광주광역시 광산구 신창로35번길 85-6,광주광역시 광산구 신창로35번길 85-6,126.83427665476,35.1869967602705,전남광주통합특별시 광산구 신창로35번길 85-6,전남광주통합특별시,광산구,신가동,1233063000,광산구,신가동,성공,
전남광주통합특별시 광산구 신가삼효로 19-7,광주광역시 광산구 신가삼효로 19-7,광주광역시 광산구 신가삼효로 19-7,126.834472361847,35.1868071125409,전남광주통합특별시 광산구 신가삼효로 19-7,전남광주통합특별시,광산구,신가동,1233063000,광산구,신가동,성공,
전남광주통합특별시 광산구 신창로35번길 29-19,광주광역시 광산구 신창로35번길 29-19,광주광역시 광산구 신창로35번길 29-19,126.835216958348,35.187361289057,전남광주통합특별시 광산구 신창로35번길 29-19,전남광주통합특별시,광산구,신가동,1233063000,광산구,신가동,성공,
전남광주통합특별시 광산구 장신로 326,광주광역시 광산구 장신로 326,광주광역시 광산구 장신로 326,126.844950098684,35.1926689646565,전남광주통합특별시 광산구 장신로 326,전남광주통합특별시,광산구,신창동,1233070000,광산구,신창동,성공,
전남광주통합특별시 광산구 풍영로101번길 22,광주광역시 광산구 풍영로101번길 22,광주광역시 광산구 풍영로101번길 22,126.811727556887,35.1814519344181,전남광주통합특별시 광산구 풍영로101번길 22,전남광주통합특별시,광산구,수완동,1233063700,광산구,수완동,성공,
전남광주통합특별시 광산구 왕버들로251번길 27,광주광역시 광산구 왕버들로251번길 27,광주광역시 광산구 왕버들로251번길 27,126.83519926638,35.197645438385,전남광주통합특별시 광산구 왕버들로251번길 27,전남광주통합특별시,광산구,신창동,1233070000,광산구,신창동,성공,
전남광주통합특별시 광산구 첨단중앙로152번길 6-8,광주광역시 광산구 첨단중앙로152번길 6-8,광주광역시 광산구 첨단중앙로152번길 6-8,126.84256787705,35.2182056020191,전남광주통합특별시 광산구 첨단중앙로152번길 6-8,전남광주통합특별시,광산구,첨단1동,1233062400,광산구,첨단1동,성공,
전남광주통합특별시 광산구 임방울대로800번길 11-5,광주광역시 광산구 임방울대로800번길 11-5,광주광역시 광산구 임방울대로800번길 11-5,126.846814325134,35.2172173111788,전남광주통합특별시 광산구 임방울대로800번길 11-5,전남광주통합특별시,광산구,첨단2동,1233062600,북구,첨단2동,성공,
전남광주통합특별시 광산구 임방울대로825번길 9,광주광역시 광산구 임방울대로825번길 9,광주광역시 광산구 임방울대로825번길 9,126.848319894905,35.2182406165629,전남광주통합특별시 광산구 임방울대로825번길 9,전남광주통합특별시,광산구,첨단1동,1233062400,광산구,첨단1동,성공,
전남광주통합특별시 광산구 광산로20번길 28,광주광역시 광산구 광산로20번길 28,광주광역시 광산구 광산로20번길 28,126.794441194169,35.1371779804403,전남광주통합특별시 광산구 광산로20번길 28,전남광주통합특별시,광산구,송정2동,1233052500,광산구,송정2동,성공,
전남광주통합특별시 광산구 목련로 42,광주광역시 광산구 목련로 42,광주광역시 광산구 목련로 42,126.802197351514,35.1723960619297,전남광주통합특별시 광산구 목련로 42,전남광주통합특별시,광산구,하남동,1233064000,광산구,하남동,성공,
전남광주통합특별시 광산구 소촌로86번길 20-17,광주광역시 광산구 소촌로86번길 20-17,광주광역시 광산구 소촌로86번길 20-17,126.796594840375,35.1503918581698,전남광주통합특별시 광산구 소촌로86번길 20-17,전남광주통합특별시,광산구,어룡동,1233056500,광산구,어룡동,성공,
전남광주통합특별시 광산구 신창로161번길 19,광주광역시 광산구 신창로161번길 19,광주광역시 광산구 신창로161번길 19,126.838974868774,35.1989391816937,전남광주통합특별시 광산구 신창로161번길 19,전남광주통합특별시,광산구,신창동,1233070000,광산구,신창동,성공,
전남광주통합특별시 광산구 신창로35번길 54,광주광역시 광산구 신창로35번길 54,광주광역시 광산구 신창로35번길 54,126.833221162426,35.1901368909529,전남광주통합특별시 광산구 신창로35번길 54,전남광주통합특별시,광산구,신가동,1233063000,광산구,신가동,성공,
전남광주통합특별시 광산구 무진대로 246-7,광주광역시 광산구 무진대로 246-7,광주광역시 광산구 무진대로 246-7,126.807610281504,35.1606100734667,전남광주통합특별시 광산구 무진대로 246-7,전남광주통합특별시,광산구,우산동,1233058000,광산구,우산동,성공,
전남광주통합특별시 광산구 장신로265번길 22,광주광역시 광산구 장신로265번길 22,광주광역시 광산구 장신로265번길 22,126.840029327341,35.1926874420338,전남광주통합특별시 광산구 장신로265번길 22,전남광주통합특별시,광산구,신창동,1233070000,광산구,신창동,성공,
전남광주통합특별시 광산구 송도로320번길 1-16,광주광역시 광산구 송도로320번길 1-16,광주광역시 광산구 송도로320번길 1-16,126.803007429553,35.1418681975127,전남광주통합특별시 광산구 송도로320번길 1-16,전남광주통합특별시,광산구,신흥동,1233055000,광산구,신흥동,성공,
전남광주통합특별시 광산구 산월로 81,광주광역시 광산구 산월로 81,광주광역시 광산구 산월로 81,126.845868163136,35.2100389263604,전남광주통합특별시 광산구 산월로 81,전남광주통합특별시,광산구,첨단2동,1233062600,북구,첨단2동,성공,
전남광주통합특별시 광산구 소촌로46번길 33,광주광역시 광산구 소촌로46번길 33,광주광역시 광산구 소촌로46번길 33,126.79452283171,35.1498835109234,전남광주통합특별시 광산구 소촌로46번길 33,전남광주통합특별시,광산구,어룡동,1233056500,광산구,어룡동,성공,
전남광주통합특별시 광산구 어등대로665번길 18-6,광주광역시 광산구 어등대로665번길 18-6,광주광역시 광산구 어등대로665번길 18-6,126.791965572528,35.1457504704695,전남광주통합특별시 광산구 어등대로665번길 18-6,전남광주통합특별시,광산구,어룡동,1233056500,광산구,어룡동,성공,
전남광주통합특별시 광산구 용아로 175-6,광주광역시 광산구 용아로 175-6,광주광역시 광산구 용아로 175-6,126.800266370978,35.160389524537,전남광주통합특별시 광산구 용아로 175-6,전남광주통합특별시,광산구,우산동,1233058000,광산구,우산동,성공,
전남광주통합특별시 광산구 금봉로59번길 19,광주광역시 광산구 금봉로59번길 19,광주광역시 광산구 금봉로59번길 19,126.804939029771,35.1527324368033,전남광주통합특별시 광산구 금봉로59번길 19,전남광주통합특별시,광산구,어룡동,1233056500,광산구,어룡동,성공,
전남광주통합특별시 광산구 목련로382번길 94-13,광주광역시 광산구 목련로382번길 94-13,광주광역시 광산구 목련로382번길 94-13,126.836482657937,35.1803476696548,전남광주통합특별시 광산구 목련로382번길 94-13,전남광주통합특별시,광산구,신가동,1233063000,광산구,신가동,성공,
전남광주통합특별시 광산구 어등대로577번길 45,광주광역시 광산구 어등대로577번길 45,광주광역시 광산구 어등대로577번길 45,126.785211986984,35.1551416638618,전남광주통합특별시 광산구 어등대로577번길 45,전남광주통합특별시,광산구,어룡동,1233056500,광산구,어룡동,성공,
전남광주통합특별시 광산구 소촌로 90-16,광주광역시 광산구 소촌로 90-16,광주광역시 광산구 소촌로 90-16,126.794086426778,35.1525665664222,전남광주통합특별시 광산구 소촌로 90-16,전남광주통합특별시,광산구,어룡동,1233056500,광산구,어룡동,성공,
전남광주통합특별시 광산구 송도로 348-1,광주광역시 광산구 송도로 348-1,광주광역시 광산구 송도로 348-1,126.804111181641,35.1431712808359,전남광주통합특별시 광산구 송도로 348-1,전남광주통합특별시,광산구,신흥동,1233055000,광산구,신흥동,성공,
전남광주통합특별시 광산구 송도로 348-2,광주광역시 광산구 송도로 348-2,광주광역시 광산구 송도로 348-2,126.804401050412,35.1429627235962,전남광주통합특별시 광산구 송도로 348-2,전남광주통합특별시,광산구,신흥동,1233055000,광산구,신흥동,성공,
전남광주통합특별시 광산구 송도로 348-3,광주광역시 광산구 송도로 348-3,광주광역시 광산구 송도로 348-3,126.804549523622,35.1430992488498,전남광주통합특별시 광산구 송도로 348-3,전남광주통합특별시,광산구,신흥동,1233055000,광산구,신흥동,성공,
전남광주통합특별시 광산구 월곡로71번길 19-7,광주광역시 광산구 월곡로71번길 19-7,광주광역시 광산구 월곡로71번길 19-7,126.816235464363,35.1686761899045,전남광주통합특별시 광산구 월곡로71번길 19-7,전남광주통합특별시,광산구,월곡1동,1233060000,광산구,월곡1동,성공,
전남광주통합특별시 광산구 우산로 74-18,광주광역시 광산구 우산로 74-18,광주광역시 광산구 우산로 74-18,126.808024308517,35.1562101194231,전남광주통합특별시 광산구 우산로 74-18,전남광주통합특별시,광산구,우산동,1233058000,광산구,우산동,성공,
전남광주통합특별시 광산구 월전로 22-55,광주광역시 광산구 월전로 22-55,광주광역시 광산구 월전로 22-55,126.778720194622,35.1223555215957,전남광주통합특별시 광산구 월전로 22-55,전남광주통합특별시,광산구,평동,1233067000,광산구,평동,성공,
전남광주통합특별시 광산구 선운로 65,광주광역시 광산구 선운로 65,광주광역시 광산구 선운로 65,126.776894160116,35.1505790095083,전남광주통합특별시 광산구 선운로 65,전남광주통합특별시,광산구,어룡동,1233056500,광산구,어룡동,성공,
전남광주통합특별시 광산구 월전로 6-39,광주광역시 광산구 월전로 6-39,광주광역시 광산구 월전로 6-39,126.779270811934,35.121420009343,전남광주통합특별시 광산구 월전로 6-39,전남광주통합특별시,광산구,평동,1233067000,광산구,평동,성공,
전남광주통합특별시 광산구 월전로 6-59,광주광역시 광산구 월전로 6-59,광주광역시 광산구 월전로 6-59,126.779537672302,35.1204622558026,전남광주통합특별시 광산구 월전로 6-59,전남광주통합특별시,광산구,평동,1233067000,광산구,평동,성공,
전남광주통합특별시 광산구 월전로 6-51,광주광역시 광산구 월전로 6-51,광주광역시 광산구 월전로 6-51,126.779403433126,35.1209363089013,전남광주통합특별시 광산구 월전로 6-51,전남광주통합특별시,광산구,평동,1233067000,광산구,평동,성공,
전남광주통합특별시 광산구 월전로 6-55,광주광역시 광산구 월전로 6-55,광주광역시 광산구 월전로 6-55,126.779470667715,35.120697389722,전남광주통합특별시 광산구 월전로 6-55,전남광주통합특별시,광산구,평동,1233067000,광산구,평동,성공,
전남광주통합특별시 광산구 소촌로46번길 3-20,광주광역시 광산구 소촌로46번길 3-20,광주광역시 광산구 소촌로46번길 3-20,126.794237735429,35.1497894660425,전남광주통합특별시 광산구 소촌로46번길 3-20,전남광주통합특별시,광산구,어룡동,1233056500,광산구,어룡동,성공,
전남광주통합특별시 광산구 내상로33번길 14,광주광역시 광산구 내상로33번길 14,광주광역시 광산구 내상로33번길 14,126.79748334662,35.139132565865,전남광주통합특별시 광산구 내상로33번길 14,전남광주통합특별시,광산구,송정2동,1233052500,광산구,송정2동,성공,
전남광주통합특별시 광산구 사암로92번길 89-30,광주광역시 광산구 사암로92번길 89-30,광주광역시 광산구 사암로92번길 89-30,126.81238015267,35.1530520017377,전남광주통합특별시 광산구 사암로92번길 89-30,전남광주통합특별시,광산구,우산동,1233058000,광산구,우산동,성공,
전남광주통합특별시 광산구 사암로118번길 7,광주광역시 광산구 사암로118번길 7,광주광역시 광산구 사암로118번길 7,126.807902946147,35.1549862426629,전남광주통합특별시 광산구 사암로118번길 7,전남광주통합특별시,광산구,우산동,1233058000,광산구,우산동,성공,
전남광주통합특별시 광산구 남동길30번길 9-20,광주광역시 광산구 남동길30번길 9-20,광주광역시 광산구 남동길30번길 9-20,126.789692087793,35.1303226394494,전남광주통합특별시 광산구 남동길30번길 9-20,전남광주통합특별시,광산구,도산동,1233054000,광산구,도산동,성공,
전남광주통합특별시 광산구 목련로219번길 132,광주광역시 광산구 목련로219번길 132,광주광역시 광산구 목련로219번길 132,126.823763323038,35.1772610761133,전남광주통합특별시 광산구 목련로219번길 132,전남광주통합특별시,광산구,운남동,1233063500,광산구,운남동,성공,
전남광주통합특별시 광산구 목련로219번길 130,광주광역시 광산구 목련로219번길 130,광주광역시 광산구 목련로219번길 130,126.823555370959,35.1771216941996,전남광주통합특별시 광산구 목련로219번길 130,전남광주통합특별시,광산구,운남동,1233063500,광산구,운남동,성공,
전남광주통합특별시 광산구 장신로333번길 13,광주광역시 광산구 장신로333번길 13,광주광역시 광산구 장신로333번길 13,126.844392486556,35.193957996261,전남광주통합특별시 광산구 장신로333번길 13,전남광주통합특별시,광산구,신창동,1233070000,광산구,신창동,성공,
전남광주통합특별시 광산구 장신로309번길 12-24,광주광역시 광산구 장신로309번길 12-24,광주광역시 광산구 장신로309번길 12-24,126.844322011416,35.1933728371322,전남광주통합특별시 광산구 장신로309번길 12-24,전남광주통합특별시,광산구,신창동,1233070000,광산구,신창동,성공,
전남광주통합특별시 광산구 월곡반월로76번길 5-4,광주광역시 광산구 월곡반월로76번길 5-4,광주광역시 광산구 월곡반월로76번길 5-4,126.813500972098,35.1712428600785,전남광주통합특별시 광산구 월곡반월로76번길 5-4,전남광주통합특별시,광산구,월곡1동,1233060000,광산구,월곡1동,성공,
전남광주통합특별시 광산구 월곡로71번길 14,광주광역시 광산구 월곡로71번길 14,광주광역시 광산구 월곡로71번길 14,126.816786679644,35.1683529870417,전남광주통합특별시 광산구 월곡로71번길 14,전남광주통합특별시,광산구,월곡1동,1233060000,광산구,월곡1동,성공,
전남광주통합특별시 광산구 월계로34번길 31-14,광주광역시 광산구 월계로34번길 31-14,광주광역시 광산구 월계로34번길 31-14,126.83394379293,35.2110445704419,전남광주통합특별시 광산구 월계로34번길 31-14,전남광주통합특별시,광산구,첨단2동,1233062600,북구,첨단2동,성공,
전남광주통합특별시 광산구 월계로16번길 8-6,광주광역시 광산구 월계로16번길 8-6,광주광역시 광산구 월계로16번길 8-6,126.834607496863,35.2084860928558,전남광주통합특별시 광산구 월계로16번길 8-6,전남광주통합특별시,광산구,첨단2동,1233062600,북구,첨단2동,성공,
전남광주통합특별시 광산구 왕버들로322번길 7,광주광역시 광산구 왕버들로322번길 7,광주광역시 광산구 왕버들로322번길 7,126.843677159753,35.1941098544215,전남광주통합특별시 광산구 왕버들로322번길 7,전남광주통합특별시,광산구,신창동,1233070000,광산구,신창동,성공,
전남광주통합특별시 광산구 왕버들로322번길 31-12,광주광역시 광산구 왕버들로322번길 31-12,광주광역시 광산구 왕버들로322번길 31-12,126.843774689305,35.1932940751038,전남광주통합특별시 광산구 왕버들로322번길 31-12,전남광주통합특별시,광산구,신창동,1233070000,광산구,신창동,성공,
전남광주통합특별시 광산구 왕버들로322번길 21,광주광역시 광산구 왕버들로322번길 21,광주광역시 광산구 왕버들로322번길 21,126.843461967021,35.1935836367131,전남광주통합특별시 광산구 왕버들로322번길 21,전남광주통합특별시,광산구,신창동,1233070000,광산구,신창동,성공,
전남광주통합특별시 광산구 신창로48번길 8,광주광역시 광산구 신창로48번길 8,광주광역시 광산구 신창로48번길 8,126.837592242049,35.1895123343668,전남광주통합특별시 광산구 신창로48번길 8,전남광주통합특별시,광산구,신창동,1233070000,광산구,신창동,성공,
전남광주통합특별시 광산구 신창로48번길 23,광주광역시 광산구 신창로48번길 23,광주광역시 광산구 신창로48번길 23,126.838457542572,35.1897383794634,전남광주통합특별시 광산구 신창로48번길 23,전남광주통합특별시,광산구,신창동,1233070000,광산구,신창동,성공,
전남광주통합특별시 광산구 신창로138번길 24-8,광주광역시 광산구 신창로138번길 24-8,광주광역시 광산구 신창로138번길 24-8,126.839783168236,35.1963150636759,전남광주통합특별시 광산구 신창로138번길 24-8,전남광주통합특별시,광산구,신창동,1233070000,광산구,신창동,성공,
전남광주통합특별시 광산구 신창로138번길 23-9,광주광역시 광산구 신창로138번길 23-9,광주광역시 광산구 신창로138번길 23-9,126.840393824517,35.1968635321268,전남광주통합특별시 광산구 신창로138번길 23-9,전남광주통합특별시,광산구,신창동,1233070000,광산구,신창동,성공,
전남광주통합특별시 광산구 신창로138번길 23-15,광주광역시 광산구 신창로138번길 23-15,광주광역시 광산구 신창로138번길 23-15,126.840563586744,35.1970315876705,전남광주통합특별시 광산구 신창로138번길 23-15,전남광주통합특별시,광산구,신창동,1233070000,광산구,신창동,성공,
전남광주통합특별시 광산구 신창로106번길 15-8,광주광역시 광산구 신창로106번길 15-8,광주광역시 광산구 신창로106번길 15-8,126.83901853161,35.1947858053943,전남광주통합특별시 광산구 신창로106번길 15-8,전남광주통합특별시,광산구,신창동,1233070000,광산구,신창동,성공,
전남광주통합특별시 광산구 송정로8번길 59-12,광주광역시 광산구 송정로8번길 59-12,광주광역시 광산구 송정로8번길 59-12,126.791268678615,35.1342529585704,전남광주통합특별시 광산구 송정로8번길 59-12,전남광주통합특별시,광산구,송정2동,1233052500,광산구,송정2동,성공,
전남광주통합특별시 광산구 송도로284번길 31-1,광주광역시 광산구 송도로284번길 31-1,광주광역시 광산구 송도로284번길 31-1,126.801874075329,35.1387123984458,전남광주통합특별시 광산구 송도로284번길 31-1,전남광주통합특별시,광산구,송정1동,1233051500,광산구,송정1동,성공,
전남광주통합특별시 광산구 송도로208번길 8,광주광역시 광산구 송도로208번길 8,광주광역시 광산구 송도로208번길 8,126.795756719674,35.1322948255913,전남광주통합특별시 광산구 송도로208번길 8,전남광주통합특별시,광산구,도산동,1233054000,광산구,도산동,성공,
전남광주통합특별시 광산구 산정로37번길 7,광주광역시 광산구 산정로37번길 7,광주광역시 광산구 산정로37번길 7,126.803312286897,35.1699497038787,전남광주통합특별시 광산구 산정로37번길 7,전남광주통합특별시,광산구,월곡2동,1233061000,광산구,월곡2동,성공,
전남광주통합특별시 광산구 사암로95번길 21-9,광주광역시 광산구 사암로95번길 21-9,광주광역시 광산구 사암로95번길 21-9,126.80610360667,35.1524346041697,전남광주통합특별시 광산구 사암로95번길 21-9,전남광주통합특별시,광산구,어룡동,1233056500,광산구,어룡동,성공,
전남광주통합특별시 광산구 사암로92번길 46,광주광역시 광산구 사암로92번길 46,광주광역시 광산구 사암로92번길 46,126.809759036832,35.1523962320791,전남광주통합특별시 광산구 사암로92번길 46,전남광주통합특별시,광산구,우산동,1233058000,광산구,우산동,성공,
전남광주통합특별시 광산구 사암로92번길 12,광주광역시 광산구 사암로92번길 12,광주광역시 광산구 사암로92번길 12,126.807802232874,35.1524501999438,전남광주통합특별시 광산구 사암로92번길 12,전남광주통합특별시,광산구,우산동,1233058000,광산구,우산동,성공,
전남광주통합특별시 광산구 사암로27번길 30,광주광역시 광산구 사암로27번길 30,광주광역시 광산구 사암로27번길 30,126.806192182291,35.1458578861116,전남광주통합특별시 광산구 사암로27번길 30,전남광주통합특별시,광산구,신흥동,1233055000,광산구,신흥동,성공,
전남광주통합특별시 광산구 사암로131번길 39,광주광역시 광산구 사암로131번길 39,광주광역시 광산구 사암로131번길 39,126.806605328345,35.1573680912637,전남광주통합특별시 광산구 사암로131번길 39,전남광주통합특별시,광산구,우산동,1233058000,광산구,우산동,성공,
전남광주통합특별시 광산구 사암로130번길 85,광주광역시 광산구 사암로130번길 85,광주광역시 광산구 사암로130번길 85,126.812318746573,35.1559442769478,전남광주통합특별시 광산구 사암로130번길 85,전남광주통합특별시,광산구,우산동,1233058000,광산구,우산동,성공,
전남광주통합특별시 광산구 사암로118번길 97-7,광주광역시 광산구 사암로118번길 97-7,광주광역시 광산구 사암로118번길 97-7,126.812706935149,35.1551314915794,전남광주통합특별시 광산구 사암로118번길 97-7,전남광주통합특별시,광산구,우산동,1233058000,광산구,우산동,성공,
전남광주통합특별시 광산구 사암로118번길 47-8,광주광역시 광산구 사암로118번길 47-8,광주광역시 광산구 사암로118번길 47-8,126.810204435552,35.1551647333135,전남광주통합특별시 광산구 사암로118번길 47-8,전남광주통합특별시,광산구,우산동,1233058000,광산구,우산동,성공,
전남광주통합특별시 광산구 목련로397번안길 8-3,광주광역시 광산구 목련로397번안길 8-3,광주광역시 광산구 목련로397번안길 8-3,126.831799457335,35.1835517933486,전남광주통합특별시 광산구 목련로397번안길 8-3,전남광주통합특별시,광산구,신가동,1233063000,광산구,신가동,성공,
전남광주통합특별시 광산구 목련로394번길 16-8,광주광역시 광산구 목련로394번길 16-8,광주광역시 광산구 목련로394번길 16-8,126.833387044388,35.1832626697703,전남광주통합특별시 광산구 목련로394번길 16-8,전남광주통합특별시,광산구,신가동,1233063000,광산구,신가동,성공,
전남광주통합특별시 광산구 목련로394번길 10-7,광주광역시 광산구 목련로394번길 10-7,광주광역시 광산구 목련로394번길 10-7,126.833220173848,35.1832588346871,전남광주통합특별시 광산구 목련로394번길 10-7,전남광주통합특별시,광산구,신가동,1233063000,광산구,신가동,성공,
전남광주통합특별시 광산구 목련로219번길 120,광주광역시 광산구 목련로219번길 120,광주광역시 광산구 목련로219번길 120,126.823652589157,35.1769401224758,전남광주통합특별시 광산구 목련로219번길 120,전남광주통합특별시,광산구,운남동,1233063500,광산구,운남동,성공,
전남광주통합특별시 광산구 내상로33번길 62,광주광역시 광산구 내상로33번길 62,광주광역시 광산구 내상로33번길 62,126.799641651619,35.140323606157,전남광주통합특별시 광산구 내상로33번길 62,전남광주통합특별시,광산구,송정1동,1233051500,광산구,송정1동,성공,
전남광주통합특별시 광산구 남동길30번길 9-7,광주광역시 광산구 남동길30번길 9-7,광주광역시 광산구 남동길30번길 9-7,126.789097977408,35.1300215436605,전남광주통합특별시 광산구 남동길30번길 9-7,전남광주통합특별시,광산구,도산동,1233054000,광산구,도산동,성공,
전남광주통합특별시 광산구 금봉로63번길 19,광주광역시 광산구 금봉로63번길 19,광주광역시 광산구 금봉로63번길 19,126.805411784259,35.1526557702236,전남광주통합특별시 광산구 금봉로63번길 19,전남광주통합특별시,광산구,어룡동,1233056500,광산구,어룡동,성공,
전남광주통합특별시 광산구 금봉로54번길 9-5,광주광역시 광산구 금봉로54번길 9-5,광주광역시 광산구 금봉로54번길 9-5,126.804917286653,35.151358550332,전남광주통합특별시 광산구 금봉로54번길 9-5,전남광주통합특별시,광산구,어룡동,1233056500,광산구,어룡동,성공,
전남광주통합특별시 광산구 광산로78번길 24,광주광역시 광산구 광산로78번길 24,광주광역시 광산구 광산로78번길 24,126.799894901214,35.140327179364,전남광주통합특별시 광산구 광산로78번길 24,전남광주통합특별시,광산구,송정1동,1233051500,광산구,송정1동,성공,
전남광주통합특별시 광산구 월곡반월로 75,광주광역시 광산구 월곡반월로 75,광주광역시 광산구 월곡반월로 75,126.812812614908,35.1710885677716,전남광주통합특별시 광산구 월곡반월로 75,전남광주통합특별시,광산구,월곡1동,1233060000,광산구,월곡1동,성공,
전남광주통합특별시 광산구 월곡반월로 64,광주광역시 광산구 월곡반월로 64,광주광역시 광산구 월곡반월로 64,126.81303028538,35.1702286493599,전남광주통합특별시 광산구 월곡반월로 64,전남광주통합특별시,광산구,월곡1동,1233060000,광산구,월곡1동,성공,
전남광주통합특별시 광산구 우산로 78,광주광역시 광산구 우산로 78,광주광역시 광산구 우산로 78,126.808660312303,35.156635845601,전남광주통합특별시 광산구 우산로 78,전남광주통합특별시,광산구,우산동,1233058000,광산구,우산동,성공,
전남광주통합특별시 광산구 신가삼효로 8-10,광주광역시 광산구 신가삼효로 8-10,광주광역시 광산구 신가삼효로 8-10,126.833301227896,35.1855559586124,전남광주통합특별시 광산구 신가삼효로 8-10,전남광주통합특별시,광산구,신가동,1233063000,광산구,신가동,성공,
전남광주통합특별시 광산구 신가삼효로 8,광주광역시 광산구 신가삼효로 8,광주광역시 광산구 신가삼효로 8,126.833550100901,35.18594478469,전남광주통합특별시 광산구 신가삼효로 8,전남광주통합특별시,광산구,신가동,1233063000,광산구,신가동,성공,
전남광주통합특별시 광산구 신가삼효로 12-12,광주광역시 광산구 신가삼효로 12-12,광주광역시 광산구 신가삼효로 12-12,126.833710026368,35.1855339867114,전남광주통합특별시 광산구 신가삼효로 12-12,전남광주통합특별시,광산구,신가동,1233063000,광산구,신가동,성공,
전남광주통합특별시 광산구 사암로 72-19,광주광역시 광산구 사암로 72-19,광주광역시 광산구 사암로 72-19,126.807710965362,35.1512195196488,전남광주통합특별시 광산구 사암로 72-19,전남광주통합특별시,광산구,신흥동,1233055000,광산구,신흥동,성공,
전남광주통합특별시 광산구 금봉로 90,광주광역시 광산구 금봉로 90,광주광역시 광산구 금봉로 90,126.80848915409,35.1518817188068,전남광주통합특별시 광산구 금봉로 90,전남광주통합특별시,광산구,우산동,1233058000,광산구,우산동,성공,
전남광주통합특별시 광산구 금봉로 46-1,광주광역시 광산구 금봉로 46-1,광주광역시 광산구 금봉로 46-1,126.803590856048,35.1515150466817,전남광주통합특별시 광산구 금봉로 46-1,전남광주통합특별시,광산구,어룡동,1233056500,광산구,어룡동,성공,
전남광주통합특별시 광산구 야촌길 17,광주광역시 광산구 야촌길 17,광주광역시 광산구 야촌길 17,126.806553332338,35.1398277308292,전남광주통합특별시 광산구 야촌길 17,전남광주통합특별시,광산구,신흥동,1233055000,광산구,신흥동,성공,
전남광주통합특별시 광산구 신창로48번길 63,광주광역시 광산구 신창로48번길 63,광주광역시 광산구 신창로48번길 63,126.84050902392,35.1897220798911,전남광주통합특별시 광산구 신창로48번길 63,전남광주통합특별시,광산구,신창동,1233070000,광산구,신창동,성공,
전남광주통합특별시 광산구 신창로48번길 57,광주광역시 광산구 신창로48번길 57,광주광역시 광산구 신창로48번길 57,126.840346254604,35.1897476441538,전남광주통합특별시 광산구 신창로48번길 57,전남광주통합특별시,광산구,신창동,1233070000,광산구,신창동,성공,
전남광주통합특별시 광산구 신창로48번길 46-13,광주광역시 광산구 신창로48번길 46-13,광주광역시 광산구 신창로48번길 46-13,126.839511255642,35.1890175253659,전남광주통합특별시 광산구 신창로48번길 46-13,전남광주통합특별시,광산구,신창동,1233070000,광산구,신창동,성공,
전남광주통합특별시 광산구 신창로48번길 45-8,광주광역시 광산구 신창로48번길 45-8,광주광역시 광산구 신창로48번길 45-8,126.839735886005,35.1899745200121,전남광주통합특별시 광산구 신창로48번길 45-8,전남광주통합특별시,광산구,신창동,1233070000,광산구,신창동,성공,
전남광주통합특별시 광산구 신창로48번길 45-4,광주광역시 광산구 신창로48번길 45-4,광주광역시 광산구 신창로48번길 45-4,126.83973718468,35.1898723081886,전남광주통합특별시 광산구 신창로48번길 45-4,전남광주통합특별시,광산구,신창동,1233070000,광산구,신창동,성공,
전남광주통합특별시 광산구 신창로48번길 21-8,광주광역시 광산구 신창로48번길 21-8,광주광역시 광산구 신창로48번길 21-8,126.838456796696,35.1900042778909,전남광주통합특별시 광산구 신창로48번길 21-8,전남광주통합특별시,광산구,신창동,1233070000,광산구,신창동,성공,
전남광주통합특별시 광산구 수등로243번길 28-8,광주광역시 광산구 수등로243번길 28-8,광주광역시 광산구 수등로243번길 28-8,126.835809835728,35.1862198979699,전남광주통합특별시 광산구 수등로243번길 28-8,전남광주통합특별시,광산구,신가동,1233063000,광산구,신가동,성공,
전남광주통합특별시 광산구 수등로243번길 28-3,광주광역시 광산구 수등로243번길 28-3,광주광역시 광산구 수등로243번길 28-3,126.835702277354,35.186419131717,전남광주통합특별시 광산구 수등로243번길 28-3,전남광주통합특별시,광산구,신가동,1233063000,광산구,신가동,성공,
전남광주통합특별시 광산구 사암로130번길 36,광주광역시 광산구 사암로130번길 36,광주광역시 광산구 사암로130번길 36,126.809565035495,35.1557740399506,전남광주통합특별시 광산구 사암로130번길 36,전남광주통합특별시,광산구,우산동,1233058000,광산구,우산동,성공,
전남광주통합특별시 광산구 목련로397번안길 8-4,광주광역시 광산구 목련로397번안길 8-4,광주광역시 광산구 목련로397번안길 8-4,126.831801185828,35.1837253065482,전남광주통합특별시 광산구 목련로397번안길 8-4,전남광주통합특별시,광산구,신가동,1233063000,광산구,신가동,성공,
전남광주통합특별시 광산구 송정로 53-4,광주광역시 광산구 송정로 53-4,광주광역시 광산구 송정로 53-4,126.79698283219,35.1354360577561,전남광주통합특별시 광산구 송정로 53-4,전남광주통합특별시,광산구,송정2동,1233052500,광산구,송정2동,성공,
전남광주통합특별시 광산구 송정로 53-2,광주광역시 광산구 송정로 53-2,광주광역시 광산구 송정로 53-2,126.796933937962,35.1352420930045,전남광주통합특별시 광산구 송정로 53-2,전남광주통합특별시,광산구,송정2동,1233052500,광산구,송정2동,성공,
전남광주통합특별시 광산구 월계로34번길 37-11,광주광역시 광산구 월계로34번길 37-11,광주광역시 광산구 월계로34번길 37-11,126.834170970869,35.21101594844,전남광주통합특별시 광산구 월계로34번길 37-11,전남광주통합특별시,광산구,첨단2동,1233062600,북구,첨단2동,성공,
전남광주통합특별시 광산구 우산로 74-6,광주광역시 광산구 우산로 74-6,광주광역시 광산구 우산로 74-6,126.808142273582,35.1565451609489,전남광주통합특별시 광산구 우산로 74-6,전남광주통합특별시,광산구,우산동,1233058000,광산구,우산동,성공,
전남광주통합특별시 광산구 월계로22번길 6,광주광역시 광산구 월계로22번길 6,광주광역시 광산구 월계로22번길 6,126.834168587877,35.208947164563,전남광주통합특별시 광산구 월계로22번길 6,전남광주통합특별시,광산구,첨단2동,1233062600,북구,첨단2동,성공,
전남광주통합특별시 광산구 우산로95번길 47-7,광주광역시 광산구 우산로95번길 47-7,광주광역시 광산구 우산로95번길 47-7,126.810950607166,35.1584480163956,전남광주통합특별시 광산구 우산로95번길 47-7,전남광주통합특별시,광산구,우산동,1233058000,광산구,우산동,성공,
전남광주통합특별시 광산구 산정공원로60번길 34,광주광역시 광산구 산정공원로60번길 34,광주광역시 광산구 산정공원로60번길 34,126.808025136068,35.1725800306256,전남광주통합특별시 광산구 산정공원로60번길 34,전남광주통합특별시,광산구,월곡2동,1233061000,광산구,월곡2동,성공,
전남광주통합특별시 광산구 목련로397번안길 8-14,광주광역시 광산구 목련로397번안길 8-14,광주광역시 광산구 목련로397번안길 8-14,126.831333701042,35.1837268196963,전남광주통합특별시 광산구 목련로397번안길 8-14,전남광주통합특별시,광산구,신가동,1233063000,광산구,신가동,성공,
전남광주통합특별시 광산구 선운중앙로 68,광주광역시 광산구 선운중앙로 68,광주광역시 광산구 선운중앙로 68,126.779229763108,35.1476447670873,전남광주통합특별시 광산구 선운중앙로 68,전남광주통합특별시,광산구,어룡동,1233056500,광산구,어룡동,성공,
전남광주통합특별시 광산구 풍영로329번길 50,광주광역시 광산구 풍영로329번길 50,광주광역시 광산구 풍영로329번길 50,126.811423221682,35.2019364264363,전남광주통합특별시 광산구 풍영로329번길 50,전남광주통합특별시,광산구,수완동,1233063700,광산구,수완동,성공,
전남광주통합특별시 광산구 풍영로329번길 51,광주광역시 광산구 풍영로329번길 51,광주광역시 광산구 풍영로329번길 51,126.811790437453,35.2004610340891,전남광주통합특별시 광산구 풍영로329번길 51,전남광주통합특별시,광산구,수완동,1233063700,광산구,수완동,성공,
전남광주통합특별시 광산구 풍영로145번길 42,광주광역시 광산구 풍영로145번길 42,광주광역시 광산구 풍영로145번길 42,126.811199117403,35.1852194947661,전남광주통합특별시 광산구 풍영로145번길 42,전남광주통합특별시,광산구,수완동,1233063700,광산구,수완동,성공,
전남광주통합특별시 광산구 풍영로145번길 43,광주광역시 광산구 풍영로145번길 43,광주광역시 광산구 풍영로145번길 43,126.810803012151,35.1840262947732,전남광주통합특별시 광산구 풍영로145번길 43,전남광주통합특별시,광산구,수완동,1233063700,광산구,수완동,성공,
전남광주통합특별시 광산구 하남대로261번길 11,광주광역시 광산구 하남대로261번길 11,광주광역시 광산구 하남대로261번길 11,126.820014928082,35.1805236984648,전남광주통합특별시 광산구 하남대로261번길 11,전남광주통합특별시,광산구,수완동,1233063700,광산구,수완동,성공,
전남광주통합특별시 광산구 수등로123번길 22,광주광역시 광산구 수등로123번길 22,광주광역시 광산구 수등로123번길 22,126.823300838281,35.1850638835348,전남광주통합특별시 광산구 수등로123번길 22,전남광주통합특별시,광산구,수완동,1233063700,광산구,수완동,성공,
전남광주통합특별시 광산구 수등로123번길 70,광주광역시 광산구 수등로123번길 70,광주광역시 광산구 수등로123번길 70,126.82446057746,35.1865867856949,전남광주통합특별시 광산구 수등로123번길 70,전남광주통합특별시,광산구,수완동,1233063700,광산구,수완동,성공,
전남광주통합특별시 광산구 수등로 204,광주광역시 광산구 수등로 204,광주광역시 광산구 수등로 204,126.830735136485,35.184836273379,전남광주통합특별시 광산구 수등로 204,전남광주통합특별시,광산구,신가동,1233063000,광산구,신가동,성공,
전남광주통합특별시 광산구 목련로273번길 76,광주광역시 광산구 목련로273번길 76,광주광역시 광산구 목련로273번길 76,126.827610400005,35.1782276377121,전남광주통합특별시 광산구 목련로273번길 76,전남광주통합특별시,광산구,운남동,1233063500,광산구,운남동,성공,
전남광주통합특별시 광산구 송정로 77,광주광역시 광산구 송정로 77,광주광역시 광산구 송정로 77,126.799893118112,35.1351367787242,전남광주통합특별시 광산구 송정로 77,전남광주통합특별시,광산구,송정1동,1233051500,광산구,송정1동,성공,
전남광주통합특별시 광산구 남동길 15,광주광역시 광산구 남동길 15,광주광역시 광산구 남동길 15,126.788054167014,35.1283988032829,전남광주통합특별시 광산구 남동길 15,전남광주통합특별시,광산구,도산동,1233054000,광산구,도산동,성공,
전남광주통합특별시 광산구 송도로182번길 15-12,광주광역시 광산구 송도로182번길 15-12,광주광역시 광산구 송도로182번길 15-12,126.795672324512,35.1304583386248,전남광주통합특별시 광산구 송도로182번길 15-12,전남광주통합특별시,광산구,도산동,1233054000,광산구,도산동,성공,
전남광주통합특별시 광산구 남동길30번길 28,광주광역시 광산구 남동길30번길 28,광주광역시 광산구 남동길30번길 28,126.789674607077,35.129056375651,전남광주통합특별시 광산구 남동길30번길 28,전남광주통합특별시,광산구,도산동,1233054000,광산구,도산동,성공,
전남광주통합특별시 광산구 송도로182번길 15-11,광주광역시 광산구 송도로182번길 15-11,광주광역시 광산구 송도로182번길 15-11,126.795159371365,35.1309499769763,전남광주통합특별시 광산구 송도로182번길 15-11,전남광주통합특별시,광산구,도산동,1233054000,광산구,도산동,성공,
전남광주통합특별시 광산구 사암로 24,광주광역시 광산구 사암로 24,광주광역시 광산구 사암로 24,126.807743520341,35.1455904000587,전남광주통합특별시 광산구 사암로 24,전남광주통합특별시,광산구,신흥동,1233055000,광산구,신흥동,성공,
전남광주통합특별시 광산구 풍영로330번길 15,광주광역시 광산구 풍영로330번길 15,광주광역시 광산구 풍영로330번길 15,126.815701220801,35.2020358522721,전남광주통합특별시 광산구 풍영로330번길 15,전남광주통합특별시,광산구,수완동,1233063700,광산구,수완동,성공,
전남광주통합특별시 광산구 첨단내촌로 93,광주광역시 광산구 첨단내촌로 93,광주광역시 광산구 첨단내촌로 93,126.834166461598,35.2140975695848,전남광주통합특별시 광산구 첨단내촌로 93,전남광주통합특별시,광산구,첨단2동,1233062600,북구,첨단2동,성공,
전남광주통합특별시 광산구 비아로 185,광주광역시 광산구 비아로 185,광주광역시 광산구 비아로 185,126.823890442342,35.2231000684111,전남광주통합특별시 광산구 비아로 185,전남광주통합특별시,광산구,비아동,1233062000,광산구,비아동,성공,
전남광주통합특별시 광산구 월계로16번길 6,광주광역시 광산구 월계로16번길 6,광주광역시 광산구 월계로16번길 6,126.834474396338,35.2085922704065,전남광주통합특별시 광산구 월계로16번길 6,전남광주통합특별시,광산구,첨단2동,1233062600,북구,첨단2동,성공,
전남광주통합특별시 광산구 남동길 19,광주광역시 광산구 남동길 19,광주광역시 광산구 남동길 19,126.788389839176,35.1287592136124,전남광주통합특별시 광산구 남동길 19,전남광주통합특별시,광산구,도산동,1233054000,광산구,도산동,성공,
전남광주통합특별시 광산구 송도로162번길 11-6,광주광역시 광산구 송도로162번길 11-6,광주광역시 광산구 송도로162번길 11-6,126.795328581658,35.1290544278299,전남광주통합특별시 광산구 송도로162번길 11-6,전남광주통합특별시,광산구,도산동,1233054000,광산구,도산동,성공,
전남광주통합특별시 광산구 용보로51번길 34,광주광역시 광산구 용보로51번길 34,광주광역시 광산구 용보로51번길 34,126.803682157547,35.136711254567,전남광주통합특별시 광산구 용보로51번길 34,전남광주통합특별시,광산구,송정1동,1233051500,광산구,송정1동,성공,
전남광주통합특별시 광산구 사암로 34,광주광역시 광산구 사암로 34,광주광역시 광산구 사암로 34,126.807667969198,35.147291506908,전남광주통합특별시 광산구 사암로 34,전남광주통합특별시,광산구,신흥동,1233055000,광산구,신흥동,성공,
전남광주통합특별시 광산구 신창로35번길 79-17,광주광역시 광산구 신창로35번길 79-17,광주광역시 광산구 신창로35번길 79-17,126.834904476597,35.1873653702721,전남광주통합특별시 광산구 신창로35번길 79-17,전남광주통합특별시,광산구,신가동,1233063000,광산구,신가동,성공,
전남광주통합특별시 광산구 신창로106번길 23-15,광주광역시 광산구 신창로106번길 23-15,광주광역시 광산구 신창로106번길 23-15,126.839327053051,35.1951344078721,전남광주통합특별시 광산구 신창로106번길 23-15,전남광주통합특별시,광산구,신창동,1233070000,광산구,신창동,성공,
전남광주통합특별시 광산구 북문대로419번길 14-9,광주광역시 광산구 북문대로419번길 14-9,광주광역시 광산구 북문대로419번길 14-9,126.847754479548,35.1934012670215,전남광주통합특별시 광산구 북문대로419번길 14-9,전남광주통합특별시,광산구,신창동,1233070000,광산구,신창동,성공,
전남광주통합특별시 광산구 북문대로419번길 14-11,광주광역시 광산구 북문대로419번길 14-11,광주광역시 광산구 북문대로419번길 14-11,126.847622629355,35.1934482419872,전남광주통합특별시 광산구 북문대로419번길 14-11,전남광주통합특별시,광산구,신창동,1233070000,광산구,신창동,성공,
전남광주통합특별시 광산구 사암로118번길 117-5,광주광역시 광산구 사암로118번길 117-5,광주광역시 광산구 사암로118번길 117-5,126.813827091006,35.1550168525388,전남광주통합특별시 광산구 사암로118번길 117-5,전남광주통합특별시,광산구,우산동,1233058000,광산구,우산동,성공,
전남광주통합특별시 광산구 사암로130번길 39,광주광역시 광산구 사암로130번길 39,광주광역시 광산구 사암로130번길 39,126.809767793322,35.1559896028931,전남광주통합특별시 광산구 사암로130번길 39,전남광주통합특별시,광산구,우산동,1233058000,광산구,우산동,성공,
전남광주통합특별시 광산구 서도산길 70-24,광주광역시 광산구 서도산길 70-24,광주광역시 광산구 서도산길 70-24,126.788076950117,35.1287944510005,전남광주통합특별시 광산구 서도산길 70-24,전남광주통합특별시,광산구,도산동,1233054000,광산구,도산동,성공,
전남광주통합특별시 광산구 서도산길 70-20,광주광역시 광산구 서도산길 70-20,광주광역시 광산구 서도산길 70-20,126.787919483411,35.1288042708198,전남광주통합특별시 광산구 서도산길 70-20,전남광주통합특별시,광산구,도산동,1233054000,광산구,도산동,성공,
전남광주통합특별시 광산구 서도산길 70-26,광주광역시 광산구 서도산길 70-26,광주광역시 광산구 서도산길 70-26,126.788219931535,35.1289128695056,전남광주통합특별시 광산구 서도산길 70-26,전남광주통합특별시,광산구,도산동,1233054000,광산구,도산동,성공,
전남광주통합특별시 광산구 남동길 26-3,광주광역시 광산구 남동길 26-3,광주광역시 광산구 남동길 26-3,126.788897950226,35.1293465259087,전남광주통합특별시 광산구 남동길 26-3,전남광주통합특별시,광산구,도산동,1233054000,광산구,도산동,성공,
전남광주통합특별시 광산구 서도산길 70-7,광주광역시 광산구 서도산길 70-7,광주광역시 광산구 서도산길 70-7,126.787204438337,35.1291115537694,전남광주통합특별시 광산구 서도산길 70-7,전남광주통합특별시,광산구,도산동,1233054000,광산구,도산동,성공,
전남광주통합특별시 광산구 고내상길65번길 10-8,광주광역시 광산구 고내상길65번길 10-8,광주광역시 광산구 고내상길65번길 10-8,126.804554705973,35.1381767459203,전남광주통합특별시 광산구 고내상길65번길 10-8,전남광주통합특별시,광산구,송정1동,1233051500,광산구,송정1동,성공,
전남광주통합특별시 광산구 왕버들로252번길 46,광주광역시 광산구 왕버들로252번길 46,광주광역시 광산구 왕버들로252번길 46,126.834111322754,35.1953073757434,전남광주통합특별시 광산구 왕버들로252번길 46,전남광주통합특별시,광산구,신창동,1233070000,광산구,신창동,성공,
전남광주통합특별시 광산구 목련로21번길 45,광주광역시 광산구 목련로21번길 45,광주광역시 광산구 목련로21번길 45,126.798452754103,35.1754191656413,전남광주통합특별시 광산구 목련로21번길 45,전남광주통합특별시,광산구,하남동,1233064000,광산구,하남동,성공,
전남광주통합특별시 광산구 우산로 17,광주광역시 광산구 우산로 17,광주광역시 광산구 우산로 17,126.804150839979,35.1598242250606,전남광주통합특별시 광산구 우산로 17,전남광주통합특별시,광산구,우산동,1233058000,광산구,우산동,성공,
