hsmpSn,공급유형,대표세대수,원본행수,원본자치구,주소수,주소,전용면적_최소,전용면적_최대,공식자치구,공식행정동,프로젝트자치구,프로젝트행정동,25개동포함여부
1249,영구임대,500.0,3,서구,1,전남광주통합특별시 서구 화정로 87-1,26.37,40.05,서구,상무2동,서구,상무2동,False
1250,영구임대,1500.0,3,서구,1,전남광주통합특별시 서구 운천로32번길 23,24.01,39.78,서구,금호1동,서구,금호1동,True
1252,영구임대,1485.0,4,광산구,1,전남광주통합특별시 광산구 우산로 17,24.42,48.84,광산구,우산동,광산구,우산동,True
1253,국민임대,886.0,5,광산구,1,전남광주통합특별시 광산구 목련로21번길 45,48.048,59.5964,광산구,하남동,광산구,하남동,False
1254,국민임대,650.0,5,광산구,1,전남광주통합특별시 광산구 왕버들로252번길 46,49.8295,49.9848,광산구,신창동,광산구,신창동,False
1255,매입임대,12.0,2,동구,1,전남광주통합특별시 동구 중흥로227번길 14-6,47.88,49.63,동구,계림1동,동구,계림1동,True
1256,매입임대,12.0,3,동구,1,전남광주통합특별시 동구 중흥로227번길 6-7,47.88,49.21,동구,계림1동,동구,계림1동,True
1257,매입임대,12.0,5,동구,1,전남광주통합특별시 동구 무등로449번길 5-17,42.95,49.72,동구,산수1동,동구,산수1동,False
1258,매입임대,18.0,5,동구,1,전남광주통합특별시 동구 화산로 357-8,54.47,64.4,동구,지원2동,동구,지원2동,False
1259,매입임대,12.0,4,서구,1,전남광주통합특별시 서구 천변좌로118번길 10-1,49.59,50.33,서구,양3동,서구,양3동,False
1260,매입임대,12.0,2,서구,1,전남광주통합특별시 서구 상무대로1171번길 5-1,48.3,49.71,서구,농성1동,서구,농성1동,True
1261,매입임대,9.0,3,서구,1,전남광주통합특별시 서구 상무대로1171번길 1,51.06,57.08,서구,농성1동,서구,농성1동,True
1263,매입임대,12.0,2,서구,1,전남광주통합특별시 서구 월산로225번길 9-14,48.51,48.66,서구,농성1동,서구,농성1동,True
1275,매입임대,12.0,2,서구,1,전남광주통합특별시 서구 화정로293번길 6-12,48.4,50.43,서구,농성2동,서구,농성2동,False
1276,매입임대,9.0,2,서구,1,전남광주통합특별시 서구 월드컵4강로68번길 19-17,48.75,54.78,서구,화정3동,서구,화정3동,False
1277,매입임대,12.0,4,서구,1,전남광주통합특별시 서구 시청서편로12번길 2-1,27.78,29.21,서구,치평동,서구,치평동,True
1278,매입임대,8.0,5,서구,1,전남광주통합특별시 서구 금호운천길 70-6,51.98,60.57,서구,금호1동,서구,금호1동,True
1279,매입임대,9.0,3,서구,1,전남광주통합특별시 서구 화개2로9번길 27-7,21.3,36.9,서구,금호2동,서구,금호2동,False
1280,매입임대,6.0,1,남구,1,전남광주통합특별시 남구 수박등로5번길 13,56.02,56.02,남구,월산5동,남구,월산5동,False
1281,매입임대,12.0,2,남구,1,전남광주통합특별시 남구 백운로17번길 19,47.88,49.63,남구,백운2동,남구,백운2동,False
1282,매입임대,12.0,4,남구,1,전남광주통합특별시 남구 진다리로39번길 12,45.3,52.59,남구,백운1동,남구,백운1동,False
1283,매입임대,12.0,3,남구,1,전남광주통합특별시 남구 회재로1224번길 26,56.18,65.48,남구,주월1동,남구,주월1동,False
1284,매입임대,12.0,3,남구,1,전남광주통합특별시 남구 회재로1224번길 24,46.76,65.93,남구,주월1동,남구,주월1동,False
1285,매입임대,9.0,2,남구,1,전남광주통합특별시 남구 대남대로107번길 13-10,45.06,48.0,남구,방림1동,남구,방림1동,True
1286,매입임대,9.0,2,북구,1,전남광주통합특별시 북구 경열로233번길 43,58.5,59.46,북구,중앙동,북구,중앙동,False
1287,매입임대,11.0,5,북구,1,전남광주통합특별시 북구 중가로 33-5,45.0,59.89,북구,중앙동,북구,중앙동,False
1288,매입임대,9.0,3,북구,1,전남광주통합특별시 북구 저불로73번길 22-7,55.17,61.02,북구,용봉동,북구,용봉동,True
1289,매입임대,8.0,4,북구,1,전남광주통합특별시 북구 저불로73번길 22-3,52.06,71.16,북구,용봉동,북구,용봉동,True
1290,매입임대,16.0,2,북구,1,전남광주통합특별시 북구 고운로23번길 3-3,17.14,17.54,북구,용봉동,북구,용봉동,True
1291,매입임대,15.0,8,북구,1,전남광주통합특별시 북구 고운로 19,14.14,29.63,북구,용봉동,북구,용봉동,True
1292,매입임대,1.0,1,북구,1,전남광주통합특별시 북구 서하로 405,84.84,84.84,북구,문흥1동,북구,문흥1동,True
1293,매입임대,12.0,2,북구,1,전남광주통합특별시 북구 동문대로122번길 71,46.12,46.36,북구,두암2동,북구,두암2동,True
1294,매입임대,12.0,2,북구,1,전남광주통합특별시 북구 동문대로122번길 69,44.72,46.26,북구,두암2동,북구,두암2동,True
1295,매입임대,9.0,4,북구,1,전남광주통합특별시 북구 동문대로122번길 71-1,50.85,58.06,북구,두암2동,북구,두암2동,True
1296,매입임대,12.0,2,북구,1,전남광주통합특별시 북구 서방로182번길 48,48.84,49.45,북구,두암1동,북구,두암1동,False
1297,매입임대,11.0,2,북구,1,전남광주통합특별시 북구 오문로58번길 12,47.76,51.45,북구,오치1동,북구,오치1동,False
1298,매입임대,9.0,4,북구,1,전남광주통합특별시 북구 오산정길19번길 18,61.26,70.3,북구,오치1동,북구,오치1동,False
1299,매입임대,12.0,3,북구,1,전남광주통합특별시 북구 서하로257번길 22,43.21,50.2,북구,오치1동,북구,오치1동,False
1300,매입임대,12.0,2,북구,1,전남광주통합특별시 북구 우치로228번길 54-13,48.43,52.65,북구,오치1동,북구,오치1동,False
1301,매입임대,9.0,3,북구,1,전남광주통합특별시 북구 우치로228번길 54-15,49.68,51.11,북구,오치1동,북구,오치1동,False
1302,매입임대,5.0,5,북구,1,전남광주통합특별시 북구 설죽로471번길 65-1,51.72,113.43,북구,삼각동,북구,삼각동,False
1303,매입임대,1.0,1,북구,1,전남광주통합특별시 북구 하백로46번길 9,60.0,60.0,북구,매곡동,북구,매곡동,False
1304,매입임대,18.0,5,북구,1,전남광주통합특별시 북구 일곡마을로124번길 43,26.52,44.91,북구,일곡동,북구,일곡동,False
1323,매입임대,12.0,2,북구,1,전남광주통합특별시 북구 우치로303번길 25-11,48.84,49.45,북구,오치2동,북구,오치2동,False
1324,매입임대,12.0,3,북구,1,전남광주통합특별시 북구 우치로303번길 25-13,46.01,52.31,북구,오치2동,북구,오치2동,False
1325,매입임대,10.0,5,북구,1,전남광주통합특별시 북구 연양로81번길 7-5,23.68,104.48,북구,양산동,북구,양산동,False
1332,매입임대,9.0,5,북구,1,전남광주통합특별시 북구 용두택지로 40,28.95,62.02,북구,건국동,북구,건국동,False
1335,매입임대,11.0,4,광산구,1,전남광주통합특별시 광산구 고내상길65번길 10-8,30.07,34.6,광산구,송정1동,광산구,송정1동,True
1336,매입임대,12.0,2,광산구,1,전남광주통합특별시 광산구 서도산길 70-7,49.92,50.05,광산구,도산동,광산구,도산동,False
1337,매입임대,12.0,3,광산구,1,전남광주통합특별시 광산구 남동길 26-3,49.68,54.33,광산구,도산동,광산구,도산동,False
1338,매입임대,12.0,2,광산구,1,전남광주통합특별시 광산구 서도산길 70-26,49.55,50.4,광산구,도산동,광산구,도산동,False
1339,매입임대,12.0,2,광산구,1,전남광주통합특별시 광산구 서도산길 70-20,36.59,36.6,광산구,도산동,광산구,도산동,False
1340,매입임대,12.0,2,광산구,1,전남광주통합특별시 광산구 서도산길 70-24,49.29,50.4,광산구,도산동,광산구,도산동,False
1341,매입임대,12.0,3,광산구,1,전남광주통합특별시 광산구 사암로130번길 39,50.18,50.25,광산구,우산동,광산구,우산동,True
1342,매입임대,12.0,2,광산구,1,전남광주통합특별시 광산구 사암로118번길 117-5,49.02,58.13,광산구,우산동,광산구,우산동,True
1343,매입임대,13.0,9,광산구,1,전남광주통합특별시 광산구 북문대로419번길 14-11,19.98,30.75,광산구,신창동,광산구,신창동,False
1344,매입임대,14.0,4,광산구,1,전남광주통합특별시 광산구 북문대로419번길 14-9,19.98,28.86,광산구,신창동,광산구,신창동,False
1345,매입임대,8.0,4,광산구,1,전남광주통합특별시 광산구 신창로106번길 23-15,32.96,34.02,광산구,신창동,광산구,신창동,False
1346,매입임대,7.0,4,광산구,1,전남광주통합특별시 광산구 신창로35번길 79-17,41.33,100.75,광산구,신가동,광산구,신가동,True
30473585,매입임대,12.0,1,광산구,1,전남광주통합특별시 광산구 사암로 34,49.83,49.83,광산구,신흥동,광산구,신흥동,False
30473586,매입임대,12.0,4,광산구,1,전남광주통합특별시 광산구 용보로51번길 34,47.7,50.13,광산구,송정1동,광산구,송정1동,True
30473587,매입임대,1.0,1,광산구,1,전남광주통합특별시 광산구 송도로162번길 11-6,59.95,59.95,광산구,도산동,광산구,도산동,False
30473588,매입임대,12.0,4,광산구,1,전남광주통합특별시 광산구 남동길 19,31.68,48.0,광산구,도산동,광산구,도산동,False
30473589,매입임대,12.0,3,광산구,1,전남광주통합특별시 광산구 월계로16번길 6,23.25,33.81,광산구,첨단2동,북구,첨단2동,True
30473590,매입임대,4.0,3,광산구,1,전남광주통합특별시 광산구 비아로 185,37.83,59.88,광산구,비아동,광산구,비아동,False
30473591,매입임대,5.0,1,광산구,1,전남광주통합특별시 광산구 첨단내촌로 93,59.83,59.83,광산구,첨단2동,북구,첨단2동,True
30473592,매입임대,1.0,1,광산구,1,전남광주통합특별시 광산구 신창로161번길 34,59.75,59.75,광산구,신창동,광산구,신창동,False
30473593,매입임대,20.0,2,광산구,1,전남광주통합특별시 광산구 월계로 223-17,19.85,19.85,광산구,첨단2동,북구,첨단2동,True
30473594,매입임대,17.0,7,동구,1,전남광주통합특별시 동구 증심천로 47,47.4,65.44,동구,학운동,동구,학운동,False
30473595,매입임대,10.0,5,동구,1,전남광주통합특별시 동구 경양로235번길 10-7,17.16,49.3,동구,계림1동,동구,계림1동,True
30473902,매입임대,4.0,1,서구,1,전남광주통합특별시 서구 경열로45번길 13,19.79,19.79,서구,농성1동,서구,농성1동,True
30473903,매입임대,3.0,1,서구,1,전남광주통합특별시 서구 화개1로 33,19.79,19.79,서구,금호2동,서구,금호2동,False
30473904,매입임대,1.0,1,남구,1,전남광주통합특별시 남구 광복마을3길 7,46.41,46.41,남구,진월동,남구,진월동,True
30473905,매입임대,3.0,1,남구,1,전남광주통합특별시 남구 서문대로663번안길 2,32.16,32.16,남구,진월동,남구,진월동,True
30473906,매입임대,6.0,2,북구,1,전남광주통합특별시 북구 송해로4번길 13-4,39.24,60.68,북구,삼각동,북구,삼각동,False
30473907,매입임대,12.0,1,북구,1,전남광주통합특별시 북구 양산택지로34번길 14,47.88,47.88,북구,양산동,북구,양산동,False
30473908,매입임대,12.0,2,북구,1,전남광주통합특별시 북구 양산택지로51번길 12,44.77,51.21,북구,양산동,북구,양산동,False
30473909,매입임대,12.0,2,북구,1,전남광주통합특별시 북구 양산택지로51번길 10,44.77,51.21,북구,양산동,북구,양산동,False
30473910,매입임대,12.0,5,북구,1,전남광주통합특별시 북구 신촌로 30,41.83,56.95,북구,오치1동,북구,오치1동,False
30473911,매입임대,7.0,4,북구,1,전남광주통합특별시 북구 하서로466번길 88-3,33.62,56.62,북구,건국동,북구,건국동,False
30473912,매입임대,12.0,1,북구,1,전남광주통합특별시 북구 오문로58번길 9,46.66,46.66,북구,오치1동,북구,오치1동,False
30473913,매입임대,12.0,1,북구,1,전남광주통합특별시 북구 양산택지로51번길 8,47.88,47.88,북구,양산동,북구,양산동,False
30473914,매입임대,8.0,5,북구,1,전남광주통합특별시 북구 설죽로251번길 85,58.14,79.71,북구,용봉동,북구,용봉동,True
30473915,매입임대,2.0,1,북구,1,전남광주통합특별시 북구 저불로 21,58.11,58.11,북구,용봉동,북구,용봉동,True
30473916,매입임대,12.0,1,북구,1,전남광주통합특별시 북구 양산택지로34번길 16,47.88,47.88,북구,양산동,북구,양산동,False
30473917,매입임대,12.0,2,북구,1,전남광주통합특별시 북구 양산택지로51번길 14,44.77,51.21,북구,양산동,북구,양산동,False
30474460,매입임대,12.0,2,서구,1,전남광주통합특별시 서구 월산로225번길 9-10,48.51,48.66,서구,농성1동,서구,농성1동,True
30474461,매입임대,18.0,8,북구,1,전남광주통합특별시 북구 양산택지로37번길 18,21.66,43.22,북구,양산동,북구,양산동,False
30474462,매입임대,12.0,1,북구,1,전남광주통합특별시 북구 양산택지로51번길 6,47.88,47.88,북구,양산동,북구,양산동,False
30474463,매입임대,9.0,4,북구,1,전남광주통합특별시 북구 오산정길19번길 16,61.26,74.26,북구,오치1동,북구,오치1동,False
30699397,국민임대,826.0,5,광산구,1,전남광주통합특별시 광산구 풍영로330번길 15,39.25,59.69,광산구,수완동,광산구,수완동,True
30699413,국민임대,3.0,1,북구,1,전남광주통합특별시 북구 상촌로43번길 30,59.985,59.985,북구,양산동,북구,양산동,False
30699437,국민임대,141.0,1,광산구,1,전남광주통합특별시 광산구 사암로 24,59.7856,59.7856,광산구,신흥동,광산구,신흥동,False
30699487,국민임대,496.0,2,북구,1,전남광주통합특별시 북구 하서로229번길 57,36.63,46.22,북구,양산동,북구,양산동,False
30699489,국민임대,901.0,3,북구,1,전남광주통합특별시 북구 매곡로 20,51.49,59.64,북구,용봉동,북구,용봉동,True
30699497,국민임대,492.0,6,북구,1,전남광주통합특별시 북구 연양로7번길 58,36.19,46.22,북구,신용동,북구,신용동,False
30699522,국민임대,1442.0,2,서구,1,전남광주통합특별시 서구 동천로 25,39.65,46.76,서구,동천동,서구,동천동,False
30699525,국민임대,861.0,2,북구,1,전남광주통합특별시 북구 양산제로 110,39.84,49.51,북구,양산동,북구,양산동,False
30699543,국민임대,1308.0,4,서구,1,전남광주통합특별시 서구 하남대로710번길 5,39.65,51.86,서구,동천동,서구,동천동,False
30699548,국민임대,815.0,2,북구,1,전남광주통합특별시 북구 유림로160번길 5,39.77,49.51,북구,동림동,북구,동림동,False
30699577,국민임대,853.0,4,남구,1,전남광주통합특별시 남구 효우로60번길 10,46.59,51.93,남구,효덕동,남구,효덕동,True
30699581,국민임대,449.0,5,남구,1,전남광주통합특별시 남구 효우로60번길 9,39.72,59.88,남구,효덕동,남구,효덕동,True
30699582,국민임대,711.0,2,북구,1,전남광주통합특별시 북구 하서로483번길 22,46.9,51.93,북구,건국동,북구,건국동,False
30699662,국민임대,244.0,4,광산구,1,전남광주통합특별시 광산구 송도로182번길 15-11,34.05,45.11,광산구,도산동,광산구,도산동,False
30699692,국민임대,384.0,3,남구,1,전남광주통합특별시 남구 효우로60번길 37,39.72,59.88,남구,효덕동,남구,효덕동,True
30699696,국민임대,137.0,1,북구,1,전남광주통합특별시 북구 우치로311번길 20,31.32,31.32,북구,오치2동,북구,오치2동,False
30699699,국민임대,70.0,1,광산구,1,전남광주통합특별시 광산구 남동길30번길 28,31.32,31.32,광산구,도산동,광산구,도산동,False
30699710,국민임대,94.0,2,북구,1,전남광주통합특별시 북구 초당로 7,38.5,44.57,북구,매곡동,북구,매곡동,False
30699740,국민임대,183.0,1,광산구,1,전남광주통합특별시 광산구 송도로182번길 15-12,35.28,35.28,광산구,도산동,광산구,도산동,False
30699741,국민임대,245.0,1,서구,1,전남광주통합특별시 서구 내방로418번길 12,32.57,32.57,서구,농성1동,서구,농성1동,True
30699742,국민임대,62.0,1,북구,1,전남광주통합특별시 북구 매곡로69번길 22,38.28,38.28,북구,매곡동,북구,매곡동,False
30699755,국민임대,214.0,1,광산구,1,전남광주통합특별시 광산구 남동길 15,31.39,31.39,광산구,도산동,광산구,도산동,False
30699799,국민임대,10.0,2,광산구,1,전남광주통합특별시 광산구 송정로 77,59.84,59.94,광산구,송정1동,광산구,송정1동,True
30700134,영구임대,1872.0,3,광산구,1,전남광주통합특별시 광산구 월곡산정로 12,26.37,40.32,광산구,우산동,광산구,우산동,True
30700135,영구임대,1274.0,4,북구,1,전남광주통합특별시 북구 중문로 55,26.37,31.32,북구,우산동,북구,우산동,False
30700136,영구임대,1416.0,3,서구,1,전남광주통합특별시 서구 쌍학로 47,26.37,40.32,서구,상무2동,서구,상무2동,False
30700137,영구임대,1401.0,2,북구,1,전남광주통합특별시 북구 군왕로207번길 20,26.37,31.32,북구,문화동,북구,문화동,False
30700138,국민임대,949.0,6,남구,1,전남광주통합특별시 남구 정율성로 7,36.67,59.99,남구,양림동,남구,양림동,False
30700139,영구임대,1640.0,4,북구,1,전남광주통합특별시 북구 삼정로 7,26.37,31.32,북구,두암3동,북구,두암3동,False
30700140,영구임대,1133.0,2,북구,1,전남광주통합특별시 북구 삼정로 10,26.37,31.32,북구,두암3동,북구,두암3동,False
30700141,영구임대,1658.0,3,북구,1,전남광주통합특별시 북구 서하로194번길 6,26.37,31.32,북구,오치2동,북구,오치2동,False
30700142,50년임대,476.0,1,광산구,1,전남광주통합특별시 광산구 목련로273번길 76,39.87,39.87,광산구,운남동,광산구,운남동,False
30700143,국민임대,390.0,3,광산구,1,전남광주통합특별시 광산구 수등로 204,51.49,59.64,광산구,신가동,광산구,신가동,True
30700144,50년임대,535.0,3,북구,1,전남광주통합특별시 북구 북문대로242번길 50,39.74,49.79,북구,동림동,북구,동림동,False
30700145,국민임대,632.0,4,광산구,1,전남광주통합특별시 광산구 수등로123번길 70,39.48,51.93,광산구,수완동,광산구,수완동,True
30700233,국민임대,355.0,4,남구,1,전남광주통합특별시 남구 효우로60번길 50,39.72,59.88,남구,효덕동,남구,효덕동,True
30700238,국민임대,996.0,4,광산구,1,전남광주통합특별시 광산구 수등로123번길 22,39.48,51.93,광산구,수완동,광산구,수완동,True
30700239,국민임대,1067.0,4,광산구,1,전남광주통합특별시 광산구 하남대로261번길 11,39.48,51.93,광산구,수완동,광산구,수완동,True
30700242,국민임대,603.0,4,광산구,1,전남광주통합특별시 광산구 풍영로145번길 43,39.48,51.93,광산구,수완동,광산구,수완동,True
30700243,국민임대,355.0,3,광산구,1,전남광주통합특별시 광산구 풍영로145번길 42,39.72,51.93,광산구,수완동,광산구,수완동,True
30700323,국민임대,1232.0,4,북구,1,전남광주통합특별시 북구 첨단연신로 250,36.37,46.74,북구,신용동,북구,신용동,False
30700324,국민임대,676.0,5,북구,1,전남광주통합특별시 북구 첨단연신로 245,36.37,51.79,북구,신용동,북구,신용동,False
30700341,국민임대,1116.0,6,광산구,1,전남광주통합특별시 광산구 풍영로329번길 51,46.85,59.69,광산구,수완동,광산구,수완동,True
30700344,국민임대,1215.0,7,광산구,1,전남광주통합특별시 광산구 풍영로329번길 50,39.25,46.98,광산구,수완동,광산구,수완동,True
30700356,국민임대,754.0,2,남구,1,전남광주통합특별시 남구 백운로 100,51.88,51.93,남구,백운1동,남구,백운1동,False
30700358,국민임대,240.0,2,남구,1,전남광주통합특별시 남구 독립로80번길 8,51.88,51.93,남구,백운1동,남구,백운1동,False
30700363,국민임대,1147.0,7,광산구,1,전남광주통합특별시 광산구 선운중앙로 68,29.73,59.24,광산구,어룡동,광산구,어룡동,False
30700432,국민임대,672.0,2,남구,1,전남광주통합특별시 남구 효우로 262,36.03,46.25,남구,효덕동,남구,효덕동,True
30700432,영구임대,250.0,1,남구,1,전남광주통합특별시 남구 효우로 262,23.76,23.76,남구,효덕동,남구,효덕동,True
30701675,매입임대,8.0,6,동구,1,전남광주통합특별시 동구 무등로 489-1,44.84,59.01,동구,산수2동,동구,산수2동,False
30701676,매입임대,12.0,5,동구,1,전남광주통합특별시 동구 동명로20번길 2,33.48,44.21,동구,동명동,동구,동명동,False
30701677,매입임대,8.0,8,동구,1,전남광주통합특별시 동구 필문대로171번길 17-4,45.36,64.38,동구,산수2동,동구,산수2동,False
30702225,매입임대,6.0,4,북구,1,전남광주통합특별시 북구 대천로157번길 49,41.7,48.24,북구,문흥1동,북구,문흥1동,True
30702226,매입임대,6.0,2,북구,1,전남광주통합특별시 북구 대천로157번길 51,51.15,51.15,북구,문흥1동,북구,문흥1동,True
30702227,매입임대,5.0,2,북구,1,전남광주통합특별시 북구 무진성길 83,53.73,79.65,북구,두암3동,북구,두암3동,False
30702228,매입임대,6.0,2,북구,1,전남광주통합특별시 북구 부남길 42,56.86,59.2,북구,문흥1동,북구,문흥1동,True
30702229,매입임대,6.0,4,북구,1,전남광주통합특별시 북구 부남길 42-6,49.28,57.21,북구,문흥1동,북구,문흥1동,True
30702230,매입임대,6.0,2,북구,1,전남광주통합특별시 북구 부남길 46,53.33,53.33,북구,문흥1동,북구,문흥1동,True
30702231,매입임대,6.0,2,북구,1,전남광주통합특별시 북구 서하로315번길 51-9,53.96,53.96,북구,오치1동,북구,오치1동,False
30702232,매입임대,12.0,4,북구,1,전남광주통합특별시 북구 설죽로251번길 109-6,32.4,51.35,북구,용봉동,북구,용봉동,True
30702233,매입임대,12.0,4,북구,1,전남광주통합특별시 북구 설죽로251번길 109-8,29.61,40.17,북구,용봉동,북구,용봉동,True
30702234,매입임대,6.0,6,북구,1,전남광주통합특별시 북구 송월로49번길 15-5,18.04,62.4,북구,오치1동,북구,오치1동,False
30702235,매입임대,6.0,1,북구,1,전남광주통합특별시 북구 송월로49번길 15-8,52.61,52.61,북구,오치1동,북구,오치1동,False
30702236,매입임대,8.0,7,북구,1,전남광주통합특별시 북구 양일로344번길 42,29.59,70.59,북구,삼각동,북구,삼각동,False
30702237,매입임대,15.0,3,북구,1,전남광주통합특별시 북구 우치로361번길 25,36.51,39.26,북구,삼각동,북구,삼각동,False
30702238,매입임대,6.0,2,광산구,1,전남광주통합특별시 광산구 목련로397번안길 8-14,52.74,55.74,광산구,신가동,광산구,신가동,True
30702239,매입임대,6.0,6,광산구,1,전남광주통합특별시 광산구 산정공원로60번길 34,36.6,56.86,광산구,월곡2동,광산구,월곡2동,False
30702240,매입임대,6.0,2,광산구,1,전남광주통합특별시 광산구 우산로95번길 47-7,48.72,56.22,광산구,우산동,광산구,우산동,True
30702241,매입임대,14.0,6,광산구,1,전남광주통합특별시 광산구 월계로22번길 6,20.85,52.29,광산구,첨단2동,북구,첨단2동,True
30702242,매입임대,6.0,6,남구,1,전남광주통합특별시 남구 봉선로 63-1,38.1,64.22,남구,봉선1동,남구,봉선1동,False
30702243,매입임대,7.0,7,남구,1,전남광주통합특별시 남구 금화로422번길 70,38.2,69.91,남구,월산5동,남구,월산5동,False
30702244,매입임대,6.0,4,남구,1,전남광주통합특별시 남구 봉선2로19번길 10-17,28.56,65.94,남구,봉선2동,남구,봉선2동,True
30702245,매입임대,5.0,3,남구,1,전남광주통합특별시 남구 수박등로47번길 15,38.6,78.48,남구,월산4동,남구,월산4동,False
30702246,매입임대,5.0,3,남구,1,전남광주통합특별시 남구 용대로193번길 9,34.95,84.36,남구,방림1동,남구,방림1동,True
30702247,매입임대,9.0,3,남구,1,전남광주통합특별시 남구 진다리로31번안길 5,34.56,51.0,남구,백운1동,남구,백운1동,False
30702248,매입임대,5.0,5,서구,1,전남광주통합특별시 서구 금부로103번길 8-20,39.51,98.1,서구,금호1동,서구,금호1동,True
30702249,매입임대,6.0,2,서구,1,전남광주통합특별시 서구 학생독립로10번길 11,45.74,54.55,서구,화정4동,서구,화정4동,False
30702250,매입임대,5.0,2,서구,1,전남광주통합특별시 서구 염화로83번길 25-1,55.35,102.78,서구,화정4동,서구,화정4동,False
30702251,매입임대,6.0,4,서구,1,전남광주통합특별시 서구 운천로92번길 22,42.04,55.12,서구,금호1동,서구,금호1동,True
30702252,매입임대,5.0,3,서구,1,전남광주통합특별시 서구 월드컵4강로197번길 45,45.81,100.14,서구,상무1동,서구,상무1동,False
30702253,매입임대,6.0,3,서구,1,전남광주통합특별시 서구 월드컵4강로71번길 23,52.65,58.05,서구,화정4동,서구,화정4동,False
30702254,매입임대,6.0,4,서구,1,전남광주통합특별시 서구 화정로138번길 45-6,33.03,61.83,서구,화정4동,서구,화정4동,False
30702255,매입임대,5.0,3,서구,1,전남광주통합특별시 서구 화정로21번길 4-16,46.14,104.52,서구,상무2동,서구,상무2동,False
30702256,매입임대,6.0,4,서구,1,전남광주통합특별시 서구 화정로21번길 4-18,34.74,75.29,서구,상무2동,서구,상무2동,False
30702257,매입임대,5.0,4,서구,1,전남광주통합특별시 서구 화정로21번길 4-26,55.2,87.9,서구,상무2동,서구,상무2동,False
30703342,매입임대,10.0,6,동구,1,전남광주통합특별시 동구 경양로 239,36.12,81.58,동구,계림1동,동구,계림1동,True
30703343,매입임대,11.0,5,동구,1,전남광주통합특별시 동구 경양로243번길 24-3,35.28,97.2,동구,계림1동,동구,계림1동,True
30703344,매입임대,6.0,3,동구,1,전남광주통합특별시 동구 동계로1번길 13,33.73,46.06,동구,동명동,동구,동명동,False
30703345,매입임대,5.0,3,동구,1,전남광주통합특별시 동구 중흥로227번길 10-10,42.87,88.77,동구,계림1동,동구,계림1동,True
30703346,매입임대,6.0,3,동구,1,전남광주통합특별시 동구 학소로86번길 10,37.32,52.82,동구,지원1동,동구,지원1동,True
30703347,매입임대,6.0,5,서구,1,전남광주통합특별시 서구 금부로103번길 20-12,41.1,69.5,서구,상무2동,서구,상무2동,False
30703348,매입임대,6.0,1,서구,1,전남광주통합특별시 서구 금부로95번길 26-26,46.86,46.86,서구,상무2동,서구,상무2동,False
30703349,매입임대,5.0,3,서구,1,전남광주통합특별시 서구 금부로99번길 19-1,46.805,74.8,서구,상무2동,서구,상무2동,False
30703350,매입임대,6.0,2,서구,1,전남광주통합특별시 서구 내방마을2길 6-8,39.06,39.69,서구,화정1동,서구,화정1동,False
30703351,매입임대,6.0,4,서구,1,전남광주통합특별시 서구 학생독립로10번길 4-9,36.27,76.05,서구,상무2동,서구,상무2동,False
30703352,매입임대,6.0,2,서구,1,전남광주통합특별시 서구 학생독립로22번길 28,46.59,61.11,서구,화정4동,서구,화정4동,False
30703353,매입임대,7.0,4,서구,1,전남광주통합특별시 서구 상무오월로3번길 28-5,37.28,99.99,서구,상무1동,서구,상무1동,False
30703354,매입임대,5.0,3,서구,1,전남광주통합특별시 서구 염화로83번길 19-4,54.87,99.51,서구,화정4동,서구,화정4동,False
30703355,매입임대,6.0,2,서구,1,전남광주통합특별시 서구 칠성로4번길 7,56.04,60.24,서구,유덕동,서구,유덕동,False
30703356,매입임대,7.0,5,서구,1,전남광주통합특별시 서구 풍암순환로128번길 29,35.15,80.7,서구,풍암동,서구,풍암동,True
30703357,매입임대,5.0,3,서구,1,전남광주통합특별시 서구 화개2로20번길 28-13,39.06,87.72,서구,금호2동,서구,금호2동,False
30703358,매입임대,6.0,3,서구,1,전남광주통합특별시 서구 화정로21번길 4-22,38.7,69.66,서구,상무2동,서구,상무2동,False
30703359,매입임대,6.0,2,서구,1,전남광주통합특별시 서구 화정로78번길 24-13,51.18,80.67,서구,화정4동,서구,화정4동,False
30703360,매입임대,5.0,3,서구,1,전남광주통합특별시 서구 화정로78번길 24-34,46.68,99.74,서구,화정4동,서구,화정4동,False
30703361,매입임대,9.0,9,남구,1,전남광주통합특별시 남구 군분로77번안길 15,38.31,100.92,남구,주월2동,남구,주월2동,False
30703362,매입임대,6.0,4,남구,1,전남광주통합특별시 남구 봉선2로19번길 12,47.67,67.36,남구,봉선2동,남구,봉선2동,True
30703363,매입임대,5.0,5,남구,1,전남광주통합특별시 남구 회서로21번가길 5-1,41.8,92.55,남구,주월1동,남구,주월1동,False
30703364,매입임대,8.0,5,남구,1,전남광주통합특별시 남구 회재로1231번길 7,39.24,48.33,남구,주월2동,남구,주월2동,False
30703365,매입임대,6.0,2,동구,1,전남광주통합특별시 동구 독립로350번길 15,40.27,43.33,동구,계림1동,동구,계림1동,True
30703366,매입임대,8.0,4,북구,1,전남광주통합특별시 북구 참판로 172,56.7,58.43,북구,두암2동,북구,두암2동,True
30703367,매입임대,8.0,3,북구,1,전남광주통합특별시 북구 참판로 172,55.4,57.2,북구,두암2동,북구,두암2동,True
30703368,매입임대,7.0,3,북구,1,전남광주통합특별시 북구 참판로 172,50.07,51.22,북구,두암2동,북구,두암2동,True
30703369,매입임대,11.0,3,북구,1,전남광주통합특별시 북구 참판로 172,50.43,55.57,북구,두암2동,북구,두암2동,True
30703370,매입임대,8.0,5,북구,1,전남광주통합특별시 북구 감적길 46-2,32.77,76.31,북구,우산동,북구,우산동,False
30703371,매입임대,5.0,4,북구,1,전남광주통합특별시 북구 능안로29번길 7-4,35.22,90.915,북구,오치1동,북구,오치1동,False
30703372,매입임대,5.0,4,북구,1,전남광주통합특별시 북구 대천로157번길 96-17,49.515,100.44,북구,문흥1동,북구,문흥1동,True
30703373,매입임대,6.0,1,북구,1,전남광주통합특별시 북구 대천로157번길 96-3,49.39,49.39,북구,문흥1동,북구,문흥1동,True
30703374,매입임대,5.0,3,북구,1,전남광주통합특별시 북구 무진성길 2,52.74,115.61,북구,두암3동,북구,두암3동,False
30703375,매입임대,5.0,2,북구,1,전남광주통합특별시 북구 무진성길 81,53.55,88.355,북구,두암3동,북구,두암3동,False
30703376,매입임대,5.0,3,북구,1,전남광주통합특별시 북구 무진성길 92,53.19,80.08,북구,두암3동,북구,두암3동,False
30703377,매입임대,5.0,5,북구,1,전남광주통합특별시 북구 문산로74번길 139-10,38.76,113.22,북구,문흥1동,북구,문흥1동,True
30703378,매입임대,12.0,3,북구,1,전남광주통합특별시 북구 문화소통로302번길 9,53.82,57.42,북구,문화동,북구,문화동,False
30703379,매입임대,5.0,2,북구,1,전남광주통합특별시 북구 부남길26번길 34-3,47.52,95.04,북구,문흥1동,북구,문흥1동,True
30703380,매입임대,5.0,2,북구,1,전남광주통합특별시 북구 부남길26번길 34-5,47.28,94.56,북구,문흥1동,북구,문흥1동,True
30703381,매입임대,5.0,2,북구,1,전남광주통합특별시 북구 부남길26번길 34-7,47.28,94.56,북구,문흥1동,북구,문흥1동,True
30703382,매입임대,9.0,3,북구,1,전남광주통합특별시 북구 설죽로251번길 69,47.52,55.44,북구,용봉동,북구,용봉동,True
30703383,매입임대,9.0,5,북구,1,전남광주통합특별시 북구 설죽로251번길 71,43.92,50.98,북구,용봉동,북구,용봉동,True
30703384,매입임대,5.0,3,북구,1,전남광주통합특별시 북구 송월로40번길 13-8,48.875,90.07,북구,오치1동,북구,오치1동,False
30703385,매입임대,6.0,1,북구,1,전남광주통합특별시 북구 양일로343번길 47-9,50.15,50.15,북구,일곡동,북구,일곡동,False
30703386,매입임대,10.0,9,북구,1,전남광주통합특별시 북구 우치로126번길 25-7,19.8,105.885,북구,용봉동,북구,용봉동,True
30703387,매입임대,7.0,5,북구,1,전남광주통합특별시 북구 중흥로173번길 8-7,40.35,87.27,북구,중흥1동,북구,중흥1동,False
30703388,매입임대,5.0,4,광산구,1,전남광주통합특별시 광산구 우산로 74-6,38.08,74.46,광산구,우산동,광산구,우산동,True
30703389,매입임대,6.0,1,광산구,1,전남광주통합특별시 광산구 월계로34번길 37-11,48.46,48.46,광산구,첨단2동,북구,첨단2동,True
30704212,매입임대,7.0,3,동구,1,전남광주통합특별시 동구 밤실로3번길 10-1,48.27,50.68,동구,지산2동,동구,지산2동,True
30704213,매입임대,6.0,4,동구,1,전남광주통합특별시 동구 중흥로213번길 16-15,45.03,45.78,동구,계림1동,동구,계림1동,True
30704214,매입임대,6.0,2,동구,1,전남광주통합특별시 동구 중흥로213번길 16-17,54.59,57.26,동구,계림1동,동구,계림1동,True
30704215,매입임대,8.0,3,동구,1,전남광주통합특별시 동구 중흥로213번길 22,58.89,90.71,동구,계림1동,동구,계림1동,True
30704216,매입임대,6.0,2,동구,1,전남광주통합특별시 동구 필문대로123번길 12-1,40.14,40.14,동구,산수2동,동구,산수2동,False
30704217,매입임대,6.0,2,동구,1,전남광주통합특별시 동구 학소로76번길 7-11,48.165,49.555,동구,지원1동,동구,지원1동,True
30704218,매입임대,5.0,3,서구,1,전남광주통합특별시 서구 금부로103번길 20-6,42.36,115.22,서구,상무2동,서구,상무2동,False
30704219,매입임대,5.0,3,서구,1,전남광주통합특별시 서구 금부로103번길 8-16,45.22,93.37,서구,금호1동,서구,금호1동,True
30704220,매입임대,6.0,4,서구,1,전남광주통합특별시 서구 금부로103번길 8-8,25.56,75.78,서구,금호1동,서구,금호1동,True
30704221,매입임대,9.0,3,서구,1,전남광주통합특별시 서구 상무대로967번길 18-4,50.25,51.08,서구,상무1동,서구,상무1동,False
30704222,매입임대,5.0,1,서구,1,전남광주통합특별시 서구 상무버들로53번길 22-27,49.62,49.62,서구,유덕동,서구,유덕동,False
30704223,매입임대,5.0,1,서구,1,전남광주통합특별시 서구 상무버들로53번길 22-31,49.62,49.62,서구,유덕동,서구,유덕동,False
30704224,매입임대,5.0,3,서구,1,전남광주통합특별시 서구 칠성로4번길 5,51.2,52.76,서구,유덕동,서구,유덕동,False
30704225,매입임대,11.0,4,남구,1,전남광주통합특별시 남구 군분로119번길 6-4,46.92,66.12,남구,월산4동,남구,월산4동,False
30704226,매입임대,5.0,2,남구,1,전남광주통합특별시 남구 군분로55번길 14,51.0,54.0,남구,주월2동,남구,주월2동,False
30704227,매입임대,12.0,4,남구,1,전남광주통합특별시 남구 군분로78번길 9,46.6475,51.4825,남구,월산5동,남구,월산5동,False
30704228,매입임대,9.0,2,남구,1,전남광주통합특별시 남구 금화로456번길 4,52.48,55.04,남구,월산4동,남구,월산4동,False
30704229,매입임대,10.0,6,남구,1,전남광주통합특별시 남구 대남대로372번안길 5-5,45.0,60.09,남구,월산4동,남구,월산4동,False
30704230,매입임대,5.0,3,남구,1,전남광주통합특별시 남구 봉주4길 16,48.9,50.85,남구,주월2동,남구,주월2동,False
30704231,매입임대,6.0,2,남구,1,전남광주통합특별시 남구 월광길 37-1,68.655,68.655,남구,월산4동,남구,월산4동,False
30704232,매입임대,10.0,4,북구,1,전남광주통합특별시 북구 안산로 20-12,41.6,53.4,북구,오치2동,북구,오치2동,False
30704233,매입임대,6.0,1,북구,1,전남광주통합특별시 북구 일곡로 19,56.13,56.13,북구,일곡동,북구,일곡동,False
30704235,매입임대,12.0,2,북구,1,전남광주통합특별시 북구 우치로257번길 20-15,45.14,50.43,북구,오치2동,북구,오치2동,False
30704236,매입임대,6.0,2,북구,1,전남광주통합특별시 북구 우치로257번길 3,54.12,59.06,북구,오치2동,북구,오치2동,False
30704237,매입임대,14.0,4,북구,1,전남광주통합특별시 북구 저불로91번길 3,37.91,48.95,북구,용봉동,북구,용봉동,True
30704238,매입임대,6.0,3,북구,1,전남광주통합특별시 북구 중흥로183번길 7-10,50.58,52.49,북구,중흥1동,북구,중흥1동,False
30704239,매입임대,9.0,3,광산구,1,전남광주통합특별시 광산구 송정로 53-2,54.6,58.8,광산구,송정2동,광산구,송정2동,False
30704240,매입임대,9.0,3,광산구,1,전남광주통합특별시 광산구 송정로 53-4,54.6,58.8,광산구,송정2동,광산구,송정2동,False
30704242,매입임대,6.0,2,광산구,1,전남광주통합특별시 광산구 목련로397번안길 8-4,52.75,52.75,광산구,신가동,광산구,신가동,True
30704243,매입임대,8.0,5,광산구,1,전남광주통합특별시 광산구 사암로130번길 36,40.82,52.77,광산구,우산동,광산구,우산동,True
30704244,매입임대,6.0,2,광산구,1,전남광주통합특별시 광산구 수등로243번길 28-3,57.95,57.95,광산구,신가동,광산구,신가동,True
30704245,매입임대,6.0,3,광산구,1,전남광주통합특별시 광산구 수등로243번길 28-8,52.34,55.76,광산구,신가동,광산구,신가동,True
30704246,매입임대,5.0,3,광산구,1,전남광주통합특별시 광산구 신창로48번길 21-8,54.33,84.98,광산구,신창동,광산구,신창동,False
30704247,매입임대,7.0,4,광산구,1,전남광주통합특별시 광산구 신창로48번길 45-4,32.54,73.72,광산구,신창동,광산구,신창동,False
30704248,매입임대,7.0,4,광산구,1,전남광주통합특별시 광산구 신창로48번길 45-8,32.54,73.72,광산구,신창동,광산구,신창동,False
30704249,매입임대,5.0,5,광산구,1,전남광주통합특별시 광산구 신창로48번길 46-13,45.36,83.82,광산구,신창동,광산구,신창동,False
30704250,매입임대,5.0,2,광산구,1,전남광주통합특별시 광산구 신창로48번길 57,61.2,75.5,광산구,신창동,광산구,신창동,False
30704251,매입임대,5.0,2,광산구,1,전남광주통합특별시 광산구 신창로48번길 63,57.97,98.92,광산구,신창동,광산구,신창동,False
30704252,매입임대,9.0,3,광산구,1,전남광주통합특별시 광산구 야촌길 17,41.54,50.22,광산구,신흥동,광산구,신흥동,False
30704729,매입임대,11.0,7,동구,1,전남광주통합특별시 동구 무등로 437-1,26.58,60.52,동구,산수1동,동구,산수1동,False
30704730,매입임대,9.0,3,동구,1,전남광주통합특별시 동구 경양로217번길 5,31.55,51.0,동구,계림1동,동구,계림1동,True
30704731,매입임대,12.0,3,동구,1,전남광주통합특별시 동구 경양로217번길 8,48.6,50.77,동구,계림1동,동구,계림1동,True
30704732,매입임대,12.0,3,동구,1,전남광주통합특별시 동구 경양로223번길 6-15,20.79,31.2,동구,계림1동,동구,계림1동,True
30704733,매입임대,12.0,3,동구,1,전남광주통합특별시 동구 경양로235번길 15,47.36,47.78,동구,계림1동,동구,계림1동,True
30704734,매입임대,12.0,4,동구,1,전남광주통합특별시 동구 경양로235번길 4-3,50.12,50.23,동구,계림1동,동구,계림1동,True
30704735,매입임대,6.0,1,동구,1,전남광주통합특별시 동구 무등로415번길 16,58.93,58.93,동구,산수1동,동구,산수1동,False
30704736,매입임대,12.0,2,동구,1,전남광주통합특별시 동구 무등로449번길 16,48.18,49.98,동구,산수1동,동구,산수1동,False
30704737,매입임대,9.0,3,동구,1,전남광주통합특별시 동구 무등로449번길 32-1,46.975,50.3475,동구,산수1동,동구,산수1동,False
30704738,매입임대,12.0,1,동구,1,전남광주통합특별시 동구 무등로449번길 42,49.92,49.92,동구,산수1동,동구,산수1동,False
30704739,매입임대,9.0,4,동구,1,전남광주통합특별시 동구 무등로449번길 48,43.28,55.04,동구,산수1동,동구,산수1동,False
30704740,매입임대,9.0,5,동구,1,전남광주통합특별시 동구 무등로449번길 5-25,51.8,57.39,동구,산수1동,동구,산수1동,False
30704741,매입임대,9.0,4,동구,1,전남광주통합특별시 동구 무등로449번길 50,43.28,55.04,동구,산수1동,동구,산수1동,False
30704742,매입임대,9.0,3,동구,1,전남광주통합특별시 동구 무등로449번길 8-8,48.81,52.18,동구,산수1동,동구,산수1동,False
30704743,매입임대,13.0,3,동구,1,전남광주통합특별시 동구 밤실로136번길 13-7,21.125,102.7,동구,산수2동,동구,산수2동,False
30704744,매입임대,12.0,5,동구,1,전남광주통합특별시 동구 산수길39번길 26,44.805,47.12,동구,계림2동,동구,계림2동,False
30704745,매입임대,12.0,3,동구,1,전남광주통합특별시 동구 의재로136번길 26-4,48.83,49.28,동구,학운동,동구,학운동,False
30704746,매입임대,12.0,1,동구,1,전남광주통합특별시 동구 의재로51번길 21,50.25,50.25,동구,학운동,동구,학운동,False
30704747,매입임대,12.0,2,동구,1,전남광주통합특별시 동구 중흥로227번길 12,47.88,50.4,동구,계림1동,동구,계림1동,True
30704748,매입임대,12.0,5,동구,1,전남광주통합특별시 동구 중흥로227번길 6-11,46.74,50.97,동구,계림1동,동구,계림1동,True
30704749,매입임대,6.0,2,동구,1,전남광주통합특별시 동구 중흥로241번길 22-1,59.83,59.85,동구,계림1동,동구,계림1동,True
30704750,매입임대,19.0,5,동구,1,전남광주통합특별시 동구 필문대로106번길 4,21.5475,89.875,동구,계림2동,동구,계림2동,False
30704751,매입임대,12.0,2,동구,1,전남광주통합특별시 동구 필문대로137번길 5-7,46.05,50.81,동구,산수1동,동구,산수1동,False
30704752,매입임대,12.0,2,동구,1,전남광주통합특별시 동구 필문대로153번길 24,50.085,50.58,동구,산수2동,동구,산수2동,False
30704753,매입임대,12.0,2,동구,1,전남광주통합특별시 동구 필문대로159번길 1-13,47.88,49.63,동구,산수1동,동구,산수1동,False
30704754,매입임대,11.0,7,동구,1,전남광주통합특별시 동구 필문대로187번길 19-5,41.21,48.98,동구,산수2동,동구,산수2동,False
30704755,매입임대,8.0,4,동구,1,전남광주통합특별시 동구 필문대로187번길 7-10,50.76,54.81,동구,산수2동,동구,산수2동,False
30704756,매입임대,8.0,5,동구,1,전남광주통합특별시 동구 필문대로187번길 7-14,49.62,57.35,동구,산수2동,동구,산수2동,False
30704757,매입임대,9.0,5,동구,1,전남광주통합특별시 동구 무등로306번길 29-15,48.85,61.85,동구,계림1동,동구,계림1동,True
30704758,매입임대,7.0,4,서구,1,전남광주통합특별시 서구 군분로 206-3,49.5475,79.07,서구,농성2동,서구,농성2동,False
30704759,매입임대,6.0,2,서구,1,전남광주통합특별시 서구 풍암운리로 10-1,51.32,51.32,서구,풍암동,서구,풍암동,True
30704760,매입임대,11.0,6,서구,1,전남광주통합특별시 서구 경열로54번길 10,42.84,72.69,서구,농성2동,서구,농성2동,False
30704761,매입임대,10.0,3,서구,1,전남광주통합특별시 서구 군분로129번길 11,52.06,53.2,서구,화정2동,서구,화정2동,True
30704762,매입임대,6.0,2,서구,1,전남광주통합특별시 서구 군분로159번길 12,44.5,44.9,서구,화정2동,서구,화정2동,True
30704763,매입임대,9.0,2,서구,1,전남광주통합특별시 서구 화정로276번길 10,57.4,63.0,서구,농성2동,서구,농성2동,False
30704764,매입임대,6.0,2,서구,1,전남광주통합특별시 서구 화정로280번길 7,57.27,57.48,서구,농성2동,서구,농성2동,False
30704765,매입임대,9.0,4,서구,1,전남광주통합특별시 서구 군분로221번길 4,53.08,59.4,서구,농성2동,서구,농성2동,False
30704766,매입임대,8.0,2,서구,1,전남광주통합특별시 서구 군분로222번길 4-1,33.12,48.3,서구,농성2동,서구,농성2동,False
30704767,매입임대,12.0,3,서구,1,전남광주통합특별시 서구 금호만호길 90,47.58,51.68,서구,금호1동,서구,금호1동,True
30704768,매입임대,9.0,3,서구,1,전남광주통합특별시 서구 금화로481번길 8,49.77,57.96,서구,농성2동,서구,농성2동,False
30704769,매입임대,12.0,3,서구,1,전남광주통합특별시 서구 금화로482번길 15,43.96,51.02,서구,농성2동,서구,농성2동,False
30704770,매입임대,6.0,3,서구,1,전남광주통합특별시 서구 금화로482번길 15-1,51.195,51.47,서구,농성2동,서구,농성2동,False
30704771,매입임대,9.0,4,서구,1,전남광주통합특별시 서구 금화로73번길 14,22.8,108.46,서구,금호1동,서구,금호1동,True
30704772,매입임대,15.0,4,서구,1,전남광주통합특별시 서구 내방로350번길 3-6,20.32,24.82,서구,화정1동,서구,화정1동,False
30704773,매입임대,12.0,3,서구,1,전남광주통합특별시 서구 내방로404번길 25,48.057,51.995,서구,농성1동,서구,농성1동,True
30704774,매입임대,9.0,2,서구,1,전남광주통합특별시 서구 내방마을2길 6-14,56.8,58.24,서구,화정1동,서구,화정1동,False
30704775,매입임대,12.0,2,서구,1,전남광주통합특별시 서구 내방마을2길 6-16,50.04,50.16,서구,화정1동,서구,화정1동,False
30704776,매입임대,12.0,4,서구,1,전남광주통합특별시 서구 대남대로450번길 10-10,47.645,51.025,서구,농성2동,서구,농성2동,False
30704777,매입임대,12.0,4,서구,1,전남광주통합특별시 서구 대남대로450번길 10-12,47.645,51.025,서구,농성2동,서구,농성2동,False
30704778,매입임대,9.0,3,서구,1,전남광주통합특별시 서구 대남대로461번길 3,50.895,51.63,서구,농성2동,서구,농성2동,False
30704779,매입임대,12.0,3,서구,1,전남광주통합특별시 서구 대남대로462번길 2,48.64,51.1,서구,농성2동,서구,농성2동,False
30704780,매입임대,12.0,2,서구,1,전남광주통합특별시 서구 상무대로1005번길 11-33,46.06,50.5,서구,화정1동,서구,화정1동,False
30704781,매입임대,12.0,1,서구,1,전남광주통합특별시 서구 상무대로1005번길 17-19,49.92,49.92,서구,화정1동,서구,화정1동,False
30704782,매입임대,18.0,5,서구,1,전남광주통합특별시 서구 상무대로1005번길 39-5,22.62,29.79,서구,화정1동,서구,화정1동,False
30704783,매입임대,12.0,3,서구,1,전남광주통합특별시 서구 상무대로1171번길 4,48.6,50.77,서구,농성1동,서구,농성1동,True
30704784,매입임대,12.0,3,서구,1,전남광주통합특별시 서구 상무대로884번길 26,38.29,51.54,서구,상무2동,서구,상무2동,False
30704785,매입임대,18.0,2,서구,1,전남광주통합특별시 서구 상무오월로38번길 27-11,18.02,37.62,서구,상무1동,서구,상무1동,False
30704786,매입임대,18.0,6,서구,1,전남광주통합특별시 서구 월드컵4강로181번길 6-8,20.88,25.98,서구,상무1동,서구,상무1동,False
30704787,매입임대,12.0,3,서구,1,전남광주통합특별시 서구 월산로225번길 13-18,43.68,54.21,서구,농성1동,서구,농성1동,True
30704788,매입임대,12.0,2,서구,1,전남광주통합특별시 서구 월산로225번길 13-22,43.68,54.21,서구,농성1동,서구,농성1동,True
30704789,매입임대,12.0,3,서구,1,전남광주통합특별시 서구 풍금로12번길 13,50.22,51.45,서구,풍암동,서구,풍암동,True
30704790,매입임대,12.0,2,서구,1,전남광주통합특별시 서구 풍금로24번길 5-1,48.6075,50.485,서구,풍암동,서구,풍암동,True
30704791,매입임대,6.0,2,서구,1,전남광주통합특별시 서구 풍암신흥로11번길 38-20,50.07,54.13,서구,풍암동,서구,풍암동,True
30704792,매입임대,6.0,2,서구,1,전남광주통합특별시 서구 풍암신흥로50번길 31,49.865,57.425,서구,풍암동,서구,풍암동,True
30704793,매입임대,6.0,2,서구,1,전남광주통합특별시 서구 풍암신흥로50번길 35,59.115,59.46,서구,풍암동,서구,풍암동,True
30704794,매입임대,6.0,2,서구,1,전남광주통합특별시 서구 풍암신흥로50번길 5,57.27,59.04,서구,풍암동,서구,풍암동,True
30704795,매입임대,9.0,4,서구,1,전남광주통합특별시 서구 풍암신흥로62번길 3-68,53.66,55.48,서구,풍암동,서구,풍암동,True
30704796,매입임대,8.0,5,서구,1,전남광주통합특별시 서구 풍암신흥안길 11-8,57.69,66.39,서구,풍암동,서구,풍암동,True
30704797,매입임대,11.0,6,서구,1,전남광주통합특별시 서구 풍암신흥안길 27-5,50.3975,65.65,서구,풍암동,서구,풍암동,True
30704798,매입임대,9.0,2,서구,1,전남광주통합특별시 서구 풍암신흥안길 7,44.15,44.48,서구,풍암동,서구,풍암동,True
30704799,매입임대,6.0,2,서구,1,전남광주통합특별시 서구 풍암운리로33번길 9,51.21,56.67,서구,풍암동,서구,풍암동,True
30704800,매입임대,12.0,4,서구,1,전남광주통합특별시 서구 풍암중앙로91번길 4-30,20.5,37.59,서구,풍암동,서구,풍암동,True
30704801,매입임대,9.0,3,서구,1,전남광주통합특별시 서구 화개1로1번길 23,51.62,56.21,서구,금호2동,서구,금호2동,False
30704802,매입임대,11.0,5,서구,1,전남광주통합특별시 서구 화개2로20번길 28-17,49.8,66.26,서구,금호2동,서구,금호2동,False
30704803,매입임대,6.0,1,서구,1,전남광주통합특별시 서구 화개2로20번길 32-17,50.31,50.31,서구,금호2동,서구,금호2동,False
30704804,매입임대,8.0,5,서구,1,전남광주통합특별시 서구 화개2로20번길 32-8,57.69,67.14,서구,금호2동,서구,금호2동,False
30704805,매입임대,9.0,3,서구,1,전남광주통합특별시 서구 화개2로9번길 9-10,50.4,50.67,서구,금호2동,서구,금호2동,False
30704806,매입임대,9.0,2,서구,1,전남광주통합특별시 서구 화개2로9번길 9-11,59.875,60.675,서구,금호2동,서구,금호2동,False
30704807,매입임대,6.0,2,서구,1,전남광주통합특별시 서구 화개중앙로3번길 12-10,53.52,57.39,서구,금호2동,서구,금호2동,False
30704808,매입임대,12.0,2,서구,1,전남광주통합특별시 서구 화운로100번길 6,49.275,49.275,서구,화정2동,서구,화정2동,True
30704809,매입임대,9.0,3,서구,1,전남광주통합특별시 서구 화운로110번길 5-10,51.34,54.7,서구,화정2동,서구,화정2동,True
30704811,매입임대,12.0,5,서구,1,전남광주통합특별시 서구 화운로175번길 5-15,41.72,51.48,서구,화정1동,서구,화정1동,False
30704812,매입임대,12.0,2,서구,1,전남광주통합특별시 서구 화정로21번길 8-9,47.0,49.83,서구,상무2동,서구,상무2동,False
30704813,매입임대,12.0,2,서구,1,전남광주통합특별시 서구 화정로253번길 11-1,50.14,50.22,서구,화정2동,서구,화정2동,True
30704814,매입임대,12.0,3,서구,1,전남광주통합특별시 서구 화정로253번길 7,47.02,50.49,서구,화정2동,서구,화정2동,True
30704815,매입임대,12.0,3,서구,1,전남광주통합특별시 서구 화정로271번길 11,49.17,49.91,서구,농성2동,서구,농성2동,False
30704816,매입임대,12.0,2,서구,1,전남광주통합특별시 서구 화정로279번길 19,50.05,50.52,서구,농성2동,서구,농성2동,False
30704817,매입임대,11.0,5,서구,1,전남광주통합특별시 서구 화정로279번길 4,45.3,71.54,서구,농성2동,서구,농성2동,False
30704818,매입임대,16.0,6,서구,1,전남광주통합특별시 서구 화정로293번길 6-13,23.43,68.025,서구,농성2동,서구,농성2동,False
30704819,매입임대,11.0,3,서구,1,전남광주통합특별시 서구 화정로49번길 34-9,51.75,58.5,서구,상무2동,서구,상무2동,False
30704820,매입임대,10.0,6,서구,1,전남광주통합특별시 서구 동림2지구길 15,49.77,55.16,서구,동천동,서구,동천동,False
30704821,매입임대,10.0,5,서구,1,전남광주통합특별시 서구 동림2지구길 31,53.3,59.86,서구,동천동,서구,동천동,False
30704822,매입임대,18.0,4,남구,1,전남광주통합특별시 남구 금화로 456,50.54,51.83,남구,월산4동,남구,월산4동,False
30704823,매입임대,12.0,5,남구,1,전남광주통합특별시 남구 제중로 24-9,45.23,48.63,남구,양림동,남구,양림동,False
30704824,매입임대,10.0,4,남구,1,전남광주통합특별시 남구 진다리로 31,34.258,50.31,남구,백운1동,남구,백운1동,False
30704825,매입임대,11.0,5,남구,1,전남광주통합특별시 남구 진다리로 49-2,48.28,74.92,남구,백운1동,남구,백운1동,False
30704826,매입임대,9.0,2,남구,1,전남광주통합특별시 남구 화정로260번길 18,58.4,60.0,남구,월산4동,남구,월산4동,False
30704827,매입임대,12.0,4,남구,1,전남광주통합특별시 남구 화정로272번길 23,43.23,50.4,남구,월산4동,남구,월산4동,False
30704828,매입임대,11.0,7,남구,1,전남광주통합특별시 남구 월산로151번길 5-7,40.845,71.64,남구,월산동,남구,월산동,False
30704829,매입임대,12.0,4,남구,1,전남광주통합특별시 남구 금화로482번길 14,47.35,49.6,남구,월산4동,남구,월산4동,False
30704830,매입임대,6.0,4,남구,1,전남광주통합특별시 남구 구성로78번길 21,38.54,38.64,남구,월산동,남구,월산동,False
30704831,매입임대,6.0,1,남구,1,전남광주통합특별시 남구 금화로394번길 7,60.51,60.51,남구,월산4동,남구,월산4동,False
30704832,매입임대,11.0,5,남구,1,전남광주통합특별시 남구 금화로415번길 12,49.76,57.3,남구,월산4동,남구,월산4동,False
30704833,매입임대,12.0,3,남구,1,전남광주통합특별시 남구 금화로422번길 13,43.5,45.36,남구,월산4동,남구,월산4동,False
30704834,매입임대,12.0,3,남구,1,전남광주통합특별시 남구 금화로422번길 8,48.495,49.68,남구,월산4동,남구,월산4동,False
30704835,매입임대,12.0,3,남구,1,전남광주통합특별시 남구 금화로440번길 14,47.94,48.115,남구,월산4동,남구,월산4동,False
30704836,매입임대,12.0,2,남구,1,전남광주통합특별시 남구 금화로446번가길 15,44.27,49.87,남구,월산4동,남구,월산4동,False
30704837,매입임대,9.0,4,남구,1,전남광주통합특별시 남구 금화로456번길 19,54.71,59.04,남구,월산4동,남구,월산4동,False
30704838,매입임대,10.0,2,남구,1,전남광주통합특별시 남구 금화로470번길 19,50.4,50.4,남구,월산4동,남구,월산4동,False
30704839,매입임대,9.0,4,남구,1,전남광주통합특별시 남구 대남대로181번길 15-3,50.02,63.84,남구,봉선1동,남구,봉선1동,False
30704840,매입임대,12.0,4,남구,1,전남광주통합특별시 남구 대남대로340번길 17,46.815,51.6,남구,월산4동,남구,월산4동,False
30704841,매입임대,8.0,3,남구,1,전남광주통합특별시 남구 대남대로350번길 37,53.12,53.47,남구,월산4동,남구,월산4동,False
30704842,매입임대,10.0,2,남구,1,전남광주통합특별시 남구 대남대로350번길 45,49.0,49.945,남구,월산4동,남구,월산4동,False
30704843,매입임대,9.0,3,남구,1,전남광주통합특별시 남구 대남대로350번길 49,49.34,55.56,남구,월산4동,남구,월산4동,False
30704844,매입임대,10.0,3,남구,1,전남광주통합특별시 남구 대남대로372번안길 27-1,48.35,66.78,남구,월산4동,남구,월산4동,False
30704845,매입임대,12.0,1,남구,1,전남광주통합특별시 남구 대남대로390번길 16,50.46,50.46,남구,월산4동,남구,월산4동,False
30704846,매입임대,6.0,1,남구,1,전남광주통합특별시 남구 독립로10번길 32-1,59.78,59.78,남구,백운2동,남구,백운2동,False
30704847,매입임대,9.0,5,남구,1,전남광주통합특별시 남구 독립로10번길 62,56.32,59.89,남구,백운2동,남구,백운2동,False
30704848,매입임대,9.0,4,남구,1,전남광주통합특별시 남구 백양로51번길 3,48.45,49.04,남구,백운2동,남구,백운2동,False
30704849,매입임대,18.0,8,남구,1,전남광주통합특별시 남구 백양로61번길 6,50.43,51.93,남구,백운2동,남구,백운2동,False
30704850,매입임대,6.0,1,남구,1,전남광주통합특별시 남구 백운로44번길 6-4,42.9,42.9,남구,백운1동,남구,백운1동,False
30704851,매입임대,6.0,1,남구,1,전남광주통합특별시 남구 백운로44번길 6-6,42.9,42.9,남구,백운1동,남구,백운1동,False
30704852,매입임대,12.0,3,남구,1,전남광주통합특별시 남구 백운로5번길 29-1,48.8,51.15,남구,백운2동,남구,백운2동,False
30704853,매입임대,12.0,2,남구,1,전남광주통합특별시 남구 백운로5번길 44-1,49.64,50.96,남구,백운2동,남구,백운2동,False
30704854,매입임대,9.0,2,남구,1,전남광주통합특별시 남구 봉선로51번길 30-2,59.61,59.88,남구,봉선1동,남구,봉선1동,False
30704855,매입임대,15.0,3,남구,1,전남광주통합특별시 남구 봉선중앙로134번길 21,51.03,51.03,남구,방림1동,남구,방림1동,True
30704856,매입임대,9.0,4,남구,1,전남광주통합특별시 남구 봉주5길 8,58.5,59.91,남구,주월2동,남구,주월2동,False
30704857,매입임대,9.0,5,남구,1,전남광주통합특별시 남구 봉주5길 8,58.5,59.97,남구,주월2동,남구,주월2동,False
30704858,매입임대,8.0,4,남구,1,전남광주통합특별시 남구 봉주5길 8,49.78,62.85,남구,주월2동,남구,주월2동,False
30704859,매입임대,18.0,5,남구,1,전남광주통합특별시 남구 수박등로47번길 12,49.21,51.67,남구,월산4동,남구,월산4동,False
30704860,매입임대,9.0,4,남구,1,전남광주통합특별시 남구 월광1길 24-1,47.58,47.84,남구,월산4동,남구,월산4동,False
30704861,매입임대,12.0,3,남구,1,전남광주통합특별시 남구 월광1길 27,50.6,53.2,남구,월산4동,남구,월산4동,False
30704862,매입임대,12.0,2,남구,1,전남광주통합특별시 남구 월광길 50,49.715,49.92,남구,월산4동,남구,월산4동,False
30704863,매입임대,11.0,4,남구,1,전남광주통합특별시 남구 제석로80번길 14,42.83,81.98,남구,봉선2동,남구,봉선2동,True
30704864,매입임대,9.0,4,남구,1,전남광주통합특별시 남구 중앙로33번길 10-1,56.32,63.5,남구,월산동,남구,월산동,False
30704865,매입임대,12.0,3,남구,1,전남광주통합특별시 남구 진다리로13번서길 1,49.8,49.8,남구,백운1동,남구,백운1동,False
30704866,매입임대,12.0,2,남구,1,전남광주통합특별시 남구 진다리로13번서길 3,49.385,49.385,남구,백운1동,남구,백운1동,False
30704867,매입임대,12.0,5,남구,1,전남광주통합특별시 남구 진다리로13번서길 5,49.3,51.9134,남구,백운1동,남구,백운1동,False
30704868,매입임대,6.0,2,남구,1,전남광주통합특별시 남구 회서로21번나길 10,56.64,58.0,남구,주월1동,남구,주월1동,False
30704869,매입임대,8.0,4,남구,1,전남광주통합특별시 남구 회재로1224번길 13,53.815,62.76,남구,주월1동,남구,주월1동,False
30704870,매입임대,8.0,4,남구,1,전남광주통합특별시 남구 회재로1224번길 15,53.815,62.76,남구,주월1동,남구,주월1동,False
30704871,매입임대,8.0,4,남구,1,전남광주통합특별시 남구 회재로1224번길 15-1,53.815,62.76,남구,주월1동,남구,주월1동,False
30704872,매입임대,10.0,4,서구,1,전남광주통합특별시 서구 동림2지구길 21-3,48.48,52.92,서구,동천동,서구,동천동,False
30704873,매입임대,7.0,5,서구,1,전남광주통합특별시 서구 동림2지구길 32,51.26,58.68,서구,동천동,서구,동천동,False
30704874,매입임대,12.0,4,북구,1,전남광주통합특별시 북구 경양로 95,29.27,48.96,북구,신안동,북구,신안동,False
30704875,매입임대,18.0,8,북구,1,전남광주통합특별시 북구 군왕로 109,57.28,64.62,북구,두암1동,북구,두암1동,False
30704876,매입임대,12.0,2,북구,1,전남광주통합특별시 북구 상촌로 42,50.19,50.25,북구,양산동,북구,양산동,False
30704877,매입임대,17.0,3,북구,1,전남광주통합특별시 북구 서하로 240-12,50.4,50.4,북구,오치1동,북구,오치1동,False
30704878,매입임대,12.0,2,북구,1,전남광주통합특별시 북구 안산로 20-3,44.07,45.36,북구,오치2동,북구,오치2동,False
30704879,매입임대,12.0,2,북구,1,전남광주통합특별시 북구 양산택지소로 35,57.43,57.43,북구,건국동,북구,건국동,False
30704880,매입임대,18.0,5,북구,1,전남광주통합특별시 북구 양산택지소로 43,18.9,28.51,북구,건국동,북구,건국동,False
30704881,매입임대,12.0,6,북구,1,전남광주통합특별시 북구 우치로 239-5,47.08,49.91,북구,오치2동,북구,오치2동,False
30704882,매입임대,6.0,6,북구,1,전남광주통합특별시 북구 우치로 240-12,31.05,59.08,북구,오치1동,북구,오치1동,False
30704883,매입임대,11.0,7,북구,1,전남광주통합특별시 북구 우치로 240-14,47.42,72.22,북구,오치1동,북구,오치1동,False
30704884,매입임대,13.0,5,북구,1,전남광주통합특별시 북구 월동로 12,18.24,62.21,북구,두암2동,북구,두암2동,True
30704885,매입임대,9.0,4,북구,1,전남광주통합특별시 북구 월동로 16-4,49.43,54.69,북구,두암2동,북구,두암2동,True
30704886,매입임대,8.0,4,북구,1,전남광주통합특별시 북구 일곡로 19-1,39.0,57.85,북구,일곡동,북구,일곡동,False
30704887,매입임대,12.0,4,북구,1,전남광주통합특별시 북구 일곡마을로 82-7,48.6,50.77,북구,일곡동,북구,일곡동,False
30704888,매입임대,9.0,5,북구,1,전남광주통합특별시 북구 자라봉로 18,49.73,55.92,북구,양산동,북구,양산동,False
30704889,매입임대,18.0,3,북구,1,전남광주통합특별시 북구 자라봉로 60,56.12,60.76,북구,양산동,북구,양산동,False
30704890,매입임대,12.0,5,북구,1,전남광주통합특별시 북구 참판로 177,45.19,54.98,북구,두암2동,북구,두암2동,True
30704891,매입임대,9.0,6,북구,1,전남광주통합특별시 북구 참판로 189,52.47,55.71,북구,두암2동,북구,두암2동,True
30704892,매입임대,9.0,4,북구,1,전남광주통합특별시 북구 참판로 67,45.54,60.7,북구,풍향동,북구,풍향동,False
30704893,매입임대,12.0,3,북구,1,전남광주통합특별시 북구 감적길 18,48.78,49.16,북구,우산동,북구,우산동,False
30704894,매입임대,12.0,3,북구,1,전남광주통합특별시 북구 경양로103번길 27-5,45.89,51.17,북구,신안동,북구,신안동,False
30704895,매입임대,12.0,3,북구,1,전남광주통합특별시 북구 경양로119번길 10-8,47.7,48.02,북구,신안동,북구,신안동,False
30704896,매입임대,12.0,4,북구,1,전남광주통합특별시 북구 경양로183번길 30-6,48.06,50.25,북구,중흥1동,북구,중흥1동,False
30704897,매입임대,12.0,4,북구,1,전남광주통합특별시 북구 경양로183번길 8,45.7,54.12,북구,중흥1동,북구,중흥1동,False
30704898,매입임대,12.0,4,북구,1,전남광주통합특별시 북구 경양로183번길 8-8,45.7,54.12,북구,중흥1동,북구,중흥1동,False
30704899,매입임대,9.0,3,북구,1,전남광주통합특별시 북구 경양로97번길 26-8,50.73,56.65,북구,신안동,북구,신안동,False
30704900,매입임대,15.0,6,북구,1,전남광주통합특별시 북구 경열로211번길 30-3,54.3,59.6,북구,중앙동,북구,중앙동,False
30704901,매입임대,9.0,3,북구,1,전남광주통합특별시 북구 군왕로105번길 10-8,54.06,57.84,북구,두암1동,북구,두암1동,False
30704902,매입임대,8.0,5,북구,1,전남광주통합특별시 북구 군왕로18번길 33,44.28,74.08,북구,두암3동,북구,두암3동,False
30704903,매입임대,9.0,3,북구,1,전남광주통합특별시 북구 군왕로32번길 5-2,50.27,62.45,북구,풍향동,북구,풍향동,False
30704904,매입임대,9.0,8,북구,1,전남광주통합특별시 북구 대천로157번길 13-10,17.28,89.57,북구,문흥1동,북구,문흥1동,True
30704905,매입임대,12.0,2,북구,1,전남광주통합특별시 북구 독립로367번길 49,48.78,49.16,북구,중흥1동,북구,중흥1동,False
30704906,매입임대,12.0,4,북구,1,전남광주통합특별시 북구 동문대로112번길 90,40.02,42.97,북구,두암2동,북구,두암2동,True
30704907,매입임대,9.0,3,북구,1,전남광주통합특별시 북구 무등로164번길 23,58.74,61.17,북구,신안동,북구,신안동,False
30704908,매입임대,15.0,7,북구,1,전남광주통합특별시 북구 본촌마을길102번길 62,21.12,90.83,북구,건국동,북구,건국동,False
30704909,매입임대,15.0,7,북구,1,전남광주통합특별시 북구 본촌마을길102번길 64,21.12,90.83,북구,건국동,북구,건국동,False
30704910,매입임대,11.0,4,북구,1,전남광주통합특별시 북구 본촌택지로30번길 8-5,62.54,66.16,북구,건국동,북구,건국동,False
30704911,매입임대,12.0,2,북구,1,전남광주통합특별시 북구 상촌로43번길 66,50.25,51.21,북구,건국동,북구,건국동,False
30704912,매입임대,12.0,1,북구,1,전남광주통합특별시 북구 서방로181번길 76,50.4,50.4,북구,두암2동,북구,두암2동,True
30704913,매입임대,12.0,2,북구,1,전남광주통합특별시 북구 서암대로160번길 20,47.88,49.77,북구,신안동,북구,신안동,False
30704914,매입임대,9.0,3,북구,1,전남광주통합특별시 북구 서암대로18번길 9-4,41.12,58.93,북구,운암2동,북구,운암2동,False
30704915,매입임대,12.0,2,북구,1,전남광주통합특별시 북구 서하로274번길 9-13,50.31,50.37,북구,오치1동,북구,오치1동,False
30704916,매입임대,8.0,4,북구,1,전남광주통합특별시 북구 설죽로196번길 7,38.43,61.32,북구,용봉동,북구,용봉동,True
30704917,매입임대,12.0,4,북구,1,전남광주통합특별시 북구 설죽로251번길 8-3,45.94,50.06,북구,용봉동,북구,용봉동,True
30704918,매입임대,6.0,3,북구,1,전남광주통합특별시 북구 설죽로455번길 18-12,50.15,52.95,북구,삼각동,북구,삼각동,False
30704919,매입임대,12.0,3,북구,1,전남광주통합특별시 북구 설죽로471번길 34-13,48.6,50.77,북구,삼각동,북구,삼각동,False
30704920,매입임대,9.0,6,북구,1,전남광주통합특별시 북구 설죽로471번길 57-1,23.25,75.71,북구,삼각동,북구,삼각동,False
30704921,매입임대,9.0,3,북구,1,전남광주통합특별시 북구 설죽로471번길 78-7,56.55,72.75,북구,삼각동,북구,삼각동,False
30704922,매입임대,9.0,2,북구,1,전남광주통합특별시 북구 설죽로471번길 82-8,53.57,70.65,북구,삼각동,북구,삼각동,False
30704923,매입임대,6.0,3,북구,1,전남광주통합특별시 북구 송해로4번길 7-6,35.88,55.87,북구,삼각동,북구,삼각동,False
30704924,매입임대,18.0,4,북구,1,전남광주통합특별시 북구 신촌로23번길 20,47.52,51.21,북구,오치1동,북구,오치1동,False
30704925,매입임대,6.0,4,북구,1,전남광주통합특별시 북구 신촌로23번길 27,64.34,65.64,북구,오치1동,북구,오치1동,False
30704926,매입임대,18.0,3,북구,1,전남광주통합특별시 북구 양산택지로33번길 25-5,60.48,63.98,북구,양산동,북구,양산동,False
30704927,매입임대,12.0,2,북구,1,전남광주통합특별시 북구 양산택지로37번길 30,49.355,49.45,북구,양산동,북구,양산동,False
30704928,매입임대,18.0,6,북구,1,전남광주통합특별시 북구 양산택지로37번길 68,50.955,59.6625,북구,양산동,북구,양산동,False
30704929,매입임대,12.0,4,북구,1,전남광주통합특별시 북구 양산택지로37번길 97,47.79,52.515,북구,양산동,북구,양산동,False
30704930,매입임대,9.0,5,북구,1,전남광주통합특별시 북구 양산택지로79번길 34-3,50.0,67.9,북구,건국동,북구,건국동,False
30704931,매입임대,10.0,3,북구,1,전남광주통합특별시 북구 양산택지로79번길 38-10,46.8,73.7,북구,건국동,북구,건국동,False
30704932,매입임대,12.0,2,북구,1,전남광주통합특별시 북구 양산택지로79번길 38-7,49.6,50.27,북구,건국동,북구,건국동,False
30704933,매입임대,9.0,2,북구,1,전남광주통합특별시 북구 양산택지로79번길 38-9,59.04,59.5,북구,건국동,북구,건국동,False
30704934,매입임대,9.0,4,북구,1,전남광주통합특별시 북구 양일로344번길 30-8,51.04,61.92,북구,삼각동,북구,삼각동,False
30704935,매입임대,12.0,4,북구,1,전남광주통합특별시 북구 양일로344번길 52,44.75,52.36,북구,삼각동,북구,삼각동,False
30704936,매입임대,12.0,3,북구,1,전남광주통합특별시 북구 어매마을길17번길 10,46.7125,51.715,북구,매곡동,북구,매곡동,False
30704937,매입임대,12.0,2,북구,1,전남광주통합특별시 북구 연양로105번길 10,48.96,49.5,북구,양산동,북구,양산동,False
30704938,매입임대,12.0,2,북구,1,전남광주통합특별시 북구 연양로105번길 14,49.79,50.22,북구,양산동,북구,양산동,False
30704939,매입임대,12.0,4,북구,1,전남광주통합특별시 북구 연양로105번길 24-2,48.09,49.5,북구,양산동,북구,양산동,False
30704940,매입임대,5.0,2,북구,1,전남광주통합특별시 북구 우치로257번길 20-3,54.765,65.38,북구,오치2동,북구,오치2동,False
30704941,매입임대,9.0,4,북구,1,전남광주통합특별시 북구 우치로264번길 23,38.32,50.13,북구,오치1동,북구,오치1동,False
30704942,매입임대,9.0,4,북구,1,전남광주통합특별시 북구 우치로264번길 25,38.32,50.13,북구,오치1동,북구,오치1동,False
30704943,매입임대,12.0,3,북구,1,전남광주통합특별시 북구 우치로2번길 58,47.73,54.78,북구,중흥동,북구,중흥동,False
30704944,매입임대,9.0,6,북구,1,전남광주통합특별시 북구 우치로2번길 9-12,16.2,59.1,북구,중흥동,북구,중흥동,False
30704945,매입임대,12.0,4,북구,1,전남광주통합특별시 북구 우치로311번길 13-3,47.415,50.205,북구,오치2동,북구,오치2동,False
30704946,매입임대,17.0,6,북구,1,전남광주통합특별시 북구 운신북길 137,19.44,121.3,북구,운암2동,북구,운암2동,False
30704947,매입임대,13.0,4,북구,1,전남광주통합특별시 북구 자동차로48번길 16,23.4,66.11,북구,신안동,북구,신안동,False
30704948,매입임대,12.0,4,북구,1,전남광주통합특별시 북구 자미로26번길 9,50.0,50.79,북구,신안동,북구,신안동,False
30704949,매입임대,9.0,4,북구,1,전남광주통합특별시 북구 자미로6번길 23-5,33.6,34.03,북구,신안동,북구,신안동,False
30704950,매입임대,9.0,3,북구,1,전남광주통합특별시 북구 중흥로163번길 5,60.06,63.57,북구,중흥1동,북구,중흥1동,False
30704951,매입임대,9.0,3,북구,1,전남광주통합특별시 북구 중흥로163번길 8-8,56.52,58.92,북구,중흥1동,북구,중흥1동,False
30704952,매입임대,12.0,2,북구,1,전남광주통합특별시 북구 중흥로173번길 6,48.47,49.12,북구,중흥1동,북구,중흥1동,False
30704953,매입임대,12.0,4,북구,1,전남광주통합특별시 북구 천지인로105번길 12,46.2,51.16,북구,오치1동,북구,오치1동,False
30704954,매입임대,12.0,2,북구,1,전남광주통합특별시 북구 천지인로105번길 12-1,46.02,51.69,북구,오치1동,북구,오치1동,False
30704955,매입임대,15.0,4,북구,1,전남광주통합특별시 북구 천지인로105번길 19,52.92,59.22,북구,오치1동,북구,오치1동,False
30704956,매입임대,12.0,5,북구,1,전남광주통합특별시 북구 호동로73번길 5,42.38,50.38,북구,문흥2동,북구,문흥2동,False
30704957,매입임대,9.0,3,광산구,1,전남광주통합특별시 광산구 금봉로 46-1,51.8,53.76,광산구,어룡동,광산구,어룡동,False
30704958,매입임대,12.0,2,광산구,1,전남광주통합특별시 광산구 금봉로 90,47.88,48.51,광산구,우산동,광산구,우산동,True
30704959,매입임대,12.0,1,광산구,1,전남광주통합특별시 광산구 사암로 72-19,49.8575,49.8575,광산구,신흥동,광산구,신흥동,False
30704960,매입임대,6.0,1,광산구,1,전남광주통합특별시 광산구 신가삼효로 12-12,54.945,54.945,광산구,신가동,광산구,신가동,True
30704961,매입임대,6.0,1,광산구,1,전남광주통합특별시 광산구 신가삼효로 8,54.945,54.945,광산구,신가동,광산구,신가동,True
30704962,매입임대,12.0,4,광산구,1,전남광주통합특별시 광산구 신가삼효로 8-10,49.68,50.19,광산구,신가동,광산구,신가동,True
30704963,매입임대,12.0,3,광산구,1,전남광주통합특별시 광산구 우산로 78,49.4,50.25,광산구,우산동,광산구,우산동,True
30704964,매입임대,5.0,2,광산구,1,전남광주통합특별시 광산구 월곡반월로 64,52.955,83.935,광산구,월곡1동,광산구,월곡1동,False
30704965,매입임대,6.0,2,광산구,1,전남광주통합특별시 광산구 월곡반월로 75,53.52,54.54,광산구,월곡1동,광산구,월곡1동,False
30704966,매입임대,8.0,5,광산구,1,전남광주통합특별시 광산구 광산로78번길 24,49.05,77.08,광산구,송정1동,광산구,송정1동,True
30704967,매입임대,11.0,4,광산구,1,전남광주통합특별시 광산구 금봉로54번길 9-5,50.9,59.22,광산구,어룡동,광산구,어룡동,False
30704968,매입임대,12.0,3,광산구,1,전남광주통합특별시 광산구 금봉로63번길 19,48.64,50.83,광산구,어룡동,광산구,어룡동,False
30704969,매입임대,12.0,2,광산구,1,전남광주통합특별시 광산구 남동길30번길 9-7,49.29,50.4,광산구,도산동,광산구,도산동,False
30704970,매입임대,12.0,2,광산구,1,전남광주통합특별시 광산구 내상로33번길 62,49.15,50.16,광산구,송정1동,광산구,송정1동,True
30704971,매입임대,12.0,3,광산구,1,전남광주통합특별시 광산구 목련로219번길 120,46.15,46.87,광산구,운남동,광산구,운남동,False
30704972,매입임대,12.0,9,광산구,1,전남광주통합특별시 광산구 목련로219번길 120,46.74,49.05,광산구,운남동,광산구,운남동,False
30704973,매입임대,12.0,2,광산구,1,전남광주통합특별시 광산구 목련로394번길 10-7,49.065,50.7,광산구,신가동,광산구,신가동,True
30704974,매입임대,12.0,2,광산구,1,전남광주통합특별시 광산구 목련로394번길 16-8,49.07,50.7,광산구,신가동,광산구,신가동,True
30704975,매입임대,6.0,1,광산구,1,전남광주통합특별시 광산구 목련로397번안길 8-3,61.15,61.15,광산구,신가동,광산구,신가동,True
30704976,매입임대,15.0,4,광산구,1,전남광주통합특별시 광산구 사암로118번길 47-8,28.38,44.22,광산구,우산동,광산구,우산동,True
30704977,매입임대,9.0,4,광산구,1,전남광주통합특별시 광산구 사암로118번길 97-7,55.19,62.04,광산구,우산동,광산구,우산동,True
30704978,매입임대,9.0,4,광산구,1,전남광주통합특별시 광산구 사암로118번길 97-7,55.83,63.83,광산구,우산동,광산구,우산동,True
30704979,매입임대,9.0,4,광산구,1,전남광주통합특별시 광산구 사암로118번길 97-7,55.19,62.04,광산구,우산동,광산구,우산동,True
30704980,매입임대,12.0,3,광산구,1,전남광주통합특별시 광산구 사암로130번길 85,47.015,50.49,광산구,우산동,광산구,우산동,True
30704981,매입임대,8.0,5,광산구,1,전남광주통합특별시 광산구 사암로131번길 39,57.67,64.26,광산구,우산동,광산구,우산동,True
30704982,매입임대,12.0,4,광산구,1,전남광주통합특별시 광산구 사암로27번길 30,49.51,49.78,광산구,신흥동,광산구,신흥동,False
30704983,매입임대,9.0,3,광산구,1,전남광주통합특별시 광산구 사암로92번길 12,50.37,58.35,광산구,우산동,광산구,우산동,True
30704984,매입임대,12.0,1,광산구,1,전남광주통합특별시 광산구 사암로92번길 46,48.4375,48.4375,광산구,우산동,광산구,우산동,True
30704985,매입임대,12.0,3,광산구,1,전남광주통합특별시 광산구 사암로95번길 21-9,48.295,52.48,광산구,어룡동,광산구,어룡동,False
30704986,매입임대,18.0,4,광산구,1,전남광주통합특별시 광산구 산정로37번길 7,55.68,56.78,광산구,월곡2동,광산구,월곡2동,False
30704987,매입임대,12.0,2,광산구,1,전남광주통합특별시 광산구 송도로208번길 8,49.68,50.4,광산구,도산동,광산구,도산동,False
30704988,매입임대,14.0,5,광산구,1,전남광주통합특별시 광산구 송도로284번길 31-1,40.76,46.34,광산구,송정1동,광산구,송정1동,True
30704989,매입임대,12.0,5,광산구,1,전남광주통합특별시 광산구 송정로8번길 59-12,49.2,50.87,광산구,송정2동,광산구,송정2동,False
30704991,매입임대,9.0,2,광산구,1,전남광주통합특별시 광산구 신창로106번길 15-8,59.73,59.73,광산구,신창동,광산구,신창동,False
30704992,매입임대,9.0,2,광산구,1,전남광주통합특별시 광산구 신창로138번길 23-15,57.2775,84.823,광산구,신창동,광산구,신창동,False
30704993,매입임대,10.0,3,광산구,1,전남광주통합특별시 광산구 신창로138번길 23-9,49.125,55.735,광산구,신창동,광산구,신창동,False
30704994,매입임대,10.0,2,광산구,1,전남광주통합특별시 광산구 신창로138번길 24-8,50.07,51.03,광산구,신창동,광산구,신창동,False
30704995,매입임대,5.0,3,광산구,1,전남광주통합특별시 광산구 신창로48번길 23,56.7,61.18,광산구,신창동,광산구,신창동,False
30704996,매입임대,5.0,3,광산구,1,전남광주통합특별시 광산구 신창로48번길 8,58.16,59.99,광산구,신창동,광산구,신창동,False
30704997,매입임대,10.0,6,광산구,1,전남광주통합특별시 광산구 왕버들로322번길 21,44.1,57.27,광산구,신창동,광산구,신창동,False
30704998,매입임대,6.0,4,광산구,1,전남광주통합특별시 광산구 왕버들로322번길 31-12,50.08,69.05,광산구,신창동,광산구,신창동,False
30704999,매입임대,11.0,5,광산구,1,전남광주통합특별시 광산구 왕버들로322번길 7,46.64,53.15,광산구,신창동,광산구,신창동,False
30705000,매입임대,12.0,5,광산구,1,전남광주통합특별시 광산구 월계로16번길 8-6,21.12,42.24,광산구,첨단2동,북구,첨단2동,True
30705001,매입임대,5.0,4,광산구,1,전남광주통합특별시 광산구 월계로34번길 31-14,53.4,91.98,광산구,첨단2동,북구,첨단2동,True
30705002,매입임대,8.0,3,광산구,1,전남광주통합특별시 광산구 월곡로71번길 14,44.04,53.76,광산구,월곡1동,광산구,월곡1동,False
30705003,매입임대,6.0,2,광산구,1,전남광주통합특별시 광산구 월곡반월로76번길 5-4,53.85,57.47,광산구,월곡1동,광산구,월곡1동,False
30705004,매입임대,7.0,4,광산구,1,전남광주통합특별시 광산구 장신로309번길 12-24,42.59,84.95,광산구,신창동,광산구,신창동,False
30705005,매입임대,5.0,5,광산구,1,전남광주통합특별시 광산구 장신로333번길 13,54.98,88.49,광산구,신창동,광산구,신창동,False
30819506,매입임대,9.0,5,북구,1,전남광주통합특별시 북구 북문대로249번길 27,55.83,62.57,북구,동림동,북구,동림동,False
30819507,매입임대,9.0,2,북구,1,전남광주통합특별시 북구 양산택지로34번길 16-1,51.0,53.7,북구,양산동,북구,양산동,False
30819508,매입임대,9.0,4,북구,1,전남광주통합특별시 북구 중흥로174번길 18-4,52.68,56.73,북구,중흥1동,북구,중흥1동,False
30819524,매입임대,12.0,3,북구,1,전남광주통합특별시 북구 상촌로31번길 26-12,45.57,50.27,북구,양산동,북구,양산동,False
30819525,매입임대,12.0,4,북구,1,전남광주통합특별시 북구 양산택지로79번길 38-8,46.8,49.2,북구,건국동,북구,건국동,False
30819533,매입임대,9.0,3,북구,1,전남광주통합특별시 북구 북문대로249번길 25-8,51.68,63.22,북구,동림동,북구,동림동,False
30819534,매입임대,18.0,4,북구,1,전남광주통합특별시 북구 설죽로436번길 16,43.79,72.86,북구,삼각동,북구,삼각동,False
30819547,매입임대,18.0,4,북구,1,전남광주통합특별시 북구 설죽로436번길 14,43.79,72.86,북구,삼각동,북구,삼각동,False
30819548,매입임대,18.0,7,북구,1,전남광주통합특별시 북구 양산택지로51번길 4,41.38,54.28,북구,양산동,북구,양산동,False
30819559,매입임대,12.0,2,북구,1,전남광주통합특별시 북구 양산택지로79번길 34-7,43.63,48.6,북구,건국동,북구,건국동,False
30819560,매입임대,9.0,4,북구,1,전남광주통합특별시 북구 중흥로174번길 18-8,52.68,56.73,북구,중흥1동,북구,중흥1동,False
30819561,매입임대,9.0,4,북구,1,전남광주통합특별시 북구 중흥로40번길 11-5,44.03,60.49,북구,임동,북구,임동,False
30819573,매입임대,12.0,4,북구,1,전남광주통합특별시 북구 하서로 373-6,45.77,50.155,북구,양산동,북구,양산동,False
30819574,매입임대,9.0,3,북구,1,전남광주통합특별시 북구 대천로157번길 59,57.0,71.76,북구,문흥1동,북구,문흥1동,True
30819575,매입임대,9.0,3,북구,1,전남광주통합특별시 북구 설죽로471번길 52,55.25,70.54,북구,삼각동,북구,삼각동,False
30830405,매입임대,9.0,5,동구,1,전남광주통합특별시 동구 필문대로205번길 41-30,41.76,60.8,동구,지산1동,동구,지산1동,False
30830407,매입임대,1.0,1,북구,1,전남광주통합특별시 북구 하서로466번길 79,49.12,49.12,북구,건국동,북구,건국동,False
30830408,매입임대,1.0,1,북구,1,전남광주통합특별시 북구 우치로264번길 9,60.27,60.27,북구,오치1동,북구,오치1동,False
30830409,매입임대,1.0,1,북구,1,전남광주통합특별시 북구 우치로 292-1,51.24,51.24,북구,오치1동,북구,오치1동,False
30830410,매입임대,1.0,1,북구,1,전남광주통합특별시 북구 우치로264번길 5,62.79,62.79,북구,오치1동,북구,오치1동,False
30830411,매입임대,1.0,1,북구,1,전남광주통합특별시 북구 본촌택지로 20,58.8,58.8,북구,건국동,북구,건국동,False
30830412,매입임대,1.0,1,북구,1,전남광주통합특별시 북구 대천로27번길 13-3,50.9,50.9,북구,오치1동,북구,오치1동,False
30830413,매입임대,1.0,1,북구,1,전남광주통합특별시 북구 본촌택지로30번길 6-10,58.8,58.8,북구,건국동,북구,건국동,False
30830912,매입임대,11.0,4,북구,1,전남광주통합특별시 북구 대천로27번길 13-3,42.9,50.9,북구,오치1동,북구,오치1동,False
30830913,매입임대,13.0,6,북구,1,전남광주통합특별시 북구 본촌택지로 20,54.78,71.7,북구,건국동,북구,건국동,False
30830914,매입임대,13.0,6,북구,1,전남광주통합특별시 북구 본촌택지로30번길 6-10,54.78,71.7,북구,건국동,북구,건국동,False
30830915,매입임대,18.0,3,서구,1,전남광주통합특별시 서구 월산로245번길 23,50.4,53.42,서구,농성1동,서구,농성1동,True
30830916,매입임대,17.0,4,북구,1,전남광주통합특별시 북구 우치로 292-1,51.24,59.22,북구,오치1동,북구,오치1동,False
30830917,매입임대,11.0,3,북구,1,전남광주통합특별시 북구 하서로466번길 79,43.64,49.12,북구,건국동,북구,건국동,False
30830918,매입임대,8.0,2,북구,1,전남광주통합특별시 북구 우치로264번길 9,60.27,65.83,북구,오치1동,북구,오치1동,False
30830919,매입임대,8.0,7,북구,1,전남광주통합특별시 북구 우치로264번길 5,29.97,74.49,북구,오치1동,북구,오치1동,False
30835592,매입임대,12.0,3,북구,1,전남광주통합특별시 북구 신촌로 29,44.8,48.44,북구,오치1동,북구,오치1동,False
30835593,매입임대,12.0,3,북구,1,전남광주통합특별시 북구 본촌택지로30번길 42,45.6,50.6,북구,건국동,북구,건국동,False
30835594,매입임대,9.0,3,북구,1,전남광주통합특별시 북구 하서로466번길 91,48.42,68.75,북구,건국동,북구,건국동,False
30835596,매입임대,14.0,6,북구,1,전남광주통합특별시 북구 본촌택지로 21,52.66,64.92,북구,건국동,북구,건국동,False
30835597,매입임대,12.0,3,북구,1,전남광주통합특별시 북구 하서로466번길 85,43.64,49.12,북구,건국동,북구,건국동,False
30835598,매입임대,9.0,2,북구,1,전남광주통합특별시 북구 양산택지로79번길 8-4,45.6,48.9,북구,건국동,북구,건국동,False
30835599,매입임대,15.0,5,북구,1,전남광주통합특별시 북구 본촌택지로29번길 3-9,48.7,62.2,북구,건국동,북구,건국동,False
30835600,매입임대,9.0,3,북구,1,전남광주통합특별시 북구 양산택지로79번길 8-2,45.6,48.9,북구,건국동,북구,건국동,False
30835601,매입임대,12.0,3,북구,1,전남광주통합특별시 북구 본촌택지로30번길 44,45.6,50.6,북구,건국동,북구,건국동,False
30853077,매입임대,12.0,7,북구,1,전남광주통합특별시 북구 군왕로51번길 110,43.92,50.78,북구,두암1동,북구,두암1동,False
30853078,매입임대,12.0,2,북구,1,전남광주통합특별시 북구 중흥로163번길 11,47.4525,50.265,북구,중흥1동,북구,중흥1동,False
30853079,매입임대,12.0,6,북구,1,전남광주통합특별시 북구 군왕로51번길 106,42.0,53.735,북구,두암1동,북구,두암1동,False
30853080,매입임대,12.0,2,북구,1,전남광주통합특별시 북구 중흥로163번길 9,47.4525,50.265,북구,중흥1동,북구,중흥1동,False
30853081,매입임대,6.0,1,북구,1,전남광주통합특별시 북구 효열로 28,61.46,61.46,북구,양산동,북구,양산동,False
30853082,매입임대,12.0,2,북구,1,전남광주통합특별시 북구 서방로148번길 10-13,43.92,50.78,북구,두암1동,북구,두암1동,False
30853083,매입임대,12.0,2,북구,1,전남광주통합특별시 북구 서방로148번길 10-9,43.92,50.78,북구,두암1동,북구,두암1동,False
30976214,매입임대,18.0,2,북구,1,전남광주통합특별시 북구 양산택지로33번길 29-4,39.69,56.42,북구,양산동,북구,양산동,False
30976215,매입임대,12.0,3,북구,1,전남광주통합특별시 북구 우치로241번길 13,44.31,47.73,북구,오치2동,북구,오치2동,False
30976216,매입임대,9.0,3,광산구,1,전남광주통합특별시 광산구 목련로219번길 130,56.69,67.44,광산구,운남동,광산구,운남동,False
30976217,매입임대,18.0,7,서구,1,전남광주통합특별시 서구 화정로279번길 15,56.05,67.45,서구,농성2동,서구,농성2동,False
30976218,매입임대,12.0,3,북구,1,전남광주통합특별시 북구 양산택지로37번길 17,49.28,49.84,북구,양산동,북구,양산동,False
30976219,매입임대,12.0,2,북구,1,전남광주통합특별시 북구 독립로367번길 13,45.99,48.93,북구,중흥1동,북구,중흥1동,False
30976220,매입임대,12.0,4,북구,1,전남광주통합특별시 북구 안산로 89,41.44,49.98,북구,삼각동,북구,삼각동,False
30976221,매입임대,12.0,2,동구,1,전남광주통합특별시 동구 필문대로137번길 5-15,46.08,46.72,동구,산수1동,동구,산수1동,False
30976222,매입임대,9.0,3,북구,1,전남광주통합특별시 북구 금남로13번길 10,51.11,61.6,북구,임동,북구,임동,False
30976223,매입임대,12.0,3,북구,1,전남광주통합특별시 북구 중가로3번길 13,47.37,49.6,북구,임동,북구,임동,False
30976224,매입임대,12.0,4,북구,1,전남광주통합특별시 북구 독립로367번길 66,47.11,47.27,북구,중흥1동,북구,중흥1동,False
30976225,매입임대,12.0,2,서구,1,전남광주통합특별시 서구 화정로279번길 8,44.84,52.415,서구,농성2동,서구,농성2동,False
30976226,매입임대,12.0,5,북구,1,전남광주통합특별시 북구 중가로3번길 15,47.16,51.07,북구,임동,북구,임동,False
30976227,매입임대,13.0,7,북구,1,전남광주통합특별시 북구 군왕로117번길 9-3,47.31,81.23,북구,두암1동,북구,두암1동,False
30976228,매입임대,18.0,2,북구,1,전남광주통합특별시 북구 서하로 272,48.24,58.32,북구,오치1동,북구,오치1동,False
30976229,매입임대,9.0,3,광산구,1,전남광주통합특별시 광산구 목련로219번길 132,57.55,68.44,광산구,운남동,광산구,운남동,False
30976231,매입임대,9.0,2,동구,1,전남광주통합특별시 동구 필문대로192번길 22,63.24,64.69,동구,산수1동,동구,산수1동,False
30976232,매입임대,12.0,4,북구,1,전남광주통합특별시 북구 독립로367번길 64,47.11,47.27,북구,중흥1동,북구,중흥1동,False
30976233,매입임대,15.0,10,남구,1,전남광주통합특별시 남구 용대로183번안길 12-1,33.43,70.48,남구,방림1동,남구,방림1동,True
30976234,매입임대,9.0,4,북구,1,전남광주통합특별시 북구 서하로455번길 6,43.89,55.65,북구,문화동,북구,문화동,False
30976235,매입임대,18.0,2,북구,1,전남광주통합특별시 북구 신촌로7번길 11,50.16,59.4,북구,오치1동,북구,오치1동,False
30976236,매입임대,18.0,4,북구,1,전남광주통합특별시 북구 자라봉로63번길 15-3,60.97,70.35,북구,양산동,북구,양산동,False
30976237,매입임대,8.0,4,서구,1,전남광주통합특별시 서구 발산로45번길 27-1,52.51,57.01,서구,양3동,서구,양3동,False
30976238,매입임대,9.0,4,북구,1,전남광주통합특별시 북구 경양로 98-1,62.63,66.16,북구,임동,북구,임동,False
30978942,10년임대,133.0,4,남구,1,전남광주통합특별시 남구 효우2로 90,51.87,59.95,남구,송암동,남구,송암동,True
31001425,매입임대,14.0,7,북구,1,전남광주통합특별시 북구 저불로31번길 14-2,39.69,64.61,북구,용봉동,북구,용봉동,True
31001433,매입임대,14.0,7,북구,1,전남광주통합특별시 북구 저불로31번길 10-3,39.69,64.61,북구,용봉동,북구,용봉동,True
31001434,매입임대,18.0,7,북구,1,전남광주통합특별시 북구 청계로 22,58.35,60.54,북구,용봉동,북구,용봉동,True
31006941,매입임대,6.0,1,북구,1,전남광주통합특별시 북구 연양로117번길 3-1,84.78,84.78,북구,양산동,북구,양산동,False
31006942,매입임대,10.0,6,북구,1,전남광주통합특별시 북구 우치로257번길 20-1,29.31,44.85,북구,오치2동,북구,오치2동,False
31006943,매입임대,12.0,3,광산구,1,전남광주통합특별시 광산구 남동길30번길 9-20,64.91,71.025,광산구,도산동,광산구,도산동,False
31006944,매입임대,12.0,2,광산구,1,전남광주통합특별시 광산구 사암로118번길 7,70.45,70.45,광산구,우산동,광산구,우산동,True
31006945,매입임대,9.0,6,서구,1,전남광주통합특별시 서구 월산로194번길 11,53.64,61.795,서구,농성1동,서구,농성1동,True
31006946,매입임대,15.0,5,북구,1,전남광주통합특별시 북구 서하로257번길 5-8,42.09,42.09,북구,오치1동,북구,오치1동,False
31006947,매입임대,9.0,3,북구,1,전남광주통합특별시 북구 경양로103번길 27-10,56.35,68.44,북구,신안동,북구,신안동,False
31006950,매입임대,9.0,3,북구,1,전남광주통합특별시 북구 자동차로47번길 75,63.48,66.76,북구,임동,북구,임동,False
31006951,매입임대,10.0,4,북구,1,전남광주통합특별시 북구 우치로257번길 20-11,29.8,54.34,북구,오치2동,북구,오치2동,False
31006953,매입임대,12.0,8,서구,1,전남광주통합특별시 서구 상무대로1194번길 20,54.22,68.25,서구,농성1동,서구,농성1동,True
31006954,매입임대,15.0,7,남구,1,전남광주통합특별시 남구 백양로51번길 9,41.95,82.36,남구,백운2동,남구,백운2동,False
31006955,매입임대,8.0,5,남구,1,전남광주통합특별시 남구 구성로20번길 14,44.1,54.32,남구,월산동,남구,월산동,False
31006956,매입임대,12.0,3,북구,1,전남광주통합특별시 북구 중문로 38,43.22,47.43,북구,우산동,북구,우산동,False
31006957,매입임대,12.0,3,북구,1,전남광주통합특별시 북구 독립로367번길 40-6,40.29,40.73,북구,중흥1동,북구,중흥1동,False
31006958,매입임대,9.0,2,광산구,1,전남광주통합특별시 광산구 사암로92번길 89-30,61.42,65.1,광산구,우산동,광산구,우산동,True
31006961,매입임대,18.0,9,서구,1,전남광주통합특별시 서구 금화로481번길 6-9,45.36,61.53,서구,농성2동,서구,농성2동,False
31006963,매입임대,18.0,2,남구,1,전남광주통합특별시 남구 금화로394번길 30,42.08,42.08,남구,월산5동,남구,월산5동,False
31006964,매입임대,6.0,1,북구,1,전남광주통합특별시 북구 연양로117번길 1,84.78,84.78,북구,양산동,북구,양산동,False
31006966,매입임대,9.0,3,남구,1,전남광주통합특별시 남구 백운로52번길 4,60.3,60.95,남구,백운1동,남구,백운1동,False
31006967,매입임대,15.0,5,북구,1,전남광주통합특별시 북구 북문대로249번길 13-1,43.56,54.18,북구,동림동,북구,동림동,False
31006968,매입임대,15.0,5,광산구,1,전남광주통합특별시 광산구 내상로33번길 14,50.49,55.18,광산구,송정2동,광산구,송정2동,False
31036841,매입임대,9.0,3,동구,1,전남광주통합특별시 동구 산수길35번길 22,63.88,66.11,동구,계림2동,동구,계림2동,False
31036842,매입임대,9.0,3,동구,1,전남광주통합특별시 동구 산수길35번길 20-7,59.5,62.1,동구,계림2동,동구,계림2동,False
31036843,매입임대,9.0,4,서구,1,전남광주통합특별시 서구 천변좌로130번길 18,52.095,63.155,서구,양3동,서구,양3동,False
31036844,매입임대,9.0,3,서구,1,전남광주통합특별시 서구 월산로225번길 13-13,51.75,71.07,서구,농성1동,서구,농성1동,True
31036845,매입임대,9.0,3,동구,1,전남광주통합특별시 동구 무등로449번길 36,51.6,58.08,동구,산수1동,동구,산수1동,False
31036846,매입임대,15.0,6,서구,1,전남광주통합특별시 서구 쌍촌로47번길 31,59.04,66.305,서구,상무2동,서구,상무2동,False
31036847,매입임대,9.0,3,남구,1,전남광주통합특별시 남구 금화로446번나길 14,62.52,65.03,남구,월산4동,남구,월산4동,False
31036848,매입임대,6.0,4,남구,1,전남광주통합특별시 남구 구성로78번길 35,68.4,71.61,남구,월산동,남구,월산동,False
31036849,매입임대,16.0,6,광산구,1,전남광주통합특별시 광산구 소촌로46번길 3-20,55.68,65.28,광산구,어룡동,광산구,어룡동,False
31036851,매입임대,9.0,3,동구,1,전남광주통합특별시 동구 산수길35번길 24,56.88,61.97,동구,계림2동,동구,계림2동,False
31036853,매입임대,9.0,4,서구,1,전남광주통합특별시 서구 천변좌로130번길 16-1,52.095,63.155,서구,양3동,서구,양3동,False
31036854,매입임대,9.0,4,서구,1,전남광주통합특별시 서구 천변좌로130번길 16,52.095,63.155,서구,양3동,서구,양3동,False
31041265,매입임대,9.0,3,동구,1,전남광주통합특별시 동구 산수길39번길 21,61.64,63.74,동구,계림2동,동구,계림2동,False
31041266,매입임대,12.0,2,서구,1,전남광주통합특별시 서구 천변좌로130번길 17,44.08,44.08,서구,양3동,서구,양3동,False
31041267,매입임대,9.0,3,북구,1,전남광주통합특별시 북구 오문로38번길 17,61.74,65.27,북구,오치1동,북구,오치1동,False
31041268,매입임대,18.0,4,북구,1,전남광주통합특별시 북구 비엔날레로93번길 23-5,62.64,64.32,북구,용봉동,북구,용봉동,True
31041269,매입임대,9.0,3,동구,1,전남광주통합특별시 동구 산수길39번길 25-1,61.64,63.74,동구,계림2동,동구,계림2동,False
31041270,매입임대,9.0,3,동구,1,전남광주통합특별시 동구 산수길39번길 23,61.64,63.74,동구,계림2동,동구,계림2동,False
31041271,매입임대,9.0,3,동구,1,전남광주통합특별시 동구 산수길35번길 28,56.88,61.97,동구,계림2동,동구,계림2동,False
31041272,매입임대,18.0,1,광산구,1,전남광주통합특별시 광산구 월전로 6-55,46.36,46.36,광산구,평동,광산구,평동,False
31041273,매입임대,12.0,2,북구,1,전남광주통합특별시 북구 신촌로13번길 15,66.285,78.325,북구,오치1동,북구,오치1동,False
31041274,매입임대,18.0,1,광산구,1,전남광주통합특별시 광산구 월전로 6-51,46.36,46.36,광산구,평동,광산구,평동,False
31041275,매입임대,9.0,3,동구,1,전남광주통합특별시 동구 산수길35번길 26,56.88,61.97,동구,계림2동,동구,계림2동,False
31041276,매입임대,15.0,6,광산구,1,전남광주통합특별시 광산구 월전로 6-59,50.4,59.22,광산구,평동,광산구,평동,False
31041277,매입임대,18.0,3,광산구,1,전남광주통합특별시 광산구 월전로 6-39,45.88,46.62,광산구,평동,광산구,평동,False
31041278,매입임대,9.0,3,동구,1,전남광주통합특별시 동구 산수길39번길 25,61.64,63.74,동구,계림2동,동구,계림2동,False
31041279,매입임대,9.0,3,북구,1,전남광주통합특별시 북구 오문로38번길 15,61.74,64.59,북구,오치1동,북구,오치1동,False
31045688,매입임대,12.0,4,북구,1,전남광주통합특별시 북구 군왕로51번길 114,42.24,50.17,북구,두암1동,북구,두암1동,False
31046399,10년임대,520.0,5,광산구,1,전남광주통합특별시 광산구 선운로 65,66.85,74.98,광산구,어룡동,광산구,어룡동,False
31055979,매입임대,18.0,4,남구,1,전남광주통합특별시 남구 월산로116번길 20-11,58.635,62.9,남구,월산동,남구,월산동,False
31055980,매입임대,16.0,5,광산구,1,전남광주통합특별시 광산구 월전로 22-55,44.1,77.49,광산구,평동,광산구,평동,False
31055981,매입임대,18.0,2,남구,1,전남광주통합특별시 남구 월산로116번길 20-9,59.08,62.02,남구,월산동,남구,월산동,False
31055982,매입임대,18.0,6,남구,1,전남광주통합특별시 남구 사직안길 6,48.57,58.14,남구,사직동,남구,사직동,False
31055984,매입임대,9.0,3,서구,1,전남광주통합특별시 서구 월드컵4강로71번길 19,60.72,63.6,서구,화정4동,서구,화정4동,False
31101996,행복주택,902.0,7,남구,1,전남광주통합특별시 남구 행암길 9,16.99,44.96,남구,효덕동,남구,효덕동,True
31105740,매입임대,11.0,5,북구,1,전남광주통합특별시 북구 용봉택지로13번길 17-1,32.66,75.09,북구,용봉동,북구,용봉동,True
31105741,매입임대,8.0,4,북구,1,전남광주통합특별시 북구 일곡마을로124번길 37,44.84,91.88,북구,일곡동,북구,일곡동,False
31105743,매입임대,18.0,4,북구,1,전남광주통합특별시 북구 군왕로 101,50.955,61.34,북구,두암1동,북구,두암1동,False
31105744,매입임대,8.0,4,북구,1,전남광주통합특별시 북구 일곡마을로124번길 41,46.01,89.69,북구,일곡동,북구,일곡동,False
31105745,매입임대,8.0,4,광산구,1,전남광주통합특별시 광산구 우산로 74-18,59.36,77.7,광산구,우산동,광산구,우산동,True
31111837,매입임대,8.0,5,서구,1,전남광주통합특별시 서구 상무대로1194번길 8-19,57.62,76.38,서구,농성1동,서구,농성1동,True
31111838,매입임대,9.0,3,남구,1,전남광주통합특별시 남구 대남대로340번길 41,61.425,66.6,남구,월산4동,남구,월산4동,False
31111842,매입임대,18.0,6,서구,1,전남광주통합특별시 서구 화정로49번길 15,59.85,67.31,서구,상무2동,서구,상무2동,False
31111844,매입임대,18.0,8,서구,1,전남광주통합특별시 서구 화정로49번길 15-1,61.07,67.12,서구,상무2동,서구,상무2동,False
31111845,매입임대,18.0,3,북구,1,전남광주통합특별시 북구 중흥로17번길 7,59.07,68.7,북구,신안동,북구,신안동,False
31113253,매입임대,6.0,3,광산구,1,전남광주통합특별시 광산구 월곡로71번길 19-7,34.98,38.68,광산구,월곡1동,광산구,월곡1동,False
31113254,매입임대,12.0,4,북구,1,전남광주통합특별시 북구 천지인로105번길 11-11,65.46,75.3,북구,오치1동,북구,오치1동,False
31113256,매입임대,12.0,2,북구,1,전남광주통합특별시 북구 중가로37번길 9,48.51,50.2,북구,중앙동,북구,중앙동,False
31118712,매입임대,1.0,1,북구,1,전남광주통합특별시 북구 반룡로27번길 10-7,18.39,18.39,북구,용봉동,북구,용봉동,True
31118713,매입임대,1.0,1,북구,1,전남광주통합특별시 북구 반룡로27번길 10-7,18.39,18.39,북구,용봉동,북구,용봉동,True
31122371,매입임대,1.0,1,동구,1,전남광주통합특별시 동구 충장로58번길 14,49.831,49.831,동구,충장동,동구,충장동,True
31122482,매입임대,1.0,1,동구,1,전남광주통합특별시 동구 충장로58번길 14,49.831,49.831,동구,충장동,동구,충장동,True
31122483,매입임대,1.0,1,동구,1,전남광주통합특별시 동구 충장로58번길 14,49.831,49.831,동구,충장동,동구,충장동,True
31122484,매입임대,1.0,1,동구,1,전남광주통합특별시 동구 충장로58번길 14,49.831,49.831,동구,충장동,동구,충장동,True
31135041,매입임대,18.0,6,광산구,1,전남광주통합특별시 광산구 송도로 348-3,60.76,69.44,광산구,신흥동,광산구,신흥동,False
31135043,매입임대,9.0,3,광산구,1,전남광주통합특별시 광산구 송도로 348-2,60.76,69.44,광산구,신흥동,광산구,신흥동,False
31135045,매입임대,9.0,2,남구,1,전남광주통합특별시 남구 구성로 104-1,49.5629,64.9162,남구,사직동,남구,사직동,False
31135046,매입임대,12.0,4,북구,1,전남광주통합특별시 북구 경열로234번길 46,62.52,66.48,북구,중흥1동,북구,중흥1동,False
31135047,매입임대,18.0,4,광산구,1,전남광주통합특별시 광산구 송도로 348-1,62.72,64.68,광산구,신흥동,광산구,신흥동,False
31150837,매입임대,18.0,6,광산구,1,전남광주통합특별시 광산구 소촌로 90-16,59.25,68.32,광산구,어룡동,광산구,어룡동,False
31151685,매입임대,9.0,3,서구,1,전남광주통합특별시 서구 양동로17번길 17,40.74,46.575,서구,양3동,서구,양3동,False
31160885,매입임대,6.0,3,북구,1,전남광주통합특별시 북구 일곡마을로 129-14,81.76,84.38,북구,일곡동,북구,일곡동,False
31170284,매입임대,1.0,1,북구,1,전남광주통합특별시 북구 반룡로27번길 10-7,18.41,18.41,북구,용봉동,북구,용봉동,True
31170700,매입임대,1.0,1,북구,1,전남광주통합특별시 북구 반룡로27번길 10-7,18.5,18.5,북구,용봉동,북구,용봉동,True
31170701,매입임대,1.0,1,북구,1,전남광주통합특별시 북구 반룡로27번길 10-7,17.05,17.05,북구,용봉동,북구,용봉동,True
31170702,매입임대,1.0,1,북구,1,전남광주통합특별시 북구 반룡로27번길 10-7,18.41,18.41,북구,용봉동,북구,용봉동,True
31170703,매입임대,1.0,1,북구,1,전남광주통합특별시 북구 반룡로27번길 10-7,18.39,18.39,북구,용봉동,북구,용봉동,True
31170704,매입임대,1.0,1,북구,1,전남광주통합특별시 북구 반룡로27번길 10-7,18.5,18.5,북구,용봉동,북구,용봉동,True
31170705,매입임대,1.0,1,북구,1,전남광주통합특별시 북구 반룡로27번길 10-7,17.05,17.05,북구,용봉동,북구,용봉동,True
31170706,매입임대,1.0,1,북구,1,전남광주통합특별시 북구 반룡로27번길 10-7,26.56,26.56,북구,용봉동,북구,용봉동,True
31173635,매입임대,9.0,2,남구,1,전남광주통합특별시 남구 월광2길 45,49.575,49.99,남구,월산4동,남구,월산4동,False
31173636,매입임대,18.0,3,북구,1,전남광주통합특별시 북구 우치로383번길 9,44.88,54.42,북구,삼각동,북구,삼각동,False
31173642,매입임대,18.0,15,서구,1,전남광주통합특별시 서구 화정로21번길 10,49.04,82.82,서구,상무2동,서구,상무2동,False
31182436,매입임대,1.0,1,서구,1,전남광주통합특별시 서구 상무민주로5번길 9,19.5438,19.5438,서구,상무1동,서구,상무1동,False
31187238,매입임대,18.0,3,서구,1,전남광주통합특별시 서구 양동로17번길 18,76.2328,78.9324,서구,양3동,서구,양3동,False
31189001,매입임대,1.0,1,서구,1,전남광주통합특별시 서구 상무민주로5번길 9,19.5438,19.5438,서구,상무1동,서구,상무1동,False
31189201,행복주택,460.0,3,남구,1,전남광주통합특별시 남구 노대실로 9,16.85,36.72,남구,효덕동,남구,효덕동,True
31189423,매입임대,1.0,1,북구,1,전남광주통합특별시 북구 면앙로32번길 8-7,14.16,14.16,북구,용봉동,북구,용봉동,True
31189424,매입임대,1.0,1,북구,1,전남광주통합특별시 북구 면앙로32번길 8-7,14.5,14.5,북구,용봉동,북구,용봉동,True
31189456,매입임대,1.0,1,북구,1,전남광주통합특별시 북구 면앙로32번길 8-7,14.16,14.16,북구,용봉동,북구,용봉동,True
31189481,매입임대,1.0,1,북구,1,전남광주통합특별시 북구 면앙로32번길 8-7,14.5,14.5,북구,용봉동,북구,용봉동,True
31189482,매입임대,1.0,1,북구,1,전남광주통합특별시 북구 면앙로32번길 8-7,14.21,14.21,북구,용봉동,북구,용봉동,True
31189483,매입임대,1.0,1,북구,1,전남광주통합특별시 북구 면앙로32번길 8-7,14.16,14.16,북구,용봉동,북구,용봉동,True
31189484,매입임대,1.0,1,북구,1,전남광주통합특별시 북구 면앙로32번길 8-7,14.21,14.21,북구,용봉동,북구,용봉동,True
31189539,매입임대,1.0,1,북구,1,전남광주통합특별시 북구 면앙로32번길 8-7,14.16,14.16,북구,용봉동,북구,용봉동,True
31189540,매입임대,1.0,1,북구,1,전남광주통합특별시 북구 면앙로32번길 8-7,14.5,14.5,북구,용봉동,북구,용봉동,True
31189541,매입임대,1.0,1,북구,1,전남광주통합특별시 북구 면앙로32번길 8-7,14.16,14.16,북구,용봉동,북구,용봉동,True
31189542,매입임대,1.0,1,북구,1,전남광주통합특별시 북구 면앙로32번길 8-7,14.21,14.21,북구,용봉동,북구,용봉동,True
31189543,매입임대,1.0,1,북구,1,전남광주통합특별시 북구 면앙로32번길 8-7,14.16,14.16,북구,용봉동,북구,용봉동,True
31189599,매입임대,1.0,1,북구,1,전남광주통합특별시 북구 면앙로32번길 8-7,14.21,14.21,북구,용봉동,북구,용봉동,True
31189625,매입임대,1.0,1,북구,1,전남광주통합특별시 북구 면앙로32번길 8-7,14.21,14.21,북구,용봉동,북구,용봉동,True
31189626,매입임대,1.0,1,북구,1,전남광주통합특별시 북구 면앙로32번길 8-7,14.21,14.21,북구,용봉동,북구,용봉동,True
31190046,매입임대,9.0,2,북구,1,전남광주통합특별시 북구 경양로87번길 8-8,40.3,45.39,북구,신안동,북구,신안동,False
31190049,매입임대,18.0,4,서구,1,전남광주통합특별시 서구 화정로21번길 10-1,27.3,29.4,서구,상무2동,서구,상무2동,False
31190053,매입임대,8.0,4,북구,1,전남광주통합특별시 북구 설죽로 390-15,52.45,60.05,북구,삼각동,북구,삼각동,False
31191163,매입임대,9.0,2,남구,1,전남광주통합특별시 남구 금화로456번길 26,49.2,49.48,남구,월산4동,남구,월산4동,False
31191164,매입임대,9.0,4,북구,1,전남광주통합특별시 북구 우치로 375-15,48.8,80.36,북구,삼각동,북구,삼각동,False
31191171,매입임대,18.0,3,북구,1,전남광주통합특별시 북구 양산신촌길 56,45.11,45.32,북구,양산동,북구,양산동,False
31191172,매입임대,18.0,8,북구,1,전남광주통합특별시 북구 우치로361번길 4,51.2,80.82,북구,삼각동,북구,삼각동,False
31191173,매입임대,18.0,6,북구,1,전남광주통합특별시 북구 우치로361번길 6,47.2,80.96,북구,삼각동,북구,삼각동,False
31191176,매입임대,9.0,4,북구,1,전남광주통합특별시 북구 오산정길 12-3,64.94,65.59,북구,오치1동,북구,오치1동,False
31194471,매입임대,6.0,1,북구,1,전남광주통합특별시 북구 무등로39번길 7,84.92,84.92,북구,운암2동,북구,운암2동,False
31196584,매입임대,18.0,4,북구,1,전남광주통합특별시 북구 상촌로31번길 12-6,45.9,49.8,북구,양산동,북구,양산동,False
31196585,매입임대,12.0,4,북구,1,전남광주통합특별시 북구 연양로117번길 3-4,46.515,50.085,북구,양산동,북구,양산동,False
31196588,매입임대,6.0,1,북구,1,전남광주통합특별시 북구 연양로117번길 9-5,54.475,54.475,북구,양산동,북구,양산동,False
31196589,매입임대,9.0,3,북구,1,전남광주통합특별시 북구 우치로275번길 16-6,49.6,67.77,북구,오치2동,북구,오치2동,False
31196590,매입임대,9.0,2,광산구,1,전남광주통합특별시 광산구 어등대로577번길 45,62.64,62.92,광산구,어룡동,광산구,어룡동,False
31196591,매입임대,12.0,5,광산구,1,전남광주통합특별시 광산구 목련로382번길 94-13,46.61,79.44,광산구,신가동,광산구,신가동,True
31196593,매입임대,18.0,6,광산구,1,전남광주통합특별시 광산구 금봉로59번길 19,57.61,66.48,광산구,어룡동,광산구,어룡동,False
31196826,행복주택,300.0,3,광산구,1,전남광주통합특별시 광산구 용아로 175-6,16.35,36.02,광산구,우산동,광산구,우산동,True
31196828,매입임대,9.0,2,북구,1,전남광주통합특별시 북구 동문대로122번길 55,63.24,64.02,북구,두암2동,북구,두암2동,True
31196832,매입임대,12.0,2,북구,1,전남광주통합특별시 북구 자라봉로56번길 15-6,45.045,46.725,북구,양산동,북구,양산동,False
31197169,매입임대,18.0,4,서구,1,전남광주통합특별시 서구 운천로154번길 30-5,63.11,65.92,서구,상무2동,서구,상무2동,False
31197181,매입임대,18.0,2,서구,1,전남광주통합특별시 서구 운천로154번길 30-7,64.05,64.68,서구,상무2동,서구,상무2동,False
31200704,매입임대,44.0,2,서구,1,전남광주통합특별시 서구 천변좌로140번길 20,50.2339,50.2339,서구,양3동,서구,양3동,False
31201283,매입임대,15.0,4,서구,1,전남광주통합특별시 서구 천변좌로140번길 18,44.8,54.56,서구,양3동,서구,양3동,False
31202181,매입임대,9.0,4,북구,1,전남광주통합특별시 북구 서방로148번길 10-15,42.12,51.06,북구,두암1동,북구,두암1동,False
31204495,매입임대,1.0,1,서구,1,전남광주통합특별시 서구 상무민주로 10,27.36,27.36,서구,상무1동,서구,상무1동,False
31204768,매입임대,1.0,1,서구,1,전남광주통합특별시 서구 상무민주로 10,27.36,27.36,서구,상무1동,서구,상무1동,False
31214869,매입임대,1.0,1,북구,1,전남광주통합특별시 북구 대자로 55,58.7079,58.7079,북구,운암1동,북구,운암1동,True
31214963,매입임대,1.0,1,서구,1,전남광주통합특별시 서구 경열로45번길 13,19.7906,19.7906,서구,농성1동,서구,농성1동,True
31215145,매입임대,1.0,1,북구,1,전남광주통합특별시 북구 대자로 55,58.7079,58.7079,북구,운암1동,북구,운암1동,True
31215427,매입임대,1.0,1,북구,1,전남광주통합특별시 북구 대자로 55,58.7079,58.7079,북구,운암1동,북구,운암1동,True
31218463,매입임대,18.0,2,광산구,1,전남광주통합특별시 광산구 어등대로665번길 18-6,49.8,84.87,광산구,어룡동,광산구,어룡동,False
31218464,매입임대,11.0,2,북구,1,전남광주통합특별시 북구 경열로233번길 47-5,49.92,80.64,북구,중앙동,북구,중앙동,False
31218465,매입임대,16.0,4,광산구,1,전남광주통합특별시 광산구 소촌로46번길 33,49.8,84.52,광산구,어룡동,광산구,어룡동,False
31222867,매입임대,16.0,3,북구,1,전남광주통합특별시 북구 우치로311번길 7-16,49.4518,71.4864,북구,오치2동,북구,오치2동,False
31224138,매입임대,1.0,1,광산구,1,전남광주통합특별시 광산구 목련로 41,84.8198,84.8198,광산구,하남동,광산구,하남동,False
31224139,매입임대,1.0,1,광산구,1,전남광주통합특별시 광산구 선운중앙로 45,79.9337,79.9337,광산구,어룡동,광산구,어룡동,False
31224142,매입임대,1.0,1,광산구,1,전남광주통합특별시 광산구 목련로 15,59.9451,59.9451,광산구,하남동,광산구,하남동,False
31224146,매입임대,1.0,1,서구,1,전남광주통합특별시 서구 내방로 337,75.6415,75.6415,서구,화정1동,서구,화정1동,False
31224149,매입임대,1.0,1,서구,1,전남광주통합특별시 서구 내방로 337,75.6415,75.6415,서구,화정1동,서구,화정1동,False
31224150,매입임대,1.0,1,광산구,1,전남광주통합특별시 광산구 신창로161번길 34,59.748,59.748,광산구,신창동,광산구,신창동,False
31224156,매입임대,1.0,1,서구,1,전남광주통합특별시 서구 무진대로772번길 4,83.9088,83.9088,서구,상무1동,서구,상무1동,False
31224157,매입임대,1.0,1,북구,1,전남광주통합특별시 북구 무등로111번길 30,75.47,75.47,북구,신안동,북구,신안동,False
31224158,매입임대,1.0,1,광산구,1,전남광주통합특별시 광산구 목련로 41,84.8198,84.8198,광산구,하남동,광산구,하남동,False
31224159,매입임대,1.0,1,광산구,1,전남광주통합특별시 광산구 목련로 42,84.8198,84.8198,광산구,하남동,광산구,하남동,False
31224160,매입임대,1.0,1,광산구,1,전남광주통합특별시 광산구 목련로 42,84.8198,84.8198,광산구,하남동,광산구,하남동,False
31224161,매입임대,1.0,1,광산구,1,전남광주통합특별시 광산구 목련로 41,84.8198,84.8198,광산구,하남동,광산구,하남동,False
31224163,매입임대,1.0,1,서구,1,전남광주통합특별시 서구 내방로 337,75.6415,75.6415,서구,화정1동,서구,화정1동,False
31224164,매입임대,1.0,1,북구,1,전남광주통합특별시 북구 양산택지로37번길 78,84.1825,84.1825,북구,양산동,북구,양산동,False
31226645,매입임대,1.0,1,남구,1,전남광주통합특별시 남구 효우2로 21,84.95,84.95,남구,효덕동,남구,효덕동,True
31226646,매입임대,1.0,1,북구,1,전남광주통합특별시 북구 양산택지소로 20,84.98,84.98,북구,건국동,북구,건국동,False
31226647,매입임대,1.0,1,북구,1,전남광주통합특별시 북구 서방로40번길 13,83.9485,83.9485,북구,중흥동,북구,중흥동,False
31226649,매입임대,1.0,1,광산구,1,전남광주통합특별시 광산구 목련로 41,84.8198,84.8198,광산구,하남동,광산구,하남동,False
31226650,매입임대,1.0,1,광산구,1,전남광주통합특별시 광산구 산월로 81,84.8512,84.8512,광산구,첨단2동,북구,첨단2동,True
31226651,매입임대,1.0,1,광산구,1,전남광주통합특별시 광산구 목련로 41,84.8198,84.8198,광산구,하남동,광산구,하남동,False
31226653,매입임대,1.0,1,동구,1,전남광주통합특별시 동구 남문로 307,78.2705,78.2705,동구,지원2동,동구,지원2동,False
31226654,매입임대,1.0,1,남구,1,전남광주통합특별시 남구 방림로 31,75.83,75.83,남구,방림1동,남구,방림1동,True
31226655,매입임대,1.0,1,광산구,1,전남광주통합특별시 광산구 목련로 15,59.9954,59.9954,광산구,하남동,광산구,하남동,False
31226657,매입임대,1.0,1,남구,1,전남광주통합특별시 남구 노대실로 89,84.96,84.96,남구,효덕동,남구,효덕동,True
31229626,매입임대,1.0,1,광산구,1,전남광주통합특별시 광산구 송도로320번길 1-16,84.6119,84.6119,광산구,신흥동,광산구,신흥동,False
31229627,매입임대,1.0,1,남구,1,전남광주통합특별시 남구 노대실로 33,75.83,75.83,남구,효덕동,남구,효덕동,True
31229629,매입임대,1.0,1,광산구,1,전남광주통합특별시 광산구 목련로 15,59.9538,59.9538,광산구,하남동,광산구,하남동,False
31229630,매입임대,1.0,1,광산구,1,전남광주통합특별시 광산구 목련로 15,59.9451,59.9451,광산구,하남동,광산구,하남동,False
31229631,매입임대,1.0,1,북구,1,전남광주통합특별시 북구 태봉로 37,59.4918,59.4918,북구,임동,북구,임동,False
31229632,매입임대,1.0,1,남구,1,전남광주통합특별시 남구 노대실로 33,75.77,75.77,남구,효덕동,남구,효덕동,True
31229633,매입임대,1.0,1,북구,1,전남광주통합특별시 북구 하백로6번길 12,80.3123,80.3123,북구,매곡동,북구,매곡동,False
31229634,매입임대,1.0,1,광산구,1,전남광주통합특별시 광산구 목련로 41,84.8198,84.8198,광산구,하남동,광산구,하남동,False
31229636,매입임대,1.0,1,남구,1,전남광주통합특별시 남구 노대실로 89,84.87,84.87,남구,효덕동,남구,효덕동,True
31229637,매입임대,1.0,1,남구,1,전남광주통합특별시 남구 노대실로 33,84.64,84.64,남구,효덕동,남구,효덕동,True
31229638,매입임대,1.0,1,남구,1,전남광주통합특별시 남구 노대실로 33,84.93,84.93,남구,효덕동,남구,효덕동,True
31229965,국민임대,264.0,2,동구,1,전남광주통합특별시 동구 용산2로 20,29.48,46.3,동구,지원2동,동구,지원2동,False
31229966,행복주택,264.0,3,동구,1,전남광주통합특별시 동구 용산2로 20,21.39,36.63,동구,지원2동,동구,지원2동,False
31232548,매입임대,1.0,1,남구,1,전남광주통합특별시 남구 노대실로 33,75.83,75.83,남구,효덕동,남구,효덕동,True
31232549,매입임대,1.0,1,광산구,1,전남광주통합특별시 광산구 목련로 15,59.9102,59.9102,광산구,하남동,광산구,하남동,False
31232550,매입임대,1.0,1,광산구,1,전남광주통합특별시 광산구 신창로71번길 33,84.7886,84.7886,광산구,신창동,광산구,신창동,False
31235681,매입임대,8.0,3,북구,1,전남광주통합특별시 북구 우치로241번길 32,49.92,84.8,북구,오치2동,북구,오치2동,False
31235682,매입임대,9.0,2,북구,1,전남광주통합특별시 북구 우치로241번길 28,49.92,79.17,북구,오치2동,북구,오치2동,False
31237239,매입임대,1.0,1,광산구,1,전남광주통합특별시 광산구 목련로 15,59.9102,59.9102,광산구,하남동,광산구,하남동,False
31237244,매입임대,1.0,1,남구,1,전남광주통합특별시 남구 효우2로 45,74.97,74.97,남구,효덕동,남구,효덕동,True
31237462,매입임대,1.0,1,광산구,1,전남광주통합특별시 광산구 신창로161번길 34,59.748,59.748,광산구,신창동,광산구,신창동,False
31237463,매입임대,1.0,1,광산구,1,전남광주통합특별시 광산구 신창로161번길 34,59.748,59.748,광산구,신창동,광산구,신창동,False
31237464,매입임대,1.0,1,광산구,1,전남광주통합특별시 광산구 신창로161번길 34,59.748,59.748,광산구,신창동,광산구,신창동,False
31237465,매입임대,1.0,1,광산구,1,전남광주통합특별시 광산구 신창로35번길 20,84.9931,84.9931,광산구,신가동,광산구,신가동,True
31237466,매입임대,1.0,1,광산구,1,전남광주통합특별시 광산구 신창로35번길 80,70.9346,70.9346,광산구,신가동,광산구,신가동,True
31237468,매입임대,1.0,1,광산구,1,전남광주통합특별시 광산구 신창로35번길 80,70.9346,70.9346,광산구,신가동,광산구,신가동,True
31237472,매입임대,1.0,1,광산구,1,전남광주통합특별시 광산구 소촌로86번길 20-17,84.931,84.931,광산구,어룡동,광산구,어룡동,False
31237473,매입임대,1.0,1,광산구,1,전남광주통합특별시 광산구 신창로161번길 19,69.4646,69.4646,광산구,신창동,광산구,신창동,False
31237474,매입임대,1.0,1,광산구,1,전남광주통합특별시 광산구 신창로35번길 20,84.9931,84.9931,광산구,신가동,광산구,신가동,True
31237477,매입임대,1.0,1,광산구,1,전남광주통합특별시 광산구 선운로 33,59.9723,59.9723,광산구,어룡동,광산구,어룡동,False
31237478,매입임대,1.0,1,광산구,1,전남광주통합특별시 광산구 신창로161번길 19,69.4646,69.4646,광산구,신창동,광산구,신창동,False
31237479,매입임대,1.0,1,광산구,1,전남광주통합특별시 광산구 신창로161번길 34,59.748,59.748,광산구,신창동,광산구,신창동,False
31237743,매입임대,1.0,1,북구,1,전남광주통합특별시 북구 양일로 52,84.8728,84.8728,북구,양산동,북구,양산동,False
31237744,매입임대,1.0,1,북구,1,전남광주통합특별시 북구 하서로 71,84.9952,84.9952,북구,운암3동,북구,운암3동,False
31237747,매입임대,1.0,1,북구,1,전남광주통합특별시 북구 동운로 192,84.9072,84.9072,북구,운암1동,북구,운암1동,True
31237748,매입임대,1.0,1,북구,1,전남광주통합특별시 북구 첨단연신로 184,65.5173,65.5173,북구,신용동,북구,신용동,False
31237750,매입임대,1.0,1,북구,1,전남광주통합특별시 북구 문화소통로 313,84.87,84.87,북구,문화동,북구,문화동,False
31237751,매입임대,1.0,1,북구,1,전남광주통합특별시 북구 서강로54번길 11,76.6524,76.6524,북구,운암1동,북구,운암1동,True
31237752,매입임대,1.0,1,북구,1,전남광주통합특별시 북구 서방로40번길 13,83.9485,83.9485,북구,중흥동,북구,중흥동,False
31237755,매입임대,1.0,1,북구,1,전남광주통합특별시 북구 하서로 71,84.9952,84.9952,북구,운암3동,북구,운암3동,False
31237760,매입임대,1.0,1,북구,1,전남광주통합특별시 북구 서강로54번길 10,76.6524,76.6524,북구,운암1동,북구,운암1동,True
31237763,매입임대,1.0,1,북구,1,전남광주통합특별시 북구 문화소통로 313,84.87,84.87,북구,문화동,북구,문화동,False
31237764,매입임대,1.0,1,북구,1,전남광주통합특별시 북구 설죽로148번길 10,84.93,84.93,북구,용봉동,북구,용봉동,True
31238077,매입임대,1.0,1,동구,1,전남광주통합특별시 동구 무등로 374,84.8686,84.8686,동구,계림2동,동구,계림2동,False
31238078,매입임대,1.0,1,동구,1,전남광주통합특별시 동구 남문로693번길 11,84.96,84.96,동구,학동,동구,학동,True
31238079,매입임대,1.0,1,동구,1,전남광주통합특별시 동구 남문로693번길 11,84.96,84.96,동구,학동,동구,학동,True
31238080,매입임대,1.0,1,동구,1,전남광주통합특별시 동구 동명로69번길 20,84.96,84.96,동구,지산1동,동구,지산1동,False
31238081,매입임대,1.0,1,남구,1,전남광주통합특별시 남구 노대실로 89,84.96,84.96,남구,효덕동,남구,효덕동,True
31238082,매입임대,1.0,1,남구,1,전남광주통합특별시 남구 독립로80번길 7,84.61,84.61,남구,백운1동,남구,백운1동,False
31238083,매입임대,1.0,1,남구,1,전남광주통합특별시 남구 독립로80번길 7,84.61,84.61,남구,백운1동,남구,백운1동,False
31238095,매입임대,1.0,1,남구,1,전남광주통합특별시 남구 효우2로 45,84.98,84.98,남구,효덕동,남구,효덕동,True
31238096,매입임대,1.0,1,남구,1,전남광주통합특별시 남구 독립로80번길 7,74.88,74.88,남구,백운1동,남구,백운1동,False
31238097,매입임대,1.0,1,남구,1,전남광주통합특별시 남구 독립로80번길 7,84.57,84.57,남구,백운1동,남구,백운1동,False
31238098,매입임대,1.0,1,남구,1,전남광주통합특별시 남구 독립로80번길 7,84.73,84.73,남구,백운1동,남구,백운1동,False
31238099,매입임대,1.0,1,남구,1,전남광주통합특별시 남구 독립로80번길 7,84.73,84.73,남구,백운1동,남구,백운1동,False
31238107,매입임대,1.0,1,동구,1,전남광주통합특별시 동구 무등로 374,84.8686,84.8686,동구,계림2동,동구,계림2동,False
31238108,매입임대,1.0,1,동구,1,전남광주통합특별시 동구 무등로 374,84.8686,84.8686,동구,계림2동,동구,계림2동,False
31238109,매입임대,1.0,1,동구,1,전남광주통합특별시 동구 무등로 374,84.8686,84.8686,동구,계림2동,동구,계림2동,False
31238110,매입임대,1.0,1,서구,1,전남광주통합특별시 서구 발산로 36,51.95,51.95,서구,양3동,서구,양3동,False
31238111,매입임대,1.0,1,서구,1,전남광주통합특별시 서구 동천로18번길 19,84.89,84.89,서구,동천동,서구,동천동,False
31238112,매입임대,1.0,1,남구,1,전남광주통합특별시 남구 노대실로 33,75.83,75.83,남구,효덕동,남구,효덕동,True
31238113,매입임대,1.0,1,남구,1,전남광주통합특별시 남구 효우2로 21,84.95,84.95,남구,효덕동,남구,효덕동,True
31238114,매입임대,1.0,1,남구,1,전남광주통합특별시 남구 효우2로 21,84.82,84.82,남구,효덕동,남구,효덕동,True
31238115,매입임대,1.0,1,남구,1,전남광주통합특별시 남구 서문대로704번길 10,84.9579,84.9579,남구,진월동,남구,진월동,True
31238124,매입임대,1.0,1,동구,1,전남광주통합특별시 동구 무등로 374,84.8686,84.8686,동구,계림2동,동구,계림2동,False
31238125,매입임대,1.0,1,남구,1,전남광주통합특별시 남구 독립로80번길 7,84.57,84.57,남구,백운1동,남구,백운1동,False
31238126,매입임대,1.0,1,남구,1,전남광주통합특별시 남구 독립로80번길 7,84.61,84.61,남구,백운1동,남구,백운1동,False
31238137,매입임대,1.0,1,동구,1,전남광주통합특별시 동구 남문로693번길 11,84.8,84.8,동구,학동,동구,학동,True
31238138,매입임대,1.0,1,동구,1,전남광주통합특별시 동구 남문로693번길 11,84.96,84.96,동구,학동,동구,학동,True
31238139,매입임대,1.0,1,서구,1,전남광주통합특별시 서구 동천로 11,84.99,84.99,서구,동천동,서구,동천동,False
31238140,매입임대,1.0,1,남구,1,전남광주통합특별시 남구 노대실로 33,84.64,84.64,남구,효덕동,남구,효덕동,True
31238141,매입임대,1.0,1,남구,1,전남광주통합특별시 남구 효우2로 21,84.95,84.95,남구,효덕동,남구,효덕동,True
31238142,매입임대,1.0,1,남구,1,전남광주통합특별시 남구 효우2로 45,74.97,74.97,남구,효덕동,남구,효덕동,True
31238143,매입임대,1.0,1,남구,1,전남광주통합특별시 남구 효우2로 45,74.97,74.97,남구,효덕동,남구,효덕동,True
31238144,매입임대,1.0,1,남구,1,전남광주통합특별시 남구 독립로80번길 7,84.61,84.61,남구,백운1동,남구,백운1동,False
31238145,매입임대,1.0,1,남구,1,전남광주통합특별시 남구 독립로80번길 7,84.73,84.73,남구,백운1동,남구,백운1동,False
31238146,매입임대,1.0,1,남구,1,전남광주통합특별시 남구 독립로80번길 7,84.61,84.61,남구,백운1동,남구,백운1동,False
31238147,매입임대,1.0,1,남구,1,전남광주통합특별시 남구 독립로80번길 7,84.57,84.57,남구,백운1동,남구,백운1동,False
31238148,매입임대,1.0,1,남구,1,전남광주통합특별시 남구 독립로80번길 7,84.73,84.73,남구,백운1동,남구,백운1동,False
31238158,매입임대,1.0,1,남구,1,전남광주통합특별시 남구 효우2로 45,74.97,74.97,남구,효덕동,남구,효덕동,True
31238159,매입임대,1.0,1,남구,1,전남광주통합특별시 남구 독립로80번길 7,84.61,84.61,남구,백운1동,남구,백운1동,False
31238175,매입임대,1.0,1,동구,1,전남광주통합특별시 동구 무등로 374,84.8686,84.8686,동구,계림2동,동구,계림2동,False
31238176,매입임대,1.0,1,동구,1,전남광주통합특별시 동구 남문로693번길 11,84.96,84.96,동구,학동,동구,학동,True
31238177,매입임대,1.0,1,서구,1,전남광주통합특별시 서구 동천로18번길 19,75.72,75.72,서구,동천동,서구,동천동,False
31238178,매입임대,1.0,1,남구,1,전남광주통합특별시 남구 효우2로 21,74.97,74.97,남구,효덕동,남구,효덕동,True
31238179,매입임대,1.0,1,남구,1,전남광주통합특별시 남구 독립로80번길 7,84.61,84.61,남구,백운1동,남구,백운1동,False
31238180,매입임대,1.0,1,남구,1,전남광주통합특별시 남구 독립로80번길 7,84.81,84.81,남구,백운1동,남구,백운1동,False
31238181,매입임대,1.0,1,남구,1,전남광주통합특별시 남구 독립로80번길 7,84.73,84.73,남구,백운1동,남구,백운1동,False
31238189,매입임대,1.0,1,동구,1,전남광주통합특별시 동구 무등로 374,84.8686,84.8686,동구,계림2동,동구,계림2동,False
31238190,매입임대,1.0,1,동구,1,전남광주통합특별시 동구 무등로 374,84.8686,84.8686,동구,계림2동,동구,계림2동,False
31238191,매입임대,1.0,1,서구,1,전남광주통합특별시 서구 무진대로772번길 4,84.3449,84.3449,서구,상무1동,서구,상무1동,False
31238192,매입임대,1.0,1,남구,1,전남광주통합특별시 남구 노대실로 33,75.77,75.77,남구,효덕동,남구,효덕동,True
31238193,매입임대,1.0,1,남구,1,전남광주통합특별시 남구 제중로 11,84.77,84.77,남구,양림동,남구,양림동,False
31238194,매입임대,1.0,1,남구,1,전남광주통합특별시 남구 효우2로 21,74.97,74.97,남구,효덕동,남구,효덕동,True
31238195,매입임대,1.0,1,남구,1,전남광주통합특별시 남구 효우2로 45,74.97,74.97,남구,효덕동,남구,효덕동,True
31238196,매입임대,1.0,1,남구,1,전남광주통합특별시 남구 효우2로 45,84.98,84.98,남구,효덕동,남구,효덕동,True
31238197,매입임대,1.0,1,남구,1,전남광주통합특별시 남구 독립로80번길 7,84.61,84.61,남구,백운1동,남구,백운1동,False
31238198,매입임대,1.0,1,남구,1,전남광주통합특별시 남구 독립로80번길 7,84.57,84.57,남구,백운1동,남구,백운1동,False
31238199,매입임대,1.0,1,남구,1,전남광주통합특별시 남구 독립로80번길 7,84.61,84.61,남구,백운1동,남구,백운1동,False
31239688,매입임대,1.0,1,북구,1,전남광주통합특별시 북구 서강로54번길 11,84.9273,84.9273,북구,운암1동,북구,운암1동,True
31240622,매입임대,1.0,1,광산구,1,전남광주통합특별시 광산구 목련로 41,84.8198,84.8198,광산구,하남동,광산구,하남동,False
31240625,매입임대,1.0,1,광산구,1,전남광주통합특별시 광산구 목련로 41,84.8198,84.8198,광산구,하남동,광산구,하남동,False
31240627,매입임대,1.0,1,광산구,1,전남광주통합특별시 광산구 목련로 41,84.8198,84.8198,광산구,하남동,광산구,하남동,False
31240631,매입임대,1.0,1,광산구,1,전남광주통합특별시 광산구 목련로 42,84.8198,84.8198,광산구,하남동,광산구,하남동,False
31240635,매입임대,1.0,1,광산구,1,전남광주통합특별시 광산구 신창로35번길 80,70.9346,70.9346,광산구,신가동,광산구,신가동,True
31240964,매입임대,1.0,1,동구,1,전남광주통합특별시 동구 무등로 374,84.8686,84.8686,동구,계림2동,동구,계림2동,False
31240965,매입임대,1.0,1,동구,1,전남광주통합특별시 동구 남문로693번길 11,84.78,84.78,동구,학동,동구,학동,True
31240966,매입임대,1.0,1,남구,1,전남광주통합특별시 남구 독립로80번길 7,74.88,74.88,남구,백운1동,남구,백운1동,False
31240967,매입임대,1.0,1,남구,1,전남광주통합특별시 남구 효우2로 21,74.97,74.97,남구,효덕동,남구,효덕동,True
31240970,매입임대,8.0,3,서구,1,전남광주통합특별시 서구 월산로245번길 10-4,39.4306,53.4567,서구,농성1동,서구,농성1동,True
31240971,매입임대,1.0,1,남구,1,전남광주통합특별시 남구 효우2로 21,74.97,74.97,남구,효덕동,남구,효덕동,True
31240972,매입임대,1.0,1,남구,1,전남광주통합특별시 남구 독립로80번길 7,84.61,84.61,남구,백운1동,남구,백운1동,False
31240973,매입임대,1.0,1,남구,1,전남광주통합특별시 남구 효우2로 45,84.82,84.82,남구,효덕동,남구,효덕동,True
31240974,매입임대,1.0,1,동구,1,전남광주통합특별시 동구 남문로 307,78.2705,78.2705,동구,지원2동,동구,지원2동,False
31240975,매입임대,1.0,1,남구,1,전남광주통합특별시 남구 효우2로 21,84.95,84.95,남구,효덕동,남구,효덕동,True
31240979,매입임대,1.0,1,남구,1,전남광주통합특별시 남구 노대실로 33,75.77,75.77,남구,효덕동,남구,효덕동,True
31240980,매입임대,1.0,1,남구,1,전남광주통합특별시 남구 노대실로 89,84.87,84.87,남구,효덕동,남구,효덕동,True
31240981,매입임대,1.0,1,남구,1,전남광주통합특별시 남구 독립로80번길 7,84.57,84.57,남구,백운1동,남구,백운1동,False
31240982,매입임대,1.0,1,남구,1,전남광주통합특별시 남구 독립로80번길 7,84.61,84.61,남구,백운1동,남구,백운1동,False
31240985,매입임대,1.0,1,남구,1,전남광주통합특별시 남구 효우2로 21,84.82,84.82,남구,효덕동,남구,효덕동,True
31240986,매입임대,1.0,1,남구,1,전남광주통합특별시 남구 원효천1길 16,69.0695,69.0695,남구,송암동,남구,송암동,True
31240989,매입임대,1.0,1,동구,1,전남광주통합특별시 동구 무등로 374,84.8686,84.8686,동구,계림2동,동구,계림2동,False
31240990,매입임대,1.0,1,서구,1,전남광주통합특별시 서구 동천로 11,75.99,75.99,서구,동천동,서구,동천동,False
31241941,매입임대,6.0,2,북구,1,전남광주통합특별시 북구 서하로183번길 62,60.87,81.42,북구,오치2동,북구,오치2동,False
31241959,매입임대,12.0,2,북구,1,전남광주통합특별시 북구 무등로218번길 33,48.48,52.12,북구,신안동,북구,신안동,False
31241964,매입임대,15.0,7,북구,1,전남광주통합특별시 북구 서하로183번길 62-1,59.16,84.74,북구,오치2동,북구,오치2동,False
31243414,매입임대,1.0,1,북구,1,전남광주통합특별시 북구 양산택지로34번길 22,84.9662,84.9662,북구,양산동,북구,양산동,False
31243415,매입임대,1.0,1,북구,1,전남광주통합특별시 북구 천변우로79번길 45,62.6188,62.6188,북구,임동,북구,임동,False
31243417,매입임대,1.0,1,북구,1,전남광주통합특별시 북구 첨단연신로 184,65.5173,65.5173,북구,신용동,북구,신용동,False
31243418,매입임대,1.0,1,북구,1,전남광주통합특별시 북구 천변우로 11,51.94,51.94,북구,임동,북구,임동,False
31243421,매입임대,1.0,1,북구,1,전남광주통합특별시 북구 용주로30번길 60,84.8797,84.8797,북구,용봉동,북구,용봉동,True
31243713,매입임대,1.0,1,남구,1,전남광주통합특별시 남구 노대실로 89,84.87,84.87,남구,효덕동,남구,효덕동,True
31243714,매입임대,1.0,1,광산구,1,전남광주통합특별시 광산구 목련로 15,59.9368,59.9368,광산구,하남동,광산구,하남동,False
31243715,매입임대,1.0,1,광산구,1,전남광주통합특별시 광산구 신창로71번길 33,84.7886,84.7886,광산구,신창동,광산구,신창동,False
31243724,매입임대,1.0,1,광산구,1,전남광주통합특별시 광산구 신창로161번길 19,84.6574,84.6574,광산구,신창동,광산구,신창동,False
31243737,매입임대,1.0,1,남구,1,전남광주통합특별시 남구 효우2로 89,74.95,74.95,남구,송암동,남구,송암동,True
31243745,매입임대,1.0,1,남구,1,전남광주통합특별시 남구 노대실로 33,84.93,84.93,남구,효덕동,남구,효덕동,True
31243746,매입임대,1.0,1,남구,1,전남광주통합특별시 남구 대남대로85번길 3,84.882,84.882,남구,방림1동,남구,방림1동,True
31243747,매입임대,1.0,1,광산구,1,전남광주통합특별시 광산구 선운로 33,71.5672,71.5672,광산구,어룡동,광산구,어룡동,False
31243748,매입임대,1.0,1,광산구,1,전남광주통합특별시 광산구 신창로71번길 33,84.7886,84.7886,광산구,신창동,광산구,신창동,False
31243749,매입임대,1.0,1,광산구,1,전남광주통합특별시 광산구 신창로71번길 33,84.7886,84.7886,광산구,신창동,광산구,신창동,False
31243750,매입임대,1.0,1,광산구,1,전남광주통합특별시 광산구 장신로265번길 22,84.7886,84.7886,광산구,신창동,광산구,신창동,False
31243760,매입임대,1.0,1,서구,1,전남광주통합특별시 서구 동천로 11,75.99,75.99,서구,동천동,서구,동천동,False
31243761,매입임대,1.0,1,남구,1,전남광주통합특별시 남구 광복마을4길 39,76.7687,76.7687,남구,진월동,남구,진월동,True
31243762,매입임대,1.0,1,남구,1,전남광주통합특별시 남구 독립로80번길 7,74.88,74.88,남구,백운1동,남구,백운1동,False
31243763,매입임대,1.0,1,광산구,1,전남광주통합특별시 광산구 목련로 15,59.9538,59.9538,광산구,하남동,광산구,하남동,False
31243764,매입임대,1.0,1,광산구,1,전남광주통합특별시 광산구 신창로35번길 54,84.9931,84.9931,광산구,신가동,광산구,신가동,True
31243765,매입임대,1.0,1,광산구,1,전남광주통합특별시 광산구 신창로71번길 33,84.7886,84.7886,광산구,신창동,광산구,신창동,False
31243766,매입임대,1.0,1,광산구,1,전남광주통합특별시 광산구 장신로265번길 22,84.7886,84.7886,광산구,신창동,광산구,신창동,False
31243777,매입임대,1.0,1,남구,1,전남광주통합특별시 남구 효우2로 45,74.97,74.97,남구,효덕동,남구,효덕동,True
31243778,매입임대,1.0,1,광산구,1,전남광주통합특별시 광산구 신창로161번길 34,59.748,59.748,광산구,신창동,광산구,신창동,False
31243785,매입임대,1.0,1,광산구,1,전남광주통합특별시 광산구 목련로 15,59.984,59.984,광산구,하남동,광산구,하남동,False
31243786,매입임대,1.0,1,광산구,1,전남광주통합특별시 광산구 신창로71번길 33,84.7886,84.7886,광산구,신창동,광산구,신창동,False
31243793,매입임대,1.0,1,남구,1,전남광주통합특별시 남구 효우2로 21,84.82,84.82,남구,효덕동,남구,효덕동,True
31243794,매입임대,1.0,1,남구,1,전남광주통합특별시 남구 독립로80번길 7,84.73,84.73,남구,백운1동,남구,백운1동,False
31243795,매입임대,1.0,1,남구,1,전남광주통합특별시 남구 효우2로 21,74.97,74.97,남구,효덕동,남구,효덕동,True
31243796,매입임대,1.0,1,광산구,1,전남광주통합특별시 광산구 신창로35번길 54,84.9931,84.9931,광산구,신가동,광산구,신가동,True
31243797,매입임대,1.0,1,광산구,1,전남광주통합특별시 광산구 신창로35번길 80,84.9429,84.9429,광산구,신가동,광산구,신가동,True
31245305,매입임대,1.0,1,서구,1,전남광주통합특별시 서구 무진대로772번길 4,73.8089,73.8089,서구,상무1동,서구,상무1동,False
31245306,매입임대,1.0,1,남구,1,전남광주통합특별시 남구 노대실로 33,84.93,84.93,남구,효덕동,남구,효덕동,True
31245307,매입임대,1.0,1,광산구,1,전남광주통합특별시 광산구 선운중앙로 43,73.8321,73.8321,광산구,어룡동,광산구,어룡동,False
31245311,매입임대,1.0,1,광산구,1,전남광주통합특별시 광산구 목련로 42,84.8198,84.8198,광산구,하남동,광산구,하남동,False
31245313,매입임대,1.0,1,광산구,1,전남광주통합특별시 광산구 선운중앙로 43,73.8321,73.8321,광산구,어룡동,광산구,어룡동,False
31245319,매입임대,1.0,1,광산구,1,전남광주통합특별시 광산구 신창로161번길 34,59.748,59.748,광산구,신창동,광산구,신창동,False
31245320,매입임대,1.0,1,광산구,1,전남광주통합특별시 광산구 장덕로6번길 59,84.8396,84.8396,광산구,수완동,광산구,수완동,True
31245326,매입임대,1.0,1,동구,1,전남광주통합특별시 동구 남문로 307,59.9816,59.9816,동구,지원2동,동구,지원2동,False
31245327,매입임대,1.0,1,광산구,1,전남광주통합특별시 광산구 신창로71번길 33,84.7886,84.7886,광산구,신창동,광산구,신창동,False
31245329,매입임대,1.0,1,남구,1,전남광주통합특별시 남구 노대실로 33,75.83,75.83,남구,효덕동,남구,효덕동,True
31245330,매입임대,1.0,1,광산구,1,전남광주통합특별시 광산구 신창로71번길 33,84.7886,84.7886,광산구,신창동,광산구,신창동,False
31247248,매입임대,1.0,1,남구,1,전남광주통합특별시 남구 효우2로 45,74.97,74.97,남구,효덕동,남구,효덕동,True
31247249,매입임대,1.0,1,동구,1,전남광주통합특별시 동구 남문로 307,78.2705,78.2705,동구,지원2동,동구,지원2동,False
31247250,매입임대,1.0,1,남구,1,전남광주통합특별시 남구 효우2로 89,74.95,74.95,남구,송암동,남구,송암동,True
31247251,매입임대,1.0,1,광산구,1,전남광주통합특별시 광산구 신창로35번길 54,84.9931,84.9931,광산구,신가동,광산구,신가동,True
31247252,매입임대,1.0,1,광산구,1,전남광주통합특별시 광산구 목련로 42,84.8198,84.8198,광산구,하남동,광산구,하남동,False
31247253,매입임대,1.0,1,동구,1,전남광주통합특별시 동구 동명로69번길 20,84.96,84.96,동구,지산1동,동구,지산1동,False
31249450,행복주택,361.0,6,광산구,1,전남광주통합특별시 광산구 무진대로 246-7,16.33,36.44,광산구,우산동,광산구,우산동,True
31249460,매입임대,1.0,1,남구,1,전남광주통합특별시 남구 노대실로 89,84.66,84.66,남구,효덕동,남구,효덕동,True
31249461,매입임대,1.0,1,남구,1,전남광주통합특별시 남구 독립로80번길 7,84.73,84.73,남구,백운1동,남구,백운1동,False
31249462,매입임대,1.0,1,광산구,1,전남광주통합특별시 광산구 선운로 33,71.5672,71.5672,광산구,어룡동,광산구,어룡동,False
31249463,매입임대,1.0,1,광산구,1,전남광주통합특별시 광산구 신창로35번길 54,84.9931,84.9931,광산구,신가동,광산구,신가동,True
31249479,매입임대,1.0,1,광산구,1,전남광주통합특별시 광산구 신창로161번길 19,69.4646,69.4646,광산구,신창동,광산구,신창동,False
31251559,매입임대,1.0,1,광산구,1,전남광주통합특별시 광산구 신창로161번길 34,59.748,59.748,광산구,신창동,광산구,신창동,False
31251560,매입임대,1.0,1,광산구,1,전남광주통합특별시 광산구 왕버들로251번길 27,84.9429,84.9429,광산구,신창동,광산구,신창동,False
31251599,매입임대,1.0,1,광산구,1,전남광주통합특별시 광산구 선운로 33,71.586,71.586,광산구,어룡동,광산구,어룡동,False
31251611,매입임대,1.0,1,북구,1,전남광주통합특별시 북구 대자로 55,58.7079,58.7079,북구,운암1동,북구,운암1동,True
31251635,매입임대,1.0,1,남구,1,전남광주통합특별시 남구 독립로80번길 7,84.73,84.73,남구,백운1동,남구,백운1동,False
31252684,매입임대,1.0,1,광산구,1,전남광주통합특별시 광산구 목련로 41,84.8198,84.8198,광산구,하남동,광산구,하남동,False
31256359,매입임대,20.0,3,서구,1,전남광주통합특별시 서구 발산로11번길 17,51.041,63.3914,서구,농성1동,서구,농성1동,True
31256367,매입임대,1.0,1,동구,1,전남광주통합특별시 동구 남문로 307,59.9711,59.9711,동구,지원2동,동구,지원2동,False
31256371,매입임대,19.0,5,서구,1,전남광주통합특별시 서구 발산로11번길 15,50.4441,79.4439,서구,농성1동,서구,농성1동,True
31256372,매입임대,1.0,1,광산구,1,전남광주통합특별시 광산구 목련로 41,84.8198,84.8198,광산구,하남동,광산구,하남동,False
31256373,매입임대,1.0,1,광산구,1,전남광주통합특별시 광산구 신창로71번길 33,84.7886,84.7886,광산구,신창동,광산구,신창동,False
31256378,매입임대,28.0,4,북구,1,전남광주통합특별시 북구 양산신촌길 50,49.1349,61.3502,북구,양산동,북구,양산동,False
31256380,매입임대,1.0,1,남구,1,전남광주통합특별시 남구 독립로80번길 7,84.61,84.61,남구,백운1동,남구,백운1동,False
31256381,매입임대,1.0,1,광산구,1,전남광주통합특별시 광산구 신창로35번길 20,84.9931,84.9931,광산구,신가동,광산구,신가동,True
31258868,매입임대,1.0,1,서구,1,전남광주통합특별시 서구 화개중앙로 116,84.9493,84.9493,서구,금호2동,서구,금호2동,False
31258869,매입임대,1.0,1,남구,1,전남광주통합특별시 남구 노대실로 89,84.66,84.66,남구,효덕동,남구,효덕동,True
31258870,매입임대,1.0,1,남구,1,전남광주통합특별시 남구 독립로80번길 7,84.81,84.81,남구,백운1동,남구,백운1동,False
31258871,매입임대,1.0,1,북구,1,전남광주통합특별시 북구 천변우로79번길 45,61.7106,61.7106,북구,임동,북구,임동,False
31258872,매입임대,1.0,1,광산구,1,전남광주통합특별시 광산구 목련로 15,59.9538,59.9538,광산구,하남동,광산구,하남동,False
31258873,매입임대,1.0,1,광산구,1,전남광주통합특별시 광산구 신창로71번길 33,84.7886,84.7886,광산구,신창동,광산구,신창동,False
31258875,매입임대,1.0,1,동구,1,전남광주통합특별시 동구 남문로 307,59.9963,59.9963,동구,지원2동,동구,지원2동,False
31258876,매입임대,1.0,1,서구,1,전남광주통합특별시 서구 동천로 11,84.99,84.99,서구,동천동,서구,동천동,False
31258877,매입임대,1.0,1,서구,1,전남광주통합특별시 서구 동천로 11,84.99,84.99,서구,동천동,서구,동천동,False
31258878,매입임대,1.0,1,남구,1,전남광주통합특별시 남구 효우2로 21,74.97,74.97,남구,효덕동,남구,효덕동,True
31258879,매입임대,1.0,1,남구,1,전남광주통합특별시 남구 화산로73번길 3,84.9712,84.9712,남구,진월동,남구,진월동,True
31258880,매입임대,1.0,1,북구,1,전남광주통합특별시 북구 본촌마을길 178,71.0616,71.0616,북구,건국동,북구,건국동,False
31258881,매입임대,1.0,1,북구,1,전남광주통합특별시 북구 천변우로79번길 45,61.7106,61.7106,북구,임동,북구,임동,False
31258882,매입임대,1.0,1,북구,1,전남광주통합특별시 북구 천변우로79번길 45,62.8111,62.8111,북구,임동,북구,임동,False
31258883,매입임대,1.0,1,북구,1,전남광주통합특별시 북구 천변우로79번길 45,62.8111,62.8111,북구,임동,북구,임동,False
31258884,매입임대,1.0,1,광산구,1,전남광주통합특별시 광산구 소촌로 100,59.8957,59.8957,광산구,어룡동,광산구,어룡동,False
31258885,매입임대,1.0,1,광산구,1,전남광주통합특별시 광산구 선운로 33,78.0887,78.0887,광산구,어룡동,광산구,어룡동,False
31258886,매입임대,1.0,1,광산구,1,전남광주통합특별시 광산구 소촌로86번길 20-17,84.931,84.931,광산구,어룡동,광산구,어룡동,False
31258887,매입임대,1.0,1,광산구,1,전남광주통합특별시 광산구 신창로71번길 33,84.7886,84.7886,광산구,신창동,광산구,신창동,False
31258888,매입임대,1.0,1,광산구,1,전남광주통합특별시 광산구 신창로71번길 33,84.7886,84.7886,광산구,신창동,광산구,신창동,False
31258891,매입임대,1.0,1,남구,1,전남광주통합특별시 남구 화산로 20,84.9996,84.9996,남구,진월동,남구,진월동,True
31258892,매입임대,1.0,1,남구,1,전남광주통합특별시 남구 화산로 75,84.3979,84.3979,남구,진월동,남구,진월동,True
31258893,매입임대,1.0,1,남구,1,전남광주통합특별시 남구 노대실로 33,75.77,75.77,남구,효덕동,남구,효덕동,True
31258894,매입임대,1.0,1,남구,1,전남광주통합특별시 남구 노대실로 89,84.87,84.87,남구,효덕동,남구,효덕동,True
31258895,매입임대,1.0,1,남구,1,전남광주통합특별시 남구 독립로80번길 7,74.88,74.88,남구,백운1동,남구,백운1동,False
31258896,매입임대,1.0,1,남구,1,전남광주통합특별시 남구 독립로80번길 7,84.61,84.61,남구,백운1동,남구,백운1동,False
31258897,매입임대,1.0,1,남구,1,전남광주통합특별시 남구 독립로80번길 7,84.57,84.57,남구,백운1동,남구,백운1동,False
31258898,매입임대,1.0,1,남구,1,전남광주통합특별시 남구 독립로80번길 7,84.61,84.61,남구,백운1동,남구,백운1동,False
31258899,매입임대,1.0,1,남구,1,전남광주통합특별시 남구 화산로73번길 3,84.7573,84.7573,남구,진월동,남구,진월동,True
31258900,매입임대,1.0,1,북구,1,전남광주통합특별시 북구 천변우로79번길 45,61.7106,61.7106,북구,임동,북구,임동,False
31258901,매입임대,1.0,1,북구,1,전남광주통합특별시 북구 천변우로79번길 45,62.8111,62.8111,북구,임동,북구,임동,False
31258902,매입임대,1.0,1,광산구,1,전남광주통합특별시 광산구 광산로20번길 28,84.898,84.898,광산구,송정2동,광산구,송정2동,False
31258903,매입임대,1.0,1,광산구,1,전남광주통합특별시 광산구 신창로71번길 16,84.9931,84.9931,광산구,신창동,광산구,신창동,False
31258904,매입임대,1.0,1,광산구,1,전남광주통합특별시 광산구 신창로71번길 33,84.7886,84.7886,광산구,신창동,광산구,신창동,False
31258905,매입임대,1.0,1,동구,1,전남광주통합특별시 동구 남문로 307,78.2705,78.2705,동구,지원2동,동구,지원2동,False
31258906,매입임대,1.0,1,서구,1,전남광주통합특별시 서구 내방로 337,80.6131,80.6131,서구,화정1동,서구,화정1동,False
31258907,매입임대,1.0,1,서구,1,전남광주통합특별시 서구 내방로 337,75.6415,75.6415,서구,화정1동,서구,화정1동,False
31258908,매입임대,1.0,1,서구,1,전남광주통합특별시 서구 무진대로772번길 4,83.9088,83.9088,서구,상무1동,서구,상무1동,False
31258909,매입임대,1.0,1,서구,1,전남광주통합특별시 서구 동천로18번길 19,75.72,75.72,서구,동천동,서구,동천동,False
31258910,매입임대,1.0,1,남구,1,전남광주통합특별시 남구 노대실로 89,84.66,84.66,남구,효덕동,남구,효덕동,True
31258911,매입임대,1.0,1,남구,1,전남광주통합특별시 남구 효우2로 89,74.95,74.95,남구,송암동,남구,송암동,True
31258912,매입임대,1.0,1,남구,1,전남광주통합특별시 남구 독립로80번길 7,84.61,84.61,남구,백운1동,남구,백운1동,False
31258913,매입임대,1.0,1,남구,1,전남광주통합특별시 남구 원효천1길 16,71.9207,71.9207,남구,송암동,남구,송암동,True
31258914,매입임대,1.0,1,북구,1,전남광주통합특별시 북구 금호로24번길 18,58.323,58.323,북구,운암2동,북구,운암2동,False
31258915,매입임대,1.0,1,북구,1,전남광주통합특별시 북구 양산택지소로 30,84.9931,84.9931,북구,건국동,북구,건국동,False
31258916,매입임대,1.0,1,광산구,1,전남광주통합특별시 광산구 목련로 41,84.8198,84.8198,광산구,하남동,광산구,하남동,False
31258917,매입임대,1.0,1,광산구,1,전남광주통합특별시 광산구 목련로 41,84.8198,84.8198,광산구,하남동,광산구,하남동,False
31258918,매입임대,1.0,1,광산구,1,전남광주통합특별시 광산구 소촌로 100,59.8957,59.8957,광산구,어룡동,광산구,어룡동,False
31258919,매입임대,1.0,1,광산구,1,전남광주통합특별시 광산구 신창로71번길 33,84.7886,84.7886,광산구,신창동,광산구,신창동,False
31258920,매입임대,1.0,1,광산구,1,전남광주통합특별시 광산구 신창로71번길 33,84.7886,84.7886,광산구,신창동,광산구,신창동,False
31258921,매입임대,1.0,1,광산구,1,전남광주통합특별시 광산구 왕버들로251번길 27,84.9429,84.9429,광산구,신창동,광산구,신창동,False
31258925,매입임대,1.0,1,서구,1,전남광주통합특별시 서구 내방로 337,80.2694,80.2694,서구,화정1동,서구,화정1동,False
31258926,매입임대,1.0,1,남구,1,전남광주통합특별시 남구 화산로 20,84.9996,84.9996,남구,진월동,남구,진월동,True
31258927,매입임대,1.0,1,남구,1,전남광주통합특별시 남구 화산로 75,84.3979,84.3979,남구,진월동,남구,진월동,True
31258928,매입임대,1.0,1,남구,1,전남광주통합특별시 남구 노대실로 33,84.88,84.88,남구,효덕동,남구,효덕동,True
31258929,매입임대,1.0,1,남구,1,전남광주통합특별시 남구 노대실로 89,84.96,84.96,남구,효덕동,남구,효덕동,True
31258930,매입임대,1.0,1,남구,1,전남광주통합특별시 남구 효우2로 21,84.95,84.95,남구,효덕동,남구,효덕동,True
31258931,매입임대,1.0,1,남구,1,전남광주통합특별시 남구 독립로80번길 7,84.61,84.61,남구,백운1동,남구,백운1동,False
31258932,매입임대,1.0,1,북구,1,전남광주통합특별시 북구 천변우로79번길 45,61.7106,61.7106,북구,임동,북구,임동,False
31258933,매입임대,1.0,1,북구,1,전남광주통합특별시 북구 하백로6번길 12,80.3123,80.3123,북구,매곡동,북구,매곡동,False
31258934,매입임대,1.0,1,광산구,1,전남광주통합특별시 광산구 선운로 55,72.6814,72.6814,광산구,어룡동,광산구,어룡동,False
31258935,매입임대,1.0,1,광산구,1,전남광주통합특별시 광산구 신창로161번길 34,59.748,59.748,광산구,신창동,광산구,신창동,False
31258936,매입임대,1.0,1,광산구,1,전남광주통합특별시 광산구 신창로71번길 33,84.7886,84.7886,광산구,신창동,광산구,신창동,False
31258939,매입임대,1.0,1,동구,1,전남광주통합특별시 동구 무등로 374,84.8686,84.8686,동구,계림2동,동구,계림2동,False
31258940,매입임대,1.0,1,서구,1,전남광주통합특별시 서구 동천로 11,75.99,75.99,서구,동천동,서구,동천동,False
31258941,매입임대,1.0,1,남구,1,전남광주통합특별시 남구 화산로 20,84.9996,84.9996,남구,진월동,남구,진월동,True
31258942,매입임대,1.0,1,남구,1,전남광주통합특별시 남구 화산로 75,84.3979,84.3979,남구,진월동,남구,진월동,True
31258943,매입임대,1.0,1,남구,1,전남광주통합특별시 남구 방림로 31,75.83,75.83,남구,방림1동,남구,방림1동,True
31258944,매입임대,1.0,1,남구,1,전남광주통합특별시 남구 효우2로 21,84.95,84.95,남구,효덕동,남구,효덕동,True
31258945,매입임대,1.0,1,남구,1,전남광주통합특별시 남구 효우2로 89,74.95,74.95,남구,송암동,남구,송암동,True
31258946,매입임대,1.0,1,남구,1,전남광주통합특별시 남구 독립로80번길 7,74.88,74.88,남구,백운1동,남구,백운1동,False
31258947,매입임대,1.0,1,북구,1,전남광주통합특별시 북구 하백로6번길 12,80.3123,80.3123,북구,매곡동,북구,매곡동,False
31258948,매입임대,1.0,1,광산구,1,전남광주통합특별시 광산구 신창로161번길 34,59.748,59.748,광산구,신창동,광산구,신창동,False
31258949,매입임대,1.0,1,광산구,1,전남광주통합특별시 광산구 신창로71번길 33,84.7886,84.7886,광산구,신창동,광산구,신창동,False
31258950,매입임대,1.0,1,광산구,1,전남광주통합특별시 광산구 신창로71번길 33,84.7886,84.7886,광산구,신창동,광산구,신창동,False
31258952,매입임대,1.0,1,남구,1,전남광주통합특별시 남구 화산로 75,84.3979,84.3979,남구,진월동,남구,진월동,True
31258953,매입임대,1.0,1,남구,1,전남광주통합특별시 남구 효우2로 21,84.98,84.98,남구,효덕동,남구,효덕동,True
31258954,매입임대,1.0,1,남구,1,전남광주통합특별시 남구 효우2로 45,74.97,74.97,남구,효덕동,남구,효덕동,True
31258955,매입임대,1.0,1,남구,1,전남광주통합특별시 남구 독립로80번길 7,84.57,84.57,남구,백운1동,남구,백운1동,False
31258956,매입임대,1.0,1,남구,1,전남광주통합특별시 남구 독립로80번길 7,84.61,84.61,남구,백운1동,남구,백운1동,False
31258957,매입임대,1.0,1,남구,1,전남광주통합특별시 남구 독립로80번길 7,84.81,84.81,남구,백운1동,남구,백운1동,False
31258958,매입임대,1.0,1,북구,1,전남광주통합특별시 북구 천변우로79번길 45,62.8111,62.8111,북구,임동,북구,임동,False
31258959,매입임대,1.0,1,광산구,1,전남광주통합특별시 광산구 신창로71번길 33,84.7886,84.7886,광산구,신창동,광산구,신창동,False
31258960,매입임대,1.0,1,동구,1,전남광주통합특별시 동구 남문로 307,59.9711,59.9711,동구,지원2동,동구,지원2동,False
31258961,매입임대,1.0,1,동구,1,전남광주통합특별시 동구 남문로 307,59.9963,59.9963,동구,지원2동,동구,지원2동,False
31258962,매입임대,1.0,1,남구,1,전남광주통합특별시 남구 화산로 20,84.9996,84.9996,남구,진월동,남구,진월동,True
31258963,매입임대,1.0,1,남구,1,전남광주통합특별시 남구 화산로 20,84.9996,84.9996,남구,진월동,남구,진월동,True
31258964,매입임대,1.0,1,남구,1,전남광주통합특별시 남구 광복마을4길 39,76.7687,76.7687,남구,진월동,남구,진월동,True
31258965,매입임대,1.0,1,북구,1,전남광주통합특별시 북구 하서로 71,84.8188,84.8188,북구,운암3동,북구,운암3동,False
31258966,매입임대,1.0,1,북구,1,전남광주통합특별시 북구 천변우로79번길 25,84.9308,84.9308,북구,임동,북구,임동,False
31258967,매입임대,1.0,1,광산구,1,전남광주통합특별시 광산구 목련로 42,84.8198,84.8198,광산구,하남동,광산구,하남동,False
31258968,매입임대,1.0,1,광산구,1,전남광주통합특별시 광산구 신창로35번길 80,70.9346,70.9346,광산구,신가동,광산구,신가동,True
31258969,매입임대,1.0,1,광산구,1,전남광주통합특별시 광산구 신창로71번길 33,84.7886,84.7886,광산구,신창동,광산구,신창동,False
31258970,매입임대,1.0,1,광산구,1,전남광주통합특별시 광산구 장덕로5번길 16,74.9636,74.9636,광산구,수완동,광산구,수완동,True
31261609,매입임대,1.0,1,남구,1,전남광주통합특별시 남구 화산로 20,84.9996,84.9996,남구,진월동,남구,진월동,True
31261610,매입임대,1.0,1,북구,1,전남광주통합특별시 북구 용주로30번길 60,59.9879,59.9879,북구,용봉동,북구,용봉동,True
31261614,매입임대,1.0,1,남구,1,전남광주통합특별시 남구 원효천1길 16,69.0695,69.0695,남구,송암동,남구,송암동,True
31261619,매입임대,1.0,1,광산구,1,전남광주통합특별시 광산구 신창로71번길 33,84.7886,84.7886,광산구,신창동,광산구,신창동,False
31261639,매입임대,1.0,1,남구,1,전남광주통합특별시 남구 효우2로 89,74.95,74.95,남구,송암동,남구,송암동,True
31261640,매입임대,1.0,1,광산구,1,전남광주통합특별시 광산구 선운로 55,72.2197,72.2197,광산구,어룡동,광산구,어룡동,False
31261641,매입임대,1.0,1,광산구,1,전남광주통합특별시 광산구 광산로20번길 28,84.898,84.898,광산구,송정2동,광산구,송정2동,False
31261642,매입임대,1.0,1,광산구,1,전남광주통합특별시 광산구 신창로161번길 34,59.748,59.748,광산구,신창동,광산구,신창동,False
31264664,매입임대,1.0,1,서구,1,전남광주통합특별시 서구 상무민주로 104,59.9854,59.9854,서구,상무1동,서구,상무1동,False
31264687,매입임대,1.0,1,북구,1,전남광주통합특별시 북구 동운로 192,79.7855,79.7855,북구,운암1동,북구,운암1동,True
31264700,매입임대,1.0,1,서구,1,전남광주통합특별시 서구 내방로 337,75.6415,75.6415,서구,화정1동,서구,화정1동,False
31264914,매입임대,1.0,1,광산구,1,전남광주통합특별시 광산구 장덕로5번길 16,59.9817,59.9817,광산구,수완동,광산구,수완동,True
31264923,매입임대,1.0,1,광산구,1,전남광주통합특별시 광산구 장덕로6번길 59,84.8396,84.8396,광산구,수완동,광산구,수완동,True
31264937,매입임대,1.0,1,광산구,1,전남광주통합특별시 광산구 신창로71번길 33,84.7886,84.7886,광산구,신창동,광산구,신창동,False
31264938,매입임대,1.0,1,광산구,1,전남광주통합특별시 광산구 장덕로6번길 59,84.2801,84.2801,광산구,수완동,광산구,수완동,True
31266220,매입임대,1.0,1,북구,1,전남광주통합특별시 북구 하서로 215-4,26.155,26.155,북구,양산동,북구,양산동,False
31266221,매입임대,1.0,1,북구,1,전남광주통합특별시 북구 하서로 215-4,22.895,22.895,북구,양산동,북구,양산동,False
31266222,매입임대,1.0,1,북구,1,전남광주통합특별시 북구 하서로 215-4,52.56,52.56,북구,양산동,북구,양산동,False
31266250,매입임대,1.0,1,북구,1,전남광주통합특별시 북구 하서로 215-4,26.155,26.155,북구,양산동,북구,양산동,False
31266251,매입임대,1.0,1,북구,1,전남광주통합특별시 북구 하서로 215-4,26.28,26.28,북구,양산동,북구,양산동,False
31266275,매입임대,1.0,1,북구,1,전남광주통합특별시 북구 하서로 215-4,26.635,26.635,북구,양산동,북구,양산동,False
31266276,매입임대,1.0,1,북구,1,전남광주통합특별시 북구 하서로 215-4,22.895,22.895,북구,양산동,북구,양산동,False
31266311,매입임대,1.0,1,북구,1,전남광주통합특별시 북구 하서로 215-4,22.895,22.895,북구,양산동,북구,양산동,False
31266342,매입임대,1.0,1,북구,1,전남광주통합특별시 북구 하서로 215-4,26.155,26.155,북구,양산동,북구,양산동,False
31266343,매입임대,1.0,1,북구,1,전남광주통합특별시 북구 하서로 215-4,26.155,26.155,북구,양산동,북구,양산동,False
31266344,매입임대,1.0,1,북구,1,전남광주통합특별시 북구 하서로 215-4,26.635,26.635,북구,양산동,북구,양산동,False
31266375,매입임대,1.0,1,북구,1,전남광주통합특별시 북구 하서로 215-4,21.42,21.42,북구,양산동,북구,양산동,False
31266404,매입임대,1.0,1,북구,1,전남광주통합특별시 북구 하서로 215-4,26.155,26.155,북구,양산동,북구,양산동,False
31266433,매입임대,1.0,1,북구,1,전남광주통합특별시 북구 하서로 215-4,26.635,26.635,북구,양산동,북구,양산동,False
31266434,매입임대,1.0,1,북구,1,전남광주통합특별시 북구 하서로 215-4,26.155,26.155,북구,양산동,북구,양산동,False
31266435,매입임대,1.0,1,북구,1,전남광주통합특별시 북구 하서로 215-4,22.895,22.895,북구,양산동,북구,양산동,False
31266436,매입임대,1.0,1,북구,1,전남광주통합특별시 북구 하서로 215-4,21.42,21.42,북구,양산동,북구,양산동,False
31267473,매입임대,1.0,1,남구,1,전남광주통합특별시 남구 노대실로 89,84.87,84.87,남구,효덕동,남구,효덕동,True
31267474,매입임대,1.0,1,북구,1,전남광주통합특별시 북구 서강로54번길 32,59.8159,59.8159,북구,운암1동,북구,운암1동,True
31267480,매입임대,1.0,1,남구,1,전남광주통합특별시 남구 독립로80번길 7,84.57,84.57,남구,백운1동,남구,백운1동,False
31267482,매입임대,1.0,1,서구,1,전남광주통합특별시 서구 동천로 11,84.99,84.99,서구,동천동,서구,동천동,False
31267483,매입임대,1.0,1,북구,1,전남광주통합특별시 북구 서강로54번길 32,84.9273,84.9273,북구,운암1동,북구,운암1동,True
31267495,매입임대,1.0,1,남구,1,전남광주통합특별시 남구 노대실로 89,84.87,84.87,남구,효덕동,남구,효덕동,True
31270206,매입임대,1.0,1,광산구,1,전남광주통합특별시 광산구 목련로 15,59.9102,59.9102,광산구,하남동,광산구,하남동,False
31270708,매입임대,1.0,1,광산구,1,전남광주통합특별시 광산구 목련로 41,84.8198,84.8198,광산구,하남동,광산구,하남동,False
31270734,매입임대,1.0,1,북구,1,전남광주통합특별시 북구 동운로 192,79.7855,79.7855,북구,운암1동,북구,운암1동,True
31270748,매입임대,1.0,1,남구,1,전남광주통합특별시 남구 독립로80번길 7,84.81,84.81,남구,백운1동,남구,백운1동,False
31272414,매입임대,1.0,1,광산구,1,전남광주통합특별시 광산구 목련로 15,59.9538,59.9538,광산구,하남동,광산구,하남동,False
31272429,매입임대,1.0,1,북구,1,전남광주통합특별시 북구 하서로423번길 42,59.8814,59.8814,북구,건국동,북구,건국동,False
31272522,매입임대,1.0,1,서구,1,전남광주통합특별시 서구 동천로 11,75.99,75.99,서구,동천동,서구,동천동,False
31273164,매입임대,24.0,3,북구,1,전남광주통합특별시 북구 양산택지로79번길 24-7,47.4656,47.6563,북구,건국동,북구,건국동,False
31273167,매입임대,8.0,3,북구,1,전남광주통합특별시 북구 일곡마을로 132,53.5373,67.0851,북구,일곡동,북구,일곡동,False
31273173,매입임대,8.0,4,북구,1,전남광주통합특별시 북구 군왕로117번길 19,51.7947,61.9051,북구,두암1동,북구,두암1동,False
31273181,매입임대,20.0,8,북구,1,전남광주통합특별시 북구 자라봉로56번길 15-3,43.5824,71.6703,북구,양산동,북구,양산동,False
31274640,행복주택,100.0,3,광산구,1,전남광주통합특별시 광산구 임방울대로825번길 9,16.8,36.72,광산구,첨단1동,광산구,첨단1동,True
31274641,행복주택,200.0,3,광산구,1,전남광주통합특별시 광산구 임방울대로800번길 11-5,16.8,36.72,광산구,첨단2동,북구,첨단2동,True
31274644,행복주택,100.0,2,광산구,1,전남광주통합특별시 광산구 첨단중앙로152번길 6-8,21.88,39.78,광산구,첨단1동,광산구,첨단1동,True
31274911,매입임대,1.0,1,광산구,1,전남광주통합특별시 광산구 목련로 41,84.8198,84.8198,광산구,하남동,광산구,하남동,False
31274915,매입임대,1.0,1,북구,1,전남광주통합특별시 북구 천변우로 11,51.94,51.94,북구,임동,북구,임동,False
31274916,매입임대,1.0,1,광산구,1,전남광주통합특별시 광산구 신창로71번길 33,84.7886,84.7886,광산구,신창동,광산구,신창동,False
31274917,매입임대,1.0,1,광산구,1,전남광주통합특별시 광산구 왕버들로251번길 27,84.9429,84.9429,광산구,신창동,광산구,신창동,False
31274921,매입임대,1.0,1,광산구,1,전남광주통합특별시 광산구 신창로71번길 33,84.7886,84.7886,광산구,신창동,광산구,신창동,False
31275272,매입임대,1.0,1,동구,1,전남광주통합특별시 동구 남문로 307,59.9963,59.9963,동구,지원2동,동구,지원2동,False
31275273,매입임대,1.0,1,동구,1,전남광주통합특별시 동구 남문로693번길 11,74.96,74.96,동구,학동,동구,학동,True
31275274,매입임대,1.0,1,서구,1,전남광주통합특별시 서구 내방로 337,54.6212,54.6212,서구,화정1동,서구,화정1동,False
31275275,매입임대,1.0,1,서구,1,전남광주통합특별시 서구 동천로18번길 19,75.72,75.72,서구,동천동,서구,동천동,False
31275276,매입임대,1.0,1,남구,1,전남광주통합특별시 남구 방림로 31,75.83,75.83,남구,방림1동,남구,방림1동,True
31275277,매입임대,1.0,1,남구,1,전남광주통합특별시 남구 효우2로 21,74.97,74.97,남구,효덕동,남구,효덕동,True
31275278,매입임대,1.0,1,남구,1,전남광주통합특별시 남구 효우2로 89,74.95,74.95,남구,송암동,남구,송암동,True
31275279,매입임대,1.0,1,남구,1,전남광주통합특별시 남구 효우2로 89,74.95,74.95,남구,송암동,남구,송암동,True
31275280,매입임대,1.0,1,남구,1,전남광주통합특별시 남구 효우2로 89,74.95,74.95,남구,송암동,남구,송암동,True
31275281,매입임대,1.0,1,남구,1,전남광주통합특별시 남구 효우2로 89,74.95,74.95,남구,송암동,남구,송암동,True
31275282,매입임대,1.0,1,남구,1,전남광주통합특별시 남구 효우2로 89,74.95,74.95,남구,송암동,남구,송암동,True
31275283,매입임대,1.0,1,남구,1,전남광주통합특별시 남구 독립로80번길 7,74.88,74.88,남구,백운1동,남구,백운1동,False
31275284,매입임대,1.0,1,북구,1,전남광주통합특별시 북구 천변우로 11,59.91,59.91,북구,임동,북구,임동,False
31275285,매입임대,1.0,1,북구,1,전남광주통합특별시 북구 용두마을길 13,59.98,59.98,북구,건국동,북구,건국동,False
31275286,매입임대,1.0,1,광산구,1,전남광주통합특별시 광산구 선운로 33,71.5672,71.5672,광산구,어룡동,광산구,어룡동,False
31275287,매입임대,1.0,1,광산구,1,전남광주통합특별시 광산구 선운로 33,71.586,71.586,광산구,어룡동,광산구,어룡동,False
31275288,매입임대,1.0,1,광산구,1,전남광주통합특별시 광산구 선운로 55,72.6814,72.6814,광산구,어룡동,광산구,어룡동,False
31275289,매입임대,1.0,1,광산구,1,전남광주통합특별시 광산구 선운중앙로 43,73.8321,73.8321,광산구,어룡동,광산구,어룡동,False
31275290,매입임대,1.0,1,광산구,1,전남광주통합특별시 광산구 신창로161번길 34,59.748,59.748,광산구,신창동,광산구,신창동,False
31275295,매입임대,1.0,1,동구,1,전남광주통합특별시 동구 남문로 307,78.2705,78.2705,동구,지원2동,동구,지원2동,False
31275296,매입임대,1.0,1,동구,1,전남광주통합특별시 동구 남문로 307,78.2705,78.2705,동구,지원2동,동구,지원2동,False
31275297,매입임대,1.0,1,동구,1,전남광주통합특별시 동구 남문로 307,59.9963,59.9963,동구,지원2동,동구,지원2동,False
31275298,매입임대,1.0,1,서구,1,전남광주통합특별시 서구 내방로 337,54.6212,54.6212,서구,화정1동,서구,화정1동,False
31275299,매입임대,1.0,1,서구,1,전남광주통합특별시 서구 내방로 337,54.6212,54.6212,서구,화정1동,서구,화정1동,False
31275300,매입임대,1.0,1,서구,1,전남광주통합특별시 서구 내방로 337,54.6212,54.6212,서구,화정1동,서구,화정1동,False
31275301,매입임대,1.0,1,서구,1,전남광주통합특별시 서구 내방로 337,54.6212,54.6212,서구,화정1동,서구,화정1동,False
31275302,매입임대,1.0,1,서구,1,전남광주통합특별시 서구 내방로 337,75.6415,75.6415,서구,화정1동,서구,화정1동,False
31275303,매입임대,1.0,1,서구,1,전남광주통합특별시 서구 내방로 337,54.6212,54.6212,서구,화정1동,서구,화정1동,False
31275304,매입임대,1.0,1,서구,1,전남광주통합특별시 서구 동천로 11,75.99,75.99,서구,동천동,서구,동천동,False
31275305,매입임대,1.0,1,서구,1,전남광주통합특별시 서구 동천로 11,75.99,75.99,서구,동천동,서구,동천동,False
31275306,매입임대,1.0,1,남구,1,전남광주통합특별시 남구 효우2로 89,74.95,74.95,남구,송암동,남구,송암동,True
31275307,매입임대,1.0,1,남구,1,전남광주통합특별시 남구 효우2로 89,74.95,74.95,남구,송암동,남구,송암동,True
31275308,매입임대,1.0,1,북구,1,전남광주통합특별시 북구 대자로 55,58.7079,58.7079,북구,운암1동,북구,운암1동,True
31275309,매입임대,1.0,1,광산구,1,전남광주통합특별시 광산구 장신로 326,68.4658,68.4658,광산구,신창동,광산구,신창동,False
31275310,매입임대,1.0,1,광산구,1,전남광주통합특별시 광산구 선운로 55,72.6814,72.6814,광산구,어룡동,광산구,어룡동,False
31275311,매입임대,1.0,1,광산구,1,전남광주통합특별시 광산구 선운중앙로 43,73.8321,73.8321,광산구,어룡동,광산구,어룡동,False
31275312,매입임대,1.0,1,광산구,1,전남광주통합특별시 광산구 신창로161번길 34,59.748,59.748,광산구,신창동,광산구,신창동,False
31275313,매입임대,1.0,1,광산구,1,전남광주통합특별시 광산구 신창로161번길 34,59.748,59.748,광산구,신창동,광산구,신창동,False
31275314,매입임대,1.0,1,광산구,1,전남광주통합특별시 광산구 풍영로101번길 22,59.8832,59.8832,광산구,수완동,광산구,수완동,True
31275318,매입임대,1.0,1,서구,1,전남광주통합특별시 서구 내방로 337,75.6415,75.6415,서구,화정1동,서구,화정1동,False
31275319,매입임대,1.0,1,남구,1,전남광주통합특별시 남구 노대실로 33,75.77,75.77,남구,효덕동,남구,효덕동,True
31275320,매입임대,1.0,1,남구,1,전남광주통합특별시 남구 노대실로 89,84.87,84.87,남구,효덕동,남구,효덕동,True
31275321,매입임대,1.0,1,남구,1,전남광주통합특별시 남구 효우2로 21,74.97,74.97,남구,효덕동,남구,효덕동,True
31275322,매입임대,1.0,1,남구,1,전남광주통합특별시 남구 효우2로 89,74.95,74.95,남구,송암동,남구,송암동,True
31275323,매입임대,1.0,1,남구,1,전남광주통합특별시 남구 독립로80번길 7,74.88,74.88,남구,백운1동,남구,백운1동,False
31275324,매입임대,1.0,1,광산구,1,전남광주통합특별시 광산구 목련로 15,59.9102,59.9102,광산구,하남동,광산구,하남동,False
31275325,매입임대,1.0,1,광산구,1,전남광주통합특별시 광산구 장신로 326,68.8307,68.8307,광산구,신창동,광산구,신창동,False
31275326,매입임대,1.0,1,광산구,1,전남광주통합특별시 광산구 선운로 55,72.2197,72.2197,광산구,어룡동,광산구,어룡동,False
31275327,매입임대,1.0,1,광산구,1,전남광주통합특별시 광산구 선운로 55,72.2197,72.2197,광산구,어룡동,광산구,어룡동,False
31275328,매입임대,1.0,1,광산구,1,전남광주통합특별시 광산구 선운중앙로 45,79.5181,79.5181,광산구,어룡동,광산구,어룡동,False
31275329,매입임대,1.0,1,광산구,1,전남광주통합특별시 광산구 신창로161번길 34,59.748,59.748,광산구,신창동,광산구,신창동,False
31275330,매입임대,1.0,1,광산구,1,전남광주통합특별시 광산구 신창로161번길 34,59.748,59.748,광산구,신창동,광산구,신창동,False
31275331,매입임대,1.0,1,광산구,1,전남광주통합특별시 광산구 신창로161번길 34,59.748,59.748,광산구,신창동,광산구,신창동,False
31275336,매입임대,1.0,1,동구,1,전남광주통합특별시 동구 남문로 307,78.2705,78.2705,동구,지원2동,동구,지원2동,False
31275337,매입임대,1.0,1,동구,1,전남광주통합특별시 동구 남문로 307,78.2705,78.2705,동구,지원2동,동구,지원2동,False
31275338,매입임대,1.0,1,서구,1,전남광주통합특별시 서구 내방로 337,75.6415,75.6415,서구,화정1동,서구,화정1동,False
31275339,매입임대,1.0,1,서구,1,전남광주통합특별시 서구 내방로 337,54.6212,54.6212,서구,화정1동,서구,화정1동,False
31275340,매입임대,1.0,1,서구,1,전남광주통합특별시 서구 동천로 11,75.99,75.99,서구,동천동,서구,동천동,False
31275341,매입임대,1.0,1,남구,1,전남광주통합특별시 남구 효우2로 21,74.97,74.97,남구,효덕동,남구,효덕동,True
31275342,매입임대,1.0,1,남구,1,전남광주통합특별시 남구 효우2로 21,74.97,74.97,남구,효덕동,남구,효덕동,True
31275343,매입임대,1.0,1,남구,1,전남광주통합특별시 남구 효우2로 21,74.97,74.97,남구,효덕동,남구,효덕동,True
31275344,매입임대,1.0,1,남구,1,전남광주통합특별시 남구 효우2로 89,74.95,74.95,남구,송암동,남구,송암동,True
31275345,매입임대,1.0,1,남구,1,전남광주통합특별시 남구 효우2로 89,74.95,74.95,남구,송암동,남구,송암동,True
31275346,매입임대,1.0,1,남구,1,전남광주통합특별시 남구 효우2로 89,74.95,74.95,남구,송암동,남구,송암동,True
31275347,매입임대,1.0,1,북구,1,전남광주통합특별시 북구 용두마을길 13,59.98,59.98,북구,건국동,북구,건국동,False
31275348,매입임대,1.0,1,광산구,1,전남광주통합특별시 광산구 목련로 15,59.984,59.984,광산구,하남동,광산구,하남동,False
31275349,매입임대,1.0,1,광산구,1,전남광주통합특별시 광산구 신창로161번길 34,59.748,59.748,광산구,신창동,광산구,신창동,False
31275358,매입임대,1.0,1,동구,1,전남광주통합특별시 동구 남문로 307,78.2705,78.2705,동구,지원2동,동구,지원2동,False
31275359,매입임대,1.0,1,서구,1,전남광주통합특별시 서구 내방로 337,54.6212,54.6212,서구,화정1동,서구,화정1동,False
31275360,매입임대,1.0,1,서구,1,전남광주통합특별시 서구 동천로18번길 19,75.72,75.72,서구,동천동,서구,동천동,False
31275361,매입임대,1.0,1,남구,1,전남광주통합특별시 남구 효우2로 21,74.97,74.97,남구,효덕동,남구,효덕동,True
31275362,매입임대,1.0,1,남구,1,전남광주통합특별시 남구 효우2로 89,74.95,74.95,남구,송암동,남구,송암동,True
31275363,매입임대,1.0,1,남구,1,전남광주통합특별시 남구 효우2로 89,74.95,74.95,남구,송암동,남구,송암동,True
31275364,매입임대,1.0,1,북구,1,전남광주통합특별시 북구 첨단연신로 184,65.6043,65.6043,북구,신용동,북구,신용동,False
31275365,매입임대,1.0,1,광산구,1,전남광주통합특별시 광산구 소촌로 100,59.8957,59.8957,광산구,어룡동,광산구,어룡동,False
31275369,매입임대,1.0,1,동구,1,전남광주통합특별시 동구 남문로 307,78.2705,78.2705,동구,지원2동,동구,지원2동,False
31275370,매입임대,1.0,1,동구,1,전남광주통합특별시 동구 남문로693번길 11,74.96,74.96,동구,학동,동구,학동,True
31275371,매입임대,1.0,1,서구,1,전남광주통합특별시 서구 내방로 337,75.6415,75.6415,서구,화정1동,서구,화정1동,False
31275372,매입임대,1.0,1,서구,1,전남광주통합특별시 서구 내방로 337,54.6212,54.6212,서구,화정1동,서구,화정1동,False
31275373,매입임대,1.0,1,서구,1,전남광주통합특별시 서구 동천로 11,75.99,75.99,서구,동천동,서구,동천동,False
31275374,매입임대,1.0,1,서구,1,전남광주통합특별시 서구 동천로18번길 19,75.72,75.72,서구,동천동,서구,동천동,False
31275375,매입임대,1.0,1,남구,1,전남광주통합특별시 남구 방림로 31,75.83,75.83,남구,방림1동,남구,방림1동,True
31275376,매입임대,1.0,1,남구,1,전남광주통합특별시 남구 효우2로 21,74.97,74.97,남구,효덕동,남구,효덕동,True
31275377,매입임대,1.0,1,남구,1,전남광주통합특별시 남구 효우2로 45,74.97,74.97,남구,효덕동,남구,효덕동,True
31275378,매입임대,1.0,1,남구,1,전남광주통합특별시 남구 효우2로 89,74.95,74.95,남구,송암동,남구,송암동,True
31275379,매입임대,1.0,1,광산구,1,전남광주통합특별시 광산구 신창로161번길 34,59.748,59.748,광산구,신창동,광산구,신창동,False
31275380,매입임대,1.0,1,광산구,1,전남광주통합특별시 광산구 신창로35번길 80,70.9346,70.9346,광산구,신가동,광산구,신가동,True
31275391,매입임대,1.0,1,서구,1,전남광주통합특별시 서구 내방로 337,54.6212,54.6212,서구,화정1동,서구,화정1동,False
31275392,매입임대,1.0,1,서구,1,전남광주통합특별시 서구 내방로 337,54.6212,54.6212,서구,화정1동,서구,화정1동,False
31275393,매입임대,1.0,1,서구,1,전남광주통합특별시 서구 동천로 11,75.99,75.99,서구,동천동,서구,동천동,False
31275394,매입임대,1.0,1,남구,1,전남광주통합특별시 남구 봉선2로 51-1,59.95,59.95,남구,봉선2동,남구,봉선2동,True
31275395,매입임대,1.0,1,남구,1,전남광주통합특별시 남구 효우2로 89,74.95,74.95,남구,송암동,남구,송암동,True
31275396,매입임대,1.0,1,남구,1,전남광주통합특별시 남구 효우2로 89,74.95,74.95,남구,송암동,남구,송암동,True
31275397,매입임대,1.0,1,남구,1,전남광주통합특별시 남구 효우2로 89,74.95,74.95,남구,송암동,남구,송암동,True
31275398,매입임대,1.0,1,북구,1,전남광주통합특별시 북구 천변우로 11,51.94,51.94,북구,임동,북구,임동,False
31275399,매입임대,1.0,1,광산구,1,전남광주통합특별시 광산구 장신로 326,68.8307,68.8307,광산구,신창동,광산구,신창동,False
31275400,매입임대,1.0,1,광산구,1,전남광주통합특별시 광산구 신창로161번길 34,59.748,59.748,광산구,신창동,광산구,신창동,False
31275401,매입임대,1.0,1,광산구,1,전남광주통합특별시 광산구 신창로161번길 34,59.748,59.748,광산구,신창동,광산구,신창동,False
31275402,매입임대,1.0,1,광산구,1,전남광주통합특별시 광산구 신창로35번길 80,70.9346,70.9346,광산구,신가동,광산구,신가동,True
31275403,매입임대,1.0,1,광산구,1,전남광주통합특별시 광산구 선운로20번길 47,70.6751,70.6751,광산구,어룡동,광산구,어룡동,False
31275410,매입임대,1.0,1,동구,1,전남광주통합특별시 동구 남문로 307,78.2705,78.2705,동구,지원2동,동구,지원2동,False
31275411,매입임대,1.0,1,동구,1,전남광주통합특별시 동구 남문로 307,78.2705,78.2705,동구,지원2동,동구,지원2동,False
31275412,매입임대,1.0,1,동구,1,전남광주통합특별시 동구 계림로30번길 15,59.8997,59.8997,동구,산수1동,동구,산수1동,False
31275413,매입임대,1.0,1,서구,1,전남광주통합특별시 서구 내방로 337,54.6212,54.6212,서구,화정1동,서구,화정1동,False
31275414,매입임대,1.0,1,서구,1,전남광주통합특별시 서구 내방로 337,54.6212,54.6212,서구,화정1동,서구,화정1동,False
31275415,매입임대,1.0,1,서구,1,전남광주통합특별시 서구 상무민주로 104,59.9854,59.9854,서구,상무1동,서구,상무1동,False
31275416,매입임대,1.0,1,서구,1,전남광주통합특별시 서구 동천로18번길 19,75.72,75.72,서구,동천동,서구,동천동,False
31275417,매입임대,1.0,1,남구,1,전남광주통합특별시 남구 효우2로 89,74.95,74.95,남구,송암동,남구,송암동,True
31275418,매입임대,1.0,1,남구,1,전남광주통합특별시 남구 효우2로 89,74.95,74.95,남구,송암동,남구,송암동,True
31275419,매입임대,1.0,1,남구,1,전남광주통합특별시 남구 효우2로 89,74.95,74.95,남구,송암동,남구,송암동,True
31275420,매입임대,1.0,1,북구,1,전남광주통합특별시 북구 효열로29번길 37,75.8829,75.8829,북구,양산동,북구,양산동,False
31275421,매입임대,1.0,1,광산구,1,전남광주통합특별시 광산구 목련로 15,59.9102,59.9102,광산구,하남동,광산구,하남동,False
31275422,매입임대,1.0,1,광산구,1,전남광주통합특별시 광산구 소촌로 100,59.8957,59.8957,광산구,어룡동,광산구,어룡동,False
31275423,매입임대,1.0,1,광산구,1,전남광주통합특별시 광산구 선운로 55,72.6814,72.6814,광산구,어룡동,광산구,어룡동,False
31275424,매입임대,1.0,1,광산구,1,전남광주통합특별시 광산구 신창로161번길 34,59.748,59.748,광산구,신창동,광산구,신창동,False
31275425,매입임대,1.0,1,광산구,1,전남광주통합특별시 광산구 신창로161번길 34,59.748,59.748,광산구,신창동,광산구,신창동,False
31275426,매입임대,1.0,1,광산구,1,전남광주통합특별시 광산구 신창로161번길 34,59.748,59.748,광산구,신창동,광산구,신창동,False
31275427,매입임대,1.0,1,광산구,1,전남광주통합특별시 광산구 신창로35번길 80,70.9346,70.9346,광산구,신가동,광산구,신가동,True
31275428,매입임대,1.0,1,광산구,1,전남광주통합특별시 광산구 신창로35번길 80,70.9346,70.9346,광산구,신가동,광산구,신가동,True
31281191,행복주택,264.0,4,남구,1,전남광주통합특별시 남구 효천중앙로 35,16.76,44.97,남구,송암동,남구,송암동,True
31281247,매입임대,1.0,1,남구,1,전남광주통합특별시 남구 노대실로 33,75.77,75.77,남구,효덕동,남구,효덕동,True
31281249,매입임대,1.0,1,광산구,1,전남광주통합특별시 광산구 신창로35번길 20,84.9931,84.9931,광산구,신가동,광산구,신가동,True
31281260,매입임대,1.0,1,서구,1,전남광주통합특별시 서구 동천로18번길 19,75.72,75.72,서구,동천동,서구,동천동,False
31281261,매입임대,1.0,1,서구,1,전남광주통합특별시 서구 동천로18번길 19,75.72,75.72,서구,동천동,서구,동천동,False
31281262,매입임대,1.0,1,서구,1,전남광주통합특별시 서구 동천로18번길 19,75.72,75.72,서구,동천동,서구,동천동,False
31281263,매입임대,1.0,1,남구,1,전남광주통합특별시 남구 효우2로 89,74.95,74.95,남구,송암동,남구,송암동,True
31281267,매입임대,1.0,1,서구,1,전남광주통합특별시 서구 상무민주로 104,59.9854,59.9854,서구,상무1동,서구,상무1동,False
31281268,매입임대,1.0,1,서구,1,전남광주통합특별시 서구 동천로18번길 19,75.72,75.72,서구,동천동,서구,동천동,False
31281274,매입임대,1.0,1,북구,1,전남광주통합특별시 북구 동운로 130,76.4501,76.4501,북구,동림동,북구,동림동,False
31281276,매입임대,1.0,1,서구,1,전남광주통합특별시 서구 동천로 11,75.99,75.99,서구,동천동,서구,동천동,False
31281594,매입임대,1.0,1,광산구,1,전남광주통합특별시 광산구 신창로161번길 34,59.748,59.748,광산구,신창동,광산구,신창동,False
31281595,매입임대,1.0,1,광산구,1,전남광주통합특별시 광산구 신창로35번길 80,70.9346,70.9346,광산구,신가동,광산구,신가동,True
31281599,매입임대,1.0,1,광산구,1,전남광주통합특별시 광산구 장신로 326,68.4658,68.4658,광산구,신창동,광산구,신창동,False
31281603,매입임대,1.0,1,광산구,1,전남광주통합특별시 광산구 신창로161번길 34,59.748,59.748,광산구,신창동,광산구,신창동,False
31281607,매입임대,1.0,1,광산구,1,전남광주통합특별시 광산구 선운로 33,71.5672,71.5672,광산구,어룡동,광산구,어룡동,False
31281608,매입임대,1.0,1,광산구,1,전남광주통합특별시 광산구 선운로 55,72.6814,72.6814,광산구,어룡동,광산구,어룡동,False
31281611,매입임대,1.0,1,광산구,1,전남광주통합특별시 광산구 목련로 15,59.9102,59.9102,광산구,하남동,광산구,하남동,False
31281612,매입임대,1.0,1,광산구,1,전남광주통합특별시 광산구 선운중앙로 43,70.6751,70.6751,광산구,어룡동,광산구,어룡동,False
31281613,매입임대,1.0,1,광산구,1,전남광주통합특별시 광산구 신창로35번길 80,70.9346,70.9346,광산구,신가동,광산구,신가동,True
31281615,매입임대,1.0,1,광산구,1,전남광주통합특별시 광산구 목련로 15,59.9102,59.9102,광산구,하남동,광산구,하남동,False
31281617,매입임대,1.0,1,광산구,1,전남광주통합특별시 광산구 신창로161번길 34,59.748,59.748,광산구,신창동,광산구,신창동,False
31281618,매입임대,1.0,1,광산구,1,전남광주통합특별시 광산구 신창로161번길 34,59.748,59.748,광산구,신창동,광산구,신창동,False
31285958,매입임대,10.0,4,서구,1,전남광주통합특별시 서구 양동로25번길 7,47.7654,59.3817,서구,양3동,서구,양3동,False
31286001,매입임대,48.0,6,광산구,1,전남광주통합특별시 광산구 신창로35번길 29-19,52.2912,71.6524,광산구,신가동,광산구,신가동,True
31290275,매입임대,18.0,8,북구,1,전남광주통합특별시 북구 양산택지로33번길 29-9,59.6147,84.6922,북구,양산동,북구,양산동,False
31291105,매입임대,7.0,4,서구,1,전남광주통합특별시 서구 상무대로1066번길 19,17.76,24.29,서구,화정2동,서구,화정2동,True
31291106,매입임대,7.0,4,서구,1,전남광주통합특별시 서구 쌍학로8번길 6-1,22.79,40.58,서구,상무2동,서구,상무2동,False
31297381,국민임대,710.0,4,남구,1,전남광주통합특별시 남구 효천로 176,26.63,46.91,남구,송암동,남구,송암동,True
31297410,행복주택,21.0,3,서구,1,전남광주통합특별시 서구 신촌길 8,16.66,36.63,서구,상무2동,서구,상무2동,False
31297441,매입임대,7.0,3,서구,1,전남광주통합특별시 서구 상무대로1019번길 27,16.3,19.77,서구,화정1동,서구,화정1동,False
31297442,매입임대,13.0,4,서구,1,전남광주통합특별시 서구 쌍촌로20번길 7-6,16.17,18.96,서구,상무2동,서구,상무2동,False
31297443,매입임대,5.0,3,서구,1,전남광주통합특별시 서구 월드컵4강로104번길 19-5,19.52,26.98,서구,화정3동,서구,화정3동,False
31297444,매입임대,10.0,3,서구,1,전남광주통합특별시 서구 화정로138번길 25-1,17.63,23.76,서구,화정4동,서구,화정4동,False
31297474,매입임대,12.0,4,동구,1,전남광주통합특별시 동구 중흥로227번길 20-8,15.64,16.82,동구,계림1동,동구,계림1동,True
31297476,매입임대,10.0,2,북구,1,전남광주통합특별시 북구 중문로 96-19,18.76,18.76,북구,우산동,북구,우산동,False
31297478,매입임대,11.0,3,북구,1,전남광주통합특별시 북구 동문대로121번길 59,20.0,25.6,북구,우산동,북구,우산동,False
31297533,매입임대,10.0,3,서구,1,전남광주통합특별시 서구 화정로138번길 25,17.63,23.76,서구,화정4동,서구,화정4동,False
31297534,매입임대,6.0,1,남구,1,전남광주통합특별시 남구 회재로1223번길 26-14,28.76,28.76,남구,주월2동,남구,주월2동,False
31297563,매입임대,15.0,1,서구,1,전남광주통합특별시 서구 월드컵4강로71번길 19-1,16.43,16.43,서구,화정4동,서구,화정4동,False
31297564,매입임대,15.0,2,서구,1,전남광주통합특별시 서구 월드컵4강로81번길 11-1,16.43,16.43,서구,화정4동,서구,화정4동,False
31297565,매입임대,6.0,2,남구,1,전남광주통합특별시 남구 양림로 2-18,26.82,28.14,남구,백운2동,남구,백운2동,False
31297600,매입임대,6.0,3,서구,1,전남광주통합특별시 서구 화정로49번길 32-8,29.2,32.2,서구,상무2동,서구,상무2동,False
31297603,매입임대,11.0,5,북구,1,전남광주통합특별시 북구 신임로32번길 16,18.18,18.29,북구,신안동,북구,신안동,False
31297632,매입임대,5.0,2,북구,1,전남광주통합특별시 북구 서방로172번길 30-12,28.47,28.47,북구,두암1동,북구,두암1동,False
31297633,매입임대,9.0,1,북구,1,전남광주통합특별시 북구 신촌로7번길 43,19.95,19.95,북구,오치1동,북구,오치1동,False
31297634,매입임대,9.0,1,북구,1,전남광주통합특별시 북구 천지인로93번길 12-4,18.16,18.16,북구,오치1동,북구,오치1동,False
31297668,매입임대,5.0,2,남구,1,전남광주통합특별시 남구 경열로76번길 25,29.14,29.14,남구,월산4동,남구,월산4동,False
31297669,매입임대,17.0,2,북구,1,전남광주통합특별시 북구 대천로21번길 26,21.6,21.6,북구,오치1동,북구,오치1동,False
31297670,매입임대,7.0,3,북구,1,전남광주통합특별시 북구 서하로233번길 29-2,14.56,17.68,북구,오치1동,북구,오치1동,False
31297671,매입임대,19.0,8,북구,1,전남광주통합특별시 북구 탁영로15번길 16-12,15.64,26.1,북구,두암3동,북구,두암3동,False
31303205,매입임대,16.0,5,광산구,1,전남광주통합특별시 광산구 신가삼효로 19-7,57.964,59.0139,광산구,신가동,광산구,신가동,True
31303206,매입임대,9.0,3,북구,1,전남광주통합특별시 북구 고운로5번길 84,59.9824,62.1558,북구,용봉동,북구,용봉동,True
31303208,매입임대,8.0,6,광산구,1,전남광주통합특별시 광산구 신창로35번길 85-6,50.93,68.22,광산구,신가동,광산구,신가동,True
31303209,매입임대,24.0,4,북구,1,전남광주통합특별시 북구 양산택지로37번길 112,65.2068,71.7093,북구,양산동,북구,양산동,False
31303210,매입임대,10.0,4,광산구,1,전남광주통합특별시 광산구 사암로118번길 117-13,46.9024,55.8724,광산구,우산동,광산구,우산동,True
31303212,매입임대,12.0,2,북구,1,전남광주통합특별시 북구 독립로349번길 54,79.3975,79.54,북구,중흥1동,북구,중흥1동,False
31306284,매입임대,1.0,1,서구,1,전남광주통합특별시 서구 내방로 337,80.2694,80.2694,서구,화정1동,서구,화정1동,False
31306285,매입임대,1.0,1,서구,1,전남광주통합특별시 서구 동천로18번길 19,84.95,84.95,서구,동천동,서구,동천동,False
31306286,매입임대,1.0,1,서구,1,전남광주통합특별시 서구 내방로 337,80.6131,80.6131,서구,화정1동,서구,화정1동,False
31306287,매입임대,1.0,1,남구,1,전남광주통합특별시 남구 효우2로 89,84.94,84.94,남구,송암동,남구,송암동,True
31306288,매입임대,1.0,1,광산구,1,전남광주통합특별시 광산구 장덕로6번길 59,84.8396,84.8396,광산구,수완동,광산구,수완동,True
31306290,매입임대,1.0,1,서구,1,전남광주통합특별시 서구 내방로 337,80.6131,80.6131,서구,화정1동,서구,화정1동,False
31306291,매입임대,1.0,1,남구,1,전남광주통합특별시 남구 노대실로 89,84.66,84.66,남구,효덕동,남구,효덕동,True
31306292,매입임대,1.0,1,남구,1,전남광주통합특별시 남구 노대실로 89,84.87,84.87,남구,효덕동,남구,효덕동,True
31306293,매입임대,1.0,1,남구,1,전남광주통합특별시 남구 효우2로 89,84.94,84.94,남구,송암동,남구,송암동,True
31306294,매입임대,1.0,1,북구,1,전남광주통합특별시 북구 하백로6번길 12,80.3123,80.3123,북구,매곡동,북구,매곡동,False
31306295,매입임대,1.0,1,북구,1,전남광주통합특별시 북구 하백로6번길 12,80.3123,80.3123,북구,매곡동,북구,매곡동,False
31306296,매입임대,1.0,1,광산구,1,전남광주통합특별시 광산구 장덕로6번길 59,84.8396,84.8396,광산구,수완동,광산구,수완동,True
31306297,매입임대,1.0,1,광산구,1,전남광주통합특별시 광산구 장덕로6번길 59,84.2801,84.2801,광산구,수완동,광산구,수완동,True
31306303,매입임대,1.0,1,서구,1,전남광주통합특별시 서구 내방로 337,80.6131,80.6131,서구,화정1동,서구,화정1동,False
31306304,매입임대,1.0,1,서구,1,전남광주통합특별시 서구 내방로 337,80.6131,80.6131,서구,화정1동,서구,화정1동,False
31306305,매입임대,1.0,1,남구,1,전남광주통합특별시 남구 노대실로 33,84.93,84.93,남구,효덕동,남구,효덕동,True
31306306,매입임대,1.0,1,남구,1,전남광주통합특별시 남구 노대실로 89,84.96,84.96,남구,효덕동,남구,효덕동,True
31306307,매입임대,1.0,1,남구,1,전남광주통합특별시 남구 효우2로 21,84.95,84.95,남구,효덕동,남구,효덕동,True
31306308,매입임대,1.0,1,남구,1,전남광주통합특별시 남구 효우2로 45,84.82,84.82,남구,효덕동,남구,효덕동,True
31306309,매입임대,1.0,1,남구,1,전남광주통합특별시 남구 독립로80번길 7,84.81,84.81,남구,백운1동,남구,백운1동,False
31306311,매입임대,1.0,1,서구,1,전남광주통합특별시 서구 동천로 11,84.99,84.99,서구,동천동,서구,동천동,False
31306312,매입임대,1.0,1,남구,1,전남광주통합특별시 남구 독립로80번길 7,84.73,84.73,남구,백운1동,남구,백운1동,False
31306313,매입임대,1.0,1,남구,1,전남광주통합특별시 남구 독립로80번길 7,84.61,84.61,남구,백운1동,남구,백운1동,False
31306314,매입임대,1.0,1,남구,1,전남광주통합특별시 남구 독립로80번길 7,84.81,84.81,남구,백운1동,남구,백운1동,False
31306315,매입임대,1.0,1,광산구,1,전남광주통합특별시 광산구 장덕로6번길 59,84.2801,84.2801,광산구,수완동,광산구,수완동,True
31306321,매입임대,1.0,1,서구,1,전남광주통합특별시 서구 동천로 11,84.99,84.99,서구,동천동,서구,동천동,False
31306322,매입임대,1.0,1,서구,1,전남광주통합특별시 서구 내방로 337,80.6131,80.6131,서구,화정1동,서구,화정1동,False
31306323,매입임대,1.0,1,서구,1,전남광주통합특별시 서구 내방로 337,80.2694,80.2694,서구,화정1동,서구,화정1동,False
31306324,매입임대,1.0,1,서구,1,전남광주통합특별시 서구 내방로 337,80.6131,80.6131,서구,화정1동,서구,화정1동,False
31306325,매입임대,1.0,1,남구,1,전남광주통합특별시 남구 원효천1길 5,84.9833,84.9833,남구,송암동,남구,송암동,True
31306326,매입임대,1.0,1,남구,1,전남광주통합특별시 남구 노대실로 89,84.87,84.87,남구,효덕동,남구,효덕동,True
31306327,매입임대,1.0,1,남구,1,전남광주통합특별시 남구 효우2로 45,84.82,84.82,남구,효덕동,남구,효덕동,True
31306328,매입임대,1.0,1,남구,1,전남광주통합특별시 남구 독립로80번길 7,84.61,84.61,남구,백운1동,남구,백운1동,False
31306329,매입임대,1.0,1,남구,1,전남광주통합특별시 남구 노대실로 89,84.87,84.87,남구,효덕동,남구,효덕동,True
31306330,매입임대,1.0,1,남구,1,전남광주통합특별시 남구 독립로80번길 7,84.57,84.57,남구,백운1동,남구,백운1동,False
31306331,매입임대,1.0,1,남구,1,전남광주통합특별시 남구 독립로80번길 7,84.81,84.81,남구,백운1동,남구,백운1동,False
31306332,매입임대,1.0,1,남구,1,전남광주통합특별시 남구 효우2로 89,84.94,84.94,남구,송암동,남구,송암동,True
31306333,매입임대,1.0,1,북구,1,전남광주통합특별시 북구 하백로6번길 12,80.3123,80.3123,북구,매곡동,북구,매곡동,False
31306334,매입임대,1.0,1,광산구,1,전남광주통합특별시 광산구 장덕로6번길 59,84.2801,84.2801,광산구,수완동,광산구,수완동,True
31306339,매입임대,1.0,1,서구,1,전남광주통합특별시 서구 동천로 11,84.99,84.99,서구,동천동,서구,동천동,False
31306340,매입임대,1.0,1,서구,1,전남광주통합특별시 서구 동천로 11,84.99,84.99,서구,동천동,서구,동천동,False
31306341,매입임대,1.0,1,서구,1,전남광주통합특별시 서구 동천로 11,84.99,84.99,서구,동천동,서구,동천동,False
31306342,매입임대,1.0,1,서구,1,전남광주통합특별시 서구 동천로 11,84.99,84.99,서구,동천동,서구,동천동,False
31306343,매입임대,1.0,1,서구,1,전남광주통합특별시 서구 동천로 11,84.99,84.99,서구,동천동,서구,동천동,False
31306344,매입임대,1.0,1,남구,1,전남광주통합특별시 남구 독립로80번길 7,84.61,84.61,남구,백운1동,남구,백운1동,False
31306345,매입임대,1.0,1,남구,1,전남광주통합특별시 남구 노대실로 89,84.96,84.96,남구,효덕동,남구,효덕동,True
31306349,매입임대,1.0,1,서구,1,전남광주통합특별시 서구 내방로 337,80.2694,80.2694,서구,화정1동,서구,화정1동,False
31306350,매입임대,1.0,1,남구,1,전남광주통합특별시 남구 노대실로 89,84.87,84.87,남구,효덕동,남구,효덕동,True
31306351,매입임대,1.0,1,남구,1,전남광주통합특별시 남구 노대실로 89,84.87,84.87,남구,효덕동,남구,효덕동,True
31306352,매입임대,1.0,1,남구,1,전남광주통합특별시 남구 효우2로 45,84.98,84.98,남구,효덕동,남구,효덕동,True
31306354,매입임대,1.0,1,서구,1,전남광주통합특별시 서구 동천로 11,84.99,84.99,서구,동천동,서구,동천동,False
31306355,매입임대,1.0,1,서구,1,전남광주통합특별시 서구 내방로 337,80.2694,80.2694,서구,화정1동,서구,화정1동,False
31306356,매입임대,1.0,1,남구,1,전남광주통합특별시 남구 원효천1길 5,84.9833,84.9833,남구,송암동,남구,송암동,True
31306357,매입임대,1.0,1,남구,1,전남광주통합특별시 남구 독립로80번길 7,84.81,84.81,남구,백운1동,남구,백운1동,False
31306358,매입임대,1.0,1,남구,1,전남광주통합특별시 남구 효우2로 21,84.98,84.98,남구,효덕동,남구,효덕동,True
31316868,행복주택,30.0,4,남구,1,전남광주통합특별시 남구 구성로8번길 5-6,16.64,36.19,남구,월산동,남구,월산동,False
31326587,매입임대,14.0,12,광산구,1,전남광주통합특별시 광산구 송도로226번길 41,40.2466,68.8802,광산구,송정1동,광산구,송정1동,True
31326591,매입임대,36.0,7,북구,1,전남광주통합특별시 북구 안산로 65,49.9269,83.2008,북구,오치2동,북구,오치2동,False
31326597,매입임대,18.0,12,남구,1,전남광주통합특별시 남구 입하2안길 32,45.4973,69.2807,남구,송암동,남구,송암동,True
31326598,매입임대,8.0,5,남구,1,전남광주통합특별시 남구 금당로124번길 3,45.3867,58.9805,남구,주월1동,남구,주월1동,False
31326599,매입임대,24.0,5,북구,1,전남광주통합특별시 북구 상촌로31번길 12-1,58.9446,70.8538,북구,양산동,북구,양산동,False
31326600,매입임대,12.0,5,북구,1,전남광주통합특별시 북구 오문로38번길 18,54.9888,59.744,북구,오치1동,북구,오치1동,False
31326601,매입임대,15.0,8,북구,1,전남광주통합특별시 북구 우치로303번길 8,40.124,83.7958,북구,오치2동,북구,오치2동,False
31326608,매입임대,12.0,9,북구,1,전남광주통합특별시 북구 비엔날레로3번길 10,48.3759,75.0314,북구,운암2동,북구,운암2동,False
31328345,매입임대,6.0,2,동구,1,전남광주통합특별시 동구 계림로30번길 15,59.8997,59.9711,동구,산수1동,동구,산수1동,False
31328346,매입임대,2.0,1,남구,1,전남광주통합특별시 남구 효우2로 45,74.97,74.97,남구,효덕동,남구,효덕동,True
31328347,매입임대,1.0,1,남구,1,전남광주통합특별시 남구 원효천1길 5,84.9969,84.9969,남구,송암동,남구,송암동,True
31328348,매입임대,2.0,2,북구,1,전남광주통합특별시 북구 천변우로 11,51.94,76.4501,북구,임동,북구,임동,False
31328349,매입임대,1.0,1,북구,1,전남광주통합특별시 북구 서강로54번길 32,84.9273,84.9273,북구,운암1동,북구,운암1동,True
31328350,매입임대,2.0,2,광산구,1,전남광주통합특별시 광산구 장덕로6번길 35,79.5181,84.953,광산구,수완동,광산구,수완동,True
31328351,매입임대,1.0,1,광산구,1,전남광주통합특별시 광산구 목련로 15,59.9451,59.9451,광산구,하남동,광산구,하남동,False
31328354,매입임대,2.0,1,동구,1,전남광주통합특별시 동구 남문로 307,59.9963,59.9963,동구,지원2동,동구,지원2동,False
31328355,매입임대,4.0,3,남구,1,전남광주통합특별시 남구 독립로80번길 7,84.61,84.9771,남구,백운1동,남구,백운1동,False
31328356,매입임대,1.0,1,남구,1,전남광주통합특별시 남구 독립로80번길 7,84.61,84.61,남구,백운1동,남구,백운1동,False
31328357,매입임대,6.0,3,남구,1,전남광주통합특별시 남구 효우2로 89,74.95,84.9771,남구,송암동,남구,송암동,True
31328358,매입임대,1.0,1,남구,1,전남광주통합특별시 남구 원효천1길 5,84.9833,84.9833,남구,송암동,남구,송암동,True
31328359,매입임대,4.0,3,북구,1,전남광주통합특별시 북구 양일1로 52,59.8814,84.6216,북구,양산동,북구,양산동,False
31328360,매입임대,2.0,1,광산구,1,전남광주통합특별시 광산구 장덕로5번길 16,59.9817,59.9817,광산구,수완동,광산구,수완동,True
31328361,매입임대,2.0,2,광산구,1,전남광주통합특별시 광산구 목련로 15,59.9102,59.9451,광산구,하남동,광산구,하남동,False
31328362,매입임대,2.0,2,광산구,1,전남광주통합특별시 광산구 선운로 55,72.2197,72.6814,광산구,어룡동,광산구,어룡동,False
31328364,매입임대,4.0,1,서구,1,전남광주통합특별시 서구 동천로 11,75.99,75.99,서구,동천동,서구,동천동,False
31328365,매입임대,1.0,1,남구,1,전남광주통합특별시 남구 노대실로 33,75.77,75.77,남구,효덕동,남구,효덕동,True
31328366,매입임대,1.0,1,북구,1,전남광주통합특별시 북구 용두마을길 13,59.98,59.98,북구,건국동,북구,건국동,False
31328367,매입임대,4.0,3,북구,1,전남광주통합특별시 북구 천변우로 11,51.94,84.8797,북구,임동,북구,임동,False
31328368,매입임대,3.0,1,북구,1,전남광주통합특별시 북구 대자로 55,58.7079,58.7079,북구,운암1동,북구,운암1동,True
31328372,매입임대,6.0,5,북구,1,전남광주통합특별시 북구 설죽로148번길 10,51.94,84.9497,북구,용봉동,북구,용봉동,True
31328373,매입임대,2.0,2,북구,1,전남광주통합특별시 북구 각화대로69번길 16,59.91,84.968,북구,문화동,북구,문화동,False
31328374,매입임대,1.0,1,북구,1,전남광주통합특별시 북구 서강로54번길 32,59.8159,59.8159,북구,운암1동,북구,운암1동,True
31328375,매입임대,7.0,5,광산구,1,전남광주통합특별시 광산구 선운로 33,59.8957,84.9612,광산구,어룡동,광산구,어룡동,False
31328376,매입임대,5.0,3,광산구,1,전남광주통합특별시 광산구 소촌로 100,59.8957,84.953,광산구,어룡동,광산구,어룡동,False
31328377,매입임대,1.0,1,광산구,1,전남광주통합특별시 광산구 선운로 33,71.5672,71.5672,광산구,어룡동,광산구,어룡동,False
31328378,매입임대,1.0,1,광산구,1,전남광주통합특별시 광산구 목련로 15,59.9368,59.9368,광산구,하남동,광산구,하남동,False
31328383,매입임대,1.0,1,서구,1,전남광주통합특별시 서구 동천로 11,75.99,75.99,서구,동천동,서구,동천동,False
31328384,매입임대,6.0,4,남구,1,전남광주통합특별시 남구 봉선로84번길 16,74.95,84.9771,남구,주월1동,남구,주월1동,False
31328385,매입임대,3.0,2,남구,1,전남광주통합특별시 남구 화산로 115,74.97,84.8544,남구,진월동,남구,진월동,True
31328386,매입임대,1.0,1,남구,1,전남광주통합특별시 남구 효우2로 21,74.97,74.97,남구,효덕동,남구,효덕동,True
31328387,매입임대,3.0,1,남구,1,전남광주통합특별시 남구 효우2로 45,74.97,74.97,남구,효덕동,남구,효덕동,True
31328388,매입임대,3.0,2,남구,1,전남광주통합특별시 남구 효우2로 45,74.97,84.82,남구,효덕동,남구,효덕동,True
31328389,매입임대,2.0,1,남구,1,전남광주통합특별시 남구 원효천1길 5,84.9833,84.9833,남구,송암동,남구,송암동,True
31328390,매입임대,1.0,1,북구,1,전남광주통합특별시 북구 태봉로 37,59.4918,59.4918,북구,임동,북구,임동,False
31328391,매입임대,1.0,1,광산구,1,전남광주통합특별시 광산구 산월로 64,84.9931,84.9931,광산구,첨단2동,북구,첨단2동,True
31328392,매입임대,1.0,1,광산구,1,전남광주통합특별시 광산구 목련로 15,59.9538,59.9538,광산구,하남동,광산구,하남동,False
31328393,매입임대,1.0,1,광산구,1,전남광주통합특별시 광산구 목련로 15,59.9368,59.9368,광산구,하남동,광산구,하남동,False
31328397,매입임대,4.0,1,서구,1,전남광주통합특별시 서구 동천로 11,75.99,75.99,서구,동천동,서구,동천동,False
31328398,매입임대,2.0,1,서구,1,전남광주통합특별시 서구 동천로18번길 19,75.72,75.72,서구,동천동,서구,동천동,False
31328399,매입임대,2.0,1,서구,1,전남광주통합특별시 서구 내방로 337,54.6212,54.6212,서구,화정1동,서구,화정1동,False
31328400,매입임대,6.0,2,남구,1,전남광주통합특별시 남구 제중로 111,74.95,84.9373,남구,사직동,남구,사직동,False
31328401,매입임대,2.0,1,남구,1,전남광주통합특별시 남구 효우2로 89,74.95,74.95,남구,송암동,남구,송암동,True
31328402,매입임대,1.0,1,남구,1,전남광주통합특별시 남구 화산로 115,84.8544,84.8544,남구,진월동,남구,진월동,True
31328403,매입임대,2.0,1,북구,1,전남광주통합특별시 북구 대자로 55,58.7079,58.7079,북구,운암1동,북구,운암1동,True
31328404,매입임대,1.0,1,광산구,1,전남광주통합특별시 광산구 선운로 55,72.6814,72.6814,광산구,어룡동,광산구,어룡동,False
31328405,매입임대,1.0,1,동구,1,전남광주통합특별시 동구 무등로 374,84.8686,84.8686,동구,계림2동,동구,계림2동,False
31328406,매입임대,1.0,1,동구,1,전남광주통합특별시 동구 남문로 307,59.9711,59.9711,동구,지원2동,동구,지원2동,False
31328407,매입임대,3.0,1,서구,1,전남광주통합특별시 서구 동천로18번길 19,75.72,75.72,서구,동천동,서구,동천동,False
31328408,매입임대,3.0,1,서구,1,전남광주통합특별시 서구 동천로18번길 19,75.72,75.72,서구,동천동,서구,동천동,False
31328409,매입임대,1.0,1,남구,1,전남광주통합특별시 남구 노대실로 89,84.87,84.87,남구,효덕동,남구,효덕동,True
31328410,매입임대,1.0,1,광산구,1,전남광주통합특별시 광산구 목련로 15,59.9102,59.9102,광산구,하남동,광산구,하남동,False
31328411,매입임대,2.0,2,광산구,1,전남광주통합특별시 광산구 선운중앙로 43,59.9102,70.6751,광산구,어룡동,광산구,어룡동,False
31328413,매입임대,4.0,3,동구,1,전남광주통합특별시 동구 계림로30번길 15,59.6875,59.9963,동구,산수1동,동구,산수1동,False
31328414,매입임대,1.0,1,남구,1,전남광주통합특별시 남구 효우2로 21,74.97,74.97,남구,효덕동,남구,효덕동,True
31328415,매입임대,1.0,1,남구,1,전남광주통합특별시 남구 노대실로 89,84.87,84.87,남구,효덕동,남구,효덕동,True
31328416,매입임대,3.0,2,광산구,1,전남광주통합특별시 광산구 선운로20번길 47,59.8957,70.6751,광산구,어룡동,광산구,어룡동,False
31328417,매입임대,3.0,1,광산구,1,전남광주통합특별시 광산구 장덕로5번길 16,74.9851,74.9851,광산구,수완동,광산구,수완동,True
31328418,매입임대,1.0,1,광산구,1,전남광주통합특별시 광산구 선운로 55,72.6814,72.6814,광산구,어룡동,광산구,어룡동,False
31328419,매입임대,6.0,2,광산구,1,전남광주통합특별시 광산구 선운로 55,72.2197,72.6814,광산구,어룡동,광산구,어룡동,False
31338562,영구임대,6.0,1,광산구,1,전남광주통합특별시 광산구 월곡산정로 12,52.74,52.74,광산구,우산동,광산구,우산동,True
31338563,영구임대,7.0,1,북구,1,전남광주통합특별시 북구 군왕로207번길 20,52.74,52.74,북구,문화동,북구,문화동,False
31342168,매입임대,1.0,1,동구,1,전남광주통합특별시 동구 남문로 307,78.2705,78.2705,동구,지원2동,동구,지원2동,False
31342169,매입임대,1.0,1,남구,1,전남광주통합특별시 남구 효우2로 21,84.95,84.95,남구,효덕동,남구,효덕동,True
31342170,매입임대,1.0,1,남구,1,전남광주통합특별시 남구 효우2로 21,84.98,84.98,남구,효덕동,남구,효덕동,True
31342171,매입임대,1.0,1,남구,1,전남광주통합특별시 남구 노대실로 33,84.88,84.88,남구,효덕동,남구,효덕동,True
31342172,매입임대,2.0,1,북구,1,전남광주통합특별시 북구 서강로 38,74.99,74.99,북구,운암1동,북구,운암1동,True
31342173,매입임대,9.0,2,광산구,1,전남광주통합특별시 광산구 장신로 306,68.8307,73.9152,광산구,신창동,광산구,신창동,False
31342174,매입임대,1.0,1,광산구,1,전남광주통합특별시 광산구 신창로71번길 16,84.9931,84.9931,광산구,신창동,광산구,신창동,False
31342175,매입임대,1.0,1,광산구,1,전남광주통합특별시 광산구 신창로35번길 80,70.9346,70.9346,광산구,신가동,광산구,신가동,True
31342182,매입임대,2.0,1,서구,1,전남광주통합특별시 서구 동천로 11,84.99,84.99,서구,동천동,서구,동천동,False
31342183,매입임대,1.0,1,남구,1,전남광주통합특별시 남구 노대실로 33,84.93,84.93,남구,효덕동,남구,효덕동,True
31342184,매입임대,2.0,2,북구,1,전남광주통합특별시 북구 서강로 38,74.99,74.99,북구,운암1동,북구,운암1동,True
31342185,매입임대,1.0,1,광산구,1,전남광주통합특별시 광산구 신창로35번길 20,84.9931,84.9931,광산구,신가동,광산구,신가동,True
31342186,매입임대,1.0,1,광산구,1,전남광주통합특별시 광산구 목련로 41,84.8198,84.8198,광산구,하남동,광산구,하남동,False
31342187,매입임대,1.0,1,광산구,1,전남광주통합특별시 광산구 신창로71번길 33,84.7886,84.7886,광산구,신창동,광산구,신창동,False
31342191,매입임대,1.0,1,광산구,1,전남광주통합특별시 광산구 목련로 41,84.8198,84.8198,광산구,하남동,광산구,하남동,False
31342194,매입임대,4.0,1,서구,1,전남광주통합특별시 서구 동천로 11,84.99,84.99,서구,동천동,서구,동천동,False
31342195,매입임대,3.0,1,남구,1,전남광주통합특별시 남구 효우2로 89,84.94,84.94,남구,송암동,남구,송암동,True
31342196,매입임대,1.0,1,남구,1,전남광주통합특별시 남구 노대실로 33,84.93,84.93,남구,효덕동,남구,효덕동,True
31342199,매입임대,1.0,1,서구,1,전남광주통합특별시 서구 동천로 11,84.97,84.97,서구,동천동,서구,동천동,False
31342200,매입임대,1.0,1,서구,1,전남광주통합특별시 서구 동천로18번길 19,84.95,84.95,서구,동천동,서구,동천동,False
31342201,매입임대,3.0,1,광산구,1,전남광주통합특별시 광산구 목련로 41,84.8198,84.8198,광산구,하남동,광산구,하남동,False
31342205,매입임대,1.0,1,동구,1,전남광주통합특별시 동구 남문로 307,78.2705,78.2705,동구,지원2동,동구,지원2동,False
31342206,매입임대,1.0,1,서구,1,전남광주통합특별시 서구 동천로18번길 19,84.95,84.95,서구,동천동,서구,동천동,False
31342208,매입임대,2.0,1,동구,1,전남광주통합특별시 동구 남문로 307,78.2705,78.2705,동구,지원2동,동구,지원2동,False
31342209,매입임대,4.0,2,서구,1,전남광주통합특별시 서구 동천로18번길 19,84.87,84.89,서구,동천동,서구,동천동,False
31342210,매입임대,1.0,1,남구,1,전남광주통합특별시 남구 효우2로 45,84.98,84.98,남구,효덕동,남구,효덕동,True
31342211,매입임대,1.0,1,광산구,1,전남광주통합특별시 광산구 신창로71번길 33,84.7886,84.7886,광산구,신창동,광산구,신창동,False
31342212,매입임대,3.0,1,광산구,1,전남광주통합특별시 광산구 신창로161번길 34,59.748,59.748,광산구,신창동,광산구,신창동,False
31349025,매입임대,9.0,3,북구,1,전남광주통합특별시 북구 안산로 20-8,50.5246,54.4434,북구,오치2동,북구,오치2동,False
31349026,매입임대,20.0,10,광산구,1,전남광주통합특별시 광산구 금봉로64번길 6,53.6753,84.3986,광산구,어룡동,광산구,어룡동,False
31349030,매입임대,9.0,4,북구,1,전남광주통합특별시 북구 부남길 6,50.0,72.13,북구,문흥1동,북구,문흥1동,True
31349035,매입임대,9.0,2,남구,1,전남광주통합특별시 남구 군분로77번길 35-8,66.0386,66.0386,남구,주월2동,남구,주월2동,False
31349036,매입임대,6.0,2,서구,1,전남광주통합특별시 서구 군분로200번길 6-1,70.0,70.0,서구,농성2동,서구,농성2동,False
31349037,매입임대,28.0,7,서구,1,전남광주통합특별시 서구 화정로39번길 8-15,59.6936,77.0874,서구,상무2동,서구,상무2동,False
31349038,매입임대,8.0,4,북구,1,전남광주통합특별시 북구 군왕로105번길 49,51.2048,80.822,북구,두암1동,북구,두암1동,False
31349039,매입임대,28.0,3,광산구,1,전남광주통합특별시 광산구 평동로1120번길 70-6,58.82,81.39,광산구,도산동,광산구,도산동,False
31349043,매입임대,103.0,27,북구,1,전남광주통합특별시 북구 초당로7번길 8,19.4214,79.95,북구,매곡동,북구,매곡동,False
31349049,매입임대,26.0,11,남구,1,전남광주통합특별시 남구 백운로75번나길 3,55.0053,75.3672,남구,백운1동,남구,백운1동,False
31350930,매입임대,28.0,2,광산구,1,전남광주통합특별시 광산구 송도로212번길 15,32.13,33.09,광산구,도산동,광산구,도산동,False
31350931,매입임대,18.0,3,광산구,1,전남광주통합특별시 광산구 송도로212번길 15,64.74,82.49,광산구,도산동,광산구,도산동,False
31371456,매입임대,1.0,1,남구,1,전남광주통합특별시 남구 효우2로 89,74.95,74.95,남구,송암동,남구,송암동,True
31371457,매입임대,1.0,1,남구,1,전남광주통합특별시 남구 효우2로 21,84.95,84.95,남구,효덕동,남구,효덕동,True
31371458,매입임대,1.0,1,광산구,1,전남광주통합특별시 광산구 목련로 15,59.9538,59.9538,광산구,하남동,광산구,하남동,False
31371460,매입임대,3.0,1,서구,1,전남광주통합특별시 서구 동천로18번길 19,75.72,75.72,서구,동천동,서구,동천동,False
31371461,매입임대,1.0,1,서구,1,전남광주통합특별시 서구 동천로18번길 19,84.95,84.95,서구,동천동,서구,동천동,False
31371462,매입임대,17.0,2,서구,1,전남광주통합특별시 서구 내방로 337,54.6212,55.5192,서구,화정1동,서구,화정1동,False
31371465,매입임대,1.0,1,동구,1,전남광주통합특별시 동구 남문로 307,59.9711,59.9711,동구,지원2동,동구,지원2동,False
31371466,매입임대,1.0,1,서구,1,전남광주통합특별시 서구 시청로 92,84.5643,84.5643,서구,치평동,서구,치평동,True
31371468,매입임대,1.0,1,북구,1,전남광주통합특별시 북구 첨단연신로 166,60.4624,60.4624,북구,신용동,북구,신용동,False
31371469,매입임대,3.0,3,광산구,1,전남광주통합특별시 광산구 무진대로 278-11,59.8957,84.9827,광산구,우산동,광산구,우산동,True
31371470,매입임대,1.0,1,광산구,1,전남광주통합특별시 광산구 소촌로 100,59.8957,59.8957,광산구,어룡동,광산구,어룡동,False
31371471,매입임대,2.0,1,광산구,1,전남광주통합특별시 광산구 목련로 15,59.9954,59.9954,광산구,하남동,광산구,하남동,False
31371472,매입임대,1.0,1,서구,1,전남광주통합특별시 서구 동천로18번길 19,84.95,84.95,서구,동천동,서구,동천동,False
31371473,매입임대,1.0,1,남구,1,전남광주통합특별시 남구 효우2로 21,84.98,84.98,남구,효덕동,남구,효덕동,True
31371474,매입임대,2.0,1,북구,1,전남광주통합특별시 북구 군왕로 311,84.889,84.889,북구,문화동,북구,문화동,False
31371475,매입임대,1.0,1,광산구,1,전남광주통합특별시 광산구 선운중앙로 45,79.5181,79.5181,광산구,어룡동,광산구,어룡동,False
31371476,매입임대,2.0,2,광산구,1,전남광주통합특별시 광산구 목련로 41,70.6751,84.8198,광산구,하남동,광산구,하남동,False
31371478,매입임대,1.0,1,동구,1,전남광주통합특별시 동구 남문로 307,78.2705,78.2705,동구,지원2동,동구,지원2동,False
31371479,매입임대,1.0,1,남구,1,전남광주통합특별시 남구 노대실로 33,84.88,84.88,남구,효덕동,남구,효덕동,True
31371480,매입임대,1.0,1,남구,1,전남광주통합특별시 남구 노대실로 33,84.93,84.93,남구,효덕동,남구,효덕동,True
31371481,매입임대,3.0,2,광산구,1,전남광주통합특별시 광산구 무진대로 278-11,49.25,52.5728,광산구,우산동,광산구,우산동,True
31371482,매입임대,1.0,1,광산구,1,전남광주통합특별시 광산구 목련로 41,84.8198,84.8198,광산구,하남동,광산구,하남동,False
31371483,매입임대,1.0,1,광산구,1,전남광주통합특별시 광산구 목련로 15,59.9102,59.9102,광산구,하남동,광산구,하남동,False
31371485,매입임대,1.0,1,남구,1,전남광주통합특별시 남구 효우2로 45,84.82,84.82,남구,효덕동,남구,효덕동,True
31371486,매입임대,1.0,1,남구,1,전남광주통합특별시 남구 노대실로 89,84.87,84.87,남구,효덕동,남구,효덕동,True
31371487,매입임대,3.0,3,북구,1,전남광주통합특별시 북구 서강로 38,74.99,74.99,북구,운암1동,북구,운암1동,True
31371488,매입임대,1.0,1,광산구,1,전남광주통합특별시 광산구 목련로 41,84.8198,84.8198,광산구,하남동,광산구,하남동,False
31371489,매입임대,1.0,1,광산구,1,전남광주통합특별시 광산구 신창로161번길 34,59.748,59.748,광산구,신창동,광산구,신창동,False
31371493,매입임대,1.0,1,서구,1,전남광주통합특별시 서구 동천로 11,84.99,84.99,서구,동천동,서구,동천동,False
31371494,매입임대,1.0,1,남구,1,전남광주통합특별시 남구 노대실로 33,75.77,75.77,남구,효덕동,남구,효덕동,True
31371495,매입임대,1.0,1,광산구,1,전남광주통합특별시 광산구 소촌로 100,59.8957,59.8957,광산구,어룡동,광산구,어룡동,False
31371496,매입임대,1.0,1,광산구,1,전남광주통합특별시 광산구 신창로161번길 34,59.748,59.748,광산구,신창동,광산구,신창동,False
31371497,매입임대,3.0,1,광산구,1,전남광주통합특별시 광산구 신창로161번길 34,59.748,59.748,광산구,신창동,광산구,신창동,False
31371500,매입임대,1.0,1,서구,1,전남광주통합특별시 서구 시청로 92,84.9845,84.9845,서구,치평동,서구,치평동,True
31371501,매입임대,1.0,1,남구,1,전남광주통합특별시 남구 효우2로 45,74.97,74.97,남구,효덕동,남구,효덕동,True
31371502,매입임대,2.0,2,남구,1,전남광주통합특별시 남구 노대실로 33,84.88,84.93,남구,효덕동,남구,효덕동,True
31371503,매입임대,5.0,3,북구,1,전남광주통합특별시 북구 서강로 38,59.99,80.3123,북구,운암1동,북구,운암1동,True
31371504,매입임대,1.0,1,북구,1,전남광주통합특별시 북구 서강로54번길 32,59.8159,59.8159,북구,운암1동,북구,운암1동,True
31374074,매입임대,9.0,3,서구,1,전남광주통합특별시 서구 월드컵4강로42번길 39-11,20.68,21.54,서구,화정3동,서구,화정3동,False
31374078,매입임대,15.0,4,북구,1,전남광주통합특별시 북구 면앙로209번길 20,35.615,35.98,북구,두암2동,북구,두암2동,True
31374085,매입임대,12.0,3,북구,1,전남광주통합특별시 북구 삼정로66번길 85,23.3225,24.565,북구,두암3동,북구,두암3동,False
31374090,매입임대,9.0,3,서구,1,전남광주통합특별시 서구 월드컵4강로28번길 3-16,20.57,21.17,서구,화정3동,서구,화정3동,False
31374762,행복주택,50.0,4,광산구,1,전남광주통합특별시 광산구 송정로52번길 86,16.98,36.65,광산구,도산동,광산구,도산동,False
31375319,행복주택,60.0,4,서구,1,전남광주통합특별시 서구 월산로 242,16.98,36.65,서구,농성1동,서구,농성1동,True
31377792,매입임대,57.0,11,광산구,1,전남광주통합특별시 광산구 내상로33번길 40,42.98,79.74,광산구,송정2동,광산구,송정2동,False
31377793,매입임대,1.0,1,서구,1,전남광주통합특별시 서구 양동로17번길 18,78.9324,78.9324,서구,양3동,서구,양3동,False
31377794,매입임대,11.0,9,남구,1,전남광주통합특별시 남구 금화로 450,54.6734,79.5507,남구,월산4동,남구,월산4동,False
31377796,매입임대,6.0,4,남구,1,전남광주통합특별시 남구 금화로456번길 21-2,55.21,59.86,남구,월산4동,남구,월산4동,False
31378475,매입임대,44.0,3,북구,1,전남광주통합특별시 북구 고운로 25,33.32,76.32,북구,용봉동,북구,용봉동,True
31378478,매입임대,22.0,15,광산구,1,전남광주통합특별시 광산구 우산로73번길 11,40.36,73.89,광산구,우산동,광산구,우산동,True
31378780,매입임대,12.0,4,서구,1,전남광주통합특별시 서구 상무대로1177번길 20,18.1779,28.316,서구,농성1동,서구,농성1동,True
31379007,매입임대,10.0,5,북구,1,전남광주통합특별시 북구 평교로29번길 7-6,20.02,20.8,북구,문화동,북구,문화동,False
31379008,매입임대,8.0,3,북구,1,전남광주통합특별시 북구 평교로18번길 6-2,19.0,30.46,북구,우산동,북구,우산동,False
31381028,매입임대,1.0,1,서구,1,전남광주통합특별시 서구 동천로18번길 19,84.95,84.95,서구,동천동,서구,동천동,False
31381029,매입임대,1.0,1,서구,1,전남광주통합특별시 서구 동천로18번길 19,75.72,75.72,서구,동천동,서구,동천동,False
31381030,매입임대,1.0,1,남구,1,전남광주통합특별시 남구 진제길 28,84.9936,84.9936,남구,진월동,남구,진월동,True
31381031,매입임대,1.0,1,광산구,1,전남광주통합특별시 광산구 목련로 41,84.8198,84.8198,광산구,하남동,광산구,하남동,False
31381032,매입임대,1.0,1,광산구,1,전남광주통합특별시 광산구 신창로161번길 34,59.748,59.748,광산구,신창동,광산구,신창동,False
31381035,매입임대,1.0,1,서구,1,전남광주통합특별시 서구 동천로18번길 19,75.72,75.72,서구,동천동,서구,동천동,False
31381036,매입임대,2.0,2,서구,1,전남광주통합특별시 서구 동천로18번길 19,84.89,84.95,서구,동천동,서구,동천동,False
31381037,매입임대,1.0,1,남구,1,전남광주통합특별시 남구 노대실로 33,75.77,75.77,남구,효덕동,남구,효덕동,True
31381038,매입임대,1.0,1,광산구,1,전남광주통합특별시 광산구 신창로161번길 34,59.748,59.748,광산구,신창동,광산구,신창동,False
31381040,매입임대,1.0,1,남구,1,전남광주통합특별시 남구 노대실로 33,75.77,75.77,남구,효덕동,남구,효덕동,True
31381041,매입임대,1.0,1,북구,1,전남광주통합특별시 북구 설죽로148번길 10,84.93,84.93,북구,용봉동,북구,용봉동,True
31381042,매입임대,1.0,1,광산구,1,전남광주통합특별시 광산구 목련로 41,84.8198,84.8198,광산구,하남동,광산구,하남동,False
31381044,매입임대,1.0,1,남구,1,전남광주통합특별시 남구 노대실로 33,84.93,84.93,남구,효덕동,남구,효덕동,True
31381045,매입임대,1.0,1,광산구,1,전남광주통합특별시 광산구 목련로 15,59.9954,59.9954,광산구,하남동,광산구,하남동,False
31381046,매입임대,1.0,1,광산구,1,전남광주통합특별시 광산구 신창로161번길 34,59.748,59.748,광산구,신창동,광산구,신창동,False
31381048,매입임대,1.0,1,남구,1,전남광주통합특별시 남구 노대실로 89,84.87,84.87,남구,효덕동,남구,효덕동,True
31381049,매입임대,1.0,1,남구,1,전남광주통합특별시 남구 노대실로 89,84.87,84.87,남구,효덕동,남구,효덕동,True
31381050,매입임대,1.0,1,광산구,1,전남광주통합특별시 광산구 신창로161번길 34,59.748,59.748,광산구,신창동,광산구,신창동,False
31381051,매입임대,1.0,1,서구,1,전남광주통합특별시 서구 동천로18번길 19,84.87,84.87,서구,동천동,서구,동천동,False
31381052,매입임대,1.0,1,광산구,1,전남광주통합특별시 광산구 목련로 41,84.8198,84.8198,광산구,하남동,광산구,하남동,False
31384401,영구임대,288.0,7,남구,1,전남광주통합특별시 남구 서문대로809번길 22,29.0798,39.3826,남구,주월1동,남구,주월1동,False
31384402,행복주택,700.0,14,북구,1,전남광주통합특별시 북구 서암대로 268,20.78,44.88,북구,중흥1동,북구,중흥1동,False
31384403,영구임대,498.0,6,서구,1,전남광주통합특별시 서구 월산로 164-3,29.0798,39.128,서구,농성1동,서구,농성1동,True
31384862,영구임대,414.0,4,광산구,1,전남광주통합특별시 광산구 용아로379번길 25-2,30.1474,40.0745,광산구,하남동,광산구,하남동,False
31390248,매입임대,1.0,1,남구,1,전남광주통합특별시 남구 원효천1길 5,84.9833,84.9833,남구,송암동,남구,송암동,True
31390249,매입임대,1.0,1,남구,1,전남광주통합특별시 남구 효우2로 89,74.95,74.95,남구,송암동,남구,송암동,True
31390250,매입임대,1.0,1,남구,1,전남광주통합특별시 남구 독립로80번길 7,84.61,84.61,남구,백운1동,남구,백운1동,False
31390251,매입임대,1.0,1,광산구,1,전남광주통합특별시 광산구 목련로 15,59.9102,59.9102,광산구,하남동,광산구,하남동,False
31390252,매입임대,1.0,1,남구,1,전남광주통합특별시 남구 독립로80번길 7,84.61,84.61,남구,백운1동,남구,백운1동,False
31390253,매입임대,1.0,1,광산구,1,전남광주통합특별시 광산구 소촌로 100,59.8957,59.8957,광산구,어룡동,광산구,어룡동,False
31402217,매입임대,48.0,12,동구,1,전남광주통합특별시 동구 동계천로 80,26.8279,49.9537,동구,충장동,동구,충장동,True
31411808,매입임대,42.0,4,남구,1,전남광주통합특별시 남구 대남대로85번길 5,59.4,72.52,남구,방림1동,남구,방림1동,True
31411836,매입임대,14.0,2,북구,1,전남광주통합특별시 북구 동운로 212,56.1073,56.1073,북구,운암1동,북구,운암1동,True
31412843,매입임대,8.0,2,광산구,1,전남광주통합특별시 광산구 사암로130번길 35,59.029,59.5062,광산구,우산동,광산구,우산동,True
31412854,매입임대,12.0,6,북구,1,전남광주통합특별시 북구 중흥로173번길 7-5,57.2052,68.1575,북구,중흥1동,북구,중흥1동,False
31412857,매입임대,12.0,1,광산구,1,전남광주통합특별시 광산구 목련로382번길 94-11,59.37,59.37,광산구,신가동,광산구,신가동,True
31413447,매입임대,28.0,12,광산구,1,전남광주통합특별시 광산구 내상로33번길 42,53.84,78.84,광산구,송정2동,광산구,송정2동,False
31414642,매입임대,40.0,15,북구,1,전남광주통합특별시 북구 고운로13번길 14-2,19.08,29.69,북구,용봉동,북구,용봉동,True
31446654,매입임대,16.0,2,광산구,1,전남광주통합특별시 광산구 사암로92번길 99-33,53.0491,53.7313,광산구,우산동,광산구,우산동,True
31452300,매입임대,24.0,6,남구,1,전남광주통합특별시 남구 백운로34번길 5-8,55.0551,81.8958,남구,백운1동,남구,백운1동,False
31457276,매입임대,44.0,2,북구,1,전남광주통합특별시 북구 중흥로40번길 17,54.38,59.91,북구,임동,북구,임동,False
31469906,매입임대,12.0,4,북구,1,전남광주통합특별시 북구 저불로73번길 37,59.1776,59.2909,북구,용봉동,북구,용봉동,True
31471659,매입임대,16.0,3,남구,1,전남광주통합특별시 남구 봉주길 39,59.5856,76.5778,남구,주월2동,남구,주월2동,False
31471660,매입임대,28.0,2,북구,1,전남광주통합특별시 북구 비엔날레로 154-3,68.005,68.005,북구,용봉동,북구,용봉동,True
31474443,매입임대,15.0,4,광산구,1,전남광주통합특별시 광산구 하남마항로29번길 39,55.74,82.18,광산구,하남동,광산구,하남동,False
31474445,매입임대,19.0,6,서구,1,전남광주통합특별시 서구 화정로39번길 14,48.0058,57.2959,서구,상무2동,서구,상무2동,False
31482733,매입임대,47.0,3,북구,1,전남광주통합특별시 북구 반룡로5번길 45,26.763,27.4312,북구,용봉동,북구,용봉동,True
31485263,국민임대,447.0,3,광산구,1,전남광주통합특별시 광산구 선암로 19,29.9,44.89,광산구,어룡동,광산구,어룡동,False
31485263,영구임대,159.0,1,광산구,1,전남광주통합특별시 광산구 선암로 19,26.92,26.92,광산구,어룡동,광산구,어룡동,False
31488421,매입임대,20.0,5,동구,1,전남광주통합특별시 동구 의재로88번길 9-7,58.3824,82.1419,동구,지원1동,동구,지원1동,True
31489479,매입임대,12.0,3,광산구,1,전남광주통합특별시 광산구 도산로38번길 15,59.5366,59.8455,광산구,도산동,광산구,도산동,False
31495771,매입임대,2.0,2,북구,1,전남광주통합특별시 북구 본촌택지로 37,52.65,56.52,북구,건국동,북구,건국동,False
31495772,매입임대,1.0,1,북구,1,전남광주통합특별시 북구 상촌로31번길 12-10,52.98,52.98,북구,양산동,북구,양산동,False
31495773,매입임대,2.0,1,북구,1,전남광주통합특별시 북구 상촌로43번길 51,59.96,59.96,북구,건국동,북구,건국동,False
31495774,매입임대,2.0,2,북구,1,전남광주통합특별시 북구 상촌로43번길 55,59.34,59.96,북구,건국동,북구,건국동,False
31495775,매입임대,2.0,1,북구,1,전남광주통합특별시 북구 상촌로43번길 14,58.69,58.69,북구,양산동,북구,양산동,False
31495776,매입임대,2.0,1,북구,1,전남광주통합특별시 북구 서양로49번길 39,59.35,59.35,북구,중흥동,북구,중흥동,False
31495777,매입임대,2.0,2,북구,1,전남광주통합특별시 북구 연양로105번길 40-8,55.6,58.42,북구,양산동,북구,양산동,False
31495778,매입임대,6.0,1,북구,1,전남광주통합특별시 북구 연양로117번길 2,59.94,59.94,북구,양산동,북구,양산동,False
31495779,매입임대,2.0,2,북구,1,전남광주통합특별시 북구 오문로38번길 7-12,54.04,54.79,북구,오치1동,북구,오치1동,False
31495780,매입임대,5.0,4,북구,1,전남광주통합특별시 북구 유림로160번길 22,51.4091,59.8783,북구,동림동,북구,동림동,False
31495785,매입임대,2.0,2,서구,1,전남광주통합특별시 서구 금호운천길 13,46.3,57.0,서구,금호1동,서구,금호1동,True
31495786,매입임대,3.0,3,북구,1,전남광주통합특별시 북구 용두택지로 56,53.1441,59.181,북구,건국동,북구,건국동,False
31495787,매입임대,1.0,1,북구,1,전남광주통합특별시 북구 동문대로134번길 58,57.33,57.33,북구,두암2동,북구,두암2동,True
31495788,매입임대,2.0,2,북구,1,전남광주통합특별시 북구 양산택지로34번길 11,58.42,58.42,북구,양산동,북구,양산동,False
31495789,매입임대,5.0,3,북구,1,전남광주통합특별시 북구 양산택지로51번길 6-17,47.6641,51.4091,북구,양산동,북구,양산동,False
31495792,매입임대,1.0,1,북구,1,전남광주통합특별시 북구 오산정길19번길 4,59.7526,59.7526,북구,오치1동,북구,오치1동,False
31495794,매입임대,1.0,1,북구,1,전남광주통합특별시 북구 무등로 282-9,47.64,47.64,북구,중흥1동,북구,중흥1동,False
31495795,매입임대,5.0,3,북구,1,전남광주통합특별시 북구 양산로 57-6,49.0185,58.0358,북구,양산동,북구,양산동,False
31495796,매입임대,2.0,2,북구,1,전남광주통합특별시 북구 양산택지로37번길 14-1,54.64,56.14,북구,양산동,북구,양산동,False
31495797,매입임대,3.0,2,북구,1,전남광주통합특별시 북구 하서로466번길 36,53.27,56.28,북구,건국동,북구,건국동,False
31495798,매입임대,1.0,1,서구,1,전남광주통합특별시 서구 화운로193번길 22,59.6001,59.6001,서구,화정1동,서구,화정1동,False
31495799,매입임대,1.0,1,북구,1,전남광주통합특별시 북구 동문대로134번길 60,57.33,57.33,북구,두암2동,북구,두암2동,True
31495800,매입임대,3.0,1,북구,1,전남광주통합특별시 북구 삼정로87번길 65-17,59.871,59.871,북구,두암3동,북구,두암3동,False
31495801,매입임대,4.0,1,북구,1,전남광주통합특별시 북구 양산택지로37번길 106,59.913,59.913,북구,양산동,북구,양산동,False
31495802,매입임대,2.0,2,북구,1,전남광주통합특별시 북구 연양로117번길 3-2,49.65,59.82,북구,양산동,북구,양산동,False
31495803,매입임대,2.0,2,북구,1,전남광주통합특별시 북구 자라봉로63번길 15-4,56.49,59.15,북구,양산동,북구,양산동,False
31495804,매입임대,3.0,1,북구,1,전남광주통합특별시 북구 천지인로115번길 15,56.7916,56.7916,북구,오치1동,북구,오치1동,False
31495812,매입임대,6.0,2,북구,1,전남광주통합특별시 북구 상촌로43번길 11-8,57.7129,59.9629,북구,양산동,북구,양산동,False
31495816,매입임대,1.0,1,북구,1,전남광주통합특별시 북구 양산택지로 102,52.1402,52.1402,북구,건국동,북구,건국동,False
31495817,매입임대,2.0,2,북구,1,전남광주통합특별시 북구 참판로 215,48.71,58.75,북구,두암2동,북구,두암2동,True
31495818,매입임대,2.0,2,북구,1,전남광주통합특별시 북구 상촌로43번길 11-7,52.98,57.41,북구,양산동,북구,양산동,False
31495825,매입임대,5.0,3,북구,1,전남광주통합특별시 북구 본촌택지로30번길 2,49.02,52.31,북구,건국동,북구,건국동,False
31495826,매입임대,1.0,1,북구,1,전남광주통합특별시 북구 서방로181번길 36,59.97,59.97,북구,두암1동,북구,두암1동,False
31495827,매입임대,1.0,1,북구,1,전남광주통합특별시 북구 양산택지로34번길 15,48.462,48.462,북구,양산동,북구,양산동,False
31495828,매입임대,1.0,1,북구,1,전남광주통합특별시 북구 양산택지로37번길 8,56.08,56.08,북구,양산동,북구,양산동,False
31495829,매입임대,2.0,1,북구,1,전남광주통합특별시 북구 하서로466번길 60,59.17,59.17,북구,건국동,북구,건국동,False
31497088,매입임대,18.0,3,북구,1,전남광주통합특별시 북구 문화소통로 238-2,23.18,24.54,북구,우산동,북구,우산동,False
31497090,매입임대,10.0,3,북구,1,전남광주통합특별시 북구 서하로355번길 39,21.44,22.32,북구,문흥1동,북구,문흥1동,True
31497091,매입임대,10.0,3,북구,1,전남광주통합특별시 북구 송월로20번길 19-9,22.11,22.71,북구,오치1동,북구,오치1동,False
31497959,매입임대,38.0,3,광산구,1,전남광주통합특별시 광산구 신창로48번길 56,59.68,68.77,광산구,신창동,광산구,신창동,False
31499841,매입임대,32.0,4,북구,1,전남광주통합특별시 북구 오산정길 16,53.0445,56.9102,북구,오치1동,북구,오치1동,False
31499842,매입임대,29.0,2,북구,1,전남광주통합특별시 북구 설죽로315번길 25,84.95,84.98,북구,매곡동,북구,매곡동,False
31501249,매입임대,7.0,1,광산구,1,전남광주통합특별시 광산구 산정공원로28번길 7-2,22.57,22.57,광산구,월곡2동,광산구,월곡2동,False
31503800,매입임대,9.0,2,북구,1,전남광주통합특별시 북구 신촌로23번길 39,50.53,58.63,북구,오치1동,북구,오치1동,False
31508844,매입임대,24.0,1,동구,1,전남광주통합특별시 동구 천변우로 361-15,24.8457,24.8457,동구,충장동,동구,충장동,True
31520203,매입임대,36.0,1,동구,1,전남광주통합특별시 동구 문화전당로23번길 26,25.21,25.21,동구,서남동,동구,서남동,False
31520262,매입임대,10.0,1,남구,1,전남광주통합특별시 남구 대남대로 219,62.6366,62.6366,남구,주월1동,남구,주월1동,False
31521280,매입임대,36.0,2,광산구,1,전남광주통합특별시 광산구 목련로219번길 76,63.96,67.96,광산구,운남동,광산구,운남동,False
31522991,매입임대,27.0,4,동구,1,전남광주통합특별시 동구 의재로88번길 9-2,72.4809,81.744,동구,지원1동,동구,지원1동,True
31670112,행복주택,147.0,3,광산구,1,전남광주통합특별시 광산구 선운중앙로 89,55.77,55.89,광산구,어룡동,광산구,어룡동,False
31670114,행복주택,336.0,4,광산구,1,전남광주통합특별시 광산구 선암1로 43,55.57,55.97,광산구,어룡동,광산구,어룡동,False
31692701,매입임대,16.0,2,광산구,1,전남광주통합특별시 광산구 도산로12번길 17-55,77.41,77.41,광산구,도산동,광산구,도산동,False
31692702,매입임대,22.0,3,광산구,1,전남광주통합특별시 광산구 신가삼효로 25-1,52.8962,58.5595,광산구,신가동,광산구,신가동,True
31711093,매입임대,39.0,4,남구,1,전남광주통합특별시 남구 금화로376번길 8,57.364,65.254,남구,주월2동,남구,주월2동,False
31731588,매입임대,1.0,1,광산구,1,전남광주통합특별시 광산구 임방울대로825번길 19,33.1446,33.1446,광산구,첨단1동,광산구,첨단1동,True
31731589,매입임대,1.0,1,광산구,1,전남광주통합특별시 광산구 사암로171번길 90-4,82.7217,82.7217,광산구,우산동,광산구,우산동,True
31731590,매입임대,2.0,1,광산구,1,전남광주통합특별시 광산구 임방울대로826번길 60-5,19.9836,19.9836,광산구,첨단2동,북구,첨단2동,True
31740346,매입임대,1.0,1,광산구,1,전남광주통합특별시 광산구 임방울대로825번길 19,33.1446,33.1446,광산구,첨단1동,광산구,첨단1동,True
31742620,매입임대,1.0,1,광산구,1,전남광주통합특별시 광산구 임방울대로826번길 60-5,41.0792,41.0792,광산구,첨단2동,북구,첨단2동,True
31758070,매입임대,1.0,1,광산구,1,전남광주통합특별시 광산구 첨단중앙로152번길 6-13,19.1244,19.1244,광산구,첨단1동,광산구,첨단1동,True
31760098,매입임대,20.0,6,북구,1,전남광주통합특별시 북구 우치로238번길 18,58.5102,59.7614,북구,오치1동,북구,오치1동,False
31771601,매입임대,1.0,1,북구,1,전남광주통합특별시 북구 서양로 20,21.42,21.42,북구,신안동,북구,신안동,False
31771602,매입임대,1.0,1,광산구,1,전남광주통합특별시 광산구 첨단중앙로170번길 87,55.85,55.85,광산구,첨단1동,광산구,첨단1동,True
31771603,매입임대,1.0,1,동구,1,전남광주통합특별시 동구 중앙로 248,49.3222,49.3222,동구,동명동,동구,동명동,False
31779477,매입임대,1.0,1,광산구,1,전남광주통합특별시 광산구 첨단중앙로152번길 17-12,30.1942,30.1942,광산구,첨단1동,광산구,첨단1동,True
31779478,매입임대,1.0,1,광산구,1,전남광주통합특별시 광산구 첨단중앙로170번길 87,41.83,41.83,광산구,첨단1동,광산구,첨단1동,True
31779479,매입임대,1.0,1,북구,1,전남광주통합특별시 북구 용봉택지로 16,59.85,59.85,북구,용봉동,북구,용봉동,True
31779481,매입임대,1.0,1,광산구,1,전남광주통합특별시 광산구 첨단중앙로152번길 17-6,22.1404,22.1404,광산구,첨단1동,광산구,첨단1동,True
31779482,매입임대,3.0,2,광산구,1,전남광주통합특별시 광산구 사암로171번길 90-4,82.7217,84.3301,광산구,우산동,광산구,우산동,True
31784130,매입임대,1.0,1,광산구,1,전남광주통합특별시 광산구 첨단중앙로152번길 6-13,19.1244,19.1244,광산구,첨단1동,광산구,첨단1동,True
31788890,매입임대,1.0,1,광산구,1,전남광주통합특별시 광산구 임방울대로826번길 60-5,54.5164,54.5164,광산구,첨단2동,북구,첨단2동,True
31788891,매입임대,1.0,1,광산구,1,전남광주통합특별시 광산구 첨단중앙로182번길 50,40.9226,40.9226,광산구,첨단1동,광산구,첨단1동,True
31788893,매입임대,2.0,1,광산구,1,전남광주통합특별시 광산구 첨단중앙로170번길 87,47.44,47.44,광산구,첨단1동,광산구,첨단1동,True
31788895,매입임대,2.0,2,광산구,1,전남광주통합특별시 광산구 사암로171번길 90-4,82.7217,84.3301,광산구,우산동,광산구,우산동,True
31788897,매입임대,1.0,1,북구,1,전남광주통합특별시 북구 용봉택지로 16,84.99,84.99,북구,용봉동,북구,용봉동,True
31791305,매입임대,1.0,1,광산구,1,전남광주통합특별시 광산구 첨단중앙로182번길 50,40.9226,40.9226,광산구,첨단1동,광산구,첨단1동,True
31791566,매입임대,1.0,1,광산구,1,전남광주통합특별시 광산구 첨단중앙로106번길 65-11,19.2584,19.2584,광산구,첨단2동,북구,첨단2동,True
31791567,매입임대,1.0,1,광산구,1,전남광주통합특별시 광산구 월계로 223-20,19.13,19.13,광산구,첨단2동,북구,첨단2동,True
31796617,매입임대,18.0,2,광산구,1,전남광주통합특별시 광산구 하남울로 51,46.53,46.53,광산구,하남동,광산구,하남동,False
31798983,매입임대,1.0,1,광산구,1,전남광주통합특별시 광산구 첨단중앙로182번길 50,39.4698,39.4698,광산구,첨단1동,광산구,첨단1동,True
31800066,매입임대,1.0,1,남구,1,전남광주통합특별시 남구 경열로76번길 33-5,66.73,66.73,남구,월산4동,남구,월산4동,False
31800067,매입임대,2.0,2,광산구,1,전남광주통합특별시 광산구 임방울대로826번길 60-5,19.9836,41.0792,광산구,첨단2동,북구,첨단2동,True
31800072,매입임대,1.0,1,광산구,1,전남광주통합특별시 광산구 첨단중앙로170번길 87,47.44,47.44,광산구,첨단1동,광산구,첨단1동,True
31804859,매입임대,1.0,1,광산구,1,전남광주통합특별시 광산구 임방울대로825번길 19,33.1446,33.1446,광산구,첨단1동,광산구,첨단1동,True
31804860,매입임대,1.0,1,광산구,1,전남광주통합특별시 광산구 첨단중앙로170번길 87,47.44,47.44,광산구,첨단1동,광산구,첨단1동,True
31804861,매입임대,1.0,1,광산구,1,전남광주통합특별시 광산구 첨단중앙로182번길 50,40.9226,40.9226,광산구,첨단1동,광산구,첨단1동,True
31809556,매입임대,1.0,1,광산구,1,전남광주통합특별시 광산구 임방울대로825번길 19,33.1446,33.1446,광산구,첨단1동,광산구,첨단1동,True
31810070,매입임대,22.0,5,남구,1,전남광주통합특별시 남구 군분로23번길 27,50.44,55.315,남구,주월2동,남구,주월2동,False
31811917,매입임대,1.0,1,광산구,1,전남광주통합특별시 광산구 첨단중앙로170번길 87,47.44,47.44,광산구,첨단1동,광산구,첨단1동,True
31811918,매입임대,1.0,1,서구,1,전남광주통합특별시 서구 상무중앙로 114,30.42,30.42,서구,치평동,서구,치평동,True
31815370,매입임대,1.0,1,광산구,1,전남광주통합특별시 광산구 첨단중앙로170번길 87,47.44,47.44,광산구,첨단1동,광산구,첨단1동,True
31815372,매입임대,1.0,1,광산구,1,전남광주통합특별시 광산구 첨단중앙로182번길 50,40.9226,40.9226,광산구,첨단1동,광산구,첨단1동,True
31816245,매입임대,1.0,1,광산구,1,전남광주통합특별시 광산구 첨단중앙로106번길 65-11,19.2584,19.2584,광산구,첨단2동,북구,첨단2동,True
31816272,매입임대,2.0,2,광산구,1,전남광주통합특별시 광산구 임방울대로826번길 60-5,19.9836,54.5164,광산구,첨단2동,북구,첨단2동,True
31821891,매입임대,1.0,1,광산구,1,전남광주통합특별시 광산구 첨단중앙로152번길 17-12,30.1942,30.1942,광산구,첨단1동,광산구,첨단1동,True
31821892,매입임대,1.0,1,광산구,1,전남광주통합특별시 광산구 첨단중앙로170번길 87,47.44,47.44,광산구,첨단1동,광산구,첨단1동,True
31821898,매입임대,1.0,1,광산구,1,전남광주통합특별시 광산구 첨단중앙로170번길 87,47.44,47.44,광산구,첨단1동,광산구,첨단1동,True
31821899,매입임대,1.0,1,광산구,1,전남광주통합특별시 광산구 월계로 223-20,19.13,19.13,광산구,첨단2동,북구,첨단2동,True
31821914,매입임대,1.0,1,광산구,1,전남광주통합특별시 광산구 첨단중앙로182번길 50,39.4698,39.4698,광산구,첨단1동,광산구,첨단1동,True
31824737,매입임대,1.0,1,북구,1,전남광주통합특별시 북구 서암대로 66,59.37,59.37,북구,신안동,북구,신안동,False
31827966,매입임대,1.0,1,서구,1,전남광주통합특별시 서구 내방로 433,79.2692,79.2692,서구,농성1동,서구,농성1동,True
31827967,매입임대,1.0,1,광산구,1,전남광주통합특별시 광산구 첨단중앙로170번길 87,41.83,41.83,광산구,첨단1동,광산구,첨단1동,True
31827968,매입임대,1.0,1,광산구,1,전남광주통합특별시 광산구 첨단중앙로106번길 65-4,19.1513,19.1513,광산구,첨단2동,북구,첨단2동,True
31827969,매입임대,1.0,1,광산구,1,전남광주통합특별시 광산구 첨단중앙로152번길 17-6,32.3203,32.3203,광산구,첨단1동,광산구,첨단1동,True
31827970,매입임대,1.0,1,광산구,1,전남광주통합특별시 광산구 첨단중앙로170번길 87,47.44,47.44,광산구,첨단1동,광산구,첨단1동,True
31827977,매입임대,1.0,1,광산구,1,전남광주통합특별시 광산구 임방울대로825번길 19,33.1446,33.1446,광산구,첨단1동,광산구,첨단1동,True
31827980,매입임대,1.0,1,광산구,1,전남광주통합특별시 광산구 첨단중앙로182번길 50,39.4698,39.4698,광산구,첨단1동,광산구,첨단1동,True
31829690,매입임대,1.0,1,광산구,1,전남광주통합특별시 광산구 첨단중앙로170번길 87,41.83,41.83,광산구,첨단1동,광산구,첨단1동,True
31829691,매입임대,1.0,1,동구,1,전남광주통합특별시 동구 금남로 185,17.67,17.67,동구,충장동,동구,충장동,True
31829904,매입임대,2.0,1,남구,1,전남광주통합특별시 남구 월산로95번길 6,84.9303,84.9303,남구,월산동,남구,월산동,False
31829906,매입임대,7.0,2,남구,1,전남광주통합특별시 남구 월산로95번길 6,84.9303,84.9643,남구,월산동,남구,월산동,False
31829907,매입임대,6.0,2,남구,1,전남광주통합특별시 남구 월산로95번길 6,84.9303,84.9643,남구,월산동,남구,월산동,False
31829908,매입임대,5.0,1,남구,1,전남광주통합특별시 남구 월산로95번길 6,84.9303,84.9303,남구,월산동,남구,월산동,False
31829909,매입임대,5.0,1,남구,1,전남광주통합특별시 남구 월산로95번길 6,84.9303,84.9303,남구,월산동,남구,월산동,False
31829911,매입임대,3.0,2,남구,1,전남광주통합특별시 남구 월산로95번길 6,84.9303,84.9643,남구,월산동,남구,월산동,False
31829912,매입임대,1.0,1,남구,1,전남광주통합특별시 남구 월산로95번길 6,84.9303,84.9303,남구,월산동,남구,월산동,False
31833108,매입임대,1.0,1,동구,1,전남광주통합특별시 동구 금남로 185,17.67,17.67,동구,충장동,동구,충장동,True
31833109,매입임대,1.0,1,광산구,1,전남광주통합특별시 광산구 월계로 223-20,19.13,19.13,광산구,첨단2동,북구,첨단2동,True
31833135,매입임대,1.0,1,광산구,1,전남광주통합특별시 광산구 첨단중앙로152번길 17-12,19.1437,19.1437,광산구,첨단1동,광산구,첨단1동,True
31833485,매입임대,1.0,1,동구,1,전남광주통합특별시 동구 중앙로 248,49.3222,49.3222,동구,동명동,동구,동명동,False
31833487,매입임대,1.0,1,광산구,1,전남광주통합특별시 광산구 첨단중앙로170번길 87,41.83,41.83,광산구,첨단1동,광산구,첨단1동,True
31837523,매입임대,1.0,1,동구,1,전남광주통합특별시 동구 금남로 185,17.67,17.67,동구,충장동,동구,충장동,True
31838169,매입임대,31.0,13,남구,1,전남광주통합특별시 남구 금화로415번길 27,19.955,123.753,남구,월산4동,남구,월산4동,False
31839389,매입임대,1.0,1,광산구,1,전남광주통합특별시 광산구 첨단중앙로182번길 50,39.4698,39.4698,광산구,첨단1동,광산구,첨단1동,True
31839390,매입임대,1.0,1,광산구,1,전남광주통합특별시 광산구 첨단중앙로170번길 87,41.83,41.83,광산구,첨단1동,광산구,첨단1동,True
31839391,매입임대,3.0,2,광산구,1,전남광주통합특별시 광산구 첨단중앙로170번길 87,47.44,55.85,광산구,첨단1동,광산구,첨단1동,True
31839394,매입임대,1.0,1,북구,1,전남광주통합특별시 북구 평교로 45,59.91,59.91,북구,문화동,북구,문화동,False
31839396,매입임대,1.0,1,동구,1,전남광주통합특별시 동구 구성로148번길 10-2,23.6192,23.6192,동구,충장동,동구,충장동,True
31839397,매입임대,1.0,1,광산구,1,전남광주통합특별시 광산구 첨단중앙로106번길 65-11,19.2584,19.2584,광산구,첨단2동,북구,첨단2동,True
31842610,매입임대,1.0,1,광산구,1,전남광주통합특별시 광산구 월계로 223-17,33.576,33.576,광산구,첨단2동,북구,첨단2동,True
31842611,매입임대,1.0,1,광산구,1,전남광주통합특별시 광산구 첨단중앙로152번길 17-12,19.1437,19.1437,광산구,첨단1동,광산구,첨단1동,True
31842621,매입임대,1.0,1,동구,1,전남광주통합특별시 동구 금남로 185,15.1697,15.1697,동구,충장동,동구,충장동,True
31842637,매입임대,2.0,1,광산구,1,전남광주통합특별시 광산구 첨단중앙로170번길 87,47.44,47.44,광산구,첨단1동,광산구,첨단1동,True
31842643,매입임대,1.0,1,광산구,1,전남광주통합특별시 광산구 첨단중앙로170번길 87,41.83,41.83,광산구,첨단1동,광산구,첨단1동,True
31842869,매입임대,36.0,2,북구,1,전남광주통합특별시 북구 우치로361번길 15,59.58,59.58,북구,삼각동,북구,삼각동,False
31846371,매입임대,1.0,1,광산구,1,전남광주통합특별시 광산구 첨단중앙로170번길 87,41.83,41.83,광산구,첨단1동,광산구,첨단1동,True
31846373,매입임대,1.0,1,광산구,1,전남광주통합특별시 광산구 첨단중앙로170번길 87,47.44,47.44,광산구,첨단1동,광산구,첨단1동,True
31846375,매입임대,1.0,1,동구,1,전남광주통합특별시 동구 중앙로 248,49.3222,49.3222,동구,동명동,동구,동명동,False
31846376,매입임대,1.0,1,서구,1,전남광주통합특별시 서구 운천로162번길 35,22.72,22.72,서구,상무2동,서구,상무2동,False
31846378,매입임대,1.0,1,광산구,1,전남광주통합특별시 광산구 첨단강변로99번길 21,29.9803,29.9803,광산구,첨단2동,북구,첨단2동,True
31856411,매입임대,1.0,1,서구,1,전남광주통합특별시 서구 내방로 433,53.6596,53.6596,서구,농성1동,서구,농성1동,True
31856412,매입임대,1.0,1,광산구,1,전남광주통합특별시 광산구 첨단중앙로170번길 87,47.44,47.44,광산구,첨단1동,광산구,첨단1동,True
31856601,매입임대,1.0,1,광산구,1,전남광주통합특별시 광산구 첨단중앙로170번길 87,55.85,55.85,광산구,첨단1동,광산구,첨단1동,True
31858817,매입임대,2.0,1,광산구,1,전남광주통합특별시 광산구 월계로 223-20,19.69,19.69,광산구,첨단2동,북구,첨단2동,True
31859718,매입임대,1.0,1,광산구,1,전남광주통합특별시 광산구 사암로171번길 90-4,84.3301,84.3301,광산구,우산동,광산구,우산동,True
31859950,매입임대,1.0,1,광산구,1,전남광주통합특별시 광산구 임방울대로826번길 60-5,19.9836,19.9836,광산구,첨단2동,북구,첨단2동,True
31859957,매입임대,1.0,1,광산구,1,전남광주통합특별시 광산구 도산로9번길 35,59.95,59.95,광산구,도산동,광산구,도산동,False
31859960,매입임대,1.0,1,광산구,1,전남광주통합특별시 광산구 임방울대로825번길 19,33.1446,33.1446,광산구,첨단1동,광산구,첨단1동,True
