노선,노선파일_정류소명,매칭상태,매칭방식,공식정류소명,공식정류소수,프로젝트지역수,프로젝트지역
순환01,세하동,미매칭,,,0,0,
순환01,서창농협 벽진지점,미매칭,,,0,0,
순환01,김대중컨벤션센터(마륵)역(북),미매칭,,,0,0,
순환01,5.18자유공원,미매칭,,,0,0,
순환01,상무금호아파트,미매칭,,,0,0,
순환01,계수초교,미매칭,,,0,0,
순환01,한국수자원공사,미매칭,,,0,0,
순환01,농협운천지점,미매칭,,,0,0,
순환01,상무지구입구,미매칭,,,0,0,
순환01,운천저수지,미매칭,,,0,0,
순환01,금호초교,미매칭,,,0,0,
순환01,CBS방송국,미매칭,,,0,0,
순환01,금호시영아파트,미매칭,,,0,0,
순환01,서구문화센터,미매칭,,,0,0,
순환01,마재대주아파트,미매칭,,,0,0,
순환01,마재우체국,미매칭,,,0,0,
순환01,풍암모아아파트,미매칭,,,0,0,
순환01,풍암한신아파트,미매칭,,,0,0,
순환01,풍암한국아파트,미매칭,,,0,0,
순환01,풍암우미아파트,미매칭,,,0,0,
순환01,원광대한방병원,미매칭,,,0,0,
순환01,서남하이츠(국제양궁장),미매칭,,,0,0,
순환01,무등시장입구(남),미매칭,,,0,0,
순환01,백운우체국,미매칭,,,0,0,
순환01,남광주농협,미매칭,,,0,0,
순환01,양림휴먼시아1차,미매칭,,,0,0,
순환01,양림휴먼시아2차,미매칭,,,0,0,
순환01,남광주역,미매칭,,,0,0,
순환01,조선대,미매칭,,,0,0,
순환01,살레시오여고,미매칭,,,0,0,
순환01,법원입구,미매칭,,,0,0,
순환01,산수오거리,미매칭,,,0,0,
순환01,풍향시장,미매칭,,,0,0,
순환01,교육대,미매칭,,,0,0,
순환01,서방사거리,미매칭,,,0,0,
순환01,전대동창회관,미매칭,,,0,0,
순환01,광주역육교,미매칭,,,0,0,
순환01,전남대사거리(동),미매칭,,,0,0,
순환01,신안교,미매칭,,,0,0,
순환01,경신여고,미매칭,,,0,0,
순환01,광천치안센터,미매칭,,,0,0,
순환01,광주종합버스터미널,미매칭,,,0,0,
순환01,버들마을,미매칭,,,0,0,
순환01,시청,미매칭,,,0,0,
순환01,한국국토정보공사,미매칭,,,0,0,
순환01,김대중컨벤션센터(마륵)역,미매칭,,,0,0,
순환01,상무대우아파트,미매칭,,,0,0,
순환01,상무중,미매칭,,,0,0,
순환01,상무쌍용금호아파트,미매칭,,,0,0,
좌석02,무등산국립공원(증심사),미매칭,,,0,0,
좌석02,성촌마을/전통문화관,미매칭,,,0,0,
좌석02,운림중,미매칭,,,0,0,
좌석02,연진회미술원,미매칭,,,0,0,
좌석02,홍림교,미매칭,,,0,0,
좌석02,학동무등파크,미매칭,,,0,0,
좌석02,학동증심사입구역,미매칭,,,0,0,
좌석02,조선대병원,미매칭,,,0,0,
좌석02,조선대공과대학,미매칭,,,0,0,
좌석02,서남동행정복지센터,미매칭,,,0,0,
좌석02,"국립아시아문화전당(구,도청)",미매칭,,,0,0,
좌석02,예술의거리입구,미매칭,,,0,0,
좌석02,대인시장(서),미매칭,,,0,0,
좌석02,동부소방서,미매칭,,,0,0,
좌석02,광주역,미매칭,,,0,0,
좌석02,전남대사거리(서),미매칭,,,0,0,
좌석02,경신여고,미매칭,,,0,0,
좌석02,광천치안센터,미매칭,,,0,0,
좌석02,광주종합버스터미널,미매칭,,,0,0,
좌석02,버들마을,미매칭,,,0,0,
좌석02,시청,미매칭,,,0,0,
좌석02,한국은행,미매칭,,,0,0,
좌석02,한국국토정보공사,미매칭,,,0,0,
좌석02,한국수자원공사,미매칭,,,0,0,
좌석02,농협운천지점,미매칭,,,0,0,
좌석02,5.18자유공원,미매칭,,,0,0,
좌석02,김대중컨벤션센터(마륵)역,미매칭,,,0,0,
좌석02,서창입구,미매칭,,,0,0,
좌석02,공항역,미매칭,,,0,0,
좌석02,송정공원역,미매칭,,,0,0,
좌석02,영광통,미매칭,,,0,0,
좌석02,광주송정역,미매칭,,,0,0,
좌석02,신동사거리,미매칭,,,0,0,
좌석02,도산역,미매칭,,,0,0,
좌석02,상선,미매칭,,,0,0,
좌석02,동곡,미매칭,,,0,0,
좌석02,전력거래소,미매칭,,,0,0,
좌석02,문화예술위원회,미매칭,,,0,0,
좌석02,호수공원,미매칭,,,0,0,
좌석02,우정사업정보센터,미매칭,,,0,0,
좌석02,한빛1교,미매칭,,,0,0,
좌석02,전력로,미매칭,,,0,0,
좌석02,혁신로,미매칭,,,0,0,
좌석02,국립전파연구원,미매칭,,,0,0,
좌석02,빛가람행정복지센터,미매칭,,,0,0,
좌석02,한전KDN,미매칭,,,0,0,
좌석02,한국농촌경제연구원,미매칭,,,0,0,
좌석02,김대중컨벤션센터(마륵)역(북),미매칭,,,0,0,
좌석02,학2마을아파트,미매칭,,,0,0,
좌석02,학동평화맨션,미매칭,,,0,0,
수완03,송원대,미매칭,,,0,0,
수완03,송암공단입구,미매칭,,,0,0,
수완03,입하마을,미매칭,,,0,0,
수완03,광주김치타운입구,미매칭,,,0,0,
수완03,광곡입구,미매칭,,,0,0,
수완03,임암,미매칭,,,0,0,
수완03,효천초교,미매칭,,,0,0,
수완03,대동마을,미매칭,,,0,0,
수완03,신기교,미매칭,,,0,0,
수완03,빛고을CC,미매칭,,,0,0,
수완03,구암,미매칭,,,0,0,
수완03,광주대,미매칭,,,0,0,
수완03,금호타운아파트,미매칭,,,0,0,
수완03,동성고,미매칭,,,0,0,
수완03,대성여고,미매칭,,,0,0,
수완03,대광여고,미매칭,,,0,0,
수완03,남광주농협,미매칭,,,0,0,
수완03,남광주역,미매칭,,,0,0,
수완03,조선대,미매칭,,,0,0,
수완03,살레시오여고,미매칭,,,0,0,
수완03,산수오거리,미매칭,,,0,0,
수완03,교육대,미매칭,,,0,0,
수완03,전남대사거리(동),미매칭,,,0,0,
수완03,경신여고,미매칭,,,0,0,
수완03,광천치안센터,미매칭,,,0,0,
수완03,광주종합버스터미널,미매칭,,,0,0,
수완03,운남삼성아파트,미매칭,,,0,0,
수완03,목련마을6단지,미매칭,,,0,0,
수완03,수완중흥S클래스1차,미매칭,,,0,0,
수완03,광주농수산물유통센터(북),미매칭,,,0,0,
수완03,수완모아엘가,미매칭,,,0,0,
수완03,수완현진에버빌1차,미매칭,,,0,0,
수완03,수완우미린2차,미매칭,,,0,0,
수완03,응암공원,미매칭,,,0,0,
수완03,첨단사거리,미매칭,,,0,0,
수완03,우편집중국,미매칭,,,0,0,
수완03,폭스존,미매칭,,,0,0,
수완03,대창운수,미매칭,,,0,0,
매월06,매월동(북),미매칭,,,0,0,
매월06,대동고,미매칭,,,0,0,
매월06,화훼단지,미매칭,,,0,0,
매월06,풍암사거리(동),미매칭,,,0,0,
매월06,마재대주아파트,미매칭,,,0,0,
매월06,서구문화센터,미매칭,,,0,0,
매월06,금호모아아파트,미매칭,,,0,0,
매월06,월드컵경기장,미매칭,,,0,0,
매월06,월산마을,미매칭,,,0,0,
매월06,월산5동,미매칭,,,0,0,
매월06,신우아파트,미매칭,,,0,0,
매월06,주월주택단지,미매칭,,,0,0,
매월06,백운초교(남),미매칭,,,0,0,
매월06,까치고개,미매칭,,,0,0,
매월06,대성사거리,미매칭,,,0,0,
매월06,대성초교,미매칭,,,0,0,
매월06,향교,미매칭,,,0,0,
매월06,충장치안센터,미매칭,,,0,0,
매월06,예술의거리입구,미매칭,,,0,0,
매월06,대인시장(동),미매칭,,,0,0,
매월06,광주고/419역사관,미매칭,,,0,0,
매월06,서방사거리육교,미매칭,,,0,0,
매월06,서방시장(남),미매칭,,,0,0,
매월06,동강대,미매칭,,,0,0,
매월06,말바우시장(동),미매칭,,,0,0,
매월06,무등도서관,미매칭,,,0,0,
매월06,광주병원,미매칭,,,0,0,
매월06,농산물공판장,미매칭,,,0,0,
매월06,문흥지구입구(남),미매칭,,,0,0,
매월06,문흥지구입구(동),미매칭,,,0,0,
매월06,장등동,성공,정확일치,장등동,1,1,북구 석곡동
매월06,광주세무서,미매칭,,,0,0,
진월07,송암공단,미매칭,,,0,0,
진월07,송원대,미매칭,,,0,0,
진월07,송암공단입구,미매칭,,,0,0,
진월07,송하삼익아파트,미매칭,,,0,0,
진월07,광주대입구,미매칭,,,0,0,
진월07,동성고,미매칭,,,0,0,
진월07,대성여고,미매칭,,,0,0,
진월07,진월대주아파트,미매칭,,,0,0,
진월07,대광여고,미매칭,,,0,0,
진월07,백운광장,미매칭,,,0,0,
진월07,백운우체국,미매칭,,,0,0,
진월07,까치고개,미매칭,,,0,0,
진월07,대성사거리,미매칭,,,0,0,
진월07,대성초교,미매칭,,,0,0,
진월07,향교,미매칭,,,0,0,
진월07,충장치안센터,미매칭,,,0,0,
진월07,예술의거리입구,미매칭,,,0,0,
진월07,대인시장(서),미매칭,,,0,0,
진월07,동부소방서,미매칭,,,0,0,
진월07,수창초교후문,미매칭,,,0,0,
진월07,유동사거리,미매칭,,,0,0,
진월07,NC백화점,미매칭,,,0,0,
진월07,광주역,미매칭,,,0,0,
진월07,전남대사거리(동),미매칭,,,0,0,
진월07,효동초교입구,미매칭,,,0,0,
진월07,전남대스포츠센터,미매칭,,,0,0,
진월07,도로교통공단 대신파크,미매칭,,,0,0,
진월07,오치한전,미매칭,,,0,0,
진월07,북부경찰서,미매칭,,,0,0,
진월07,광주공고입구,미매칭,,,0,0,
진월07,고려고,미매칭,,,0,0,
진월07,국제고,미매칭,,,0,0,
진월07,일곡사거리,미매칭,,,0,0,
진월07,서일초교,미매칭,,,0,0,
진월07,살레시오고,미매칭,,,0,0,
진월07,광주일고/광주고용센터,미매칭,,,0,0,
진월07,금남로5가역,미매칭,,,0,0,
진월07,금남로4가역,미매칭,,,0,0,
진월07,광주세무서,미매칭,,,0,0,
첨단09,첨단,미매칭,,,0,0,
첨단09,고내입구,미매칭,,,0,0,
첨단09,한국광기술원,미매칭,,,0,0,
첨단09,산업인력공단,미매칭,,,0,0,
첨단09,국립광주과학관,미매칭,,,0,0,
첨단09,한국생산기술연구원,미매칭,,,0,0,
첨단09,쌍암공원,미매칭,,,0,0,
첨단09,월계중,미매칭,,,0,0,
첨단09,응암공원,미매칭,,,0,0,
첨단09,첨단라인아파트,미매칭,,,0,0,
첨단09,첨단2동행정복지센터,미매칭,,,0,0,
첨단09,무양서원입구,미매칭,,,0,0,
첨단09,남부대,미매칭,,,0,0,
첨단09,신창초교,미매칭,,,0,0,
첨단09,신창중,미매칭,,,0,0,
첨단09,신창동우체국,미매칭,,,0,0,
첨단09,신가중,미매칭,,,0,0,
첨단09,신가우미아파트,미매칭,,,0,0,
첨단09,신가주공아파트,미매칭,,,0,0,
첨단09,신가사거리,미매칭,,,0,0,
첨단09,풍영정입구,미매칭,,,0,0,
첨단09,동천마을3단지,미매칭,,,0,0,
첨단09,유덕초교,미매칭,,,0,0,
첨단09,광명하이츠후문,미매칭,,,0,0,
첨단09,광주종합버스터미널,미매칭,,,0,0,
첨단09,현대자동차,미매칭,,,0,0,
첨단09,북성중,미매칭,,,0,0,
첨단09,광주일고/광주고용센터,미매칭,,,0,0,
첨단09,금남로5가역,미매칭,,,0,0,
첨단09,금남로4가역,미매칭,,,0,0,
첨단09,"국립아시아문화전당(구,도청)",미매칭,,,0,0,
첨단09,문화전당역,미매칭,,,0,0,
첨단09,전남대병원/남광주시장,미매칭,,,0,0,
첨단09,조선대병원,미매칭,,,0,0,
첨단09,학동증심사입구역,미매칭,,,0,0,
첨단09,학2마을아파트,미매칭,,,0,0,
첨단09,학동평화맨션,미매칭,,,0,0,
첨단09,홍림교,미매칭,,,0,0,
첨단09,연진회미술원,미매칭,,,0,0,
첨단09,운림중,미매칭,,,0,0,
첨단09,무등산국립공원(증심사),미매칭,,,0,0,
첨단09,학동무등파크,미매칭,,,0,0,
일곡10,살레시오고,미매칭,,,0,0,
일곡10,살레시오고입구,미매칭,,,0,0,
일곡10,일곡삼호아파트,미매칭,,,0,0,
일곡10,서일초교,미매칭,,,0,0,
일곡10,일곡초교,미매칭,,,0,0,
일곡10,일곡사거리,미매칭,,,0,0,
일곡10,향토음식박물관,미매칭,,,0,0,
일곡10,양지마을,미매칭,,,0,0,
일곡10,양지초교,미매칭,,,0,0,
일곡10,양산택지사거리,미매칭,,,0,0,
일곡10,광주은행양산동지점,미매칭,,,0,0,
일곡10,양산타운,미매칭,,,0,0,
일곡10,용두주공,미매칭,,,0,0,
일곡10,복룡입구,미매칭,,,0,0,
일곡10,빛고을고입구,미매칭,,,0,0,
일곡10,신용초교,미매칭,,,0,0,
일곡10,첨단휴먼시아,미매칭,,,0,0,
일곡10,보훈병원후문,미매칭,,,0,0,
일곡10,봉산중,미매칭,,,0,0,
일곡10,무양서원입구,미매칭,,,0,0,
일곡10,첨단2동행정복지센터,미매칭,,,0,0,
일곡10,첨단사거리,미매칭,,,0,0,
일곡10,첨단라인아파트,미매칭,,,0,0,
일곡10,응암공원,미매칭,,,0,0,
일곡10,도천저수지,미매칭,,,0,0,
일곡10,골옷교,미매칭,,,0,0,
일곡10,수완양우내안애,미매칭,,,0,0,
일곡10,고실마을,미매칭,,,0,0,
일곡10,수완영무예다음,미매칭,,,0,0,
일곡10,수완현진에버빌1차,미매칭,,,0,0,
일곡10,성덕교,미매칭,,,0,0,
일곡10,은빛마을,미매칭,,,0,0,
일곡10,신창부영2차아파트,미매칭,,,0,0,
일곡10,신창동우체국,미매칭,,,0,0,
일곡10,신가중,미매칭,,,0,0,
일곡10,신가우미아파트,미매칭,,,0,0,
일곡10,신가주공아파트,미매칭,,,0,0,
일곡10,신가사거리,미매칭,,,0,0,
일곡10,극락강역입구,미매칭,,,0,0,
일곡10,신가동,미매칭,,,0,0,
일곡10,목련마을,미매칭,,,0,0,
일곡10,목련마을6단지,미매칭,,,0,0,
일곡10,운남삼성아파트,미매칭,,,0,0,
일곡10,광산구노인복지회관,미매칭,,,0,0,
일곡10,영천초교,미매칭,,,0,0,
일곡10,월곡2동행정복지센터,미매칭,,,0,0,
일곡10,산정초교,미매칭,,,0,0,
일곡10,다사로움1차아파트,미매칭,,,0,0,
일곡10,하남2지구,미매칭,,,0,0,
일곡10,지실마을,미매칭,,,0,0,
일곡10,장수동,미매칭,,,0,0,
일곡10,구강리,미매칭,,,0,0,
일곡10,광주그린카진흥원입구,미매칭,,,0,0,
일곡10,현대위아,미매칭,,,0,0,
일곡10,RTM,미매칭,,,0,0,
일곡10,수호,미매칭,,,0,0,
일곡10,LG전자광주물류센터,미매칭,,,0,0,
일곡10,케이엔,미매칭,,,0,0,
일곡10,진곡산단,미매칭,,,0,0,
일곡10,첨단2사랑으로부영아파트,미매칭,,,0,0,
수완12,무등산국립공원(증심사),미매칭,,,0,0,
수완12,성촌마을/전통문화관,미매칭,,,0,0,
수완12,학운초교,미매칭,,,0,0,
수완12,동산마을입구,미매칭,,,0,0,
수완12,운림중,미매칭,,,0,0,
수완12,연진회미술원,미매칭,,,0,0,
수완12,홍림교,미매칭,,,0,0,
수완12,학동무등파크,미매칭,,,0,0,
수완12,학동증심사입구역,미매칭,,,0,0,
수완12,조선대병원,미매칭,,,0,0,
수완12,전남대병원/남광주시장,미매칭,,,0,0,
수완12,전남대병원오거리,미매칭,,,0,0,
수완12,문화전당역,미매칭,,,0,0,
수완12,"국립아시아문화전당(구,도청)",미매칭,,,0,0,
수완12,광주세무서,미매칭,,,0,0,
수완12,향교,미매칭,,,0,0,
수완12,대성초교,미매칭,,,0,0,
수완12,대성사거리,미매칭,,,0,0,
수완12,까치고개,미매칭,,,0,0,
수완12,백운초교(북),미매칭,,,0,0,
수완12,백운초교(남),미매칭,,,0,0,
수완12,주월주택단지,미매칭,,,0,0,
수완12,신우아파트,미매칭,,,0,0,
수완12,월산5동,미매칭,,,0,0,
수완12,월산4동,미매칭,,,0,0,
수완12,건강협회,미매칭,,,0,0,
수완12,상공회의소,미매칭,,,0,0,
수완12,화정중흥파크,미매칭,,,0,0,
수완12,신세계백화점(북),미매칭,,,0,0,
수완12,광천치안센터,미매칭,,,0,0,
수완12,운암3단지,미매칭,,,0,0,
수완12,운암중,미매칭,,,0,0,
수완12,운암우미아파트,미매칭,,,0,0,
수완12,시립장애인복지관,미매칭,,,0,0,
수완12,동림푸른마을,미매칭,,,0,0,
수완12,산동교,미매칭,,,0,0,
수완12,반촌,미매칭,,,0,0,
수완12,보건대입구,미매칭,,,0,0,
수완12,전남공고입구,미매칭,,,0,0,
수완12,신창용수마을,미매칭,,,0,0,
수완12,신창초교,미매칭,,,0,0,
수완12,신창중,미매칭,,,0,0,
수완12,신창부영2차아파트,미매칭,,,0,0,
수완12,은빛마을,미매칭,,,0,0,
수완12,수완모아엘가,미매칭,,,0,0,
수완12,광주농수산물유통센터(북),미매칭,,,0,0,
수완12,광주농수산물유통센터(서),미매칭,,,0,0,
수완12,수완중흥S-클래스 2차,미매칭,,,0,0,
수완12,흑석사거리(동),미매칭,,,0,0,
수완12,흑석사거리(서),미매칭,,,0,0,
수완12,경암근린공원,미매칭,,,0,0,
수완12,하남초교,미매칭,,,0,0,
수완12,하남2지구,미매칭,,,0,0,
수완12,하남1교,미매칭,,,0,0,
수완12,하남3지구모아엘가,미매칭,,,0,0,
수완12,돈보스코학교,미매칭,,,0,0,
수완12,성덕교,미매칭,,,0,0,
수완12,운암벽산블루밍,미매칭,,,0,0,
수완12,문화예술회관,미매칭,,,0,0,
수완12,신세계백화점,미매칭,,,0,0,
수완12,중앙대교(서),미매칭,,,0,0,
수완12,충장치안센터,미매칭,,,0,0,
수완12,남광주사거리,미매칭,,,0,0,
수완12,학2마을아파트,미매칭,,,0,0,
수완12,학동평화맨션,미매칭,,,0,0,
선운14,송산유원지(종점),미매칭,,,0,0,
선운14,송산유원지,미매칭,,,0,0,
선운14,동명고,미매칭,,,0,0,
선운14,서봉마을,미매칭,,,0,0,
선운14,샛터마을,미매칭,,,0,0,
선운14,호남대,미매칭,,,0,0,
선운14,선암,미매칭,,,0,0,
선운14,선운중학교,미매칭,,,0,0,
선운14,선운휴먼시아,미매칭,,,0,0,
선운14,선운리버프라임아파트,미매칭,,,0,0,
선운14,운수마을,미매칭,,,0,0,
선운14,광주무역회관,미매칭,,,0,0,
선운14,한국은행,미매칭,,,0,0,
선운14,한국국토정보공사,미매칭,,,0,0,
선운14,대우디오빌,미매칭,,,0,0,
선운14,상무병원,미매칭,,,0,0,
선운14,5.18기념공원,미매칭,,,0,0,
선운14,5.18기념문화센터,미매칭,,,0,0,
선운14,모아제일아파트,미매칭,,,0,0,
선운14,쌍촌현대아파트,미매칭,,,0,0,
선운14,솔뫼타운,미매칭,,,0,0,
선운14,해태아파트,미매칭,,,0,0,
선운14,기아자동차,미매칭,,,0,0,
선운14,광주종합버스터미널,미매칭,,,0,0,
선운14,신세계백화점,미매칭,,,0,0,
선운14,화정무등파크,미매칭,,,0,0,
선운14,한국수자원공사,미매칭,,,0,0,
지원15,월남동,미매칭,,,0,0,
지원15,주남,미매칭,,,0,0,
지원15,녹동,미매칭,,,0,0,
지원15,지원화훼단지,미매칭,,,0,0,
지원15,지원2동행정복지센터입구,미매칭,,,0,0,
지원15,소태역,미매칭,,,0,0,
지원15,광주남초교,미매칭,,,0,0,
지원15,동구문화센터,미매칭,,,0,0,
지원15,삼익세라믹,미매칭,,,0,0,
지원15,학동증심사입구역,미매칭,,,0,0,
지원15,조선대병원,미매칭,,,0,0,
지원15,조선대공과대학,미매칭,,,0,0,
지원15,조선대,미매칭,,,0,0,
지원15,살레시오여고,미매칭,,,0,0,
지원15,법원입구,미매칭,,,0,0,
지원15,산수오거리,미매칭,,,0,0,
지원15,두암지구입구,미매칭,,,0,0,
지원15,풍향삼거리,미매칭,,,0,0,
지원15,교육대,미매칭,,,0,0,
지원15,서방시장(남),미매칭,,,0,0,
지원15,동강대,미매칭,,,0,0,
지원15,말바우시장(동),미매칭,,,0,0,
지원15,무등도서관,미매칭,,,0,0,
지원15,문화중,미매칭,,,0,0,
지원15,현대아파트,미매칭,,,0,0,
지원15,주공아파트,미매칭,,,0,0,
지원15,성산맨션,미매칭,,,0,0,
지원15,도로교통공단 대신파크,미매칭,,,0,0,
지원15,오치한전,미매칭,,,0,0,
지원15,서산초교,미매칭,,,0,0,
지원15,오치1동행정복지센터,미매칭,,,0,0,
지원15,31사단,미매칭,,,0,0,
지원15,원삼각마을 삼일아파트,미매칭,,,0,0,
지원15,일곡사거리,미매칭,,,0,0,
지원15,일곡초교,미매칭,,,0,0,
지원15,서일초교,미매칭,,,0,0,
지원15,일곡삼호아파트,미매칭,,,0,0,
지원15,명상의집,미매칭,,,0,0,
지원15,우치공원,미매칭,,,0,0,
지원15,생룡,미매칭,,,0,0,
지원15,지산마을,미매칭,,,0,0,
지원15,용전사거리(북),미매칭,,,0,0,
지원15,대진운수,미매칭,,,0,0,
지원15,용전입구,미매칭,,,0,0,
지원15,전통공예문화학교,미매칭,,,0,0,
지원15,효령노인복지타운,미매칭,,,0,0,
지원15,북초교,미매칭,,,0,0,
지원15,수곡,미매칭,,,0,0,
지원15,두촌,미매칭,,,0,0,
지원15,단지삼거리,미매칭,,,0,0,
지원15,태령,미매칭,,,0,0,
지원15,양일로입구,미매칭,,,0,0,
지원15,말바우시장(남),미매칭,,,0,0,
지원15,서방시장(북),미매칭,,,0,0,
지원15,남광주사거리,미매칭,,,0,0,
매월16,대창운수,미매칭,,,0,0,
매월16,국립광주과학관,미매칭,,,0,0,
매월16,한국생산기술연구원,미매칭,,,0,0,
매월16,한국전자통신연구원,미매칭,,,0,0,
매월16,과기원,미매칭,,,0,0,
매월16,쌍암공원,미매칭,,,0,0,
매월16,첨단1동행정복지센터,미매칭,,,0,0,
매월16,첨단2동행정복지센터,미매칭,,,0,0,
매월16,첨단부영아파트,미매칭,,,0,0,
매월16,첨단호반3차아파트,미매칭,,,0,0,
매월16,첨단생활체육공원,미매칭,,,0,0,
매월16,보훈병원,미매칭,,,0,0,
매월16,전자공고,미매칭,,,0,0,
매월16,신창용수마을,미매칭,,,0,0,
매월16,전남공고입구,미매칭,,,0,0,
매월16,보건대입구,미매칭,,,0,0,
매월16,반촌,미매칭,,,0,0,
매월16,산동교,미매칭,,,0,0,
매월16,동림푸른마을,미매칭,,,0,0,
매월16,시립장애인복지관,미매칭,,,0,0,
매월16,운암우미아파트,미매칭,,,0,0,
매월16,운암중,미매칭,,,0,0,
매월16,운암3단지,미매칭,,,0,0,
매월16,운암벽산블루밍,미매칭,,,0,0,
매월16,문화예술회관,미매칭,,,0,0,
매월16,운암시장,미매칭,,,0,0,
매월16,경신여고,미매칭,,,0,0,
매월16,광주기아챔피언스필드,미매칭,,,0,0,
매월16,광주기아챔피언스필드정문,미매칭,,,0,0,
매월16,임동한국아델리움2차,미매칭,,,0,0,
매월16,현대자동차,미매칭,,,0,0,
매월16,광주종합버스터미널,미매칭,,,0,0,
매월16,기아차중문,미매칭,,,0,0,
매월16,광명하이츠후문,미매칭,,,0,0,
매월16,버들마을,미매칭,,,0,0,
매월16,계수,미매칭,,,0,0,
매월16,시청,미매칭,,,0,0,
매월16,한국은행,미매칭,,,0,0,
매월16,한국국토정보공사,미매칭,,,0,0,
매월16,한국수자원공사,미매칭,,,0,0,
매월16,농협운천지점,미매칭,,,0,0,
매월16,상무지구입구,미매칭,,,0,0,
매월16,운천역,미매칭,,,0,0,
매월16,서광주세무서,미매칭,,,0,0,
매월16,쌍촌역,미매칭,,,0,0,
매월16,가톨릭대평생교육원,미매칭,,,0,0,
매월16,서광주우체국,미매칭,,,0,0,
매월16,염주사거리(서),미매칭,,,0,0,
매월16,염주주공,미매칭,,,0,0,
매월16,염주체육관,미매칭,,,0,0,
매월16,월드컵경기장,미매칭,,,0,0,
매월16,금호모아아파트,미매칭,,,0,0,
매월16,금호도개공아파트,미매칭,,,0,0,
매월16,서창농협,미매칭,,,0,0,
매월16,마재종원아파트,미매칭,,,0,0,
매월16,광주중,미매칭,,,0,0,
매월16,동산교차로(북),미매칭,,,0,0,
매월16,동산교차로,미매칭,,,0,0,
매월16,동산교차로(남),미매칭,,,0,0,
매월16,공구단지,미매칭,,,0,0,
매월16,화훼단지,미매칭,,,0,0,
매월16,대동고,미매칭,,,0,0,
매월16,매월동(북),미매칭,,,0,0,
매월16,풍암사거리(서),미매칭,,,0,0,
매월16,만호초교,미매칭,,,0,0,
매월16,한국농어촌공사,미매칭,,,0,0,
매월16,상무쌍용금호아파트,미매칭,,,0,0,
매월16,운천초교,미매칭,,,0,0,
매월16,상무대우아파트,미매칭,,,0,0,
진월17,장등동,성공,정확일치,장등동,1,1,북구 석곡동
진월17,도선사,미매칭,,,0,0,
진월17,문흥지구입구(서),미매칭,,,0,0,
진월17,문흥라인동산아파트,미매칭,,,0,0,
진월17,문흥라인아파트,미매칭,,,0,0,
진월17,문흥명지아파트,미매칭,,,0,0,
진월17,문흥고가,미매칭,,,0,0,
진월17,광주병원,미매칭,,,0,0,
진월17,광신아파트,미매칭,,,0,0,
진월17,문화아파트,미매칭,,,0,0,
진월17,문화초교,미매칭,,,0,0,
진월17,두암라인동산아파트,미매칭,,,0,0,
진월17,대주빌라,미매칭,,,0,0,
진월17,삼정초교,미매칭,,,0,0,
진월17,두암주공아파트,미매칭,,,0,0,
진월17,율곡초교,미매칭,,,0,0,
진월17,호남맨션,미매칭,,,0,0,
진월17,산수2동행정복지센터,미매칭,,,0,0,
진월17,동산아파트,미매칭,,,0,0,
진월17,동산초교,미매칭,,,0,0,
진월17,법원,미매칭,,,0,0,
진월17,살레시오여고,미매칭,,,0,0,
진월17,조선대,미매칭,,,0,0,
진월17,조선대공과대학,미매칭,,,0,0,
진월17,남광주역,미매칭,,,0,0,
진월17,양림휴먼시아2차,미매칭,,,0,0,
진월17,양림휴먼시아1차,미매칭,,,0,0,
진월17,남광주농협,미매칭,,,0,0,
진월17,백운광장,미매칭,,,0,0,
진월17,호남삼육고입구,미매칭,,,0,0,
진월17,대광여고,미매칭,,,0,0,
진월17,진월대주아파트,미매칭,,,0,0,
진월17,대성여고,미매칭,,,0,0,
진월17,동성고,미매칭,,,0,0,
진월17,송하삼익아파트,미매칭,,,0,0,
진월17,남선산업,미매칭,,,0,0,
진월17,송암공단입구,미매칭,,,0,0,
진월17,송원대,미매칭,,,0,0,
진월17,동명회/송원고,미매칭,,,0,0,
진월17,운리마을,미매칭,,,0,0,
진월17,풍암대주아파트,미매칭,,,0,0,
진월17,풍암사거리(동),미매칭,,,0,0,
진월17,마재부영아파트,미매칭,,,0,0,
진월17,마재대주아파트,미매칭,,,0,0,
진월17,서창농협,미매칭,,,0,0,
진월17,만호초교,미매칭,,,0,0,
진월17,만호마을,미매칭,,,0,0,
진월17,무등교회,미매칭,,,0,0,
진월17,서광주역,미매칭,,,0,0,
진월17,동산교차로,미매칭,,,0,0,
진월17,동산교차로(북),미매칭,,,0,0,
진월17,서구문화센터,미매칭,,,0,0,
진월17,매월종합상가입구,미매칭,,,0,0,
진월17,광주대입구,미매칭,,,0,0,
진월17,문흥지구입구(동),미매칭,,,0,0,
진월17,도동고개,미매칭,,,0,0,
문흥18,장등동,성공,정확일치,장등동,1,1,북구 석곡동
문흥18,도선사,미매칭,,,0,0,
문흥18,문흥지구입구(서),미매칭,,,0,0,
문흥18,문흥금호아파트,미매칭,,,0,0,
문흥18,문산중,미매칭,,,0,0,
문흥18,문흥1동행정복지센터,미매칭,,,0,0,
문흥18,샛터코아,미매칭,,,0,0,
문흥18,문흥명지아파트,미매칭,,,0,0,
문흥18,문흥고가,미매칭,,,0,0,
문흥18,광주병원,미매칭,,,0,0,
문흥18,문화중,미매칭,,,0,0,
문흥18,현대아파트,미매칭,,,0,0,
문흥18,주공아파트,미매칭,,,0,0,
문흥18,전남대공과대학,미매칭,,,0,0,
문흥18,전남대스포츠센터,미매칭,,,0,0,
문흥18,효동초교입구,미매칭,,,0,0,
문흥18,광주역육교,미매칭,,,0,0,
문흥18,전남대사거리(동),미매칭,,,0,0,
문흥18,용봉초교,미매칭,,,0,0,
문흥18,신안교,미매칭,,,0,0,
문흥18,광주지방기상청,미매칭,,,0,0,
문흥18,경신여고,미매칭,,,0,0,
문흥18,운암시장,미매칭,,,0,0,
문흥18,운암3단지,미매칭,,,0,0,
문흥18,운암초교,미매칭,,,0,0,
문흥18,서영대,미매칭,,,0,0,
문흥18,동천우미린아파트,미매칭,,,0,0,
문흥18,동천마을3단지,미매칭,,,0,0,
문흥18,동천마을1단지,미매칭,,,0,0,
문흥18,동림 I.C 입구,미매칭,,,0,0,
문흥18,광신대교,미매칭,,,0,0,
문흥18,풍영정입구,미매칭,,,0,0,
문흥18,극락강역입구,미매칭,,,0,0,
문흥18,신가동,미매칭,,,0,0,
문흥18,목련마을,미매칭,,,0,0,
문흥18,목련마을6단지,미매칭,,,0,0,
문흥18,운남삼성아파트,미매칭,,,0,0,
문흥18,광산구노인복지회관,미매칭,,,0,0,
문흥18,영천초교,미매칭,,,0,0,
문흥18,월곡시장,미매칭,,,0,0,
문흥18,월곡일신아파트,미매칭,,,0,0,
문흥18,하남중,미매칭,,,0,0,
문흥18,역산공원입구,미매칭,,,0,0,
문흥18,산정중입구,미매칭,,,0,0,
문흥18,산정초교,미매칭,,,0,0,
문흥18,다사로움1차아파트,미매칭,,,0,0,
문흥18,하남2지구,미매칭,,,0,0,
문흥18,하남1교,미매칭,,,0,0,
문흥18,하남3지구모아엘가,미매칭,,,0,0,
문흥18,광산소방서입구,미매칭,,,0,0,
문흥18,세방전지,미매칭,,,0,0,
문흥18,광주그린카진흥원입구,미매칭,,,0,0,
문흥18,현대위아,미매칭,,,0,0,
문흥18,RTM,미매칭,,,0,0,
문흥18,수호,미매칭,,,0,0,
문흥18,LG전자광주물류센터,미매칭,,,0,0,
문흥18,케이엔,미매칭,,,0,0,
문흥18,진곡산단,미매칭,,,0,0,
문흥18,운암벽산블루밍,미매칭,,,0,0,
문흥18,문화예술회관,미매칭,,,0,0,
문흥18,중흥삼거리,미매칭,,,0,0,
문흥18,북구차량등록민원실,미매칭,,,0,0,
문흥18,문흥지구입구(동),미매칭,,,0,0,
문흥18,도동고개,미매칭,,,0,0,
송정19,도산동,미매칭,,,0,0,
송정19,도산파출소,미매칭,,,0,0,
송정19,공군부대,미매칭,,,0,0,
송정19,공군부대후문,미매칭,,,0,0,
송정19,송정호반아파트,미매칭,,,0,0,
송정19,도산동행정복지센터,미매칭,,,0,0,
송정19,송정초교,미매칭,,,0,0,
송정19,금강1길,미매칭,,,0,0,
송정19,광주송정역,미매칭,,,0,0,
송정19,광산구청,미매칭,,,0,0,
송정19,영광통,미매칭,,,0,0,
송정19,송정공원역,미매칭,,,0,0,
송정19,송정파출소(북),미매칭,,,0,0,
송정19,공항역,미매칭,,,0,0,
송정19,장암마을,미매칭,,,0,0,
송정19,서창입구,미매칭,,,0,0,
송정19,월암,미매칭,,,0,0,
송정19,김대중컨벤션센터(마륵)역,미매칭,,,0,0,
송정19,전남고입구,미매칭,,,0,0,
송정19,상무역,미매칭,,,0,0,
송정19,상무지구입구,미매칭,,,0,0,
송정19,운천역,미매칭,,,0,0,
송정19,서광주세무서,미매칭,,,0,0,
송정19,쌍촌역,미매칭,,,0,0,
송정19,잿등,미매칭,,,0,0,
송정19,화정역,미매칭,,,0,0,
송정19,서석고,미매칭,,,0,0,
송정19,서구청,미매칭,,,0,0,
송정19,서광주한전,미매칭,,,0,0,
송정19,돌고개역(동),미매칭,,,0,0,
송정19,양동시장역(남),미매칭,,,0,0,
송정19,광주은행북부지점,미매칭,,,0,0,
송정19,광주일고/광주고용센터,미매칭,,,0,0,
송정19,롯데백화점,미매칭,,,0,0,
송정19,대인광장(북),미매칭,,,0,0,
송정19,중흥시장,미매칭,,,0,0,
송정19,광주역(동),미매칭,,,0,0,
송정19,중흥초교,미매칭,,,0,0,
송정19,4.19기념관,미매칭,,,0,0,
송정19,서방사거리육교,미매칭,,,0,0,
송정19,서방시장(남),미매칭,,,0,0,
송정19,동강대,미매칭,,,0,0,
송정19,말바우시장(서),미매칭,,,0,0,
송정19,평화맨션,미매칭,,,0,0,
송정19,북구청,미매칭,,,0,0,
송정19,전남대동문,미매칭,,,0,0,
송정19,전남대공과대학,미매칭,,,0,0,
송정19,성산맨션,미매칭,,,0,0,
송정19,도로교통공단 대신파크,미매칭,,,0,0,
송정19,오치한전,미매칭,,,0,0,
송정19,용봉중,미매칭,,,0,0,
송정19,자연과학고,미매칭,,,0,0,
송정19,샛터코아,미매칭,,,0,0,
송정19,문흥라인아파트,미매칭,,,0,0,
송정19,문흥라인동산아파트,미매칭,,,0,0,
송정19,문흥지구입구(동),미매칭,,,0,0,
송정19,도동고개,미매칭,,,0,0,
송정19,도선사,미매칭,,,0,0,
송정19,장등동,성공,정확일치,장등동,1,1,북구 석곡동
송정19,문흥지구입구(서),미매칭,,,0,0,
송정19,문흥중,미매칭,,,0,0,
송정19,말바우시장(남),미매칭,,,0,0,
송정19,삼성콜센터,미매칭,,,0,0,
송정19,돌고개역(서),미매칭,,,0,0,
송정19,농성SK뷰,미매칭,,,0,0,
송정19,한국농어촌공사,미매칭,,,0,0,
송정19,광주송정역(동),미매칭,,,0,0,
첨단20,첨단,미매칭,,,0,0,
첨단20,고내입구,미매칭,,,0,0,
첨단20,대촌마을입구,미매칭,,,0,0,
첨단20,대촌마을,미매칭,,,0,0,
첨단20,은혜학교,미매칭,,,0,0,
첨단20,앰코코리아,미매칭,,,0,0,
첨단20,첨단삼성전자,미매칭,,,0,0,
첨단20,폭스존,미매칭,,,0,0,
첨단20,우편집중국,미매칭,,,0,0,
첨단20,농산물품질관리원,미매칭,,,0,0,
첨단20,첨단우리은행,미매칭,,,0,0,
첨단20,첨단사거리,미매칭,,,0,0,
첨단20,첨단라인아파트,미매칭,,,0,0,
첨단20,첨단초교,미매칭,,,0,0,
첨단20,첨단금호아파트,미매칭,,,0,0,
첨단20,신동아아파트,미매칭,,,0,0,
첨단20,동원촌,미매칭,,,0,0,
첨단20,비아농협,미매칭,,,0,0,
첨단20,비아호반아파트,미매칭,,,0,0,
첨단20,비아119안전센터(북),미매칭,,,0,0,
첨단20,비아119안전센터(서),미매칭,,,0,0,
첨단20,비아중흥아파트,미매칭,,,0,0,
첨단20,도촌교,미매칭,,,0,0,
첨단20,안청,미매칭,,,0,0,
첨단20,안청농협,미매칭,,,0,0,
첨단20,하남철강,미매칭,,,0,0,
첨단20,도현,미매칭,,,0,0,
첨단20,진곡동길,미매칭,,,0,0,
첨단20,오선동,미매칭,,,0,0,
첨단20,한국알프스,미매칭,,,0,0,
첨단20,호남샤니,미매칭,,,0,0,
첨단20,경방,미매칭,,,0,0,
첨단20,중앙일보,미매칭,,,0,0,
첨단20,신성화학,미매칭,,,0,0,
첨단20,정우화학,미매칭,,,0,0,
첨단20,단전,미매칭,,,0,0,
첨단20,흑석사거리(서),미매칭,,,0,0,
첨단20,흑석사거리(남),미매칭,,,0,0,
첨단20,영천마을9단지,미매칭,,,0,0,
첨단20,월곡시장,미매칭,,,0,0,
첨단20,월곡일신아파트,미매칭,,,0,0,
첨단20,어등초교,미매칭,,,0,0,
첨단20,광산중,미매칭,,,0,0,
첨단20,상수도광산사업소,미매칭,,,0,0,
첨단20,대덕훼미리아파트,미매칭,,,0,0,
첨단20,우산동중흥S클래스,미매칭,,,0,0,
첨단20,아리랑고개,미매칭,,,0,0,
첨단20,송정I.C,미매칭,,,0,0,
첨단20,송정파출소(남),미매칭,,,0,0,
첨단20,공항역,미매칭,,,0,0,
첨단20,장암마을,미매칭,,,0,0,
첨단20,서창입구,미매칭,,,0,0,
첨단20,월암,미매칭,,,0,0,
첨단20,김대중컨벤션센터(마륵)역,미매칭,,,0,0,
첨단20,전남고입구,미매칭,,,0,0,
첨단20,상무역,미매칭,,,0,0,
첨단20,상무지구입구,미매칭,,,0,0,
첨단20,운천저수지,미매칭,,,0,0,
첨단20,상무중,미매칭,,,0,0,
첨단20,광주학생독립운동기념관,미매칭,,,0,0,
첨단20,쌍촌시영아파트,미매칭,,,0,0,
첨단20,보건환경연구원,미매칭,,,0,0,
첨단20,염주사거리(서),미매칭,,,0,0,
첨단20,염주주공,미매칭,,,0,0,
첨단20,염주체육관,미매칭,,,0,0,
첨단20,월드컵경기장,미매칭,,,0,0,
첨단20,치평중,미매칭,,,0,0,
첨단20,광산소방서입구,미매칭,,,0,0,
첨단20,비아중,미매칭,,,0,0,
첨단22,첨단,미매칭,,,0,0,
첨단22,고내입구,미매칭,,,0,0,
첨단22,대촌마을입구,미매칭,,,0,0,
첨단22,대촌마을,미매칭,,,0,0,
첨단22,은혜학교,미매칭,,,0,0,
첨단22,앰코코리아,미매칭,,,0,0,
첨단22,첨단삼성전자,미매칭,,,0,0,
첨단22,폭스존,미매칭,,,0,0,
첨단22,우편집중국,미매칭,,,0,0,
첨단22,농산물품질관리원,미매칭,,,0,0,
첨단22,첨단2동행정복지센터,미매칭,,,0,0,
첨단22,무양서원입구,미매칭,,,0,0,
첨단22,남부대,미매칭,,,0,0,
첨단22,전자공고,미매칭,,,0,0,
첨단22,보훈병원,미매칭,,,0,0,
첨단22,첨단휴먼시아,미매칭,,,0,0,
첨단22,신용초등학교,미매칭,,,0,0,
첨단22,빛고을고입구,미매칭,,,0,0,
첨단22,신용중입구,미매칭,,,0,0,
첨단22,첨단2호반아파트,미매칭,,,0,0,
첨단22,첨단과학산업단지,미매칭,,,0,0,
첨단22,동천마을1단지,미매칭,,,0,0,
첨단22,동천마을3단지,미매칭,,,0,0,
첨단22,동천동행정복지센터,미매칭,,,0,0,
첨단22,칠성마을사거리,미매칭,,,0,0,
첨단22,유덕초교,미매칭,,,0,0,
첨단22,상무호반3차아파트,미매칭,,,0,0,
첨단22,모아제일아파트,미매칭,,,0,0,
첨단22,5.18기념문화센터,미매칭,,,0,0,
첨단22,시청,미매칭,,,0,0,
첨단22,한국은행,미매칭,,,0,0,
첨단22,한국국토정보공사,미매칭,,,0,0,
첨단22,한국수자원공사,미매칭,,,0,0,
첨단22,농협운천지점,미매칭,,,0,0,
첨단22,상무역(남),미매칭,,,0,0,
첨단22,희망가아파트,미매칭,,,0,0,
첨단22,자활촌입구,미매칭,,,0,0,
첨단22,금호저수지입구,미매칭,,,0,0,
첨단22,무등교회,미매칭,,,0,0,
첨단22,서광주역,미매칭,,,0,0,
첨단22,동산교차로,미매칭,,,0,0,
첨단22,동산교차로(북),미매칭,,,0,0,
첨단22,신수교,미매칭,,,0,0,
첨단22,연제외촌입구,미매칭,,,0,0,
첨단22,빛고을로입구,미매칭,,,0,0,
첨단22,첨단우리은행,미매칭,,,0,0,
첨단23,장등동,성공,정확일치,장등동,1,1,북구 석곡동
첨단23,도선사입구,미매칭,,,0,0,
첨단23,힐스테이트각화아파트,미매칭,,,0,0,
첨단23,각화중,미매칭,,,0,0,
첨단23,각화초교,미매칭,,,0,0,
첨단23,금호아파트,미매칭,,,0,0,
첨단23,동광주진입로,미매칭,,,0,0,
첨단23,농산물공판장,미매칭,,,0,0,
첨단23,문흥지구입구(서),미매칭,,,0,0,
첨단23,문흥라인동산아파트,미매칭,,,0,0,
첨단23,문흥라인아파트,미매칭,,,0,0,
첨단23,문흥중,미매칭,,,0,0,
첨단23,자연과학고,미매칭,,,0,0,
첨단23,용봉중,미매칭,,,0,0,
첨단23,오치주공,미매칭,,,0,0,
첨단23,북부경찰서,미매칭,,,0,0,
첨단23,광주공고입구,미매칭,,,0,0,
첨단23,고려고,미매칭,,,0,0,
첨단23,삼각그린타운,미매칭,,,0,0,
첨단23,국제고,미매칭,,,0,0,
첨단23,향토음식박물관,미매칭,,,0,0,
첨단23,오비맥주,미매칭,,,0,0,
첨단23,코카콜라,미매칭,,,0,0,
첨단23,롯데칠성,미매칭,,,0,0,
첨단23,KT&G광주공장,미매칭,,,0,0,
첨단23,양산호수공원,미매칭,,,0,0,
첨단23,양산초교입구,미매칭,,,0,0,
첨단23,양산타운,미매칭,,,0,0,
첨단23,용두주공,미매칭,,,0,0,
첨단23,복룡입구,미매칭,,,0,0,
첨단23,교통공원,미매칭,,,0,0,
첨단23,우편집중국,미매칭,,,0,0,
첨단23,농산물품질관리원,미매칭,,,0,0,
첨단23,첨단우리은행,미매칭,,,0,0,
첨단23,첨단사거리,미매칭,,,0,0,
첨단23,첨단라인아파트,미매칭,,,0,0,
첨단23,첨단초교,미매칭,,,0,0,
첨단23,첨단금호아파트,미매칭,,,0,0,
첨단23,과기원,미매칭,,,0,0,
첨단23,한국전자통신연구원,미매칭,,,0,0,
첨단23,한국생산기술연구원,미매칭,,,0,0,
첨단23,국립광주과학관,미매칭,,,0,0,
첨단23,대창운수,미매칭,,,0,0,
첨단23,샛터코아,미매칭,,,0,0,
첨단23,문흥지구입구(남),미매칭,,,0,0,
첨단23,보광사,미매칭,,,0,0,
첨단23,도선사,미매칭,,,0,0,
첨단23,농성1동주민센터,미매칭,,,0,0,
지원25,월남동,미매칭,,,0,0,
지원25,주남,미매칭,,,0,0,
지원25,녹동,미매칭,,,0,0,
지원25,지원화훼단지,미매칭,,,0,0,
지원25,지원2동행정복지센터입구,미매칭,,,0,0,
지원25,소태역,미매칭,,,0,0,
지원25,광주남초교,미매칭,,,0,0,
지원25,동구문화센터,미매칭,,,0,0,
지원25,삼익세라믹,미매칭,,,0,0,
지원25,학동증심사입구역,미매칭,,,0,0,
지원25,조선대병원,미매칭,,,0,0,
지원25,남광주역,미매칭,,,0,0,
지원25,양림휴먼시아2차,미매칭,,,0,0,
지원25,양림휴먼시아1차,미매칭,,,0,0,
지원25,남광주농협,미매칭,,,0,0,
지원25,주월주택단지,미매칭,,,0,0,
지원25,신우아파트,미매칭,,,0,0,
지원25,월산5동,미매칭,,,0,0,
지원25,월산4동,미매칭,,,0,0,
지원25,건강협회,미매칭,,,0,0,
지원25,상공회의소,미매칭,,,0,0,
지원25,화정중흥파크,미매칭,,,0,0,
지원25,신세계백화점,미매칭,,,0,0,
지원25,광주종합버스터미널,미매칭,,,0,0,
지원25,기아차정문,미매칭,,,0,0,
지원25,광천E편한세상,미매칭,,,0,0,
지원25,진성아파트,미매칭,,,0,0,
지원25,삼우아파트,미매칭,,,0,0,
지원25,광천동,미매칭,,,0,0,
지원25,칠성마을,미매칭,,,0,0,
지원25,유덕초교,미매칭,,,0,0,
지원25,버들마을,미매칭,,,0,0,
지원25,계수,미매칭,,,0,0,
지원25,시청,미매칭,,,0,0,
지원25,한국은행,미매칭,,,0,0,
지원25,한국국토정보공사,미매칭,,,0,0,
지원25,한국수자원공사,미매칭,,,0,0,
지원25,농협운천지점,미매칭,,,0,0,
지원25,상무역,미매칭,,,0,0,
지원25,전남고입구,미매칭,,,0,0,
지원25,전남고,미매칭,,,0,0,
지원25,상무금호아파트,미매칭,,,0,0,
지원25,상무해광한신아파트,미매칭,,,0,0,
지원25,상무시민공원,미매칭,,,0,0,
지원25,보훈회관(서),미매칭,,,0,0,
지원25,서창사거리,미매칭,,,0,0,
지원25,서창농협벽진지점,미매칭,,,0,0,
지원25,다사랑병원,미매칭,,,0,0,
지원25,서광주역,미매칭,,,0,0,
지원25,동산교차로,미매칭,,,0,0,
지원25,동산교차로(북),미매칭,,,0,0,
지원25,상무역(북),미매칭,,,0,0,
지원25,극락초교,미매칭,,,0,0,
지원25,버들주공1단지,미매칭,,,0,0,
지원25,남광주사거리,미매칭,,,0,0,
매월26,매월동(북),미매칭,,,0,0,
매월26,대동고,미매칭,,,0,0,
매월26,화훼단지,미매칭,,,0,0,
매월26,공구단지,미매칭,,,0,0,
매월26,풍암사거리(동),미매칭,,,0,0,
매월26,마재부영아파트,미매칭,,,0,0,
매월26,마재대주아파트,미매칭,,,0,0,
매월26,서구문화센터,미매칭,,,0,0,
매월26,금호도개공아파트,미매칭,,,0,0,
매월26,금호모아아파트,미매칭,,,0,0,
매월26,월드컵경기장,미매칭,,,0,0,
매월26,염주체육관,미매칭,,,0,0,
매월26,염주주공,미매칭,,,0,0,
매월26,염주사거리(동),미매칭,,,0,0,
매월26,염주맨션,미매칭,,,0,0,
매월26,화정중,미매칭,,,0,0,
매월26,광주광역시교육청/광덕고,미매칭,,,0,0,
매월26,화정사거리,미매칭,,,0,0,
매월26,화정현대아파트,미매칭,,,0,0,
매월26,기아자동차,미매칭,,,0,0,
매월26,광주종합버스터미널,미매칭,,,0,0,
매월26,광천치안센터,미매칭,,,0,0,
매월26,제2광천교,미매칭,,,0,0,
매월26,경신여고,미매칭,,,0,0,
매월26,광주지방기상청,미매칭,,,0,0,
매월26,신안교,미매칭,,,0,0,
매월26,용봉초교,미매칭,,,0,0,
매월26,전남대,미매칭,,,0,0,
매월26,전대치과병원,미매칭,,,0,0,
매월26,용봉2휴먼시아아파트,미매칭,,,0,0,
매월26,신안교입구,미매칭,,,0,0,
매월26,유창아파트,미매칭,,,0,0,
매월26,용주초교,미매칭,,,0,0,
매월26,오치초교,미매칭,,,0,0,
매월26,광주공고입구,미매칭,,,0,0,
매월26,고려고,미매칭,,,0,0,
매월26,삼각그린타운,미매칭,,,0,0,
매월26,국제고,미매칭,,,0,0,
매월26,일곡사거리,미매칭,,,0,0,
매월26,일곡초교,미매칭,,,0,0,
매월26,서일초교,미매칭,,,0,0,
매월26,일곡삼호아파트,미매칭,,,0,0,
매월26,광주교도소,미매칭,,,0,0,
매월26,명상의집,미매칭,,,0,0,
매월26,우치공원,미매칭,,,0,0,
매월26,생룡,미매칭,,,0,0,
매월26,지산마을,미매칭,,,0,0,
매월26,용전사거리(남),미매칭,,,0,0,
매월26,용전,미매칭,,,0,0,
매월26,전남대사거리(서),미매칭,,,0,0,
봉선27,첨단,미매칭,,,0,0,
봉선27,고내입구,미매칭,,,0,0,
봉선27,대촌마을입구,미매칭,,,0,0,
봉선27,한국광기술원,미매칭,,,0,0,
봉선27,산업인력공단사거리,미매칭,,,0,0,
봉선27,구)신한포토닉스,미매칭,,,0,0,
봉선27,정부광주지방합동청사입구,미매칭,,,0,0,
봉선27,광주교통방송,미매칭,,,0,0,
봉선27,첨단초교후문,미매칭,,,0,0,
봉선27,월계중,미매칭,,,0,0,
봉선27,첨단도서관,미매칭,,,0,0,
봉선27,첨단라인8차아파트,미매칭,,,0,0,
봉선27,산월초교입구,미매칭,,,0,0,
봉선27,방송통신대,미매칭,,,0,0,
봉선27,무양서원,미매칭,,,0,0,
봉선27,봉산중,미매칭,,,0,0,
봉선27,보훈병원후문,미매칭,,,0,0,
봉선27,보훈병원,미매칭,,,0,0,
봉선27,전자공고,미매칭,,,0,0,
봉선27,신창용수마을,미매칭,,,0,0,
봉선27,전남공고입구,미매칭,,,0,0,
봉선27,보건대입구,미매칭,,,0,0,
봉선27,반촌,미매칭,,,0,0,
봉선27,산동교,미매칭,,,0,0,
봉선27,동림푸른마을,미매칭,,,0,0,
봉선27,시립장애인복지관,미매칭,,,0,0,
봉선27,운암우미아파트,미매칭,,,0,0,
봉선27,운암중,미매칭,,,0,0,
봉선27,운암3단지,미매칭,,,0,0,
봉선27,운암벽산블루밍,미매칭,,,0,0,
봉선27,문화예술회관,미매칭,,,0,0,
봉선27,운암시장,미매칭,,,0,0,
봉선27,경신여고,미매칭,,,0,0,
봉선27,광주지방기상청,미매칭,,,0,0,
봉선27,신안교,미매칭,,,0,0,
봉선27,용봉초교,미매칭,,,0,0,
봉선27,전남대사거리(동),미매칭,,,0,0,
봉선27,중흥삼거리,미매칭,,,0,0,
봉선27,효동초교입구,미매칭,,,0,0,
봉선27,북구차량등록민원실,미매칭,,,0,0,
봉선27,북구청,미매칭,,,0,0,
봉선27,평화맨션,미매칭,,,0,0,
봉선27,말바우시장(서),미매칭,,,0,0,
봉선27,동강대후문,미매칭,,,0,0,
봉선27,청명아파트,미매칭,,,0,0,
봉선27,덕산아파트,미매칭,,,0,0,
봉선27,두암주공입구,미매칭,,,0,0,
봉선27,교대금호어울림,미매칭,,,0,0,
봉선27,풍향시장,미매칭,,,0,0,
봉선27,두암지구입구,미매칭,,,0,0,
봉선27,산수오거리,미매칭,,,0,0,
봉선27,법원입구,미매칭,,,0,0,
봉선27,살레시오여고,미매칭,,,0,0,
봉선27,조선대,미매칭,,,0,0,
봉선27,조선대공과대학,미매칭,,,0,0,
봉선27,남광주역,미매칭,,,0,0,
봉선27,양림휴먼시아2차,미매칭,,,0,0,
봉선27,양림휴먼시아1차,미매칭,,,0,0,
봉선27,남광주농협,미매칭,,,0,0,
봉선27,남구청,미매칭,,,0,0,
봉선27,주월중입구,미매칭,,,0,0,
봉선27,봉선라인아파트,미매칭,,,0,0,
봉선27,봉선삼익아파트(남),미매칭,,,0,0,
봉선27,봉선2동행정복지센터,미매칭,,,0,0,
봉선27,남구문화예술회관,미매칭,,,0,0,
봉선27,용산지구대성베르힐,미매칭,,,0,0,
봉선27,용산지구모아엘가에듀파크,미매칭,,,0,0,
봉선27,용산지구,미매칭,,,0,0,
봉선27,봉선대화아파트,미매칭,,,0,0,
봉선27,광주역육교,미매칭,,,0,0,
일곡28,매월동(북),미매칭,,,0,0,
일곡28,대동고,미매칭,,,0,0,
일곡28,화훼단지,미매칭,,,0,0,
일곡28,공구단지,미매칭,,,0,0,
일곡28,매월종합상가입구,미매칭,,,0,0,
일곡28,운리마을,미매칭,,,0,0,
일곡28,동명회/송원고,미매칭,,,0,0,
일곡28,송원대,미매칭,,,0,0,
일곡28,송암공단입구,미매칭,,,0,0,
일곡28,남선산업,미매칭,,,0,0,
일곡28,송하삼익아파트,미매칭,,,0,0,
일곡28,광주대입구,미매칭,,,0,0,
일곡28,동성고,미매칭,,,0,0,
일곡28,대성여고,미매칭,,,0,0,
일곡28,진월대주아파트,미매칭,,,0,0,
일곡28,대광여고,미매칭,,,0,0,
일곡28,백운광장,미매칭,,,0,0,
일곡28,남구청,미매칭,,,0,0,
일곡28,주월중입구,미매칭,,,0,0,
일곡28,봉선대화아파트,미매칭,,,0,0,
일곡28,구남구청,미매칭,,,0,0,
일곡28,조봉초교,미매칭,,,0,0,
일곡28,봉선삼익아파트(남),미매칭,,,0,0,
일곡28,봉선삼익사거리,미매칭,,,0,0,
일곡28,모아2차아파트,미매칭,,,0,0,
일곡28,라인효친,미매칭,,,0,0,
일곡28,송림주택,미매칭,,,0,0,
일곡28,방림삼거리,미매칭,,,0,0,
일곡28,학림교,미매칭,,,0,0,
일곡28,남광주역,미매칭,,,0,0,
일곡28,조선대공과대학,미매칭,,,0,0,
일곡28,조선대,미매칭,,,0,0,
일곡28,살레시오여고,미매칭,,,0,0,
일곡28,법원입구,미매칭,,,0,0,
일곡28,산수오거리,미매칭,,,0,0,
일곡28,두암지구입구,미매칭,,,0,0,
일곡28,풍향시장,미매칭,,,0,0,
일곡28,교대금호어울림,미매칭,,,0,0,
일곡28,두암주공입구,미매칭,,,0,0,
일곡28,덕산아파트,미매칭,,,0,0,
일곡28,청명아파트,미매칭,,,0,0,
일곡28,동강대후문,미매칭,,,0,0,
일곡28,말바우시장(서),미매칭,,,0,0,
일곡28,평화맨션,미매칭,,,0,0,
일곡28,북구청,미매칭,,,0,0,
일곡28,전남대동문,미매칭,,,0,0,
일곡28,전남대공과대학,미매칭,,,0,0,
일곡28,성산맨션,미매칭,,,0,0,
일곡28,도로교통공단 대신파크,미매칭,,,0,0,
일곡28,오치한전,미매칭,,,0,0,
일곡28,서산초교,미매칭,,,0,0,
일곡28,오치1동행정복지센터,미매칭,,,0,0,
일곡28,31사단,미매칭,,,0,0,
일곡28,원삼각마을 삼일아파트,미매칭,,,0,0,
일곡28,월산(삼각동),미매칭,,,0,0,
일곡28,일곡청솔4차아파트,미매칭,,,0,0,
일곡28,일곡현대3차아파트,미매칭,,,0,0,
일곡28,유격훈련장,미매칭,,,0,0,
일곡28,살레시오고입구,미매칭,,,0,0,
일곡28,살레시오고,미매칭,,,0,0,
일곡28,양일로입구,미매칭,,,0,0,
일곡28,호남삼육고입구,미매칭,,,0,0,
일곡28,풍암대주아파트,미매칭,,,0,0,
송정29,도산동,미매칭,,,0,0,
송정29,도산파출소,미매칭,,,0,0,
송정29,도산역,미매칭,,,0,0,
송정29,신동사거리,미매칭,,,0,0,
송정29,광주송정역,미매칭,,,0,0,
송정29,광산구청,미매칭,,,0,0,
송정29,영광통,미매칭,,,0,0,
송정29,송정공원역,미매칭,,,0,0,
송정29,송정파출소(북),미매칭,,,0,0,
송정29,송정I.C,미매칭,,,0,0,
송정29,아리랑고개,미매칭,,,0,0,
송정29,소촌금호아파트,미매칭,,,0,0,
송정29,광산중,미매칭,,,0,0,
송정29,어등초교,미매칭,,,0,0,
송정29,월곡일신아파트,미매칭,,,0,0,
송정29,월곡시장,미매칭,,,0,0,
송정29,영천초교,미매칭,,,0,0,
송정29,광산구노인복지회관,미매칭,,,0,0,
송정29,운남삼성아파트,미매칭,,,0,0,
송정29,목련마을6단지,미매칭,,,0,0,
송정29,목련마을,미매칭,,,0,0,
송정29,신가동,미매칭,,,0,0,
송정29,신가사거리,미매칭,,,0,0,
송정29,신가주공아파트,미매칭,,,0,0,
송정29,신가우미아파트,미매칭,,,0,0,
송정29,신가중,미매칭,,,0,0,
송정29,신창동우체국,미매칭,,,0,0,
송정29,신창중,미매칭,,,0,0,
송정29,신창초교,미매칭,,,0,0,
송정29,신창용수마을,미매칭,,,0,0,
송정29,전남공고입구,미매칭,,,0,0,
송정29,보건대입구,미매칭,,,0,0,
송정29,반촌,미매칭,,,0,0,
송정29,산동교,미매칭,,,0,0,
송정29,동림푸른마을,미매칭,,,0,0,
송정29,시립장애인복지관,미매칭,,,0,0,
송정29,운암우미아파트,미매칭,,,0,0,
송정29,운암중,미매칭,,,0,0,
송정29,운암3단지,미매칭,,,0,0,
송정29,문화예술회관후문,미매칭,,,0,0,
송정29,체육고/폴리텍대학,미매칭,,,0,0,
송정29,광주박물관,미매칭,,,0,0,
송정29,시립민속박물관,미매칭,,,0,0,
송정29,용봉쌍용아파트,미매칭,,,0,0,
송정29,중외마을,미매칭,,,0,0,
송정29,용봉주공,미매칭,,,0,0,
송정29,광주공고입구,미매칭,,,0,0,
송정29,고려고,미매칭,,,0,0,
송정29,삼각그린타운,미매칭,,,0,0,
송정29,국제고,미매칭,,,0,0,
송정29,일곡사거리,미매칭,,,0,0,
송정29,일곡초교,미매칭,,,0,0,
송정29,서일초교,미매칭,,,0,0,
송정29,일곡삼호아파트,미매칭,,,0,0,
송정29,광주교도소,미매칭,,,0,0,
송정29,살레시오고입구,미매칭,,,0,0,
송정29,살레시오고,미매칭,,,0,0,
송정29,극락강역입구,미매칭,,,0,0,
첨단30,국립광주과학관,미매칭,,,0,0,
첨단30,한국생산기술연구원,미매칭,,,0,0,
첨단30,한국전자통신연구원,미매칭,,,0,0,
첨단30,과기원,미매칭,,,0,0,
첨단30,쌍암공원,미매칭,,,0,0,
첨단30,첨단1동행정복지센터,미매칭,,,0,0,
첨단30,첨단2동행정복지센터,미매칭,,,0,0,
첨단30,무양서원입구,미매칭,,,0,0,
첨단30,남부대,미매칭,,,0,0,
첨단30,전자공고,미매칭,,,0,0,
첨단30,보훈병원,미매칭,,,0,0,
첨단30,첨단생활체육공원,미매칭,,,0,0,
첨단30,첨단롯데마트,미매칭,,,0,0,
첨단30,교통공원,미매칭,,,0,0,
첨단30,복룡입구,미매칭,,,0,0,
첨단30,용두주공,미매칭,,,0,0,
첨단30,양산타운,미매칭,,,0,0,
첨단30,광주은행양산동지점,미매칭,,,0,0,
첨단30,양산택지사거리,미매칭,,,0,0,
첨단30,양지초교,미매칭,,,0,0,
첨단30,동아제약,미매칭,,,0,0,
첨단30,양산호수공원,미매칭,,,0,0,
첨단30,KT&G광주공장,미매칭,,,0,0,
첨단30,롯데칠성,미매칭,,,0,0,
첨단30,코카콜라,미매칭,,,0,0,
첨단30,오비맥주,미매칭,,,0,0,
첨단30,향토음식박물관,미매칭,,,0,0,
첨단30,국제고,미매칭,,,0,0,
첨단30,삼각그린타운,미매칭,,,0,0,
첨단30,고려고,미매칭,,,0,0,
첨단30,광주공고입구,미매칭,,,0,0,
첨단30,오치초교,미매칭,,,0,0,
첨단30,용주초교,미매칭,,,0,0,
첨단30,유창아파트,미매칭,,,0,0,
첨단30,신안교입구,미매칭,,,0,0,
첨단30,용봉2휴먼시아아파트,미매칭,,,0,0,
첨단30,전대치과병원,미매칭,,,0,0,
첨단30,전남대,미매칭,,,0,0,
첨단30,신안사거리,미매칭,,,0,0,
첨단30,광주역,미매칭,,,0,0,
첨단30,유동사거리,미매칭,,,0,0,
첨단30,광주은행북부지점,미매칭,,,0,0,
첨단30,양동시장역(북),미매칭,,,0,0,
첨단30,돌고개역(동),미매칭,,,0,0,
첨단30,서광주전화국,미매칭,,,0,0,
첨단30,농성1동주민센터,미매칭,,,0,0,
첨단30,광천초교,미매칭,,,0,0,
첨단30,현대자동차,미매칭,,,0,0,
첨단30,광주종합버스터미널,미매칭,,,0,0,
첨단30,기아차정문,미매칭,,,0,0,
첨단30,광천E편한세상,미매칭,,,0,0,
첨단30,진성아파트,미매칭,,,0,0,
첨단30,삼우아파트,미매칭,,,0,0,
첨단30,광천동,미매칭,,,0,0,
첨단30,칠성마을,미매칭,,,0,0,
첨단30,동천동행정복지센터,미매칭,,,0,0,
첨단30,동림교,미매칭,,,0,0,
첨단30,동림삼익아파트,성공,정확일치,동림삼익아파트,1,1,북구 동림동
첨단30,운암산코오롱하늘채,미매칭,,,0,0,
첨단30,NC백화점,미매칭,,,0,0,
송암31,송암공단,미매칭,,,0,0,
송암31,송원대,미매칭,,,0,0,
송암31,송암공단입구,미매칭,,,0,0,
송암31,남선산업,미매칭,,,0,0,
송암31,송하삼익아파트,미매칭,,,0,0,
송암31,광주대입구,미매칭,,,0,0,
송암31,동성고,미매칭,,,0,0,
송암31,대성여고,미매칭,,,0,0,
송암31,진월대주아파트,미매칭,,,0,0,
송암31,대광여고,미매칭,,,0,0,
송암31,백운광장,미매칭,,,0,0,
송암31,주월주택단지,미매칭,,,0,0,
송암31,신우아파트,미매칭,,,0,0,
송암31,월산5동,미매칭,,,0,0,
송암31,월산마을입구,미매칭,,,0,0,
송암31,월산마을,미매칭,,,0,0,
송암31,주월초교,미매칭,,,0,0,
송암31,화정중,미매칭,,,0,0,
송암31,광주광역시교육청/광덕고,미매칭,,,0,0,
송암31,화정사거리,미매칭,,,0,0,
송암31,화정현대아파트,미매칭,,,0,0,
송암31,기아자동차,미매칭,,,0,0,
송암31,광주종합버스터미널,미매칭,,,0,0,
송암31,현대자동차,미매칭,,,0,0,
송암31,광천초교,미매칭,,,0,0,
송암31,농성1동주민센터,미매칭,,,0,0,
송암31,서광주전화국,미매칭,,,0,0,
송암31,돌고개역(동),미매칭,,,0,0,
송암31,양동시장역(북),미매칭,,,0,0,
송암31,양동복개쇼핑센터,미매칭,,,0,0,
송암31,천교,미매칭,,,0,0,
송암31,호남삼육고입구,미매칭,,,0,0,
송정33,도산동,미매칭,,,0,0,
송정33,도산파출소,미매칭,,,0,0,
송정33,도산역,미매칭,,,0,0,
송정33,신동사거리,미매칭,,,0,0,
송정33,광주송정역,미매칭,,,0,0,
송정33,광산구청,미매칭,,,0,0,
송정33,영광통,미매칭,,,0,0,
송정33,송정공원역,미매칭,,,0,0,
송정33,송정파출소(북),미매칭,,,0,0,
송정33,송정I.C,미매칭,,,0,0,
송정33,아리랑고개,미매칭,,,0,0,
송정33,우산동중흥S클래스,미매칭,,,0,0,
송정33,대덕훼미리아파트,미매칭,,,0,0,
송정33,상수도광산사업소,미매칭,,,0,0,
송정33,우산리버힐아파트,미매칭,,,0,0,
송정33,우산시영2단지(동),미매칭,,,0,0,
송정33,광주여대,미매칭,,,0,0,
송정33,역산공원입구,미매칭,,,0,0,
송정33,산정중입구,미매칭,,,0,0,
송정33,하남홈플러스,미매칭,,,0,0,
송정33,흑석사거리(서),미매칭,,,0,0,
송정33,흑석사거리(동),미매칭,,,0,0,
송정33,목련마을8단지,미매칭,,,0,0,
송정33,수완중흥S-클래스1차,미매칭,,,0,0,
송정33,광주농수산물유통센터(북),미매칭,,,0,0,
송정33,수완모아엘가,미매칭,,,0,0,
송정33,수완현진에버빌1차,미매칭,,,0,0,
송정33,수완우미린2차,미매칭,,,0,0,
송정33,도천저수지,미매칭,,,0,0,
송정33,응암공원,미매칭,,,0,0,
송정33,첨단초교,미매칭,,,0,0,
송정33,첨단초교후문,미매칭,,,0,0,
송정33,쌍암공원,미매칭,,,0,0,
송정33,과기원,미매칭,,,0,0,
송정33,광주디자인센터,미매칭,,,0,0,
송정33,첨단병원입구,미매칭,,,0,0,
송정33,농산물품질관리원,미매칭,,,0,0,
송정33,우편집중국,미매칭,,,0,0,
송정33,첨단롯데마트,미매칭,,,0,0,
송정33,첨단생활체육공원,미매칭,,,0,0,
송정33,첨단휴먼시아,미매칭,,,0,0,
송정33,신용초교,미매칭,,,0,0,
송정33,빛고을고입구,미매칭,,,0,0,
송정33,신용중입구,미매칭,,,0,0,
송정33,첨단2호반아파트,미매칭,,,0,0,
송정33,첨단과학산업단지,미매칭,,,0,0,
송정33,첨단2체육공원,미매칭,,,0,0,
송정33,화인특장,미매칭,,,0,0,
송정33,연제외촌입구,미매칭,,,0,0,
송정33,연제현대아파트,미매칭,,,0,0,
송정33,한양아파트,미매칭,,,0,0,
송정33,해태제과,미매칭,,,0,0,
송정33,광주다문화가족지원거점센터,미매칭,,,0,0,
송정33,마당고개,미매칭,,,0,0,
송정33,광주박물관,미매칭,,,0,0,
송정33,비엔날레주차장,성공,정확일치,비엔날레주차장,1,1,북구 매곡동
운림35,장등동,성공,정확일치,장등동,1,1,북구 석곡동
운림35,도선사,미매칭,,,0,0,
운림35,문흥지구입구(서),미매칭,,,0,0,
운림35,문흥금호아파트,미매칭,,,0,0,
운림35,문산중,미매칭,,,0,0,
운림35,문흥1동행정복지센터,미매칭,,,0,0,
운림35,문흥중,미매칭,,,0,0,
운림35,자연과학고,미매칭,,,0,0,
운림35,용봉중,미매칭,,,0,0,
운림35,오치한전,미매칭,,,0,0,
운림35,도로교통공단 대신파크,미매칭,,,0,0,
운림35,주공아파트,미매칭,,,0,0,
운림35,현대아파트,미매칭,,,0,0,
운림35,문화중,미매칭,,,0,0,
운림35,무등도서관,미매칭,,,0,0,
운림35,말바우시장(동),미매칭,,,0,0,
운림35,동강대후문,미매칭,,,0,0,
운림35,청명아파트,미매칭,,,0,0,
운림35,덕산아파트,미매칭,,,0,0,
운림35,두암주공입구,미매칭,,,0,0,
운림35,교대금호어울림,미매칭,,,0,0,
운림35,풍향시장,미매칭,,,0,0,
운림35,두암타운후문,미매칭,,,0,0,
운림35,율곡초교,미매칭,,,0,0,
운림35,호남맨션,미매칭,,,0,0,
운림35,산수2동행정복지센터,미매칭,,,0,0,
운림35,동산아파트,미매칭,,,0,0,
운림35,동산초교,미매칭,,,0,0,
운림35,법원,미매칭,,,0,0,
운림35,살레시오여고,미매칭,,,0,0,
운림35,조선대,미매칭,,,0,0,
운림35,조선대공과대학,미매칭,,,0,0,
운림35,남광주사거리,미매칭,,,0,0,
운림35,조선대병원,미매칭,,,0,0,
운림35,학동증심사입구역,미매칭,,,0,0,
운림35,학2마을아파트,미매칭,,,0,0,
운림35,학동평화맨션,미매칭,,,0,0,
운림35,홍림교,미매칭,,,0,0,
운림35,연진회미술원,미매칭,,,0,0,
운림35,운림중,미매칭,,,0,0,
운림35,학운초교,미매칭,,,0,0,
운림35,성촌마을/전통문화관,미매칭,,,0,0,
운림35,무등산국립공원(증심사),미매칭,,,0,0,
운림35,동산마을입구,미매칭,,,0,0,
운림35,학동무등파크,미매칭,,,0,0,
운림35,성산맨션,미매칭,,,0,0,
운림35,문흥지구입구(동),미매칭,,,0,0,
운림35,도동고개,미매칭,,,0,0,
금호36,장등동,성공,정확일치,장등동,1,1,북구 석곡동
금호36,도선사,미매칭,,,0,0,
금호36,문흥지구입구(남),미매칭,,,0,0,
금호36,농산물공판장,미매칭,,,0,0,
금호36,금호아파트,미매칭,,,0,0,
금호36,각화무등파크,미매칭,,,0,0,
금호36,신흥맨션,미매칭,,,0,0,
금호36,문화초교,미매칭,,,0,0,
금호36,두암라인동산아파트,미매칭,,,0,0,
금호36,대주빌라,미매칭,,,0,0,
금호36,삼정초교,미매칭,,,0,0,
금호36,두암주공아파트,미매칭,,,0,0,
금호36,율곡초교,미매칭,,,0,0,
금호36,호남맨션,미매칭,,,0,0,
금호36,산수2동행정복지센터,미매칭,,,0,0,
금호36,동산아파트,미매칭,,,0,0,
금호36,동산초교옆,미매칭,,,0,0,
금호36,지산2동행정복지센터,미매칭,,,0,0,
금호36,매일시장입구,미매칭,,,0,0,
금호36,살레시오여고,미매칭,,,0,0,
금호36,조선대,미매칭,,,0,0,
금호36,서남동행정복지센터,미매칭,,,0,0,
금호36,문화전당역,미매칭,,,0,0,
금호36,"국립아시아문화전당(구,도청)",미매칭,,,0,0,
금호36,금남로4가역,미매칭,,,0,0,
금호36,금남로5가역,미매칭,,,0,0,
금호36,광주일고/광주고용센터,미매칭,,,0,0,
금호36,광주은행북부지점,미매칭,,,0,0,
금호36,양동시장역(북),미매칭,,,0,0,
금호36,돌고개역(서),미매칭,,,0,0,
금호36,서구청,미매칭,,,0,0,
금호36,농성SK뷰,미매칭,,,0,0,
금호36,화정중흥파크,미매칭,,,0,0,
금호36,신세계백화점,미매칭,,,0,0,
금호36,광주종합버스터미널,미매칭,,,0,0,
금호36,기아자동차,미매칭,,,0,0,
금호36,해태아파트,미매칭,,,0,0,
금호36,한국병원,미매칭,,,0,0,
금호36,상무1동행정복지센터,미매칭,,,0,0,
금호36,가톨릭대평생교육원,미매칭,,,0,0,
금호36,서광주우체국,미매칭,,,0,0,
금호36,쌍촌시영아파트,미매칭,,,0,0,
금호36,광주학생독립운동기념관,미매칭,,,0,0,
금호36,치평중,미매칭,,,0,0,
금호36,금호초교,미매칭,,,0,0,
금호36,CBS방송국,미매칭,,,0,0,
금호36,금호시영아파트,미매칭,,,0,0,
금호36,금호한국아파트,미매칭,,,0,0,
금호36,서창농협,미매칭,,,0,0,
금호36,만호초교,미매칭,,,0,0,
금호36,만호마을,미매칭,,,0,0,
금호36,무등교회,미매칭,,,0,0,
금호36,서광주역,미매칭,,,0,0,
금호36,동산교차로,미매칭,,,0,0,
금호36,동산교차로(북),미매칭,,,0,0,
금호36,상무중,미매칭,,,0,0,
금호36,솔뫼타운,미매칭,,,0,0,
금호36,서광주한전,미매칭,,,0,0,
금호36,돌고개역(동),미매칭,,,0,0,
금호36,각화초교,미매칭,,,0,0,
금호36,동광주진입로,미매칭,,,0,0,
금호36,문흥지구입구(동),미매칭,,,0,0,
금호36,도동고개,미매칭,,,0,0,
봉선37,송산유원지(종점),미매칭,,,0,0,
봉선37,송산유원지,미매칭,,,0,0,
봉선37,동명고,미매칭,,,0,0,
봉선37,서봉마을,미매칭,,,0,0,
봉선37,샛터마을,미매칭,,,0,0,
봉선37,호남대,미매칭,,,0,0,
봉선37,선암,미매칭,,,0,0,
봉선37,매방골,미매칭,,,0,0,
봉선37,보문고,미매칭,,,0,0,
봉선37,광산경찰서,미매칭,,,0,0,
봉선37,송정한전,미매칭,,,0,0,
봉선37,소촌서라아파트,미매칭,,,0,0,
봉선37,중앙초교,미매칭,,,0,0,
봉선37,정광고입구,미매칭,,,0,0,
봉선37,어룡초교,미매칭,,,0,0,
봉선37,소촌스위트밸리,미매칭,,,0,0,
봉선37,광주인력개발원,미매칭,,,0,0,
봉선37,광주지방경찰청입구,미매칭,,,0,0,
봉선37,우산시영2단지(동),미매칭,,,0,0,
봉선37,우산리버힐아파트,미매칭,,,0,0,
봉선37,광산중,미매칭,,,0,0,
봉선37,어등초교,미매칭,,,0,0,
봉선37,월곡일신아파트,미매칭,,,0,0,
봉선37,월곡시장,미매칭,,,0,0,
봉선37,대반초교,미매칭,,,0,0,
봉선37,풍영정천1교,미매칭,,,0,0,
봉선37,금구초교,미매칭,,,0,0,
봉선37,목련마을8단지,미매칭,,,0,0,
봉선37,목련마을,미매칭,,,0,0,
봉선37,신가동,미매칭,,,0,0,
봉선37,극락강역입구,미매칭,,,0,0,
봉선37,풍영정입구,미매칭,,,0,0,
봉선37,광신대교,미매칭,,,0,0,
봉선37,동림 I.C 입구,미매칭,,,0,0,
봉선37,동천마을1단지,미매칭,,,0,0,
봉선37,동천마을3단지,미매칭,,,0,0,
봉선37,동림동천마을6단지,미매칭,,,0,0,
봉선37,광암교입구,미매칭,,,0,0,
봉선37,공구의거리,미매칭,,,0,0,
봉선37,제2광천교,미매칭,,,0,0,
봉선37,광천치안센터,미매칭,,,0,0,
봉선37,신세계백화점,미매칭,,,0,0,
봉선37,화정중흥파크,미매칭,,,0,0,
봉선37,서구청,미매칭,,,0,0,
봉선37,서광주한전,미매칭,,,0,0,
봉선37,돌고개역(동),미매칭,,,0,0,
봉선37,양동시장역(북),미매칭,,,0,0,
봉선37,광주은행북부지점,미매칭,,,0,0,
봉선37,수창초교후문,미매칭,,,0,0,
봉선37,대인광장(서),미매칭,,,0,0,
봉선37,동부소방서,미매칭,,,0,0,
봉선37,대인시장(서),미매칭,,,0,0,
봉선37,전남여고,미매칭,,,0,0,
봉선37,동구청,미매칭,,,0,0,
봉선37,전남대병원오거리,미매칭,,,0,0,
봉선37,전남대병원/남광주시장,미매칭,,,0,0,
봉선37,남광주역,미매칭,,,0,0,
봉선37,학림교,미매칭,,,0,0,
봉선37,방림삼거리,미매칭,,,0,0,
봉선37,송림주택,미매칭,,,0,0,
봉선37,라인효친,미매칭,,,0,0,
봉선37,모아2차아파트,미매칭,,,0,0,
봉선37,봉선삼익사거리,미매칭,,,0,0,
봉선37,봉선삼익아파트(남),미매칭,,,0,0,
봉선37,봉선2동행정복지센터,미매칭,,,0,0,
봉선37,남구문화예술회관,미매칭,,,0,0,
봉선37,용산지구대성베르힐,미매칭,,,0,0,
봉선37,용산지구모아엘가에듀파크,미매칭,,,0,0,
봉선37,용산초교,미매칭,,,0,0,
봉선37,지원2동주민센터,미매칭,,,0,0,
봉선37,지원화훼단지,미매칭,,,0,0,
봉선37,녹동,미매칭,,,0,0,
봉선37,월남동,미매칭,,,0,0,
봉선37,주남,미매칭,,,0,0,
봉선37,돌고개역(서),미매칭,,,0,0,
봉선37,농성SK뷰,미매칭,,,0,0,
봉선37,신세계백화점(북),미매칭,,,0,0,
봉선37,동천마을6단지,미매칭,,,0,0,
봉선37,목련마을6단지,미매칭,,,0,0,
봉선37,금구중,미매칭,,,0,0,
일곡38,살레시오고,미매칭,,,0,0,
일곡38,살레시오고입구,미매칭,,,0,0,
일곡38,일곡삼호아파트,미매칭,,,0,0,
일곡38,서일초교,미매칭,,,0,0,
일곡38,일곡초교,미매칭,,,0,0,
일곡38,일곡사거리,미매칭,,,0,0,
일곡38,국제고,미매칭,,,0,0,
일곡38,삼각그린타운,미매칭,,,0,0,
일곡38,고려고,미매칭,,,0,0,
일곡38,광주공고입구,미매칭,,,0,0,
일곡38,북부경찰서,미매칭,,,0,0,
일곡38,오치주공,미매칭,,,0,0,
일곡38,오치한전,미매칭,,,0,0,
일곡38,도로교통공단 대신파크,미매칭,,,0,0,
일곡38,전남대공과대학,미매칭,,,0,0,
일곡38,전남대동문,미매칭,,,0,0,
일곡38,북구청,미매칭,,,0,0,
일곡38,평화맨션,미매칭,,,0,0,
일곡38,말바우시장(서),미매칭,,,0,0,
일곡38,말바우시장(남),미매칭,,,0,0,
일곡38,동강대,미매칭,,,0,0,
일곡38,서방시장(남),미매칭,,,0,0,
일곡38,서방사거리,미매칭,,,0,0,
일곡38,구시청사거리,미매칭,,,0,0,
일곡38,중흥1동행정복지센터,미매칭,,,0,0,
일곡38,대인광장(동),미매칭,,,0,0,
일곡38,롯데백화점,미매칭,,,0,0,
일곡38,광주일고/광주고용센터,미매칭,,,0,0,
일곡38,북성중,미매칭,,,0,0,
일곡38,요한병원,미매칭,,,0,0,
일곡38,임동농협,미매칭,,,0,0,
일곡38,임동행정복지센터,미매칭,,,0,0,
일곡38,임동한국아델리움1차,미매칭,,,0,0,
일곡38,광주기아챔피언스필드,미매칭,,,0,0,
일곡38,무등야구장,미매칭,,,0,0,
일곡38,제2광천교,미매칭,,,0,0,
일곡38,광천치안센터,미매칭,,,0,0,
일곡38,광주종합버스터미널,미매칭,,,0,0,
일곡38,기아차중문,미매칭,,,0,0,
일곡38,광명하이츠후문,미매칭,,,0,0,
일곡38,버들마을,미매칭,,,0,0,
일곡38,계수,미매칭,,,0,0,
일곡38,시청,미매칭,,,0,0,
일곡38,한국은행,미매칭,,,0,0,
일곡38,한국국토정보공사,미매칭,,,0,0,
일곡38,한국수자원공사,미매칭,,,0,0,
일곡38,상무중흥아파트,미매칭,,,0,0,
일곡38,일가정양립본부,미매칭,,,0,0,
일곡38,보훈회관/518민주화운동교육관,미매칭,,,0,0,
일곡38,김대중컨벤션센터,미매칭,,,0,0,
일곡38,김대중컨벤션센터(마륵)역,미매칭,,,0,0,
일곡38,월암,미매칭,,,0,0,
일곡38,서창입구,미매칭,,,0,0,
일곡38,장암마을,미매칭,,,0,0,
일곡38,공항역,미매칭,,,0,0,
일곡38,송정파출소(북),미매칭,,,0,0,
일곡38,송정공원역,미매칭,,,0,0,
일곡38,영광통,미매칭,,,0,0,
일곡38,금호타이어,미매칭,,,0,0,
일곡38,송정한전,미매칭,,,0,0,
일곡38,광산경찰서,미매칭,,,0,0,
일곡38,보문고,미매칭,,,0,0,
일곡38,매방골,미매칭,,,0,0,
일곡38,선암,미매칭,,,0,0,
일곡38,호남대,미매칭,,,0,0,
일곡38,샛터마을,미매칭,,,0,0,
일곡38,서봉마을,미매칭,,,0,0,
일곡38,동명고,미매칭,,,0,0,
일곡38,송산유원지,미매칭,,,0,0,
일곡38,송산유원지(종점),미매칭,,,0,0,
일곡38,김대중컨벤션센터(마륵)역(북),미매칭,,,0,0,
일곡38,운천초교,미매칭,,,0,0,
일곡38,상무대우아파트,미매칭,,,0,0,
일곡38,성산맨션,미매칭,,,0,0,
문흥39,장등동,성공,정확일치,장등동,1,1,북구 석곡동
문흥39,도선사,미매칭,,,0,0,
문흥39,문흥지구입구(서),미매칭,,,0,0,
문흥39,문흥라인동산아파트,미매칭,,,0,0,
문흥39,문흥라인아파트,미매칭,,,0,0,
문흥39,문흥명지아파트,미매칭,,,0,0,
문흥39,문흥고가,미매칭,,,0,0,
문흥39,광주병원,미매칭,,,0,0,
문흥39,무등도서관,미매칭,,,0,0,
문흥39,말바우시장(동),미매칭,,,0,0,
문흥39,말바우시장(남),미매칭,,,0,0,
문흥39,동강대,미매칭,,,0,0,
문흥39,서방시장(남),미매칭,,,0,0,
문흥39,계림사거리,미매칭,,,0,0,
문흥39,광주고/419역사관,미매칭,,,0,0,
문흥39,대인시장(동),미매칭,,,0,0,
문흥39,예술의거리입구,미매칭,,,0,0,
문흥39,금남로4가역,미매칭,,,0,0,
문흥39,금남로5가역,미매칭,,,0,0,
문흥39,광주일고/광주고용센터,미매칭,,,0,0,
문흥39,광주은행북부지점,미매칭,,,0,0,
문흥39,양동시장역(남),미매칭,,,0,0,
문흥39,돌고개역(동),미매칭,,,0,0,
문흥39,돌고개역(서),미매칭,,,0,0,
문흥39,서구청,미매칭,,,0,0,
문흥39,농성SK뷰,미매칭,,,0,0,
문흥39,화정중흥파크,미매칭,,,0,0,
문흥39,신세계백화점,미매칭,,,0,0,
문흥39,광주종합버스터미널,미매칭,,,0,0,
문흥39,기아차중문,미매칭,,,0,0,
문흥39,광명하이츠후문,미매칭,,,0,0,
문흥39,유덕초교,미매칭,,,0,0,
문흥39,칠성마을사거리,미매칭,,,0,0,
문흥39,동천동행정복지센터,미매칭,,,0,0,
문흥39,동천마을3단지,미매칭,,,0,0,
문흥39,동천마을1단지,미매칭,,,0,0,
문흥39,동림 I.C 입구,미매칭,,,0,0,
문흥39,광신대교,미매칭,,,0,0,
문흥39,풍영정입구,미매칭,,,0,0,
문흥39,극락강역입구,미매칭,,,0,0,
문흥39,신가동,미매칭,,,0,0,
문흥39,목련마을,미매칭,,,0,0,
문흥39,목련마을8단지,미매칭,,,0,0,
문흥39,수완중흥S-클래스 2차,미매칭,,,0,0,
문흥39,수완새한포유,미매칭,,,0,0,
문흥39,성덕마을,미매칭,,,0,0,
문흥39,수완현진에버빌1차,미매칭,,,0,0,
문흥39,수완우미린2차,미매칭,,,0,0,
문흥39,도천저수지,미매칭,,,0,0,
문흥39,응암공원,미매칭,,,0,0,
문흥39,첨단라인아파트,미매칭,,,0,0,
문흥39,첨단1동행정복지센터,미매칭,,,0,0,
문흥39,광주교통방송,미매칭,,,0,0,
문흥39,정부광주지방합동청사,미매칭,,,0,0,
문흥39,국립광주과학관,미매칭,,,0,0,
문흥39,대창운수,미매칭,,,0,0,
문흥39,첨단사거리,미매칭,,,0,0,
문흥39,서광주한전,미매칭,,,0,0,
문흥39,문흥지구입구(동),미매칭,,,0,0,
문흥39,도동고개,미매칭,,,0,0,
첨단40,첨단,미매칭,,,0,0,
첨단40,고내입구,미매칭,,,0,0,
첨단40,대촌마을입구,미매칭,,,0,0,
첨단40,한국광기술원,미매칭,,,0,0,
첨단40,광주테크노파크후문,미매칭,,,0,0,
첨단40,광주테크노파크,미매칭,,,0,0,
첨단40,산업인력공단,미매칭,,,0,0,
첨단40,첨단삼성전자,미매칭,,,0,0,
첨단40,정부광주지방합동청사입구,미매칭,,,0,0,
첨단40,광주교통방송/광주디자인센터,미매칭,,,0,0,
첨단40,첨단1동행정복지센터,미매칭,,,0,0,
첨단40,첨단사거리,미매칭,,,0,0,
첨단40,첨단라인아파트,미매칭,,,0,0,
첨단40,첨단라인8차아파트,미매칭,,,0,0,
첨단40,산월초교입구,미매칭,,,0,0,
첨단40,방송통신대,미매칭,,,0,0,
첨단40,무양서원,미매칭,,,0,0,
첨단40,봉산중,미매칭,,,0,0,
첨단40,보훈병원후문,미매칭,,,0,0,
첨단40,보훈병원,미매칭,,,0,0,
첨단40,전자공고,미매칭,,,0,0,
첨단40,신창호반아파트,미매칭,,,0,0,
첨단40,수문초교입구,미매칭,,,0,0,
첨단40,진흥고,미매칭,,,0,0,
첨단40,보건대후문,미매칭,,,0,0,
첨단40,신창부영1차아파트,미매칭,,,0,0,
첨단40,신창동우체국,미매칭,,,0,0,
첨단40,신가중,미매칭,,,0,0,
첨단40,신가우미아파트,미매칭,,,0,0,
첨단40,신가주공아파트,미매칭,,,0,0,
첨단40,신가사거리,미매칭,,,0,0,
첨단40,극락강역입구,미매칭,,,0,0,
첨단40,신가동,미매칭,,,0,0,
첨단40,목련마을,미매칭,,,0,0,
첨단40,목련마을6단지,미매칭,,,0,0,
첨단40,금구중,미매칭,,,0,0,
첨단40,풍영정천1교,미매칭,,,0,0,
첨단40,대반초교,미매칭,,,0,0,
첨단40,월곡시장,미매칭,,,0,0,
첨단40,월곡일신아파트,미매칭,,,0,0,
첨단40,하남중,미매칭,,,0,0,
첨단40,광주여대,미매칭,,,0,0,
첨단40,우산시영2단지(서),미매칭,,,0,0,
첨단40,광주지방경찰청입구,미매칭,,,0,0,
첨단40,광주지방경찰청,미매칭,,,0,0,
첨단40,소촌라인2차아파트,미매칭,,,0,0,
첨단40,소촌남계길,미매칭,,,0,0,
첨단40,아리랑고개,미매칭,,,0,0,
첨단40,송정I.C,미매칭,,,0,0,
첨단40,송정모아아파트,미매칭,,,0,0,
첨단40,상전,미매칭,,,0,0,
첨단40,송정대덕아파트,미매칭,,,0,0,
첨단40,송정초교,미매칭,,,0,0,
첨단40,도산동행정복지센터,미매칭,,,0,0,
첨단40,송정호반아파트,미매칭,,,0,0,
첨단40,공군부대후문,미매칭,,,0,0,
첨단40,공군부대,미매칭,,,0,0,
첨단40,도산파출소,미매칭,,,0,0,
첨단40,도산동,미매칭,,,0,0,
첨단40,송정파출소(남),미매칭,,,0,0,
첨단40,금구초교,미매칭,,,0,0,
첨단40,목련마을8단지,미매칭,,,0,0,
첨단40,응암공원,미매칭,,,0,0,
지원45,도산동,미매칭,,,0,0,
지원45,도산파출소,미매칭,,,0,0,
지원45,공군부대,미매칭,,,0,0,
지원45,공군부대후문,미매칭,,,0,0,
지원45,송정호반아파트,미매칭,,,0,0,
지원45,도산동행정복지센터,미매칭,,,0,0,
지원45,송정초교,미매칭,,,0,0,
지원45,송정대덕아파트,미매칭,,,0,0,
지원45,상전,미매칭,,,0,0,
지원45,송정모아아파트,미매칭,,,0,0,
지원45,송정파출소(남),미매칭,,,0,0,
지원45,공항역,미매칭,,,0,0,
지원45,장암마을,미매칭,,,0,0,
지원45,보훈회관(서),미매칭,,,0,0,
지원45,일가정양립지원본부,미매칭,,,0,0,
지원45,상무해광한신아파트,미매칭,,,0,0,
지원45,계수초교,미매칭,,,0,0,
지원45,상무대우아파트,미매칭,,,0,0,
지원45,시청,미매칭,,,0,0,
지원45,5.18기념공원,미매칭,,,0,0,
지원45,상무병원,미매칭,,,0,0,
지원45,운천저수지,미매칭,,,0,0,
지원45,금호초교,미매칭,,,0,0,
지원45,CBS방송국,미매칭,,,0,0,
지원45,금호시영아파트,미매칭,,,0,0,
지원45,금호한국아파트,미매칭,,,0,0,
지원45,서구문화센터,미매칭,,,0,0,
지원45,마재대주아파트,미매칭,,,0,0,
지원45,마재부영아파트,미매칭,,,0,0,
지원45,마재우체국,미매칭,,,0,0,
지원45,풍암저수지,미매칭,,,0,0,
지원45,풍암모아아파트,미매칭,,,0,0,
지원45,풍암한신아파트,미매칭,,,0,0,
지원45,풍암한국아파트,미매칭,,,0,0,
지원45,신암마을,미매칭,,,0,0,
지원45,풍암금호아파트,미매칭,,,0,0,
지원45,풍암우미아파트,미매칭,,,0,0,
지원45,원광대한방병원,미매칭,,,0,0,
지원45,금당중,미매칭,,,0,0,
지원45,서남하이츠/광주국제양궁장,미매칭,,,0,0,
지원45,무등시장입구(남),미매칭,,,0,0,
지원45,백운초교(남),미매칭,,,0,0,
지원45,까치고개,미매칭,,,0,0,
지원45,대성사거리,미매칭,,,0,0,
지원45,대성초교,미매칭,,,0,0,
지원45,향교,미매칭,,,0,0,
지원45,중앙대교(서),미매칭,,,0,0,
지원45,충장치안센터,미매칭,,,0,0,
지원45,"국립아시아문화전당(구,도청)",미매칭,,,0,0,
지원45,문화전당역,미매칭,,,0,0,
지원45,전남대병원오거리,미매칭,,,0,0,
지원45,전남대병원/남광주시장,미매칭,,,0,0,
지원45,남광주사거리,미매칭,,,0,0,
지원45,조선대병원,미매칭,,,0,0,
지원45,학동증심사입구역,미매칭,,,0,0,
지원45,삼익세라믹,미매칭,,,0,0,
지원45,동구문화센터,미매칭,,,0,0,
지원45,광주남초교,미매칭,,,0,0,
지원45,소태역,미매칭,,,0,0,
지원45,지원2동행정복지센터입구,미매칭,,,0,0,
지원45,녹동,미매칭,,,0,0,
지원45,월남동,미매칭,,,0,0,
지원45,주남,미매칭,,,0,0,
지원45,지원화훼단지,미매칭,,,0,0,
지원45,광주세무서,미매칭,,,0,0,
지원45,상무중,미매칭,,,0,0,
지원45,한국은행,미매칭,,,0,0,
지원45,한국국토정보공사,미매칭,,,0,0,
금호46,대창운수,미매칭,,,0,0,
금호46,국립광주과학관,미매칭,,,0,0,
금호46,정부광주지방합동청사,미매칭,,,0,0,
금호46,정부광주지방합동청사입구,미매칭,,,0,0,
금호46,폭스존,미매칭,,,0,0,
금호46,첨단롯데마트,미매칭,,,0,0,
금호46,첨단호반3차아파트,미매칭,,,0,0,
금호46,첨단부영아파트,미매칭,,,0,0,
금호46,첨단2동행정복지센터,미매칭,,,0,0,
금호46,첨단사거리,미매칭,,,0,0,
금호46,첨단라인아파트,미매칭,,,0,0,
금호46,응암공원,미매칭,,,0,0,
금호46,도천저수지,미매칭,,,0,0,
금호46,수완우미린2차,미매칭,,,0,0,
금호46,수완현진에버빌1차,미매칭,,,0,0,
금호46,수완모아엘가,미매칭,,,0,0,
금호46,광주농수산물유통센터(북),미매칭,,,0,0,
금호46,수완중흥S-클래스 1차,미매칭,,,0,0,
금호46,목련마을6단지,미매칭,,,0,0,
금호46,운남삼성아파트,미매칭,,,0,0,
금호46,광산구노인복지회관,미매칭,,,0,0,
금호46,영천초교,미매칭,,,0,0,
금호46,월곡시장,미매칭,,,0,0,
금호46,월곡일신아파트,미매칭,,,0,0,
금호46,하남중,미매칭,,,0,0,
금호46,광주여대,미매칭,,,0,0,
금호46,광산우산동행정복지센터,미매칭,,,0,0,
금호46,광주무역회관,미매칭,,,0,0,
금호46,계수,미매칭,,,0,0,
금호46,버들마을,미매칭,,,0,0,
금호46,상무호반3차,미매칭,,,0,0,
금호46,모아제일아파트,미매칭,,,0,0,
금호46,5.18기념문화센터,미매칭,,,0,0,
금호46,시청,미매칭,,,0,0,
금호46,한국은행,미매칭,,,0,0,
금호46,한국국토정보공사,미매칭,,,0,0,
금호46,한국수자원공사,미매칭,,,0,0,
금호46,농협운천지점,미매칭,,,0,0,
금호46,상무지구입구,미매칭,,,0,0,
금호46,운천저수지,미매칭,,,0,0,
금호46,금호초교,미매칭,,,0,0,
금호46,CBS방송국,미매칭,,,0,0,
금호46,금호시영아파트,미매칭,,,0,0,
금호46,금호한국아파트,미매칭,,,0,0,
금호46,서창농협,미매칭,,,0,0,
금호46,만호초교,미매칭,,,0,0,
금호46,만호마을,미매칭,,,0,0,
금호46,무등교회,미매칭,,,0,0,
금호46,서광주역,미매칭,,,0,0,
금호46,동산교차로,미매칭,,,0,0,
금호46,동산교차로(북),미매칭,,,0,0,
금호46,상무중,미매칭,,,0,0,
송암47,장등동,성공,정확일치,장등동,1,1,북구 석곡동
송암47,도선사,미매칭,,,0,0,
송암47,문흥지구입구(남),미매칭,,,0,0,
송암47,농산물공판장,미매칭,,,0,0,
송암47,동광주진입로,미매칭,,,0,0,
송암47,광주병원,미매칭,,,0,0,
송암47,무등도서관,미매칭,,,0,0,
송암47,말바우시장(동),미매칭,,,0,0,
송암47,말바우시장(남),미매칭,,,0,0,
송암47,동강대,미매칭,,,0,0,
송암47,서방시장(남),미매칭,,,0,0,
송암47,서방사거리,미매칭,,,0,0,
송암47,전대동창회관,미매칭,,,0,0,
송암47,광주역육교,미매칭,,,0,0,
송암47,전남대사거리(동),미매칭,,,0,0,
송암47,용봉초교,미매칭,,,0,0,
송암47,신안교,미매칭,,,0,0,
송암47,광주지방기상청,미매칭,,,0,0,
송암47,경신여고,미매칭,,,0,0,
송암47,제2광천교,미매칭,,,0,0,
송암47,광천치안센터,미매칭,,,0,0,
송암47,광주종합버스터미널,미매칭,,,0,0,
송암47,기아자동차,미매칭,,,0,0,
송암47,해태아파트,미매칭,,,0,0,
송암47,한국병원,미매칭,,,0,0,
송암47,상무1동행정복지센터,미매칭,,,0,0,
송암47,가톨릭대평생교육원,미매칭,,,0,0,
송암47,서광주우체국,미매칭,,,0,0,
송암47,염주사거리(서),미매칭,,,0,0,
송암47,염주주공,미매칭,,,0,0,
송암47,염주체육관,미매칭,,,0,0,
송암47,주월명지아파트,미매칭,,,0,0,
송암47,봉주초교,미매칭,,,0,0,
송암47,광주국제양궁장,미매칭,,,0,0,
송암47,서남하이츠/광주국제양궁장,미매칭,,,0,0,
송암47,금당중,미매칭,,,0,0,
송암47,원광대한방병원,미매칭,,,0,0,
송암47,풍암우미아파트,미매칭,,,0,0,
송암47,풍암금호아파트,미매칭,,,0,0,
송암47,신암마을,미매칭,,,0,0,
송암47,풍암한국아파트,미매칭,,,0,0,
송암47,풍암한신아파트,미매칭,,,0,0,
송암47,풍암모아아파트,미매칭,,,0,0,
송암47,풍암저수지,미매칭,,,0,0,
송암47,마재우체국,미매칭,,,0,0,
송암47,풍암사거리(동),미매칭,,,0,0,
송암47,매월종합상가입구,미매칭,,,0,0,
송암47,운리마을,미매칭,,,0,0,
송암47,동명회/송원고,미매칭,,,0,0,
송암47,송원대,미매칭,,,0,0,
송암47,송암공단입구,미매칭,,,0,0,
송암47,남선산업,미매칭,,,0,0,
송암47,송하삼익아파트,미매칭,,,0,0,
송암47,금호타운아파트,미매칭,,,0,0,
송암47,광주대,미매칭,,,0,0,
송암47,구암,미매칭,,,0,0,
송암47,빛고을CC,미매칭,,,0,0,
송암47,빛고을노인건강타운,미매칭,,,0,0,
송암47,고령친화종합체험관,미매칭,,,0,0,
송암47,빛고을전남대병원,미매칭,,,0,0,
송암47,시립제2요양병원,미매칭,,,0,0,
송암47,풍암대주아파트,미매칭,,,0,0,
송암47,솔뫼타운,미매칭,,,0,0,
송암47,문흥지구입구(동),미매칭,,,0,0,
송암47,도동고개,미매칭,,,0,0,
수완49,무등산국립공원(증심사),미매칭,,,0,0,
수완49,성촌마을/전통문화관,미매칭,,,0,0,
수완49,학운초교,미매칭,,,0,0,
수완49,동산마을입구,미매칭,,,0,0,
수완49,운림중,미매칭,,,0,0,
수완49,연진회미술원,미매칭,,,0,0,
수완49,홍림교,미매칭,,,0,0,
수완49,학동무등파크,미매칭,,,0,0,
수완49,학동증심사입구역,미매칭,,,0,0,
수완49,조선대병원,미매칭,,,0,0,
수완49,전남대병원/남광주시장,미매칭,,,0,0,
수완49,전남대병원오거리,미매칭,,,0,0,
수완49,동구청,미매칭,,,0,0,
수완49,전남여고,미매칭,,,0,0,
수완49,예술의거리입구,미매칭,,,0,0,
수완49,금남로4가역,미매칭,,,0,0,
수완49,금남로5가역,미매칭,,,0,0,
수완49,광주일고/광주고용센터,미매칭,,,0,0,
수완49,유동사거리,미매칭,,,0,0,
수완49,NC백화점,미매칭,,,0,0,
수완49,광주역,미매칭,,,0,0,
수완49,신안사거리,미매칭,,,0,0,
수완49,전남대사거리(서),미매칭,,,0,0,
수완49,용봉초교,미매칭,,,0,0,
수완49,신안교,미매칭,,,0,0,
수완49,광주지방기상청,미매칭,,,0,0,
수완49,경신여고,미매칭,,,0,0,
수완49,운암시장,미매칭,,,0,0,
수완49,운암3단지,미매칭,,,0,0,
수완49,운암초교,미매칭,,,0,0,
수완49,서영대,미매칭,,,0,0,
수완49,동천우미린아파트,미매칭,,,0,0,
수완49,동천마을3단지,미매칭,,,0,0,
수완49,동천마을1단지,미매칭,,,0,0,
수완49,동림I.C입구,미매칭,,,0,0,
수완49,광신대교,미매칭,,,0,0,
수완49,풍영정입구,미매칭,,,0,0,
수완49,신가사거리,미매칭,,,0,0,
수완49,신가주공아파트,미매칭,,,0,0,
수완49,명진고,미매칭,,,0,0,
수완49,수완아름공원,미매칭,,,0,0,
수완49,큰별초교,미매칭,,,0,0,
수완49,광주농수산물유통센터(서),미매칭,,,0,0,
수완49,수완새한포유,미매칭,,,0,0,
수완49,장덕마을,미매칭,,,0,0,
수완49,고실마을,미매칭,,,0,0,
수완49,수완양우내안애,미매칭,,,0,0,
수완49,골옷교,미매칭,,,0,0,
수완49,하완마을,미매칭,,,0,0,
수완49,수완동공원,미매칭,,,0,0,
수완49,수완지구(KS병원),미매칭,,,0,0,
수완49,운암벽산블루밍,미매칭,,,0,0,
수완49,문화예술회관,미매칭,,,0,0,
수완49,남광주사거리,미매칭,,,0,0,
수완49,학2마을아파트,미매칭,,,0,0,
수완49,학동평화맨션,미매칭,,,0,0,
운림50,세하동,미매칭,,,0,0,
운림50,동하,미매칭,,,0,0,
운림50,마산(서창),미매칭,,,0,0,
운림50,서창농협벽진지점,미매칭,,,0,0,
운림50,서창사거리,미매칭,,,0,0,
운림50,서창입구,미매칭,,,0,0,
운림50,월암,미매칭,,,0,0,
운림50,김대중컨벤션센터(마륵)역,미매칭,,,0,0,
운림50,전남고,미매칭,,,0,0,
운림50,상무금호아파트,미매칭,,,0,0,
운림50,상무중흥아파트,미매칭,,,0,0,
운림50,한국수자원공사,미매칭,,,0,0,
운림50,한국국토정보공사,미매칭,,,0,0,
운림50,한국은행,미매칭,,,0,0,
운림50,시청,미매칭,,,0,0,
운림50,5.18기념공원,미매칭,,,0,0,
운림50,상무병원,미매칭,,,0,0,
운림50,운천저수지,미매칭,,,0,0,
운림50,상무중,미매칭,,,0,0,
운림50,광주학생독립운동기념관,미매칭,,,0,0,
운림50,쌍촌시영아파트,미매칭,,,0,0,
운림50,보건환경연구원,미매칭,,,0,0,
운림50,염주사거리(동),미매칭,,,0,0,
운림50,염주맨션,미매칭,,,0,0,
운림50,주월초교,미매칭,,,0,0,
운림50,월산마을,미매칭,,,0,0,
운림50,제일맨션,미매칭,,,0,0,
운림50,명지맨션,미매칭,,,0,0,
운림50,무등시장,미매칭,,,0,0,
운림50,무등시장입구(북),미매칭,,,0,0,
운림50,백운초교(남),미매칭,,,0,0,
운림50,백운우체국,미매칭,,,0,0,
운림50,남구청,미매칭,,,0,0,
운림50,주월중입구,미매칭,,,0,0,
운림50,제석초교,미매칭,,,0,0,
운림50,봉선라인광장,미매칭,,,0,0,
운림50,모아2차아파트,미매칭,,,0,0,
운림50,라인효친,미매칭,,,0,0,
운림50,송림주택,미매칭,,,0,0,
운림50,방림삼거리,미매칭,,,0,0,
운림50,학림교,미매칭,,,0,0,
운림50,남광주역,미매칭,,,0,0,
운림50,남광주사거리,미매칭,,,0,0,
운림50,조선대병원,미매칭,,,0,0,
운림50,학동증심사입구역,미매칭,,,0,0,
운림50,학2마을아파트,미매칭,,,0,0,
운림50,학동평화맨션,미매칭,,,0,0,
운림50,홍림교,미매칭,,,0,0,
운림50,연진회미술원,미매칭,,,0,0,
운림50,운림중,미매칭,,,0,0,
운림50,학운초교,미매칭,,,0,0,
운림50,성촌마을/전통문화관,미매칭,,,0,0,
운림50,무등산국립공원(증심사),미매칭,,,0,0,
운림50,동산마을입구,미매칭,,,0,0,
운림50,학동무등파크,미매칭,,,0,0,
운림50,염주사거리(서),미매칭,,,0,0,
운림50,치평중,미매칭,,,0,0,
운림51,첨단,미매칭,,,0,0,
운림51,고내입구,미매칭,,,0,0,
운림51,대촌마을입구,미매칭,,,0,0,
운림51,대촌마을,미매칭,,,0,0,
운림51,은혜학교,미매칭,,,0,0,
운림51,앰코코리아,미매칭,,,0,0,
운림51,국립광주과학관,미매칭,,,0,0,
운림51,한국생산기술연구원,미매칭,,,0,0,
운림51,한국전자통신연구원,미매칭,,,0,0,
운림51,과기원,미매칭,,,0,0,
운림51,쌍암공원,미매칭,,,0,0,
운림51,첨단1동행정복지센터,미매칭,,,0,0,
운림51,첨단2동행정복지센터,미매칭,,,0,0,
운림51,첨단부영아파트,미매칭,,,0,0,
운림51,첨단호반3차아파트,미매칭,,,0,0,
운림51,첨단생활체육공원,미매칭,,,0,0,
운림51,보훈병원,미매칭,,,0,0,
운림51,전자공고,미매칭,,,0,0,
운림51,신창초교,미매칭,,,0,0,
운림51,신창중,미매칭,,,0,0,
운림51,신창부영1차아파트,미매칭,,,0,0,
운림51,보건대후문,미매칭,,,0,0,
운림51,전남공고,미매칭,,,0,0,
운림51,전남공고입구,미매칭,,,0,0,
운림51,보건대입구,미매칭,,,0,0,
운림51,반촌,미매칭,,,0,0,
운림51,산동교,미매칭,,,0,0,
운림51,동림푸른마을,미매칭,,,0,0,
운림51,시립장애인복지관,미매칭,,,0,0,
운림51,운암우미아파트,미매칭,,,0,0,
운림51,운암중,미매칭,,,0,0,
운림51,운암3단지,미매칭,,,0,0,
운림51,운암벽산블루밍,미매칭,,,0,0,
운림51,문화예술회관,미매칭,,,0,0,
운림51,운암시장,미매칭,,,0,0,
운림51,경신여고,미매칭,,,0,0,
운림51,광주기아챔피언스필드,미매칭,,,0,0,
운림51,임동한국아델리움1차,미매칭,,,0,0,
운림51,임동행정복지센터,미매칭,,,0,0,
운림51,임동농협,미매칭,,,0,0,
운림51,북성중,미매칭,,,0,0,
운림51,광주일고/광주고용센터,미매칭,,,0,0,
운림51,금남로5가역,미매칭,,,0,0,
운림51,금남로4가역,미매칭,,,0,0,
운림51,"국립아시아문화전당(구,도청)",미매칭,,,0,0,
운림51,문화전당역,미매칭,,,0,0,
운림51,전남대병원오거리,미매칭,,,0,0,
운림51,전남대병원/남광주시장,미매칭,,,0,0,
운림51,남광주사거리,미매칭,,,0,0,
운림51,조선대병원,미매칭,,,0,0,
운림51,학동증심사입구역,미매칭,,,0,0,
운림51,학2마을아파트,미매칭,,,0,0,
운림51,학동평화맨션,미매칭,,,0,0,
운림51,홍림교,미매칭,,,0,0,
운림51,연진회미술원,미매칭,,,0,0,
운림51,운림중,미매칭,,,0,0,
운림51,학운초교,미매칭,,,0,0,
운림51,성촌마을/전통문화관,미매칭,,,0,0,
운림51,무등산국립공원(증심사),미매칭,,,0,0,
운림51,동산마을입구,미매칭,,,0,0,
운림51,학동무등파크,미매칭,,,0,0,
운림51,요한병원,미매칭,,,0,0,
운림51,경신여고(일방로),미매칭,,,0,0,
운림51,중앙여고,미매칭,,,0,0,
지원52,내남,미매칭,,,0,0,
지원52,법림사,미매칭,,,0,0,
지원52,육판서길,미매칭,,,0,0,
지원52,교동,미매칭,,,0,0,
지원52,용연정수장,미매칭,,,0,0,
지원52,용연동,미매칭,,,0,0,
지원52,제2수원지,미매칭,,,0,0,
지원52,선교,미매칭,,,0,0,
지원52,육판리,미매칭,,,0,0,
지원52,남계촌,미매칭,,,0,0,
지원52,내남입구,미매칭,,,0,0,
지원52,주남,미매칭,,,0,0,
지원52,녹동,미매칭,,,0,0,
지원52,지원화훼단지,미매칭,,,0,0,
지원52,지원2동행정복지센터입구,미매칭,,,0,0,
지원52,소태역,미매칭,,,0,0,
지원52,광주남초교,미매칭,,,0,0,
지원52,동구문화센터,미매칭,,,0,0,
지원52,삼익세라믹,미매칭,,,0,0,
지원52,학동증심사입구역,미매칭,,,0,0,
지원52,조선대병원,미매칭,,,0,0,
지원52,전남대병원/남광주시장,미매칭,,,0,0,
지원52,전남대병원오거리,미매칭,,,0,0,
지원52,동구청,미매칭,,,0,0,
지원52,전남여고,미매칭,,,0,0,
지원52,대인시장(서),미매칭,,,0,0,
지원52,동부소방서,미매칭,,,0,0,
지원52,대인광장(북),미매칭,,,0,0,
지원52,대인광장(동),미매칭,,,0,0,
지원52,롯데백화점,미매칭,,,0,0,
지원52,광주학생운동기념탑,미매칭,,,0,0,
지원52,우진아파트,미매칭,,,0,0,
지원52,닭전머리,미매칭,,,0,0,
지원52,농협공판장,미매칭,,,0,0,
지원52,돌고개역(동),미매칭,,,0,0,
지원52,서광주전화국,미매칭,,,0,0,
지원52,농성중흥파크,미매칭,,,0,0,
지원52,발산교(남),미매칭,,,0,0,
지원52,양동교,미매칭,,,0,0,
지원52,그린파크,미매칭,,,0,0,
지원53,동부소방서,미매칭,,,0,0,
지원52,남광주사거리,미매칭,,,0,0,
문흥53,장등동,성공,정확일치,장등동,1,1,북구 석곡동
문흥53,도선사,미매칭,,,0,0,
문흥53,문흥지구입구(서),미매칭,,,0,0,
문흥53,문흥금호아파트,미매칭,,,0,0,
문흥53,문산중,미매칭,,,0,0,
문흥53,문흥1동행정복지센터,미매칭,,,0,0,
문흥53,문흥중,미매칭,,,0,0,
문흥53,자연과학고,미매칭,,,0,0,
문흥53,용봉중,미매칭,,,0,0,
문흥53,오치주공,미매칭,,,0,0,
문흥53,북부경찰서,미매칭,,,0,0,
문흥53,중외마을,미매칭,,,0,0,
문흥53,용봉쌍용아파트,미매칭,,,0,0,
문흥53,시립민속박물관,미매칭,,,0,0,
문흥53,광주박물관,미매칭,,,0,0,
문흥53,체육고/폴리텍대학,미매칭,,,0,0,
문흥53,문화예술회관,미매칭,,,0,0,
문흥53,광천치안센터,미매칭,,,0,0,
문흥53,광주종합버스터미널,미매칭,,,0,0,
문흥53,문화예술회관후문,미매칭,,,0,0,
문흥53,용봉주공,미매칭,,,0,0,
문흥53,문흥지구입구(동),미매칭,,,0,0,
문흥53,도동고개,미매칭,,,0,0,
운림54,무등산국립공원(증심사),미매칭,,,0,0,
운림54,성촌마을/전통문화관,미매칭,,,0,0,
운림54,학운초교,미매칭,,,0,0,
운림54,동산마을입구,미매칭,,,0,0,
운림54,운림중,미매칭,,,0,0,
운림54,연진회미술원,미매칭,,,0,0,
운림54,홍림교,미매칭,,,0,0,
운림54,학동무등파크,미매칭,,,0,0,
운림54,학동증심사입구역,미매칭,,,0,0,
운림54,조선대병원,미매칭,,,0,0,
운림54,전남대병원/남광주시장,미매칭,,,0,0,
운림54,전남대병원오거리,미매칭,,,0,0,
운림54,동구청,미매칭,,,0,0,
운림54,전남여고,미매칭,,,0,0,
운림54,대인시장(동),미매칭,,,0,0,
운림54,광주고/419역사관,미매칭,,,0,0,
운림54,계림사거리,미매칭,,,0,0,
운림54,서방시장(남),미매칭,,,0,0,
운림54,동강대,미매칭,,,0,0,
운림54,말바우시장(동),미매칭,,,0,0,
운림54,무등도서관,미매칭,,,0,0,
운림54,문화중,미매칭,,,0,0,
운림54,현대아파트,미매칭,,,0,0,
운림54,주공아파트,미매칭,,,0,0,
운림54,성산맨션,미매칭,,,0,0,
운림54,도로교통공단 대신파크,미매칭,,,0,0,
운림54,오치한전,미매칭,,,0,0,
운림54,오치주공,미매칭,,,0,0,
운림54,북부경찰서,미매칭,,,0,0,
운림54,광주공고,미매칭,,,0,0,
운림54,공간아파트,미매칭,,,0,0,
운림54,매곡대화아파트,미매칭,,,0,0,
운림54,전남공무원교육원,미매칭,,,0,0,
운림54,매곡삼익아파트,미매칭,,,0,0,
운림54,용봉주공,미매칭,,,0,0,
운림54,오치한전(북),미매칭,,,0,0,
운림54,말바우시장(남),미매칭,,,0,0,
운림54,남광주사거리,미매칭,,,0,0,
운림54,학2마을아파트,미매칭,,,0,0,
운림54,학동평화맨션,미매칭,,,0,0,
금남55,장등동,성공,정확일치,장등동,1,1,북구 석곡동
금남55,도선사,미매칭,,,0,0,
금남55,문흥지구입구(남),미매칭,,,0,0,
금남55,농산물공판장,미매칭,,,0,0,
금남55,금호아파트,미매칭,,,0,0,
금남55,각화무등파크,미매칭,,,0,0,
금남55,신흥맨션,미매칭,,,0,0,
금남55,문화초교,미매칭,,,0,0,
금남55,두암초교,미매칭,,,0,0,
금남55,덕산아파트,미매칭,,,0,0,
금남55,청명아파트,미매칭,,,0,0,
금남55,동강대후문,미매칭,,,0,0,
금남55,말바우시장(서),미매칭,,,0,0,
금남55,평화맨션,미매칭,,,0,0,
금남55,북구청,미매칭,,,0,0,
금남55,효동초교입구,미매칭,,,0,0,
금남55,광주역육교,미매칭,,,0,0,
금남55,전남대사거리(동),미매칭,,,0,0,
금남55,신안사거리,미매칭,,,0,0,
금남55,광주역(동),미매칭,,,0,0,
금남55,중흥초교,미매칭,,,0,0,
금남55,4.19기념관,미매칭,,,0,0,
금남55,계림초교후문,미매칭,,,0,0,
금남55,동진맨션,미매칭,,,0,0,
금남55,산수동우체국,미매칭,,,0,0,
금남55,법원입구,미매칭,,,0,0,
금남55,살레시오여고,미매칭,,,0,0,
금남55,조선대,미매칭,,,0,0,
금남55,서남동행정복지센터,미매칭,,,0,0,
금남55,문화전당역,미매칭,,,0,0,
금남55,"국립아시아문화전당(구,도청)",미매칭,,,0,0,
금남55,충장치안센터,미매칭,,,0,0,
금남55,중앙대교(동),미매칭,,,0,0,
금남55,사직공원 앞,미매칭,,,0,0,
금남55,양림교,미매칭,,,0,0,
금남55,학강초교,미매칭,,,0,0,
금남55,기독병원,미매칭,,,0,0,
금남55,수피아여고,미매칭,,,0,0,
금남55,석산고,미매칭,,,0,0,
금남55,서광중,미매칭,,,0,0,
금남55,백운우체국,미매칭,,,0,0,
금남55,남구청,미매칭,,,0,0,
금남55,주월중입구,미매칭,,,0,0,
금남55,봉선대화아파트,미매칭,,,0,0,
금남55,문성고,미매칭,,,0,0,
금남55,진월리채3차,미매칭,,,0,0,
금남55,진월저수지(동),미매칭,,,0,0,
금남55,송화마을3단지,미매칭,,,0,0,
금남55,송화마을4단지,미매칭,,,0,0,
금남55,조각배어린이공원,미매칭,,,0,0,
금남55,빛고을노인건강타운,미매칭,,,0,0,
금남55,고령친화종합체험관,미매칭,,,0,0,
금남55,빛고을전남대병원,미매칭,,,0,0,
금남55,시립제2요양병원,미매칭,,,0,0,
금남55,학강교,미매칭,,,0,0,
금남55,광주역,미매칭,,,0,0,
금남55,중흥삼거리,미매칭,,,0,0,
금남55,북구차량등록민원실,미매칭,,,0,0,
금남55,각화초교,미매칭,,,0,0,
금남55,동광주진입로,미매칭,,,0,0,
금남55,문흥지구입구(동),미매칭,,,0,0,
금남55,도동고개,미매칭,,,0,0,
지원56,월남동,미매칭,,,0,0,
지원56,주남,미매칭,,,0,0,
지원56,녹동,미매칭,,,0,0,
지원56,지원화훼단지,미매칭,,,0,0,
지원56,지원2동행정복지센터,미매칭,,,0,0,
지원56,용산초교,미매칭,,,0,0,
지원56,용산지구모아엘가에듀파크,미매칭,,,0,0,
지원56,용산지구대성베르힐,미매칭,,,0,0,
지원56,남구문화예술회관,미매칭,,,0,0,
지원56,봉선2동행정복지센터,미매칭,,,0,0,
지원56,봉선삼익아파트(남),미매칭,,,0,0,
지원56,봉선삼익사거리,미매칭,,,0,0,
지원56,모아2차아파트,미매칭,,,0,0,
지원56,라인효친,미매칭,,,0,0,
지원56,송림주택,미매칭,,,0,0,
지원56,방림삼거리,미매칭,,,0,0,
지원56,학림교,미매칭,,,0,0,
지원56,양림휴먼시아2차,미매칭,,,0,0,
지원56,양림휴먼시아1차,미매칭,,,0,0,
지원56,남광주농협,미매칭,,,0,0,
지원56,주월주택단지,미매칭,,,0,0,
지원56,신우아파트,미매칭,,,0,0,
지원56,월산5동,미매칭,,,0,0,
지원56,월산4동,미매칭,,,0,0,
지원56,건강협회,미매칭,,,0,0,
지원56,상공회의소,미매칭,,,0,0,
지원56,서석고,미매칭,,,0,0,
지원56,화정역,미매칭,,,0,0,
지원56,화정현대아파트,미매칭,,,0,0,
지원56,기아자동차,미매칭,,,0,0,
지원56,광주종합버스터미널,미매칭,,,0,0,
지원56,현대자동차,미매칭,,,0,0,
지원56,광천초교,미매칭,,,0,0,
지원56,농성1동주민센터,미매칭,,,0,0,
지원56,서광주전화국,미매칭,,,0,0,
지원56,돌고개역(동),미매칭,,,0,0,
지원56,양동시장역(남),미매칭,,,0,0,
지원56,광주은행북부지점,미매칭,,,0,0,
지원56,유동사거리,미매칭,,,0,0,
지원56,NC백화점,미매칭,,,0,0,
지원56,광주역,미매칭,,,0,0,
지원56,신안사거리,미매칭,,,0,0,
지원56,지원2동주민센터,미매칭,,,0,0,
금남57,살레시오고,미매칭,,,0,0,
금남57,살레시오고입구,미매칭,,,0,0,
금남57,명상의집,미매칭,,,0,0,
금남57,우치공원,미매칭,,,0,0,
금남57,생룡,미매칭,,,0,0,
금남57,지산마을,미매칭,,,0,0,
금남57,용전사거리(남),미매칭,,,0,0,
금남57,지산입구,미매칭,,,0,0,
금남57,지산초교,미매칭,,,0,0,
금남57,대원정사,미매칭,,,0,0,
금남57,호남권역재활병원,미매칭,,,0,0,
금남57,건국동행정복지센터,미매칭,,,0,0,
금남57,건국동파출소,미매칭,,,0,0,
금남57,지산중,미매칭,,,0,0,
금남57,양산호반2차,미매칭,,,0,0,
금남57,양산택지사거리,미매칭,,,0,0,
금남57,광주은행양산동지점,미매칭,,,0,0,
금남57,양산초교입구,미매칭,,,0,0,
금남57,양산호수공원,미매칭,,,0,0,
금남57,KT&G광주공장,미매칭,,,0,0,
금남57,롯데칠성,미매칭,,,0,0,
금남57,코카콜라,미매칭,,,0,0,
금남57,오비맥주,미매칭,,,0,0,
금남57,향토음식박물관,미매칭,,,0,0,
금남57,국제고,미매칭,,,0,0,
금남57,삼각그린타운,미매칭,,,0,0,
금남57,고려고,미매칭,,,0,0,
금남57,광주공고입구,미매칭,,,0,0,
금남57,오치초교,미매칭,,,0,0,
금남57,용주초교,미매칭,,,0,0,
금남57,유창아파트,미매칭,,,0,0,
금남57,신안교입구,미매칭,,,0,0,
금남57,용봉2휴먼시아아파트,미매칭,,,0,0,
금남57,전대치과병원,미매칭,,,0,0,
금남57,전남대,미매칭,,,0,0,
금남57,신안사거리,미매칭,,,0,0,
금남57,광주역(동),미매칭,,,0,0,
금남57,중흥초교,미매칭,,,0,0,
금남57,중흥1동행정복지센터,미매칭,,,0,0,
금남57,대인광장(동),미매칭,,,0,0,
금남57,롯데백화점(북),미매칭,,,0,0,
금남57,금남로5가역,미매칭,,,0,0,
금남57,금남로4가역,미매칭,,,0,0,
금남57,예술의거리입구,미매칭,,,0,0,
금남57,전남여고,미매칭,,,0,0,
금남57,동구청,미매칭,,,0,0,
금남57,서남동행정복지센터,미매칭,,,0,0,
금남57,조선대병원입구,미매칭,,,0,0,
금남57,조선대대학원,미매칭,,,0,0,
금남57,조선대해오름관,미매칭,,,0,0,
금남57,조선대장미원,미매칭,,,0,0,
금남57,문화전당역(1130),미매칭,,,0,0,
금남57,"국립아시아문화전당(구,도청)",미매칭,,,0,0,
금남57,롯데백화점,미매칭,,,0,0,
금남57,광주역,미매칭,,,0,0,
금남58,동림삼익아파트,성공,정확일치,동림삼익아파트,1,1,북구 동림동
금남58,동림교,미매칭,,,0,0,
금남58,동천우미린아파트,미매칭,,,0,0,
금남58,서영대,미매칭,,,0,0,
금남58,운암초교,미매칭,,,0,0,
금남58,운암3단지,미매칭,,,0,0,
금남58,운암벽산블루밍,미매칭,,,0,0,
금남58,문화예술회관,미매칭,,,0,0,
금남58,운암시장,미매칭,,,0,0,
금남58,경신여고,미매칭,,,0,0,
금남58,광주기아챔피언스필드입구,미매칭,,,0,0,
금남58,태봉새마을금고,미매칭,,,0,0,
금남58,신안동행정복지센터,미매칭,,,0,0,
금남58,신안사거리,미매칭,,,0,0,
금남58,광주역,미매칭,,,0,0,
금남58,유동사거리,미매칭,,,0,0,
금남58,수창초교후문,미매칭,,,0,0,
금남58,대인광장(서),미매칭,,,0,0,
금남58,동부소방서,미매칭,,,0,0,
금남58,대인시장(서),미매칭,,,0,0,
금남58,전남여고,미매칭,,,0,0,
금남58,동구청,미매칭,,,0,0,
금남58,문화전당역,미매칭,,,0,0,
금남58,"국립아시아문화전당(구,도청)",미매칭,,,0,0,
금남58,예술의거리입구,미매칭,,,0,0,
금남58,NC백화점,미매칭,,,0,0,
금남58,경신여고(일방로),미매칭,,,0,0,
금남58,중앙여고,미매칭,,,0,0,
금남59,매월동(북),미매칭,,,0,0,
금남59,대동고,미매칭,,,0,0,
금남59,화훼단지,미매칭,,,0,0,
금남59,공구단지,미매칭,,,0,0,
금남59,풍암사거리(동),미매칭,,,0,0,
금남59,마재우체국,미매칭,,,0,0,
금남59,풍암저수지,미매칭,,,0,0,
금남59,풍암모아아파트,미매칭,,,0,0,
금남59,풍암한신아파트,미매칭,,,0,0,
금남59,풍암한국아파트,미매칭,,,0,0,
금남59,신암마을,미매칭,,,0,0,
금남59,풍암금호아파트,미매칭,,,0,0,
금남59,풍암우미아파트,미매칭,,,0,0,
금남59,서구국민체육센터,미매칭,,,0,0,
금남59,월드컵경기장주차장,미매칭,,,0,0,
금남59,월드컵경기장정문,미매칭,,,0,0,
금남59,화정우성아파트,미매칭,,,0,0,
금남59,화정남초교,미매칭,,,0,0,
금남59,염주사거리(동),미매칭,,,0,0,
금남59,염주맨션,미매칭,,,0,0,
금남59,화정중,미매칭,,,0,0,
금남59,유니버시아드힐스테이트,미매칭,,,0,0,
금남59,농성파출소,미매칭,,,0,0,
금남59,서광주한전,미매칭,,,0,0,
금남59,돌고개역(동),미매칭,,,0,0,
금남59,양동시장역(북),미매칭,,,0,0,
금남59,양동복개쇼핑센터,미매칭,,,0,0,
금남59,천교,미매칭,,,0,0,
금남59,광주공원,미매칭,,,0,0,
금남59,충장치안센터,미매칭,,,0,0,
금남59,"국립아시아문화전당(구,도청)",미매칭,,,0,0,
금남59,문화전당역,미매칭,,,0,0,
금남59,전남대병원오거리,미매칭,,,0,0,
금남59,전남대병원/남광주시장,미매칭,,,0,0,
금남59,남광주역,미매칭,,,0,0,
금남59,양림휴먼시아2차,미매칭,,,0,0,
금남59,양림휴먼시아1차,미매칭,,,0,0,
금남59,봉선1동행정복지센터,미매칭,,,0,0,
금남59,봉선라인광장,미매칭,,,0,0,
금남59,제석초교,미매칭,,,0,0,
금남59,봉선대화아파트,미매칭,,,0,0,
금남59,문성고,미매칭,,,0,0,
금남59,진월리채3차,미매칭,,,0,0,
금남59,진월저수지(동),미매칭,,,0,0,
금남59,송화마을3단지,미매칭,,,0,0,
금남59,송화마을5단지,미매칭,,,0,0,
금남59,노대제,미매칭,,,0,0,
금남59,조각배어린이공원,미매칭,,,0,0,
금남59,빛고을노인건강타운,미매칭,,,0,0,
금남59,고령친화종합체험관,미매칭,,,0,0,
금남59,빛고을전남대병원,미매칭,,,0,0,
금남59,시립제2요양병원,미매칭,,,0,0,
금남59,덕남,미매칭,,,0,0,
금남59,진월남양휴튼,미매칭,,,0,0,
금남59,돌고개역(서),미매칭,,,0,0,
양산60,효령노인복지타운,미매칭,,,0,0,
양산60,전통공예문화학교,미매칭,,,0,0,
양산60,용전입구,미매칭,,,0,0,
양산60,대진운수,미매칭,,,0,0,
양산60,용전사거리(북),미매칭,,,0,0,
양산60,지산입구,미매칭,,,0,0,
양산60,지산초교,미매칭,,,0,0,
양산60,대원정사,미매칭,,,0,0,
양산60,호남권역재활병원,미매칭,,,0,0,
양산60,건국동행정복지센터,미매칭,,,0,0,
양산60,건국동파출소,미매칭,,,0,0,
양산60,지산중,미매칭,,,0,0,
양산60,양산호반2차,미매칭,,,0,0,
양산60,양산GS그린자이아파트,미매칭,,,0,0,
양산60,양지마을,미매칭,,,0,0,
양산60,동아제약,미매칭,,,0,0,
양산60,양산호수공원,미매칭,,,0,0,
양산60,KT&G광주공장,미매칭,,,0,0,
양산60,롯데칠성,미매칭,,,0,0,
양산60,해태제과,미매칭,,,0,0,
양산60,광주다문화가족지원거점센터,미매칭,,,0,0,
양산60,마당고개,미매칭,,,0,0,
양산60,운암우성아파트,미매칭,,,0,0,
양산60,운암3동행정복지센터,미매칭,,,0,0,
양산60,운암초교,미매칭,,,0,0,
양산60,서영대,미매칭,,,0,0,
양산60,광림초교입구,미매칭,,,0,0,
양산60,광암교입구,미매칭,,,0,0,
양산60,공구의거리,미매칭,,,0,0,
양산60,제2광천교,미매칭,,,0,0,
양산60,광천치안센터,미매칭,,,0,0,
양산60,광주종합버스터미널,미매칭,,,0,0,
양산60,동천마을6단지,미매칭,,,0,0,
매월61,칠석,미매칭,,,0,0,
매월61,하칠석/고싸움전수관,미매칭,,,0,0,
매월61,상칠석,미매칭,,,0,0,
매월61,도촌,미매칭,,,0,0,
매월61,지석사거리,미매칭,,,0,0,
매월61,대촌한일베라체,미매칭,,,0,0,
매월61,개동,미매칭,,,0,0,
매월61,학동(서창),미매칭,,,0,0,
매월61,용두입구,미매칭,,,0,0,
매월61,서창치안센터,미매칭,,,0,0,
매월61,중촌,미매칭,,,0,0,
매월61,절골입구(서),미매칭,,,0,0,
매월61,세하동,미매칭,,,0,0,
매월61,서창동주민센터,미매칭,,,0,0,
매월61,절골입구(북),미매칭,,,0,0,
매월61,매월동(동),미매칭,,,0,0,
매월61,대동고,미매칭,,,0,0,
매월61,서부자동차매매단지,미매칭,,,0,0,
매월61,종합유통단지,미매칭,,,0,0,
매월61,서부농수산물도매시장,미매칭,,,0,0,
매월61,공구단지,미매칭,,,0,0,
매월61,풍암사거리(동),미매칭,,,0,0,
매월61,마재부영아파트,미매칭,,,0,0,
매월61,마재대주아파트,미매칭,,,0,0,
매월61,서구문화센터,미매칭,,,0,0,
매월61,금호한국아파트,미매칭,,,0,0,
매월61,금호시영아파트,미매칭,,,0,0,
매월61,CBS방송국,미매칭,,,0,0,
매월61,상무중,미매칭,,,0,0,
매월61,광주학생독립운동기념관,미매칭,,,0,0,
매월61,쌍촌시영아파트,미매칭,,,0,0,
매월61,보건환경연구원,미매칭,,,0,0,
매월61,염주사거리(동),미매칭,,,0,0,
매월61,염주맨션,미매칭,,,0,0,
매월61,화정중,미매칭,,,0,0,
매월61,유니버시아드힐스테이트,미매칭,,,0,0,
매월61,농성파출소,미매칭,,,0,0,
매월61,서광주한전,미매칭,,,0,0,
매월61,돌고개역(동),미매칭,,,0,0,
매월61,양동시장역(북),미매칭,,,0,0,
매월61,양동복개쇼핑센터,미매칭,,,0,0,
매월61,천교,미매칭,,,0,0,
매월61,광주학생운동기념탑,미매칭,,,0,0,
매월61,금남로5가역,미매칭,,,0,0,
매월61,금남로4가역,미매칭,,,0,0,
매월61,518민주화운동기록관,미매칭,,,0,0,
매월61,"국립아시아문화전당(구,도청)",미매칭,,,0,0,
매월61,문화전당역(1042),미매칭,,,0,0,
매월61,서남동행정복지센터,미매칭,,,0,0,
매월61,조선대병원입구,미매칭,,,0,0,
매월61,조선대대학원,미매칭,,,0,0,
매월61,조선대해오름관,미매칭,,,0,0,
매월61,조선대장미원,미매칭,,,0,0,
매월61,문화전당역,미매칭,,,0,0,
매월61,돌고개역(서),미매칭,,,0,0,
매월61,염주사거리(서),미매칭,,,0,0,
매월61,치평중,미매칭,,,0,0,
매월61,금호초교,미매칭,,,0,0,
상무62,상무지구,미매칭,,,0,0,
상무62,계수초교,미매칭,,,0,0,
상무62,상무대우아파트,미매칭,,,0,0,
상무62,시청,미매칭,,,0,0,
상무62,5.18기념문화센터,미매칭,,,0,0,
상무62,모아제일아파트,미매칭,,,0,0,
상무62,상무호반3차,미매칭,,,0,0,
상무62,유덕초교,미매칭,,,0,0,
상무62,칠성마을사거리,미매칭,,,0,0,
상무62,동천동행정복지센터,미매칭,,,0,0,
상무62,동천마을3단지,미매칭,,,0,0,
상무62,동천마을1단지,미매칭,,,0,0,
상무62,동림 I.C 입구,미매칭,,,0,0,
상무62,광신대교,미매칭,,,0,0,
상무62,풍영정입구,미매칭,,,0,0,
상무62,극락강역입구,미매칭,,,0,0,
상무62,신가동,미매칭,,,0,0,
상무62,목련마을,미매칭,,,0,0,
상무62,목련마을6단지,미매칭,,,0,0,
상무62,운남삼성아파트,미매칭,,,0,0,
상무62,광산구노인복지회관,미매칭,,,0,0,
상무62,영천초교,미매칭,,,0,0,
상무62,월곡2동행정복지센터,미매칭,,,0,0,
상무62,산정중입구,미매칭,,,0,0,
상무62,역산공원입구,미매칭,,,0,0,
상무62,광주여대,미매칭,,,0,0,
상무62,우산시영2단지(서),미매칭,,,0,0,
상무62,광주지방경찰청입구,미매칭,,,0,0,
상무62,광주인력개발원,미매칭,,,0,0,
상무62,소촌스위트밸리,미매칭,,,0,0,
상무62,어룡초교,미매칭,,,0,0,
상무62,정광고입구,미매칭,,,0,0,
상무62,중앙초교,미매칭,,,0,0,
상무62,소촌서라아파트,미매칭,,,0,0,
상무62,금호타이어,미매칭,,,0,0,
상무62,영광통,미매칭,,,0,0,
상무62,송정공원역,미매칭,,,0,0,
상무62,송정파출소(북),미매칭,,,0,0,
상무62,공항역,미매칭,,,0,0,
상무62,장암마을,미매칭,,,0,0,
상무62,서창입구,미매칭,,,0,0,
상무62,월암,미매칭,,,0,0,
상무62,김대중컨벤션센터(마륵)역,미매칭,,,0,0,
상무62,전남고입구,미매칭,,,0,0,
상무62,상무역(북),미매칭,,,0,0,
상무62,상무쌍용금호아파트,미매칭,,,0,0,
상무62,운천초교,미매칭,,,0,0,
상무62,상무한국아파트,미매칭,,,0,0,
상무62,한국수자원공사,미매칭,,,0,0,
상무62,농협운천지점,미매칭,,,0,0,
상무62,상무역,미매칭,,,0,0,
상무62,한국은행,미매칭,,,0,0,
상무62,한국국토정보공사,미매칭,,,0,0,
상무63,상무지구,미매칭,,,0,0,
상무63,상무시민공원,미매칭,,,0,0,
상무63,보훈회관/518민주화운동교육관,미매칭,,,0,0,
상무63,5.18자유공원,미매칭,,,0,0,
상무63,상무금호아파트,미매칭,,,0,0,
상무63,상무해광한신아파트,미매칭,,,0,0,
상무63,계수초교,미매칭,,,0,0,
상무63,상무대우아파트,미매칭,,,0,0,
상무63,시청,미매칭,,,0,0,
상무63,5.18기념문화센터,미매칭,,,0,0,
상무63,모아제일아파트,미매칭,,,0,0,
상무63,상무호반3차,미매칭,,,0,0,
상무63,유덕초교,미매칭,,,0,0,
상무63,칠성마을사거리,미매칭,,,0,0,
상무63,동천동행정복지센터,미매칭,,,0,0,
상무63,동천우미린아파트,미매칭,,,0,0,
상무63,서영대,미매칭,,,0,0,
상무63,운암초교,미매칭,,,0,0,
상무63,운암3단지,미매칭,,,0,0,
상무63,문화예술회관후문,미매칭,,,0,0,
상무63,체육고/폴리텍대학,미매칭,,,0,0,
상무63,광주박물관,미매칭,,,0,0,
상무63,시립민속박물관,미매칭,,,0,0,
상무63,용봉쌍용아파트,미매칭,,,0,0,
상무63,공간아파트,미매칭,,,0,0,
상무63,매곡대화아파트,미매칭,,,0,0,
상무63,전남공무원교육원,미매칭,,,0,0,
상무63,매곡삼익아파트,미매칭,,,0,0,
상무63,한국은행,미매칭,,,0,0,
상무63,한국국토정보공사,미매칭,,,0,0,
상무64,세하동,미매칭,,,0,0,
상무64,동하,미매칭,,,0,0,
상무64,마산(서창),미매칭,,,0,0,
상무64,서창농협벽진지점,미매칭,,,0,0,
상무64,서창사거리,미매칭,,,0,0,
상무64,서창입구,미매칭,,,0,0,
상무64,월암,미매칭,,,0,0,
상무64,김대중컨벤션센터(마륵)역(북),미매칭,,,0,0,
상무64,김대중컨벤션센터,미매칭,,,0,0,
상무64,5.18자유공원,미매칭,,,0,0,
상무64,상무금호아파트,미매칭,,,0,0,
상무64,상무중흥아파트,미매칭,,,0,0,
상무64,운천초교,미매칭,,,0,0,
상무64,상무대우아파트,미매칭,,,0,0,
상무64,시청,미매칭,,,0,0,
상무64,5.18기념문화센터,미매칭,,,0,0,
상무64,모아제일아파트,미매칭,,,0,0,
상무64,쌍촌현대아파트,미매칭,,,0,0,
상무64,솔뫼타운,미매칭,,,0,0,
상무64,해태아파트,미매칭,,,0,0,
상무64,기아자동차,미매칭,,,0,0,
상무64,광주종합버스터미널,미매칭,,,0,0,
상무64,광천치안센터,미매칭,,,0,0,
상무64,제2광천교,미매칭,,,0,0,
상무64,경신여고,미매칭,,,0,0,
상무64,광주지방기상청,미매칭,,,0,0,
상무64,신안교,미매칭,,,0,0,
상무64,용봉초교,미매칭,,,0,0,
상무64,전남대,미매칭,,,0,0,
상무64,전대치과병원,미매칭,,,0,0,
상무64,용봉2휴먼시아아파트,미매칭,,,0,0,
상무64,신안교입구,미매칭,,,0,0,
상무64,유창아파트,미매칭,,,0,0,
상무64,용봉동성당,미매칭,,,0,0,
상무64,용봉현대3차아파트,미매칭,,,0,0,
상무64,비엔날레전시관,미매칭,,,0,0,
상무64,전남대사거리(서),미매칭,,,0,0,
상무64,한국은행,미매칭,,,0,0,
상무64,한국국토정보공사,미매칭,,,0,0,
상무64,한국수자원공사,미매칭,,,0,0,
상무64,김대중컨벤션센터(마륵)역,미매칭,,,0,0,
유덕65,덕흥동,미매칭,,,0,0,
유덕65,덕흥마을입구,미매칭,,,0,0,
유덕65,덕흥삼거리,미매칭,,,0,0,
유덕65,유덕2교차로,미매칭,,,0,0,
유덕65,유덕동주민센터,미매칭,,,0,0,
유덕65,유덕치안센터,미매칭,,,0,0,
유덕65,극락초교,미매칭,,,0,0,
유덕65,버들주공1단지,미매칭,,,0,0,
유덕65,칠성마을,미매칭,,,0,0,
유덕65,광천동,미매칭,,,0,0,
유덕65,삼우아파트,미매칭,,,0,0,
유덕65,진성아파트,미매칭,,,0,0,
유덕65,광천E편한세상,미매칭,,,0,0,
유덕65,기아차정문,미매칭,,,0,0,
유덕65,광주종합버스터미널,미매칭,,,0,0,
유덕65,현대자동차,미매칭,,,0,0,
유덕65,발산,미매칭,,,0,0,
유덕65,발산교(남),미매칭,,,0,0,
유덕65,농성중흥파크,미매칭,,,0,0,
유덕65,서광주전화국,미매칭,,,0,0,
유덕65,돌고개역(동),미매칭,,,0,0,
유덕65,양동시장역(북),미매칭,,,0,0,
유덕65,양동복개쇼핑센터,미매칭,,,0,0,
유덕65,천교,미매칭,,,0,0,
유덕65,광주학생운동기념탑,미매칭,,,0,0,
유덕65,광주일고/광주고용센터,미매칭,,,0,0,
유덕65,유동사거리,미매칭,,,0,0,
유덕65,NC백화점,미매칭,,,0,0,
유덕65,광주역,미매칭,,,0,0,
유덕65,신안사거리,미매칭,,,0,0,
유덕65,북광주수협,미매칭,,,0,0,
유덕65,서림초교입구,미매칭,,,0,0,
유덕65,요한병원,미매칭,,,0,0,
유덕65,광호예식장,미매칭,,,0,0,
송암68,송암공단,미매칭,,,0,0,
송암68,송원대,미매칭,,,0,0,
송암68,송암공단입구,미매칭,,,0,0,
송암68,인성고,미매칭,,,0,0,
송암68,신효천마을,미매칭,,,0,0,
송암68,효천초교,미매칭,,,0,0,
송암68,대동마을,미매칭,,,0,0,
송암68,신기교,미매칭,,,0,0,
송암68,조각배어린이공원,미매칭,,,0,0,
송암68,송화마을4단지,미매칭,,,0,0,
송암68,송화마을3단지,미매칭,,,0,0,
송암68,진월저수지(동),미매칭,,,0,0,
송암68,진월리채3차,미매칭,,,0,0,
송암68,문성고,미매칭,,,0,0,
송암68,봉선대화아파트,미매칭,,,0,0,
송암68,주월중입구,미매칭,,,0,0,
송암68,남구청,미매칭,,,0,0,
송암68,백운우체국,미매칭,,,0,0,
송암68,까치고개,미매칭,,,0,0,
송암68,대성사거리,미매칭,,,0,0,
송암68,무진중,미매칭,,,0,0,
송암68,월산초교,미매칭,,,0,0,
송암68,동신대한방병원,미매칭,,,0,0,
송암68,돌고개역(서),미매칭,,,0,0,
송암68,서구청,미매칭,,,0,0,
송암68,농성SK뷰,미매칭,,,0,0,
송암68,화정중흥파크,미매칭,,,0,0,
송암68,신세계백화점,미매칭,,,0,0,
송암68,광주종합버스터미널,미매칭,,,0,0,
송암68,기아차중문,미매칭,,,0,0,
송암68,광명하이츠후문,미매칭,,,0,0,
송암68,버들마을,미매칭,,,0,0,
송암68,계수,미매칭,,,0,0,
송암68,시청,미매칭,,,0,0,
송암68,광주무역회관,미매칭,,,0,0,
송암68,광산우산동행정복지센터,미매칭,,,0,0,
송암68,광주여대,미매칭,,,0,0,
송암68,역산공원입구,미매칭,,,0,0,
송암68,산정중입구,미매칭,,,0,0,
송암68,산정초교,미매칭,,,0,0,
송암68,다사로움1차아파트,미매칭,,,0,0,
송암68,하남초교,미매칭,,,0,0,
송암68,하남초교(북),미매칭,,,0,0,
송암68,단전,미매칭,,,0,0,
송암68,돈보스코학교,미매칭,,,0,0,
송암68,KTX 스포츠파크,미매칭,,,0,0,
송암68,서광주한전,미매칭,,,0,0,
송암68,백운초교(북),미매칭,,,0,0,
송암68,송암동,미매칭,,,0,0,
대촌69,칠석,미매칭,,,0,0,
대촌69,하칠석/고싸움전수관,미매칭,,,0,0,
대촌69,상칠석,미매칭,,,0,0,
대촌69,도촌,미매칭,,,0,0,
대촌69,지석사거리,미매칭,,,0,0,
대촌69,대촌한일베라체,미매칭,,,0,0,
대촌69,개동,미매칭,,,0,0,
대촌69,학동(서창),미매칭,,,0,0,
대촌69,용두입구,미매칭,,,0,0,
대촌69,서창치안센터,미매칭,,,0,0,
대촌69,중촌,미매칭,,,0,0,
대촌69,절골입구(서),미매칭,,,0,0,
대촌69,서창동주민센터,미매칭,,,0,0,
대촌69,동하,미매칭,,,0,0,
대촌69,마산(서창),미매칭,,,0,0,
대촌69,서창농협벽진지점,미매칭,,,0,0,
대촌69,서창사거리,미매칭,,,0,0,
대촌69,서창입구,미매칭,,,0,0,
대촌69,월암,미매칭,,,0,0,
대촌69,김대중컨벤션센터(마륵)역,미매칭,,,0,0,
대촌69,전남고입구,미매칭,,,0,0,
대촌69,상무역,미매칭,,,0,0,
대촌69,상무지구입구,미매칭,,,0,0,
대촌69,운천역,미매칭,,,0,0,
대촌69,서광주세무서,미매칭,,,0,0,
대촌69,상무1동행정복지센터,미매칭,,,0,0,
대촌69,한국병원,미매칭,,,0,0,
대촌69,기아차중문,미매칭,,,0,0,
대촌69,광주종합버스터미널,미매칭,,,0,0,
대촌69,현대자동차,미매칭,,,0,0,
대촌69,광천초교,미매칭,,,0,0,
대촌69,농성1동주민센터,미매칭,,,0,0,
대촌69,서광주전화국,미매칭,,,0,0,
대촌69,돌고개역(동),미매칭,,,0,0,
대촌69,양동시장역(남),미매칭,,,0,0,
대촌69,광주은행북부지점,미매칭,,,0,0,
대촌69,북성중,미매칭,,,0,0,
대촌69,양동시장역(천변),미매칭,,,0,0,
대촌69,쌍촌역,미매칭,,,0,0,
대촌69,한국농어촌공사,미매칭,,,0,0,
대촌70,승촌,성공,정확일치,승촌,1,1,남구 대촌동
대촌70,승촌주택단지,미매칭,,,0,0,
대촌70,유촌,미매칭,,,0,0,
대촌70,양촌(대촌),미매칭,,,0,0,
대촌70,학촌,미매칭,,,0,0,
대촌70,무학초교,미매칭,,,0,0,
대촌70,신장,미매칭,,,0,0,
대촌70,육묘장,미매칭,,,0,0,
대촌70,대지동하촌,미매칭,,,0,0,
대촌70,대지동상촌,미매칭,,,0,0,
대촌70,대촌미곡처리장,미매칭,,,0,0,
대촌70,대촌한일베라체,미매칭,,,0,0,
대촌70,대촌동행정복지센터,미매칭,,,0,0,
대촌70,하지석,미매칭,,,0,0,
대촌70,상지석,미매칭,,,0,0,
대촌70,원산,미매칭,,,0,0,
대촌70,포충사,미매칭,,,0,0,
대촌70,복수,미매칭,,,0,0,
대촌70,이장2동,미매칭,,,0,0,
대촌70,이장1동,미매칭,,,0,0,
대촌70,수춘,미매칭,,,0,0,
대촌70,양과동,미매칭,,,0,0,
대촌70,향등,미매칭,,,0,0,
대촌70,송암동,미매칭,,,0,0,
대촌70,인성고,미매칭,,,0,0,
대촌70,남선산업,미매칭,,,0,0,
대촌70,송하삼익아파트,미매칭,,,0,0,
대촌70,광주대입구,미매칭,,,0,0,
대촌70,동성고,미매칭,,,0,0,
대촌70,대성여고,미매칭,,,0,0,
대촌70,진월대주아파트,미매칭,,,0,0,
대촌70,대광여고,미매칭,,,0,0,
대촌70,백운광장,미매칭,,,0,0,
대촌70,백운우체국,미매칭,,,0,0,
대촌70,까치고개,미매칭,,,0,0,
대촌70,대성사거리,미매칭,,,0,0,
대촌70,월산사거리,미매칭,,,0,0,
대촌70,우진아파트,미매칭,,,0,0,
대촌70,광주학생운동기념탑,미매칭,,,0,0,
대촌70,롯데백화점,미매칭,,,0,0,
대촌70,동부소방서,미매칭,,,0,0,
대촌70,대인시장(서),미매칭,,,0,0,
대촌70,예술의거리입구,미매칭,,,0,0,
대촌70,충장치안센터,미매칭,,,0,0,
대촌70,광주공원,미매칭,,,0,0,
대촌70,백운초교(북),미매칭,,,0,0,
대촌70,호남삼육고입구,미매칭,,,0,0,
대촌71,구소,성공,정확일치,구소,1,1,남구 대촌동
대촌71,도덕,미매칭,,,0,0,
대촌71,학촌,미매칭,,,0,0,
대촌71,월성,미매칭,,,0,0,
대촌71,지동,미매칭,,,0,0,
대촌71,화장앞길,미매칭,,,0,0,
대촌71,화장뒷길,미매칭,,,0,0,
대촌71,농막,미매칭,,,0,0,
대촌71,시산,미매칭,,,0,0,
대촌71,석정,미매칭,,,0,0,
대촌71,석교삼거리,미매칭,,,0,0,
대촌71,구룡(대촌),미매칭,,,0,0,
대촌71,마현,미매칭,,,0,0,
대촌71,신용,미매칭,,,0,0,
대촌71,봉학,미매칭,,,0,0,
대촌71,용두입구,미매칭,,,0,0,
대촌71,서창치안센터,미매칭,,,0,0,
대촌71,중촌,미매칭,,,0,0,
대촌71,절골입구(서),미매칭,,,0,0,
대촌71,불암,미매칭,,,0,0,
대촌71,매월동(북),미매칭,,,0,0,
대촌71,대동고,미매칭,,,0,0,
대촌71,화훼단지,미매칭,,,0,0,
대촌71,공구단지,미매칭,,,0,0,
대촌71,풍암사거리(동),미매칭,,,0,0,
대촌71,마재우체국,미매칭,,,0,0,
대촌71,풍암저수지,미매칭,,,0,0,
대촌71,원광대한방병원,미매칭,,,0,0,
대촌71,금당중,미매칭,,,0,0,
대촌71,서남하이츠/광주국제양궁장,미매칭,,,0,0,
대촌71,무등시장입구(남),미매칭,,,0,0,
대촌71,백운초교(남),미매칭,,,0,0,
대촌71,까치고개,미매칭,,,0,0,
대촌71,대성사거리,미매칭,,,0,0,
대촌71,월산사거리,미매칭,,,0,0,
대촌71,우진아파트,미매칭,,,0,0,
대촌71,천교,미매칭,,,0,0,
대촌71,양동복개쇼핑센터,미매칭,,,0,0,
대촌71,양동시장역(천변),미매칭,,,0,0,
송암72,송암공단,미매칭,,,0,0,
송암72,송암공단입구,미매칭,,,0,0,
송암72,송원대,미매칭,,,0,0,
송암72,동명회/송원고,미매칭,,,0,0,
송암72,운리마을,미매칭,,,0,0,
송암72,풍암대주아파트,미매칭,,,0,0,
송암72,풍암사거리(동),미매칭,,,0,0,
송암72,마재부영아파트,미매칭,,,0,0,
송암72,마재대주아파트,미매칭,,,0,0,
송암72,서구문화센터,미매칭,,,0,0,
송암72,금호한국아파트,미매칭,,,0,0,
송암72,금호시영아파트,미매칭,,,0,0,
송암72,CBS방송국,미매칭,,,0,0,
송암72,상무중,미매칭,,,0,0,
송암72,운천저수지,미매칭,,,0,0,
송암72,운천역,미매칭,,,0,0,
송암72,서광주세무서,미매칭,,,0,0,
송암72,상무1동행정복지센터,미매칭,,,0,0,
송암72,한국병원,미매칭,,,0,0,
송암72,솔뫼타운,미매칭,,,0,0,
송암72,해태아파트,미매칭,,,0,0,
송암72,화정무등파크,미매칭,,,0,0,
송암72,화정중흥파크,미매칭,,,0,0,
송암72,서구청,미매칭,,,0,0,
송암72,서광주한전,미매칭,,,0,0,
송암72,돌고개역(동),미매칭,,,0,0,
송암72,양동시장역(북),미매칭,,,0,0,
송암72,광주은행북부지점,미매칭,,,0,0,
송암72,유동사거리,미매칭,,,0,0,
송암72,NC백화점,미매칭,,,0,0,
송암72,광주역,미매칭,,,0,0,
송암72,신안사거리,미매칭,,,0,0,
송암72,전남대사거리(서),미매칭,,,0,0,
송암72,용봉초교,미매칭,,,0,0,
송암72,신안교,미매칭,,,0,0,
송암72,광주지방기상청,미매칭,,,0,0,
송암72,경신여고,미매칭,,,0,0,
송암72,운암시장,미매칭,,,0,0,
송암72,운암3단지,미매칭,,,0,0,
송암72,운암중,미매칭,,,0,0,
송암72,운암우미아파트,미매칭,,,0,0,
송암72,시립장애인복지관,미매칭,,,0,0,
송암72,동림푸른마을,미매칭,,,0,0,
송암72,산동교,미매칭,,,0,0,
송암72,반촌,미매칭,,,0,0,
송암72,보건대입구,미매칭,,,0,0,
송암72,전남공고입구,미매칭,,,0,0,
송암72,신창용수마을,미매칭,,,0,0,
송암72,신창초교,미매칭,,,0,0,
송암72,신창중,미매칭,,,0,0,
송암72,신창부영2차아파트,미매칭,,,0,0,
송암72,은빛마을,미매칭,,,0,0,
송암72,성덕교,미매칭,,,0,0,
송암72,성덕마을,미매칭,,,0,0,
송암72,장덕마을,미매칭,,,0,0,
송암72,고실마을,미매칭,,,0,0,
송암72,수완양우내안애,미매칭,,,0,0,
송암72,골옷교,미매칭,,,0,0,
송암72,수완우미린2차,미매칭,,,0,0,
송암72,수완보건지소,미매칭,,,0,0,
송암72,수완지구(KS병원),미매칭,,,0,0,
송암72,수완지구(KS병원,미매칭,,,0,0,
송암72,운암벽산블루밍,미매칭,,,0,0,
송암72,문화예술회관,미매칭,,,0,0,
송암72,돌고개역(서),미매칭,,,0,0,
송암72,농성SK뷰,미매칭,,,0,0,
송암72,쌍촌역,미매칭,,,0,0,
송암72,한국농어촌공사,미매칭,,,0,0,
송암72,금호초교,미매칭,,,0,0,
송암72,매월종합상가입구,미매칭,,,0,0,
송암73,도산동,미매칭,,,0,0,
송암73,도산파출소,미매칭,,,0,0,
송암73,공군부대,미매칭,,,0,0,
송암73,공군부대후문,미매칭,,,0,0,
송암73,송정호반아파트,미매칭,,,0,0,
송암73,도산동행정복지센터,미매칭,,,0,0,
송암73,송정초교,미매칭,,,0,0,
송암73,송정대덕아파트,미매칭,,,0,0,
송암73,상전,미매칭,,,0,0,
송암73,송정모아아파트,미매칭,,,0,0,
송암73,송정파출소(남),미매칭,,,0,0,
송암73,공항역,미매칭,,,0,0,
송암73,장암마을,미매칭,,,0,0,
송암73,서창입구,미매칭,,,0,0,
송암73,월암,미매칭,,,0,0,
송암73,김대중컨벤션센터(마륵)역,미매칭,,,0,0,
송암73,전남고입구,미매칭,,,0,0,
송암73,상무역(북),미매칭,,,0,0,
송암73,농협운천지점,미매칭,,,0,0,
송암73,대우디오빌,미매칭,,,0,0,
송암73,운천저수지,미매칭,,,0,0,
송암73,상무중,미매칭,,,0,0,
송암73,광주학생독립운동기념관,미매칭,,,0,0,
송암73,쌍촌시영아파트,미매칭,,,0,0,
송암73,보건환경연구원,미매칭,,,0,0,
송암73,염주사거리(동),미매칭,,,0,0,
송암73,염주맨션,미매칭,,,0,0,
송암73,화정중,미매칭,,,0,0,
송암73,유니버시아드힐스테이트,미매칭,,,0,0,
송암73,건강협회,미매칭,,,0,0,
송암73,월산4동,미매칭,,,0,0,
송암73,월산5동,미매칭,,,0,0,
송암73,신우아파트,미매칭,,,0,0,
송암73,주월주택단지,미매칭,,,0,0,
송암73,백운광장,미매칭,,,0,0,
송암73,호남삼육고입구,미매칭,,,0,0,
송암73,대광여고,미매칭,,,0,0,
송암73,진월대주아파트,미매칭,,,0,0,
송암73,대성여고,미매칭,,,0,0,
송암73,동성고,미매칭,,,0,0,
송암73,송하삼익아파트,미매칭,,,0,0,
송암73,남선산업,미매칭,,,0,0,
송암73,송암공단입구,미매칭,,,0,0,
송암73,송원대,미매칭,,,0,0,
송암73,동명회/송원고,미매칭,,,0,0,
송암73,운리마을,미매칭,,,0,0,
송암73,풍암대주아파트,미매칭,,,0,0,
송암73,풍암사거리(서),미매칭,,,0,0,
송암73,광주중,미매칭,,,0,0,
송암73,마재종원아파트,미매칭,,,0,0,
송암73,만호마을,미매칭,,,0,0,
송암73,무등교회,미매칭,,,0,0,
송암73,서광주역,미매칭,,,0,0,
송암73,동산교차로,미매칭,,,0,0,
송암73,동산교차로(북),미매칭,,,0,0,
송암73,동산교차로(남),미매칭,,,0,0,
송암73,매월종합상가입구,미매칭,,,0,0,
송암73,광주대입구,미매칭,,,0,0,
송암73,건강협회(남),미매칭,,,0,0,
송암73,염주사거리(서),미매칭,,,0,0,
송암73,치평중,미매칭,,,0,0,
송암73,상무역,미매칭,,,0,0,
송암74,송암공단,미매칭,,,0,0,
송암74,송암공단입구,미매칭,,,0,0,
송암74,송원대,미매칭,,,0,0,
송암74,동명회/송원고,미매칭,,,0,0,
송암74,운리마을,미매칭,,,0,0,
송암74,풍암SK뷰,미매칭,,,0,0,
송암74,풍암동부센트리빌,미매칭,,,0,0,
송암74,운리초교입구,미매칭,,,0,0,
송암74,마재부영아파트,미매칭,,,0,0,
송암74,마재대주아파트,미매칭,,,0,0,
송암74,서구문화센터,미매칭,,,0,0,
송암74,금호도개공아파트,미매칭,,,0,0,
송암74,금호모아아파트,미매칭,,,0,0,
송암74,월드컵경기장,미매칭,,,0,0,
송암74,염주체육관,미매칭,,,0,0,
송암74,럭키아파트,미매칭,,,0,0,
송암74,화정남초교,미매칭,,,0,0,
송암74,염주사거리(동),미매칭,,,0,0,
송암74,염주맨션,미매칭,,,0,0,
송암74,화정중,미매칭,,,0,0,
송암74,유니버시아드힐스테이트,미매칭,,,0,0,
송암74,농성파출소,미매칭,,,0,0,
송암74,서광주한전,미매칭,,,0,0,
송암74,동신대한방병원,미매칭,,,0,0,
송암74,월산초교,미매칭,,,0,0,
송암74,무진중,미매칭,,,0,0,
송암74,대성초교,미매칭,,,0,0,
송암74,향교,미매칭,,,0,0,
송암74,중앙대교(서),미매칭,,,0,0,
송암74,충장치안센터,미매칭,,,0,0,
송암74,예술의거리입구,미매칭,,,0,0,
송암74,전남여고,미매칭,,,0,0,
송암74,동구노인종합복지관,미매칭,,,0,0,
송암74,농장다리,미매칭,,,0,0,
송암74,법원입구,미매칭,,,0,0,
송암74,산수오거리,미매칭,,,0,0,
송암74,두암지구입구,미매칭,,,0,0,
송암74,풍향시장,미매칭,,,0,0,
송암74,교대금호어울림,미매칭,,,0,0,
송암74,두암주공입구,미매칭,,,0,0,
송암74,두암초교,미매칭,,,0,0,
송암74,문화초교,미매칭,,,0,0,
송암74,신흥맨션,미매칭,,,0,0,
송암74,각화무등파크,미매칭,,,0,0,
송암74,각화초교,미매칭,,,0,0,
송암74,금호아파트,미매칭,,,0,0,
송암74,동광주진입로,미매칭,,,0,0,
송암74,농산물공판장,미매칭,,,0,0,
송암74,문흥지구입구(남),미매칭,,,0,0,
송암74,문흥지구입구(동),미매칭,,,0,0,
송암74,도동고개,미매칭,,,0,0,
송암74,도선사,미매칭,,,0,0,
송암74,장등동,성공,정확일치,장등동,1,1,북구 석곡동
송암74,광주세무서,미매칭,,,0,0,
송암74,돌고개역(서),미매칭,,,0,0,
송암74,풍암대주아파트,미매칭,,,0,0,
송암74,매월종합상가입구,미매칭,,,0,0,
진월75,송암공단,미매칭,,,0,0,
진월75,송원대,미매칭,,,0,0,
진월75,송암공단입구,미매칭,,,0,0,
진월75,인성고,미매칭,,,0,0,
진월75,송암동,미매칭,,,0,0,
진월75,신효천마을,미매칭,,,0,0,
진월75,효천초교,미매칭,,,0,0,
진월75,대동마을,미매칭,,,0,0,
진월75,신기교,미매칭,,,0,0,
진월75,조각배어린이공원,미매칭,,,0,0,
진월75,노대제,미매칭,,,0,0,
진월75,송화마을5단지,미매칭,,,0,0,
진월75,진월남양휴튼,미매칭,,,0,0,
진월75,송화마을3단지,미매칭,,,0,0,
진월75,진월저수지(서),미매칭,,,0,0,
진월75,효덕동행정복지센터,미매칭,,,0,0,
진월75,광주대입구,미매칭,,,0,0,
진월75,동성고,미매칭,,,0,0,
진월75,대성여고,미매칭,,,0,0,
진월75,진월대주아파트,미매칭,,,0,0,
진월75,대광여고,미매칭,,,0,0,
진월75,호남삼육고,미매칭,,,0,0,
진월75,서남하이츠/광주국제양궁장,미매칭,,,0,0,
진월75,금당중,미매칭,,,0,0,
진월75,원광대한방병원,미매칭,,,0,0,
진월75,풍암우미아파트,미매칭,,,0,0,
진월75,풍암금호아파트,미매칭,,,0,0,
진월75,신암마을,미매칭,,,0,0,
진월75,풍암한국아파트,미매칭,,,0,0,
진월75,풍암한신아파트,미매칭,,,0,0,
진월75,풍암모아아파트,미매칭,,,0,0,
진월75,풍암저수지,미매칭,,,0,0,
진월75,마재우체국,미매칭,,,0,0,
진월75,마재부영아파트,미매칭,,,0,0,
진월75,마재대주아파트,미매칭,,,0,0,
진월75,서창농협,미매칭,,,0,0,
진월75,만호초교,미매칭,,,0,0,
진월75,만호마을,미매칭,,,0,0,
진월75,무등교회,미매칭,,,0,0,
진월75,다사랑병원,미매칭,,,0,0,
진월75,서창농협벽진지점,미매칭,,,0,0,
진월75,서창사거리,미매칭,,,0,0,
진월75,장암마을,미매칭,,,0,0,
진월75,공항역,미매칭,,,0,0,
진월75,송정파출소(북),미매칭,,,0,0,
진월75,송정공원역,미매칭,,,0,0,
진월75,영광통,미매칭,,,0,0,
진월75,광산구청,미매칭,,,0,0,
진월75,광주송정역,미매칭,,,0,0,
진월75,신동사거리,미매칭,,,0,0,
진월75,도산역,미매칭,,,0,0,
진월75,도산파출소,미매칭,,,0,0,
진월75,도산동,미매칭,,,0,0,
진월75,동산교차로,미매칭,,,0,0,
진월75,동산교차로(북),미매칭,,,0,0,
진월75,서구문화센터,미매칭,,,0,0,
진월75,송화마을1단지입구,미매칭,,,0,0,
진월75,송화마을1단지,미매칭,,,0,0,
진월75,진남초교,미매칭,,,0,0,
봉선76,송암공단,미매칭,,,0,0,
봉선76,송원대,미매칭,,,0,0,
봉선76,송암공단입구,미매칭,,,0,0,
봉선76,입하마을,미매칭,,,0,0,
봉선76,광주효천시티프라디움,미매칭,,,0,0,
봉선76,임암,미매칭,,,0,0,
봉선76,신효천마을,미매칭,,,0,0,
봉선76,효천초교,미매칭,,,0,0,
봉선76,대동마을,미매칭,,,0,0,
봉선76,신기교,미매칭,,,0,0,
봉선76,조각배어린이공원,미매칭,,,0,0,
봉선76,노대제,미매칭,,,0,0,
봉선76,송화마을5단지,미매칭,,,0,0,
봉선76,진월남양휴튼,미매칭,,,0,0,
봉선76,송화마을3단지,미매칭,,,0,0,
봉선76,진월저수지(동),미매칭,,,0,0,
봉선76,진월리채3차,미매칭,,,0,0,
봉선76,문성고,미매칭,,,0,0,
봉선76,구남구청,미매칭,,,0,0,
봉선76,조봉초교,미매칭,,,0,0,
봉선76,봉선삼익아파트(남),미매칭,,,0,0,
봉선76,봉선삼익아파트(북),미매칭,,,0,0,
봉선76,유안초교,미매칭,,,0,0,
봉선76,라인효친,미매칭,,,0,0,
봉선76,모아2차아파트,미매칭,,,0,0,
봉선76,봉선1동행정복지센터,미매칭,,,0,0,
봉선76,양림휴먼시아1차,미매칭,,,0,0,
봉선76,양림휴먼시아2차,미매칭,,,0,0,
봉선76,학림교,미매칭,,,0,0,
봉선76,방림교,미매칭,,,0,0,
봉선76,우영아파트,미매칭,,,0,0,
봉선76,빛고을복지회관,미매칭,,,0,0,
봉선76,가야농원,미매칭,,,0,0,
봉선76,용산교(동구),미매칭,,,0,0,
봉선76,지원2동행정복지센터입구,미매칭,,,0,0,
봉선76,소태역,미매칭,,,0,0,
봉선76,광주남초교,미매칭,,,0,0,
봉선76,동구문화센터,미매칭,,,0,0,
봉선76,학동평화맨션,미매칭,,,0,0,
봉선76,홍림교,미매칭,,,0,0,
봉선76,연진회미술원,미매칭,,,0,0,
봉선76,운림중,미매칭,,,0,0,
봉선76,학운초교,미매칭,,,0,0,
봉선76,성촌마을/전통문화관,미매칭,,,0,0,
봉선76,무등산국립공원(증심사),미매칭,,,0,0,
봉선76,동산마을입구,미매칭,,,0,0,
봉선76,학동무등파크,미매칭,,,0,0,
봉선76,삼익세라믹,미매칭,,,0,0,
봉선76,백화아파트,미매칭,,,0,0,
진월77,세하동,미매칭,,,0,0,
진월77,서창동주민센터,미매칭,,,0,0,
진월77,절골입구(북),미매칭,,,0,0,
진월77,매월동(동),미매칭,,,0,0,
진월77,대동고,미매칭,,,0,0,
진월77,화훼단지,미매칭,,,0,0,
진월77,공구단지,미매칭,,,0,0,
진월77,풍암사거리(동),미매칭,,,0,0,
진월77,마재부영아파트,미매칭,,,0,0,
진월77,마재호반아파트,미매칭,,,0,0,
진월77,마재종원아파트,미매칭,,,0,0,
진월77,만호초교,미매칭,,,0,0,
진월77,금호한국아파트,미매칭,,,0,0,
진월77,금호시영아파트,미매칭,,,0,0,
진월77,CBS방송국,미매칭,,,0,0,
진월77,상무중,미매칭,,,0,0,
진월77,광주학생독립운동기념관,미매칭,,,0,0,
진월77,쌍촌시영아파트,미매칭,,,0,0,
진월77,보건환경연구원,미매칭,,,0,0,
진월77,염주사거리(동),미매칭,,,0,0,
진월77,염주맨션,미매칭,,,0,0,
진월77,주월초교,미매칭,,,0,0,
진월77,월산마을,미매칭,,,0,0,
진월77,제일맨션,미매칭,,,0,0,
진월77,명지맨션,미매칭,,,0,0,
진월77,무등시장,미매칭,,,0,0,
진월77,무등시장입구(북),미매칭,,,0,0,
진월77,호남삼육고,미매칭,,,0,0,
진월77,대광여고,미매칭,,,0,0,
진월77,진월대주아파트,미매칭,,,0,0,
진월77,대성여고,미매칭,,,0,0,
진월77,동성고,미매칭,,,0,0,
진월77,금호타운아파트,미매칭,,,0,0,
진월77,광주대,미매칭,,,0,0,
진월77,구암,미매칭,,,0,0,
진월77,빛고을CC,미매칭,,,0,0,
진월77,노대,미매칭,,,0,0,
진월77,광주대입구,미매칭,,,0,0,
진월77,염주사거리(서),미매칭,,,0,0,
진월77,치평중,미매칭,,,0,0,
진월77,금호초교,미매칭,,,0,0,
진월77,서창농협,미매칭,,,0,0,
진월78,광주김치타운,미매칭,,,0,0,
진월78,매월종합상가공구단지,미매칭,,,0,0,
진월78,서부농수산물도매시장,미매칭,,,0,0,
진월78,공구단지,미매칭,,,0,0,
진월78,풍암사거리(동),미매칭,,,0,0,
진월78,마재우체국,미매칭,,,0,0,
진월78,풍암저수지,미매칭,,,0,0,
진월78,풍암모아아파트,미매칭,,,0,0,
진월78,풍암한신아파트,미매칭,,,0,0,
진월78,풍암한국아파트,미매칭,,,0,0,
진월78,신암마을,미매칭,,,0,0,
진월78,풍암금호아파트,미매칭,,,0,0,
진월78,풍암우미아파트,미매칭,,,0,0,
진월78,원광대한방병원,미매칭,,,0,0,
진월78,금당중,미매칭,,,0,0,
진월78,서남하이츠/광주국제양궁장,미매칭,,,0,0,
진월78,호남삼육고,미매칭,,,0,0,
진월78,대광여고,미매칭,,,0,0,
진월78,진월대주아파트,미매칭,,,0,0,
진월78,대성여고,미매칭,,,0,0,
진월78,동성고,미매칭,,,0,0,
진월78,송하삼익아파트,미매칭,,,0,0,
진월78,남선산업,미매칭,,,0,0,
진월78,인성고,미매칭,,,0,0,
진월78,송암동,미매칭,,,0,0,
진월78,임암,미매칭,,,0,0,
진월78,광곡입구,미매칭,,,0,0,
진월78,임정,미매칭,,,0,0,
진월78,이동입구,미매칭,,,0,0,
진월78,이동,미매칭,,,0,0,
진월78,광주대입구,미매칭,,,0,0,
진월79,도동,미매칭,,,0,0,
진월79,효천천년나무3단지,미매칭,,,0,0,
진월79,대동마을,미매칭,,,0,0,
진월79,효천초교,미매칭,,,0,0,
진월79,신효천마을,미매칭,,,0,0,
진월79,송암동,미매칭,,,0,0,
진월79,인성고,미매칭,,,0,0,
진월79,남선산업,미매칭,,,0,0,
진월79,송하삼익아파트,미매칭,,,0,0,
진월79,광주대입구,미매칭,,,0,0,
진월79,동성고,미매칭,,,0,0,
진월79,대성여고,미매칭,,,0,0,
진월79,진월대주아파트,미매칭,,,0,0,
진월79,대광여고,미매칭,,,0,0,
진월79,백운광장,미매칭,,,0,0,
진월79,백운우체국,미매칭,,,0,0,
진월79,까치고개,미매칭,,,0,0,
진월79,대성사거리,미매칭,,,0,0,
진월79,무진중,미매칭,,,0,0,
진월79,월산초교,미매칭,,,0,0,
진월79,동신대한방병원,미매칭,,,0,0,
진월79,돌고개역(동),미매칭,,,0,0,
진월79,양동시장역(남),미매칭,,,0,0,
진월79,양동복개쇼핑센터,미매칭,,,0,0,
진월79,천교,미매칭,,,0,0,
진월79,백운초교(북),미매칭,,,0,0,
진월79,호남삼육고입구,미매칭,,,0,0,
문흥80,장등동,성공,정확일치,장등동,1,1,북구 석곡동
문흥80,도선사,미매칭,,,0,0,
문흥80,문흥지구입구(서),미매칭,,,0,0,
문흥80,문흥라인동산아파트,미매칭,,,0,0,
문흥80,문흥라인아파트,미매칭,,,0,0,
문흥80,문흥중앙초교,미매칭,,,0,0,
문흥80,문화근린공원,미매칭,,,0,0,
문흥80,오정초교입구,미매칭,,,0,0,
문흥80,오치한전옆,미매칭,,,0,0,
문흥80,도로교통공단 대신파크,미매칭,,,0,0,
문흥80,전남대공과대학,미매칭,,,0,0,
문흥80,전남대동문,미매칭,,,0,0,
문흥80,북구청,미매칭,,,0,0,
문흥80,평화맨션,미매칭,,,0,0,
문흥80,말바우시장(서),미매칭,,,0,0,
문흥80,말바우시장(남),미매칭,,,0,0,
문흥80,동강대,미매칭,,,0,0,
문흥80,서방시장(북),미매칭,,,0,0,
문흥80,교육대,미매칭,,,0,0,
문흥80,풍향삼거리,미매칭,,,0,0,
문흥80,두암지구입구,미매칭,,,0,0,
문흥80,산수오거리,미매칭,,,0,0,
문흥80,법원,미매칭,,,0,0,
문흥80,매일시장입구,미매칭,,,0,0,
문흥80,살레시오여고,미매칭,,,0,0,
문흥80,조선대,미매칭,,,0,0,
문흥80,서남동행정복지센터,미매칭,,,0,0,
문흥80,문화전당역,미매칭,,,0,0,
문흥80,"국립아시아문화전당(구,도청)",미매칭,,,0,0,
문흥80,충장치안센터,미매칭,,,0,0,
문흥80,충장로5가입구,미매칭,,,0,0,
문흥80,금남로4가역,미매칭,,,0,0,
문흥80,법원입구,미매칭,,,0,0,
문흥80,서방시장(남),미매칭,,,0,0,
문흥80,성산맨션,미매칭,,,0,0,
문흥80,문흥지구입구(동),미매칭,,,0,0,
문흥80,도동고개,미매칭,,,0,0,
두암81,장등마을,미매칭,,,0,0,
두암81,장동마을,미매칭,,,0,0,
두암81,망향동산길,미매칭,,,0,0,
두암81,변전소,미매칭,,,0,0,
두암81,장등동,성공,정확일치,장등동,1,1,북구 석곡동
두암81,도선사입구,미매칭,,,0,0,
두암81,각화중,미매칭,,,0,0,
두암81,힐스테이트각화아파트,미매칭,,,0,0,
두암81,각화초교,미매칭,,,0,0,
두암81,금호아파트,미매칭,,,0,0,
두암81,광주병원,미매칭,,,0,0,
두암81,무등도서관,미매칭,,,0,0,
두암81,말바우시장(동),미매칭,,,0,0,
두암81,말바우시장(서),미매칭,,,0,0,
두암81,평화맨션,미매칭,,,0,0,
두암81,북구청,미매칭,,,0,0,
두암81,북구보건소,미매칭,,,0,0,
두암81,전남대,미매칭,,,0,0,
두암81,신안사거리,미매칭,,,0,0,
두암81,광주역,미매칭,,,0,0,
두암81,유동사거리,미매칭,,,0,0,
두암81,광주일고/광주고용센터,미매칭,,,0,0,
두암81,롯데백화점,미매칭,,,0,0,
두암81,동부소방서,미매칭,,,0,0,
두암81,대인시장(서),미매칭,,,0,0,
두암81,전남여고,미매칭,,,0,0,
두암81,동구노인종합복지관,미매칭,,,0,0,
두암81,농장다리,미매칭,,,0,0,
두암81,법원,미매칭,,,0,0,
두암81,지산2동행정복지센터,미매칭,,,0,0,
두암81,단사공원,미매칭,,,0,0,
두암81,지산유원지입구,미매칭,,,0,0,
두암81,지산유원지,미매칭,,,0,0,
두암81,신양파크호텔,미매칭,,,0,0,
두암81,산수무등파크,미매칭,,,0,0,
두암81,장원초교(동),미매칭,,,0,0,
두암81,호남맨션,미매칭,,,0,0,
두암81,율곡초교,미매칭,,,0,0,
두암81,두암주공아파트,미매칭,,,0,0,
두암81,삼정초교,미매칭,,,0,0,
두암81,대주빌라,미매칭,,,0,0,
두암81,두암라인동산아파트,미매칭,,,0,0,
두암81,문화초교,미매칭,,,0,0,
두암81,신흥맨션,미매칭,,,0,0,
두암81,각화무등파크,미매칭,,,0,0,
두암81,보광사,미매칭,,,0,0,
두암81,도선사,미매칭,,,0,0,
두암81,대인광장(북),미매칭,,,0,0,
두암81,대인광장(동),미매칭,,,0,0,
두암81,NC백화점,미매칭,,,0,0,
용봉83,비엔날레전시관,미매칭,,,0,0,
용봉83,비엔날레전시관입구,미매칭,,,0,0,
용봉83,용봉현대1차아파트,미매칭,,,0,0,
용봉83,중앙여고,미매칭,,,0,0,
용봉83,문화예술회관,미매칭,,,0,0,
용봉83,운암시장,미매칭,,,0,0,
용봉83,경신여고,미매칭,,,0,0,
용봉83,광주지방기상청,미매칭,,,0,0,
용봉83,신안교,미매칭,,,0,0,
용봉83,용봉초교,미매칭,,,0,0,
용봉83,전남대사거리(서),미매칭,,,0,0,
용봉83,신안사거리,미매칭,,,0,0,
용봉83,광주역(동),미매칭,,,0,0,
용봉83,중흥초교,미매칭,,,0,0,
용봉83,4.19기념관,미매칭,,,0,0,
용봉83,서방사거리육교,미매칭,,,0,0,
용봉83,서방시장(남),미매칭,,,0,0,
용봉83,동강대,미매칭,,,0,0,
용봉83,말바우시장(서),미매칭,,,0,0,
용봉83,평화맨션,미매칭,,,0,0,
용봉83,북구청,미매칭,,,0,0,
용봉83,전남대동문,미매칭,,,0,0,
용봉83,전남대공과대학,미매칭,,,0,0,
용봉83,성산맨션,미매칭,,,0,0,
용봉83,도로교통공단 대신파크,미매칭,,,0,0,
용봉83,용봉한화꿈에그린,미매칭,,,0,0,
용봉83,삼원맨션,미매칭,,,0,0,
용봉83,유창아파트,미매칭,,,0,0,
용봉83,용봉모아아파트,미매칭,,,0,0,
용봉83,용봉동성당,미매칭,,,0,0,
용봉83,용봉현대3차아파트,미매칭,,,0,0,
용봉83,유창허니문입구,미매칭,,,0,0,
용봉83,말바우시장(남),미매칭,,,0,0,
용봉83,광주역,미매칭,,,0,0,
용봉83,경신여고(일방로),미매칭,,,0,0,
용전84,송강정,미매칭,,,0,0,
용전84,양지분교,미매칭,,,0,0,
용전84,월전(담양),미매칭,,,0,0,
용전84,양지,미매칭,,,0,0,
용전84,와우리,미매칭,,,0,0,
용전84,신평,미매칭,,,0,0,
용전84,태령,미매칭,,,0,0,
용전84,단지삼거리,미매칭,,,0,0,
용전84,두촌,미매칭,,,0,0,
용전84,수곡,미매칭,,,0,0,
용전84,북초교,미매칭,,,0,0,
용전84,효령노인복지타운,미매칭,,,0,0,
용전84,전통공예문화학교,미매칭,,,0,0,
용전84,용전입구,미매칭,,,0,0,
용전84,용전사거리(북),미매칭,,,0,0,
용전84,지산입구,미매칭,,,0,0,
용전84,지산초교,미매칭,,,0,0,
용전84,대원정사,미매칭,,,0,0,
용전84,호남권역재활병원,미매칭,,,0,0,
용전84,건국동행정복지센터,미매칭,,,0,0,
용전84,건국동파출소,미매칭,,,0,0,
용전84,신용두,미매칭,,,0,0,
용전84,거진,미매칭,,,0,0,
용전84,양산초교입구,미매칭,,,0,0,
용전84,양산호수공원,미매칭,,,0,0,
용전84,KT&G광주공장,미매칭,,,0,0,
용전84,롯데칠성,미매칭,,,0,0,
용전84,해태제과,미매칭,,,0,0,
용전84,광주다문화가족지원거점센터,미매칭,,,0,0,
용전84,마당고개,미매칭,,,0,0,
용전84,박물관입구,미매칭,,,0,0,
용전84,체육고/폴리텍대학,미매칭,,,0,0,
용전84,문화예술회관,미매칭,,,0,0,
용전84,광천치안센터,미매칭,,,0,0,
용전84,현대자동차,미매칭,,,0,0,
용전84,발산,미매칭,,,0,0,
용전84,발산교(북),미매칭,,,0,0,
용전84,양동교,미매칭,,,0,0,
용전84,양동시장역(천변),미매칭,,,0,0,
용전84,전남방직,미매칭,,,0,0,
용전84,임동주공아파트,미매칭,,,0,0,
용전84,광주기아챔피언스필드,미매칭,,,0,0,
용전84,경신여고,미매칭,,,0,0,
용전84,운암시장,미매칭,,,0,0,
용전84,문화예술회관후문,미매칭,,,0,0,
용전84,대진운수,미매칭,,,0,0,
용전85,입암,미매칭,,,0,0,
용전85,전통공예문화학교,미매칭,,,0,0,
용전85,용전입구,미매칭,,,0,0,
용전85,용전사거리(북),미매칭,,,0,0,
용전85,용전,미매칭,,,0,0,
용전85,지산입구,미매칭,,,0,0,
용전85,지산초교,미매칭,,,0,0,
용전85,대원정사,미매칭,,,0,0,
용전85,호남권역재활병원,미매칭,,,0,0,
용전85,건국동행정복지센터,미매칭,,,0,0,
용전85,건국동파출소,미매칭,,,0,0,
용전85,지산중,미매칭,,,0,0,
용전85,양산호반2차,미매칭,,,0,0,
용전85,양산택지사거리,미매칭,,,0,0,
용전85,광주은행양산동지점,미매칭,,,0,0,
용전85,양산초교입구,미매칭,,,0,0,
용전85,양산초교,미매칭,,,0,0,
용전85,연제주공아파트,미매칭,,,0,0,
용전85,연제새한아파트,미매칭,,,0,0,
용전85,연제외촌,미매칭,,,0,0,
용전85,힐스테이트연제아파트,미매칭,,,0,0,
용전85,연제현대아파트,미매칭,,,0,0,
용전85,한양아파트,미매칭,,,0,0,
용전85,해태제과,미매칭,,,0,0,
용전85,광주다문화가족지원거점센터,미매칭,,,0,0,
용전85,마당고개,미매칭,,,0,0,
용전85,박물관입구,미매칭,,,0,0,
용전85,체육고/폴리텍대학,미매칭,,,0,0,
용전85,문화예술회관,미매칭,,,0,0,
용전85,운암시장,미매칭,,,0,0,
용전85,경신여고(일방로),미매칭,,,0,0,
용전85,중앙여고,미매칭,,,0,0,
용전85,문화예술회관후문,미매칭,,,0,0,
용전85,대진운수,미매칭,,,0,0,
용전86,장등동,성공,정확일치,장등동,1,1,북구 석곡동
용전86,도선사입구,미매칭,,,0,0,
용전86,힐스테이트각화아파트,미매칭,,,0,0,
용전86,각화중,미매칭,,,0,0,
용전86,각화초교,미매칭,,,0,0,
용전86,금호아파트,미매칭,,,0,0,
용전86,동광주진입로,미매칭,,,0,0,
용전86,농산물공판장,미매칭,,,0,0,
용전86,문흥지구입구(서),미매칭,,,0,0,
용전86,문흥라인동산아파트,미매칭,,,0,0,
용전86,문흥라인아파트,미매칭,,,0,0,
용전86,문흥중,미매칭,,,0,0,
용전86,자연과학고,미매칭,,,0,0,
용전86,용봉중,미매칭,,,0,0,
용전86,서산초교,미매칭,,,0,0,
용전86,오치1동행정복지센터,미매칭,,,0,0,
용전86,삼각호반아파트,미매칭,,,0,0,
용전86,고려고,미매칭,,,0,0,
용전86,삼각그린타운,미매칭,,,0,0,
용전86,국제고,미매칭,,,0,0,
용전86,일곡사거리,미매칭,,,0,0,
용전86,일곡초교,미매칭,,,0,0,
용전86,서일초교,미매칭,,,0,0,
용전86,일곡삼호아파트,미매칭,,,0,0,
용전86,명상의집,미매칭,,,0,0,
용전86,우치공원,미매칭,,,0,0,
용전86,생룡,미매칭,,,0,0,
용전86,지산마을,미매칭,,,0,0,
용전86,용전사거리(북),미매칭,,,0,0,
용전86,대진운수,미매칭,,,0,0,
용전86,용전입구,미매칭,,,0,0,
용전86,전통공예문화학교,미매칭,,,0,0,
용전86,효령노인복지타운,미매칭,,,0,0,
용전86,샛터코아,미매칭,,,0,0,
용전86,문흥지구입구(남),미매칭,,,0,0,
용전86,보광사,미매칭,,,0,0,
용전86,도선사,미매칭,,,0,0,
석곡87,청풍학생야영장,미매칭,,,0,0,
석곡87,등촌,미매칭,,,0,0,
석곡87,신촌 아랫길(4수원지),미매칭,,,0,0,
석곡87,신촌 윗길(4수원지),미매칭,,,0,0,
석곡87,분토(북구),미매칭,,,0,0,
석곡87,죽곡(남),미매칭,,,0,0,
석곡87,죽곡(북),미매칭,,,0,0,
석곡87,동초교,미매칭,,,0,0,
석곡87,월산(석곡),미매칭,,,0,0,
석곡87,석곡동행정복지센터,미매칭,,,0,0,
석곡87,용호(북구),미매칭,,,0,0,
석곡87,중소기업진흥공단 호남연수원,미매칭,,,0,0,
석곡87,도선사,미매칭,,,0,0,
석곡87,문흥지구입구(남),미매칭,,,0,0,
석곡87,농산물공판장,미매칭,,,0,0,
석곡87,동광주진입로,미매칭,,,0,0,
석곡87,광주병원,미매칭,,,0,0,
석곡87,무등도서관,미매칭,,,0,0,
석곡87,말바우시장(동),미매칭,,,0,0,
석곡87,말바우시장(남),미매칭,,,0,0,
석곡87,동강대,미매칭,,,0,0,
석곡87,서방시장(남),미매칭,,,0,0,
석곡87,계림사거리,미매칭,,,0,0,
석곡87,광주고/419역사관,미매칭,,,0,0,
석곡87,대인시장(동),미매칭,,,0,0,
석곡87,전남여고,미매칭,,,0,0,
석곡87,동구청,미매칭,,,0,0,
석곡87,서남동행정복지센터,미매칭,,,0,0,
석곡87,조선대병원입구,미매칭,,,0,0,
석곡87,조선대장미원,미매칭,,,0,0,
석곡87,문흥지구입구(동),미매칭,,,0,0,
석곡87,도동고개,미매칭,,,0,0,
임곡89,덕흥동,미매칭,,,0,0,
임곡89,덕흥마을입구,미매칭,,,0,0,
임곡89,덕흥삼거리,미매칭,,,0,0,
임곡89,유덕2교차로,미매칭,,,0,0,
임곡89,유덕1교차로,미매칭,,,0,0,
임곡89,시청,미매칭,,,0,0,
임곡89,518기념문화센터,미매칭,,,0,0,
임곡89,모아제일아파트,미매칭,,,0,0,
임곡89,상무호반3차,미매칭,,,0,0,
임곡89,유덕초교,미매칭,,,0,0,
임곡89,칠성마을,미매칭,,,0,0,
임곡89,광천동,미매칭,,,0,0,
임곡89,삼우아파트,미매칭,,,0,0,
임곡89,진성아파트,미매칭,,,0,0,
임곡89,광천E편한세상,미매칭,,,0,0,
임곡89,기아차정문,미매칭,,,0,0,
임곡89,광주종합버스터미널,미매칭,,,0,0,
임곡89,현대자동차,미매칭,,,0,0,
임곡89,광천초교,미매칭,,,0,0,
임곡89,농성1동주민센터,미매칭,,,0,0,
임곡89,서광주전화국,미매칭,,,0,0,
임곡89,돌고개역(동),미매칭,,,0,0,
임곡89,양동시장역(북),미매칭,,,0,0,
임곡89,광주은행북부지점,미매칭,,,0,0,
임곡89,유동사거리,미매칭,,,0,0,
임곡89,NC백화점,미매칭,,,0,0,
임곡89,광주역,미매칭,,,0,0,
임곡89,신안사거리,미매칭,,,0,0,
임곡89,신안동행정복지센터,미매칭,,,0,0,
임곡89,태봉새마을금고,미매칭,,,0,0,
임곡89,무등야구장,미매칭,,,0,0,
임곡89,공구의거리,미매칭,,,0,0,
임곡89,광암교입구,미매칭,,,0,0,
임곡89,동천마을6단지,미매칭,,,0,0,
임곡89,동천마을3단지,미매칭,,,0,0,
임곡89,동천마을1단지,미매칭,,,0,0,
임곡89,동림 I.C 입구,미매칭,,,0,0,
임곡89,광신대교,미매칭,,,0,0,
임곡89,풍영정입구,미매칭,,,0,0,
임곡89,극락강역입구,미매칭,,,0,0,
임곡89,신가동,미매칭,,,0,0,
임곡89,목련마을,미매칭,,,0,0,
임곡89,목련마을8단지,미매칭,,,0,0,
임곡89,흑석사거리(동),미매칭,,,0,0,
임곡89,흑석사거리(서),미매칭,,,0,0,
임곡89,경암근린공원,미매칭,,,0,0,
임곡89,구강리,미매칭,,,0,0,
임곡89,방혜,미매칭,,,0,0,
임곡89,신등,미매칭,,,0,0,
임곡89,산막,미매칭,,,0,0,
임곡89,벽파정,미매칭,,,0,0,
임곡89,연동 서길,미매칭,,,0,0,
임곡89,연동삼거리,미매칭,,,0,0,
임곡89,창암,미매칭,,,0,0,
임곡89,고룡정보산업학교,미매칭,,,0,0,
임곡89,보화촌,미매칭,,,0,0,
임곡89,천동(광산구),미매칭,,,0,0,
임곡89,비시동,미매칭,,,0,0,
임곡89,가정,미매칭,,,0,0,
임곡89,성내,미매칭,,,0,0,
임곡89,임곡역,미매칭,,,0,0,
임곡89,광일고,미매칭,,,0,0,
임곡89,원임곡,미매칭,,,0,0,
임곡89,삼화교,미매칭,,,0,0,
임곡89,연계삼거리,미매칭,,,0,0,
임곡89,임동교,미매칭,,,0,0,
임곡89,상촌(임곡),미매칭,,,0,0,
임곡89,와산,미매칭,,,0,0,
임곡89,석동,미매칭,,,0,0,
임곡89,월봉서원입구,미매칭,,,0,0,
임곡89,종산,미매칭,,,0,0,
임곡89,종산제입구,미매칭,,,0,0,
임곡89,오룡,성공,정확일치,오룡,1,1,광산구 임곡동
임곡89,광주기아챔피언스필드입구,미매칭,,,0,0,
임곡90,원사호마을,성공,정확일치,원사호마을,1,1,광산구 임곡동
임곡90,봉흥마을,성공,정확일치,봉흥마을,1,1,광산구 임곡동
임곡90,원임곡,미매칭,,,0,0,
임곡90,광일고,미매칭,,,0,0,
임곡90,임곡동행정복지센터,미매칭,,,0,0,
임곡90,임곡역,미매칭,,,0,0,
임곡90,임곡정수장,미매칭,,,0,0,
임곡90,임곡교,미매칭,,,0,0,
임곡90,맥동,미매칭,,,0,0,
임곡90,흑석,미매칭,,,0,0,
임곡90,산수보건소,미매칭,,,0,0,
임곡90,매동,미매칭,,,0,0,
임곡90,입석,미매칭,,,0,0,
임곡90,산음,미매칭,,,0,0,
임곡90,신당,미매칭,,,0,0,
임곡90,본량파출소,미매칭,,,0,0,
임곡90,본량삼거리,미매칭,,,0,0,
임곡90,본량초교,미매칭,,,0,0,
임곡90,황산,미매칭,,,0,0,
임곡90,북성,미매칭,,,0,0,
임곡90,가마,미매칭,,,0,0,
임곡90,명도삼거리,미매칭,,,0,0,
임곡90,도림,미매칭,,,0,0,
임곡90,삼도초교,미매칭,,,0,0,
임곡90,지동(광산구),미매칭,,,0,0,
임곡90,동백훈련장,미매칭,,,0,0,
임곡90,송산,미매칭,,,0,0,
임곡90,가삼,미매칭,,,0,0,
임곡90,운평,미매칭,,,0,0,
임곡90,중방,미매칭,,,0,0,
임곡90,동명고입구,미매칭,,,0,0,
임곡90,서봉마을,미매칭,,,0,0,
임곡90,샛터마을,미매칭,,,0,0,
임곡90,호남대,미매칭,,,0,0,
임곡90,선암,미매칭,,,0,0,
임곡90,매방골,미매칭,,,0,0,
임곡90,보문고,미매칭,,,0,0,
임곡90,광산경찰서,미매칭,,,0,0,
임곡90,송정한전,미매칭,,,0,0,
임곡90,금호타이어,미매칭,,,0,0,
임곡90,광산구청,미매칭,,,0,0,
임곡90,광주송정역,미매칭,,,0,0,
임곡90,신동사거리,미매칭,,,0,0,
임곡90,도산역,미매칭,,,0,0,
임곡90,공군부대,미매칭,,,0,0,
임곡90,상선길,미매칭,,,0,0,
임곡90,팽호,미매칭,,,0,0,
임곡90,복호,미매칭,,,0,0,
임곡90,동곡송정,미매칭,,,0,0,
임곡90,동곡송정마을입구,미매칭,,,0,0,
임곡90,유림마을,미매칭,,,0,0,
임곡90,관두,미매칭,,,0,0,
임곡90,동곡동행정복지센터,미매칭,,,0,0,
임곡90,기룡마을입구,미매칭,,,0,0,
임곡90,기룡마을,미매칭,,,0,0,
임곡90,조산동길,미매칭,,,0,0,
임곡90,조산서길,미매칭,,,0,0,
임곡90,두산,미매칭,,,0,0,
임곡91,첨단,미매칭,,,0,0,
임곡91,고내입구,미매칭,,,0,0,
임곡91,대촌마을입구,미매칭,,,0,0,
임곡91,한국광기술원,미매칭,,,0,0,
임곡91,산업인력공단,미매칭,,,0,0,
임곡91,첨단삼성전자,미매칭,,,0,0,
임곡91,폭스존,미매칭,,,0,0,
임곡91,첨단롯데마트,미매칭,,,0,0,
임곡91,첨단생활체육공원,미매칭,,,0,0,
임곡91,보훈병원후문,미매칭,,,0,0,
임곡91,봉산중,미매칭,,,0,0,
임곡91,무양서원입구,미매칭,,,0,0,
임곡91,첨단2동행정복지센터,미매칭,,,0,0,
임곡91,첨단사거리,미매칭,,,0,0,
임곡91,첨단라인아파트,미매칭,,,0,0,
임곡91,응암공원,미매칭,,,0,0,
임곡91,첨단도서관,미매칭,,,0,0,
임곡91,첨단대우아파트,미매칭,,,0,0,
임곡91,동원촌,미매칭,,,0,0,
임곡91,비아농협,미매칭,,,0,0,
임곡91,비아호반아파트,미매칭,,,0,0,
임곡91,비아119안전센터(북),미매칭,,,0,0,
임곡91,비아119안전센터(서),미매칭,,,0,0,
임곡91,비아중흥아파트,미매칭,,,0,0,
임곡91,도촌교,미매칭,,,0,0,
임곡91,안청,미매칭,,,0,0,
임곡91,안청농협,미매칭,,,0,0,
임곡91,구 하남북초교,미매칭,,,0,0,
임곡91,진성,미매칭,,,0,0,
임곡91,진곡 서길,미매칭,,,0,0,
임곡91,백길마을,미매칭,,,0,0,
임곡91,연동 동길,미매칭,,,0,0,
임곡91,연동삼거리,미매칭,,,0,0,
임곡91,창암,미매칭,,,0,0,
임곡91,고룡정보산업학교,미매칭,,,0,0,
임곡91,보화촌,미매칭,,,0,0,
임곡91,천동(광산구),미매칭,,,0,0,
임곡91,비시동,미매칭,,,0,0,
임곡91,두동,미매칭,,,0,0,
임곡91,용동(임곡),미매칭,,,0,0,
임곡91,신촌 아랫길(임곡),미매칭,,,0,0,
임곡91,신촌 윗길(임곡),미매칭,,,0,0,
임곡91,가정,미매칭,,,0,0,
임곡91,성내,미매칭,,,0,0,
임곡91,임곡역,미매칭,,,0,0,
임곡91,광일고,미매칭,,,0,0,
임곡91,원임곡,미매칭,,,0,0,
임곡91,삼화교,미매칭,,,0,0,
임곡91,연계삼거리,미매칭,,,0,0,
임곡91,임동교,미매칭,,,0,0,
임곡91,상촌(임곡),미매칭,,,0,0,
임곡91,와산,미매칭,,,0,0,
첨단92,첨단,미매칭,,,0,0,
첨단92,고내입구,미매칭,,,0,0,
첨단92,광주이노비즈센터,미매칭,,,0,0,
첨단92,풍기산업,미매칭,,,0,0,
첨단92,전남과학대학포스트비,미매칭,,,0,0,
첨단92,현진기업,미매칭,,,0,0,
첨단92,한국광기술원,미매칭,,,0,0,
첨단92,산업인력공단,미매칭,,,0,0,
첨단92,첨단삼성전자,미매칭,,,0,0,
첨단92,폭스존,미매칭,,,0,0,
첨단92,첨단롯데마트,미매칭,,,0,0,
첨단92,첨단호반3차아파트,미매칭,,,0,0,
첨단92,첨단부영아파트,미매칭,,,0,0,
첨단92,무양서원입구,미매칭,,,0,0,
첨단92,무양서원,미매칭,,,0,0,
첨단92,방송통신대,미매칭,,,0,0,
첨단92,산월초교입구,미매칭,,,0,0,
첨단92,첨단라인8차아파트,미매칭,,,0,0,
첨단92,응암공원,미매칭,,,0,0,
첨단92,첨단초교,미매칭,,,0,0,
첨단92,월계중,미매칭,,,0,0,
첨단92,첨단대우아파트,미매칭,,,0,0,
첨단92,동원촌,미매칭,,,0,0,
첨단92,비아농협,미매칭,,,0,0,
첨단92,비아호반아파트,미매칭,,,0,0,
첨단92,비아119안전센터(북),미매칭,,,0,0,
첨단92,비아119안전센터(서),미매칭,,,0,0,
첨단92,비아중흥아파트,미매칭,,,0,0,
첨단92,도촌교,미매칭,,,0,0,
첨단92,신흥목재포장,미매칭,,,0,0,
첨단92,새한철강,미매칭,,,0,0,
첨단92,한국단자공업,미매칭,,,0,0,
첨단92,경제고용진흥원,미매칭,,,0,0,
첨단92,삼영특수강,미매칭,,,0,0,
첨단92,두산테크팩,미매칭,,,0,0,
첨단92,금호전기,미매칭,,,0,0,
첨단92,하남삼성전자사거리(북),미매칭,,,0,0,
첨단92,지상정밀,미매칭,,,0,0,
첨단92,오선동,미매칭,,,0,0,
첨단92,한국알프스,미매칭,,,0,0,
첨단92,호남샤니,미매칭,,,0,0,
첨단92,화천기공,미매칭,,,0,0,
첨단92,장덕농협,미매칭,,,0,0,
첨단92,중앙일보,미매칭,,,0,0,
첨단92,제일화학,미매칭,,,0,0,
첨단92,백제화학,미매칭,,,0,0,
첨단92,세방전지,미매칭,,,0,0,
첨단92,정우화학,미매칭,,,0,0,
첨단92,신성화학,미매칭,,,0,0,
첨단92,유애서원,미매칭,,,0,0,
첨단92,흑석사거리(서),미매칭,,,0,0,
첨단92,흑석사거리(동),미매칭,,,0,0,
송정93,도산동,미매칭,,,0,0,
송정93,도산파출소,미매칭,,,0,0,
송정93,도산역,미매칭,,,0,0,
송정93,신동사거리,미매칭,,,0,0,
송정93,광주송정역,미매칭,,,0,0,
송정93,광산구청,미매칭,,,0,0,
송정93,금호타이어,미매칭,,,0,0,
송정93,송정한전,미매칭,,,0,0,
송정93,광산경찰서,미매칭,,,0,0,
송정93,선운휴먼시아,미매칭,,,0,0,
송정93,송촌동,미매칭,,,0,0,
송정93,에이팩스,미매칭,,,0,0,
송정93,삼광실업,미매칭,,,0,0,
송정93,지죽동,미매칭,,,0,0,
송정93,라정시내버스,미매칭,,,0,0,
송정93,영천,미매칭,,,0,0,
송정93,용동(평동),미매칭,,,0,0,
송정93,평동중,미매칭,,,0,0,
송정93,연호전자,미매칭,,,0,0,
송정93,서진산업,미매칭,,,0,0,
송정93,명화전자,미매칭,,,0,0,
송정93,평동역(서),미매칭,,,0,0,
송정93,평동우체국,미매칭,,,0,0,
송정93,옥동차량기지,미매칭,,,0,0,
송정93,금연삼거리,미매칭,,,0,0,
송정93,무등도요,미매칭,,,0,0,
송정93,연산동,미매칭,,,0,0,
송정93,평동역(북),미매칭,,,0,0,
첨단94,첨단,미매칭,,,0,0,
첨단94,고내입구,미매칭,,,0,0,
첨단94,대촌마을입구,미매칭,,,0,0,
첨단94,한국광기술원,미매칭,,,0,0,
첨단94,광주테크노파크후문,미매칭,,,0,0,
첨단94,광주테크노파크,미매칭,,,0,0,
첨단94,산업인력공단,미매칭,,,0,0,
첨단94,첨단삼성전자,미매칭,,,0,0,
첨단94,폭스존,미매칭,,,0,0,
첨단94,첨단롯데마트,미매칭,,,0,0,
첨단94,첨단호반3차아파트,미매칭,,,0,0,
첨단94,첨단부영아파트,미매칭,,,0,0,
첨단94,첨단2동행정복지센터,미매칭,,,0,0,
첨단94,첨단1동행정복지센터,미매칭,,,0,0,
첨단94,첨단초교후문,미매칭,,,0,0,
첨단94,월계중,미매칭,,,0,0,
첨단94,첨단대우아파트,미매칭,,,0,0,
첨단94,동원촌,미매칭,,,0,0,
첨단94,비아119안전센터(서),미매칭,,,0,0,
첨단94,비아중흥아파트,미매칭,,,0,0,
첨단94,도촌교,미매칭,,,0,0,
첨단94,신흥목재포장,미매칭,,,0,0,
첨단94,하남철강,미매칭,,,0,0,
첨단94,도현,미매칭,,,0,0,
첨단94,기아차 하남공장,미매칭,,,0,0,
첨단94,금호전기,미매칭,,,0,0,
첨단94,원예농협,미매칭,,,0,0,
첨단94,지상정밀,미매칭,,,0,0,
첨단94,하남삼성전자,미매칭,,,0,0,
첨단94,장덕농협,미매칭,,,0,0,
첨단94,중앙일보,미매칭,,,0,0,
첨단94,제일화학,미매칭,,,0,0,
첨단94,백제화학,미매칭,,,0,0,
첨단94,세방전지,미매칭,,,0,0,
첨단94,광산소방서입구,미매칭,,,0,0,
첨단94,단전,미매칭,,,0,0,
첨단94,흑석사거리(서),미매칭,,,0,0,
첨단94,흑석사거리(동),미매칭,,,0,0,
첨단94,목련마을8단지,미매칭,,,0,0,
첨단94,목련마을,미매칭,,,0,0,
첨단94,신가동,미매칭,,,0,0,
첨단94,신가사거리,미매칭,,,0,0,
첨단94,신가주공아파트,미매칭,,,0,0,
첨단94,신가우미아파트,미매칭,,,0,0,
첨단94,신가중,미매칭,,,0,0,
첨단94,신창동우체국,미매칭,,,0,0,
첨단94,신창부영1차아파트,미매칭,,,0,0,
첨단94,보건대후문,미매칭,,,0,0,
첨단94,전남공고,미매칭,,,0,0,
첨단94,신창용수마을,미매칭,,,0,0,
첨단94,수완자동차매매단지,미매칭,,,0,0,
첨단94,비아농협,미매칭,,,0,0,
첨단94,비아호반아파트,미매칭,,,0,0,
첨단94,비아사거리,미매칭,,,0,0,
첨단94,수완동,미매칭,,,0,0,
첨단94,극락강역입구,미매칭,,,0,0,
첨단95,첨단,미매칭,,,0,0,
첨단95,고내입구,미매칭,,,0,0,
첨단95,금당,미매칭,,,0,0,
첨단95,석수정,미매칭,,,0,0,
첨단95,신용마을,미매칭,,,0,0,
첨단95,용산마을,미매칭,,,0,0,
첨단95,용전사거리(북),미매칭,,,0,0,
첨단95,지산입구,미매칭,,,0,0,
첨단95,지산초교,미매칭,,,0,0,
첨단95,대원정사,미매칭,,,0,0,
첨단95,호남권역재활병원,미매칭,,,0,0,
첨단95,건국동행정복지센터,미매칭,,,0,0,
첨단95,건국동파출소,미매칭,,,0,0,
첨단95,신용두,미매칭,,,0,0,
첨단95,거진,미매칭,,,0,0,
첨단95,양산초교입구,미매칭,,,0,0,
첨단95,양산호수공원,미매칭,,,0,0,
첨단95,KT&G광주공장,미매칭,,,0,0,
첨단95,롯데칠성,미매칭,,,0,0,
첨단95,해태제과,미매칭,,,0,0,
첨단95,광주다문화가족지원거점센터,미매칭,,,0,0,
첨단95,마당고개,미매칭,,,0,0,
첨단95,박물관입구,미매칭,,,0,0,
첨단95,체육고/폴리텍대학,미매칭,,,0,0,
첨단95,문화예술회관,미매칭,,,0,0,
첨단95,운암시장,미매칭,,,0,0,
첨단95,경신여고,미매칭,,,0,0,
첨단95,광주기아챔피언스필드,미매칭,,,0,0,
첨단95,임동한국아델리움1차,미매칭,,,0,0,
첨단95,임동행정복지센터,미매칭,,,0,0,
첨단95,임동농협,미매칭,,,0,0,
첨단95,북성중,미매칭,,,0,0,
첨단95,광주일고/광주고용센터,미매칭,,,0,0,
첨단95,금남로5가역,미매칭,,,0,0,
첨단95,금남로4가역,미매칭,,,0,0,
첨단95,"국립아시아문화전당(구,도청)",미매칭,,,0,0,
첨단95,문화전당역,미매칭,,,0,0,
첨단95,전남대병원오거리,미매칭,,,0,0,
첨단95,전남대병원/남광주시장,미매칭,,,0,0,
첨단95,남광주역,미매칭,,,0,0,
첨단95,양림휴먼시아2차,미매칭,,,0,0,
첨단95,양림휴먼시아1차,미매칭,,,0,0,
첨단95,남광주농협,미매칭,,,0,0,
첨단95,백운광장,미매칭,,,0,0,
첨단95,호남삼육고입구,미매칭,,,0,0,
첨단95,대광여고,미매칭,,,0,0,
첨단95,진월대주아파트,미매칭,,,0,0,
첨단95,대성여고,미매칭,,,0,0,
첨단95,동성고,미매칭,,,0,0,
첨단95,송화마을1단지입구,미매칭,,,0,0,
첨단95,송화마을3단지,미매칭,,,0,0,
첨단95,송화마을4단지,미매칭,,,0,0,
첨단95,조각배어린이공원,미매칭,,,0,0,
첨단95,빛고을노인건강타운,미매칭,,,0,0,
첨단95,고령친화종합체험관,미매칭,,,0,0,
첨단95,빛고을전남대병원,미매칭,,,0,0,
첨단95,시립제2요양병원,미매칭,,,0,0,
첨단95,진월저수지(서),미매칭,,,0,0,
첨단95,효덕동행정복지센터,미매칭,,,0,0,
첨단95,광주대입구,미매칭,,,0,0,
첨단95,요한병원,미매칭,,,0,0,
첨단95,문화예술회관후문,미매칭,,,0,0,
송정96,용봉마을,미매칭,,,0,0,
송정96,용봉입구,미매칭,,,0,0,
송정96,창교,미매칭,,,0,0,
송정96,호가정,미매칭,,,0,0,
송정96,동곡,미매칭,,,0,0,
송정96,유림,미매칭,,,0,0,
송정96,평호동,미매칭,,,0,0,
송정96,하선,미매칭,,,0,0,
송정96,상선,미매칭,,,0,0,
송정96,공군부대후문,미매칭,,,0,0,
송정96,송정호반아파트,미매칭,,,0,0,
송정96,도산동행정복지센터,미매칭,,,0,0,
송정96,송정초교,미매칭,,,0,0,
송정96,송정대덕아파트,미매칭,,,0,0,
송정96,송정시장,미매칭,,,0,0,
송정96,영광통사거리,미매칭,,,0,0,
송정96,광산구청,미매칭,,,0,0,
송정96,광주송정역,미매칭,,,0,0,
송정96,신덕마을,미매칭,,,0,0,
송정96,검문소,미매칭,,,0,0,
송정96,장록,미매칭,,,0,0,
송정96,꽃동네,미매칭,,,0,0,
송정96,월전(광산구),미매칭,,,0,0,
송정96,평동역(서),미매칭,,,0,0,
송정96,평동우체국,미매칭,,,0,0,
송정96,옥동,미매칭,,,0,0,
송정96,평동초교,미매칭,,,0,0,
송정96,용곡입구,미매칭,,,0,0,
송정96,기곡,미매칭,,,0,0,
송정96,용강입구,미매칭,,,0,0,
송정96,축산시험장,미매칭,,,0,0,
송정96,동산마을,미매칭,,,0,0,
송정96,월곡,미매칭,,,0,0,
송정96,대덕마을,미매칭,,,0,0,
송정96,학동마을,미매칭,,,0,0,
송정96,복굴,미매칭,,,0,0,
송정96,신동마을,미매칭,,,0,0,
송정96,내기마을,미매칭,,,0,0,
송정96,광산구유스호스텔,미매칭,,,0,0,
송정96,송학입구,미매칭,,,0,0,
송정96,삼도농협 대산경제사업장,미매칭,,,0,0,
송정96,대산삼거리,미매칭,,,0,0,
송정96,송학,미매칭,,,0,0,
송정96,평동역(동),미매칭,,,0,0,
송정97,공항,미매칭,,,0,0,
송정97,송정파출소(북),미매칭,,,0,0,
송정97,송정공원역,미매칭,,,0,0,
송정97,영광통,미매칭,,,0,0,
송정97,광산구청,미매칭,,,0,0,
송정97,광주송정역,미매칭,,,0,0,
송정97,신덕마을,미매칭,,,0,0,
송정97,검문소,미매칭,,,0,0,
송정97,장록,미매칭,,,0,0,
송정97,꽃동네,미매칭,,,0,0,
송정97,월전(광산구),미매칭,,,0,0,
송정97,평동역(서),미매칭,,,0,0,
송정97,평동우체국,미매칭,,,0,0,
송정97,옥동,미매칭,,,0,0,
송정97,평동초교,미매칭,,,0,0,
송정97,용곡입구,미매칭,,,0,0,
송정97,기곡,미매칭,,,0,0,
송정97,용강입구,미매칭,,,0,0,
송정97,축산시험장,미매칭,,,0,0,
송정97,명화동,미매칭,,,0,0,
송정97,명동삼거리,미매칭,,,0,0,
송정97,명화리,미매칭,,,0,0,
송정97,월곡마을,미매칭,,,0,0,
송정97,연동,미매칭,,,0,0,
송정97,회룡(광산구),미매칭,,,0,0,
송정97,도야,미매칭,,,0,0,
송정97,동촌,미매칭,,,0,0,
송정97,신광(삼도),미매칭,,,0,0,
송정97,대산,미매칭,,,0,0,
송정97,대산삼거리,미매칭,,,0,0,
송정97,가산,미매칭,,,0,0,
송정97,솔밭가든,미매칭,,,0,0,
송정97,대야,미매칭,,,0,0,
송정97,우치,미매칭,,,0,0,
송정97,쌍내,미매칭,,,0,0,
송정97,망월,미매칭,,,0,0,
송정97,대봉삼거리,미매칭,,,0,0,
송정97,대봉,미매칭,,,0,0,
송정97,상무자동차학원,미매칭,,,0,0,
송정97,용성자동차학원,미매칭,,,0,0,
송정97,마암,미매칭,,,0,0,
송정97,칠성삼거리,미매칭,,,0,0,
송정97,칠성,미매칭,,,0,0,
송정97,삼도서초교,미매칭,,,0,0,
송정97,삼도삼거리,미매칭,,,0,0,
송정97,삼암,미매칭,,,0,0,
송정97,금복중,미매칭,,,0,0,
송정97,봉정,미매칭,,,0,0,
송정97,삼도동행정복지센터,미매칭,,,0,0,
송정97,양림마을,미매칭,,,0,0,
송정97,양촌(삼도),미매칭,,,0,0,
송정97,운암마을,미매칭,,,0,0,
송정97,광암복림,미매칭,,,0,0,
송정97,평동역(동),미매칭,,,0,0,
송정97,공항역,미매칭,,,0,0,
송정98,도산동,미매칭,,,0,0,
송정98,도산파출소,미매칭,,,0,0,
송정98,도산역,미매칭,,,0,0,
송정98,신동사거리,미매칭,,,0,0,
송정98,광주송정역,미매칭,,,0,0,
송정98,광산구청,미매칭,,,0,0,
송정98,영광통,미매칭,,,0,0,
송정98,송정공원역,미매칭,,,0,0,
송정98,송정파출소(북),미매칭,,,0,0,
송정98,송정I.C,미매칭,,,0,0,
송정98,아리랑고개,미매칭,,,0,0,
송정98,소촌금호아파트,미매칭,,,0,0,
송정98,우산리버힐아파트,미매칭,,,0,0,
송정98,우산시영2단지(동),미매칭,,,0,0,
송정98,광주여대,미매칭,,,0,0,
송정98,하남중,미매칭,,,0,0,
송정98,월곡일신아파트,미매칭,,,0,0,
송정98,월곡시장,미매칭,,,0,0,
송정98,영천마을9단지,미매칭,,,0,0,
송정98,흑석사거리(동),미매칭,,,0,0,
송정98,목련마을8단지,미매칭,,,0,0,
송정98,목련마을,미매칭,,,0,0,
송정98,신가동,미매칭,,,0,0,
송정98,극락강역입구,미매칭,,,0,0,
송정98,풍영정입구,미매칭,,,0,0,
송정98,광신대교,미매칭,,,0,0,
송정98,동림I.C입구,미매칭,,,0,0,
송정98,동천마을1단지,미매칭,,,0,0,
송정98,동천마을3단지,미매칭,,,0,0,
송정98,동천마을6단지,미매칭,,,0,0,
송정98,광암교입구,미매칭,,,0,0,
송정98,공구의거리,미매칭,,,0,0,
송정98,무등야구장,미매칭,,,0,0,
송정98,광주기아챔피언스필드입구,미매칭,,,0,0,
송정98,태봉새마을금고,미매칭,,,0,0,
송정98,신안동행정복지센터,미매칭,,,0,0,
송정98,신안사거리,미매칭,,,0,0,
송정98,광주역(동),미매칭,,,0,0,
송정98,중흥초교,미매칭,,,0,0,
송정98,4.19기념관,미매칭,,,0,0,
송정98,광주고/419역사관,미매칭,,,0,0,
송정98,대인시장(동),미매칭,,,0,0,
송정98,5.18민주화운동기록관,미매칭,,,0,0,
송정98,"국립아시아문화전당(구,도청)",미매칭,,,0,0,
송정98,문화전당역,미매칭,,,0,0,
송정98,서남동행정복지센터,미매칭,,,0,0,
송정98,조선대공과대학,미매칭,,,0,0,
송정98,남광주역,미매칭,,,0,0,
송정98,양림휴먼시아2차,미매칭,,,0,0,
송정98,양림휴먼시아1차,미매칭,,,0,0,
송정98,남광주농협,미매칭,,,0,0,
송정98,남구청,미매칭,,,0,0,
송정98,주월중입구,미매칭,,,0,0,
송정98,봉선대화아파트,미매칭,,,0,0,
송정98,구남구청,미매칭,,,0,0,
송정98,조봉초교,미매칭,,,0,0,
송정98,봉선2동행정복지센터,미매칭,,,0,0,
송정98,남구문화예술회관,미매칭,,,0,0,
송정98,용산지구대성베르힐,미매칭,,,0,0,
송정98,용산지구모아엘가에듀파크,미매칭,,,0,0,
송정98,용산지구,미매칭,,,0,0,
송정98,구)남구청,미매칭,,,0,0,
송정98,예술의거리입구,미매칭,,,0,0,
송정98,광주역,미매칭,,,0,0,
송정98,흑석사거리(남),미매칭,,,0,0,
송정99,용봉마을,미매칭,,,0,0,
송정99,용봉입구,미매칭,,,0,0,
송정99,창교,미매칭,,,0,0,
송정99,동곡분토,미매칭,,,0,0,
송정99,마곡,미매칭,,,0,0,
송정99,호가정,미매칭,,,0,0,
송정99,동곡,미매칭,,,0,0,
송정99,유림,미매칭,,,0,0,
송정99,평호동,미매칭,,,0,0,
송정99,하선,미매칭,,,0,0,
송정99,상선,미매칭,,,0,0,
송정99,공군부대,미매칭,,,0,0,
송정99,도산역,미매칭,,,0,0,
송정99,신동사거리,미매칭,,,0,0,
송정99,광주송정역,미매칭,,,0,0,
송정99,광산구청,미매칭,,,0,0,
송정99,영광통,미매칭,,,0,0,
송정99,송정공원역,미매칭,,,0,0,
송정99,송정파출소(북),미매칭,,,0,0,
송정99,공항역,미매칭,,,0,0,
송정99,장암마을,미매칭,,,0,0,
송정99,구야촌,미매칭,,,0,0,
송정99,신광,미매칭,,,0,0,
송정99,신야촌입구,미매칭,,,0,0,
송정99,신야촌,미매칭,,,0,0,
송정99,도호,미매칭,,,0,0,
송정99,문촌,미매칭,,,0,0,
송정99,서창치안센터,미매칭,,,0,0,
송정99,용두입구,미매칭,,,0,0,
송정99,봉학,미매칭,,,0,0,
송정99,신용,미매칭,,,0,0,
송정99,마현,미매칭,,,0,0,
송정99,구룡(대촌),미매칭,,,0,0,
송정99,석교삼거리,미매칭,,,0,0,
송정99,석정,미매칭,,,0,0,
송정99,시산,미매칭,,,0,0,
송정99,농막,미매칭,,,0,0,
송정99,화장뒷길,미매칭,,,0,0,
송정99,화장앞길,미매칭,,,0,0,
송정99,지동,미매칭,,,0,0,
송정99,월성,미매칭,,,0,0,
송정99,학촌,미매칭,,,0,0,
송정99,무학초교,미매칭,,,0,0,
송정99,육묘장,미매칭,,,0,0,
송정99,대지동하촌,미매칭,,,0,0,
송정99,대지동상촌,미매칭,,,0,0,
송정99,대촌미곡처리장,미매칭,,,0,0,
송정99,대촌동행정복지센터,미매칭,,,0,0,
송정99,하지석,미매칭,,,0,0,
송정99,상지석,미매칭,,,0,0,
송정99,원산,미매칭,,,0,0,
송정99,포충사,미매칭,,,0,0,
송정99,복수,미매칭,,,0,0,
송정99,이장2동,미매칭,,,0,0,
송정99,이장1동,미매칭,,,0,0,
송정99,수춘,미매칭,,,0,0,
송정99,양과동,미매칭,,,0,0,
송정99,향등,미매칭,,,0,0,
송정99,송암동,미매칭,,,0,0,
송정99,인성고,미매칭,,,0,0,
송정99,남선산업,미매칭,,,0,0,
송정99,송하삼익아파트,미매칭,,,0,0,
송정99,광주대입구,미매칭,,,0,0,
송정99,동성고,미매칭,,,0,0,
송정99,대성여고,미매칭,,,0,0,
송정99,진월대주아파트,미매칭,,,0,0,
송정99,대광여고,미매칭,,,0,0,
송정99,백운광장,미매칭,,,0,0,
송정99,백운우체국,미매칭,,,0,0,
송정99,까치고개,미매칭,,,0,0,
송정99,대성사거리,미매칭,,,0,0,
송정99,무진중,미매칭,,,0,0,
송정99,월산초교,미매칭,,,0,0,
송정99,동신대한방병원,미매칭,,,0,0,
송정99,돌고개역(동),미매칭,,,0,0,
송정99,양동시장역(남),미매칭,,,0,0,
송정99,양동시장역(천변),미매칭,,,0,0,
송정99,백운초교(북),미매칭,,,0,0,
송정99,호남삼육고입구,미매칭,,,0,0,
송정100,도산동,미매칭,,,0,0,
송정100,공군부대,미매칭,,,0,0,
송정100,공군부대후문,미매칭,,,0,0,
송정100,송정호반아파트,미매칭,,,0,0,
송정100,도산동행정복지센터,미매칭,,,0,0,
송정100,송정초교,미매칭,,,0,0,
송정100,금강1길,미매칭,,,0,0,
송정100,광주송정역,미매칭,,,0,0,
송정100,광산구청,미매칭,,,0,0,
송정100,영광통사거리,미매칭,,,0,0,
송정100,송정시장,미매칭,,,0,0,
송정100,송정신한화아파트,미매칭,,,0,0,
송정100,공군부대정문,미매칭,,,0,0,
송정100,공항,미매칭,,,0,0,
송정100,송정파출소(북),미매칭,,,0,0,
송정100,송정공원역,미매칭,,,0,0,
송정100,영광통,미매칭,,,0,0,
송정100,금호타이어,미매칭,,,0,0,
송정100,송정한전,미매칭,,,0,0,
송정100,광산경찰서,미매칭,,,0,0,
송정100,선운리버프라임아파트,미매칭,,,0,0,
송정100,선운휴먼시아,미매칭,,,0,0,
송정100,송촌동,미매칭,,,0,0,
송정100,럭키금속,미매칭,,,0,0,
송정100,월전공원,미매칭,,,0,0,
송정100,명화전자,미매칭,,,0,0,
송정100,평동역(남),미매칭,,,0,0,
송정100,평동산단로,미매칭,,,0,0,
송정100,아르네코리아,미매칭,,,0,0,
송정100,원두공원,미매칭,,,0,0,
송정100,평동역(북),미매칭,,,0,0,
송정100,공항역,미매칭,,,0,0,
송정100,광주송정역(동),미매칭,,,0,0,
선운101,광주시립인광병원,미매칭,,,0,0,
선운101,삼도삼거리,미매칭,,,0,0,
선운101,삼암,미매칭,,,0,0,
선운101,금복중,미매칭,,,0,0,
선운101,봉정,미매칭,,,0,0,
선운101,삼도초교,미매칭,,,0,0,
선운101,지동(광산구),미매칭,,,0,0,
선운101,동백훈련장,미매칭,,,0,0,
선운101,송산,미매칭,,,0,0,
선운101,가삼,미매칭,,,0,0,
선운101,운평,미매칭,,,0,0,
선운101,중방,미매칭,,,0,0,
선운101,동명고입구,미매칭,,,0,0,
선운101,송산유원지(종점),미매칭,,,0,0,
선운101,송산유원지,미매칭,,,0,0,
선운101,동명고,미매칭,,,0,0,
선운101,서봉마을,미매칭,,,0,0,
선운101,샛터마을,미매칭,,,0,0,
선운101,호남대,미매칭,,,0,0,
선운101,선암,미매칭,,,0,0,
선운101,선운중학교,미매칭,,,0,0,
선운101,선운휴먼시아,미매칭,,,0,0,
선운101,선운리버프라임아파트,미매칭,,,0,0,
선운101,광산경찰서,미매칭,,,0,0,
선운101,송정한전,미매칭,,,0,0,
선운101,금호타이어,미매칭,,,0,0,
선운101,광산구청,미매칭,,,0,0,
선운101,광주송정역,미매칭,,,0,0,
선운101,신동사거리,미매칭,,,0,0,
선운101,도산역,미매칭,,,0,0,
선운101,공군부대,미매칭,,,0,0,
선운101,공군부대후문,미매칭,,,0,0,
선운101,송정호반아파트,미매칭,,,0,0,
선운101,도산동행정복지센터,미매칭,,,0,0,
선운101,송정초등학교,미매칭,,,0,0,
선운101,송정대덕아파트,미매칭,,,0,0,
선운101,상전,미매칭,,,0,0,
선운101,송정모아아파트,미매칭,,,0,0,
선운101,송정파출소(남),미매칭,,,0,0,
선운101,송정I.C,미매칭,,,0,0,
선운101,아리랑고개,미매칭,,,0,0,
선운101,소촌금호아파트,미매칭,,,0,0,
선운101,우산리버힐아파트,미매칭,,,0,0,
선운101,우산시영2단지(동),미매칭,,,0,0,
선운101,광주여대,미매칭,,,0,0,
선운101,역산공원입구,미매칭,,,0,0,
선운101,산정중입구,미매칭,,,0,0,
선운101,산정초교,미매칭,,,0,0,
선운101,다사로움1차아파트,미매칭,,,0,0,
선운101,하남초교,미매칭,,,0,0,
선운101,경암근린공원,미매칭,,,0,0,
선운101,흑석사거리(서),미매칭,,,0,0,
선운101,흑석사거리(동),미매칭,,,0,0,
선운101,수완중흥S-클래스2차,미매칭,,,0,0,
선운101,수완새한포유,미매칭,,,0,0,
선운101,우주선어린이공원입구,미매칭,,,0,0,
선운101,수완진흥더루벤스,미매칭,,,0,0,
선운101,고실마을,미매칭,,,0,0,
선운101,수완양우내안애,미매칭,,,0,0,
선운101,골옷교,미매칭,,,0,0,
선운101,수완우미린2차,미매칭,,,0,0,
선운101,수완보건지소,미매칭,,,0,0,
선운101,수완지구,미매칭,,,0,0,
선운101,수문초교입구,미매칭,,,0,0,
선운101,진흥고,미매칭,,,0,0,
선운101,광주인광병원,미매칭,,,0,0,
지원151,운암산코오롱하늘채,미매칭,,,0,0,
지원151,동림삼익아파트,성공,정확일치,동림삼익아파트,1,1,북구 동림동
지원151,동림교,미매칭,,,0,0,
지원151,동천동행정복지센터,미매칭,,,0,0,
지원151,칠성마을,미매칭,,,0,0,
지원151,광천동,미매칭,,,0,0,
지원151,삼우아파트,미매칭,,,0,0,
지원151,진성아파트,미매칭,,,0,0,
지원151,광천E편한세상,미매칭,,,0,0,
지원151,기아차정문,미매칭,,,0,0,
지원151,광주종합버스터미널,미매칭,,,0,0,
지원151,광천치안센터,미매칭,,,0,0,
지원151,제2광천교,미매칭,,,0,0,
지원151,무등야구장,미매칭,,,0,0,
지원151,광주기아챔피언스필드입구,미매칭,,,0,0,
지원151,태봉새마을금고,미매칭,,,0,0,
지원151,신안동행정복지센터,미매칭,,,0,0,
지원151,신안사거리,미매칭,,,0,0,
지원151,광주역(동),미매칭,,,0,0,
지원151,중흥초교,미매칭,,,0,0,
지원151,4.19기념관,미매칭,,,0,0,
지원151,광주고/419역사관,미매칭,,,0,0,
지원151,대인시장(동),미매칭,,,0,0,
지원151,5.18민주화운동기록관,미매칭,,,0,0,
지원151,"국립아시아문화전당(구,도청)",미매칭,,,0,0,
지원151,문화전당역,미매칭,,,0,0,
지원151,전남대병원오거리,미매칭,,,0,0,
지원151,전남대병원/남광주시장,미매칭,,,0,0,
지원151,남광주사거리,미매칭,,,0,0,
지원151,조선대병원,미매칭,,,0,0,
지원151,학동증심사입구역,미매칭,,,0,0,
지원151,삼익세라믹,미매칭,,,0,0,
지원151,동구문화센터,미매칭,,,0,0,
지원151,광주남초교,미매칭,,,0,0,
지원151,소태역,미매칭,,,0,0,
지원151,지원2동행정복지센터입구,미매칭,,,0,0,
지원151,녹동,미매칭,,,0,0,
지원151,주남,미매칭,,,0,0,
지원151,내남입구,미매칭,,,0,0,
지원151,남계촌,미매칭,,,0,0,
지원151,육판리,미매칭,,,0,0,
지원151,선교,미매칭,,,0,0,
지원151,화순터널,미매칭,,,0,0,
지원151,이십곡리,미매칭,,,0,0,
지원151,화순군선거관리위원회,미매칭,,,0,0,
지원151,화순공공도서관입구,미매칭,,,0,0,
지원151,자치샘사거리,미매칭,,,0,0,
지원151,화순교(남),미매칭,,,0,0,
지원151,고려병원,미매칭,,,0,0,
지원151,제일장식,미매칭,,,0,0,
지원151,화순미륭아파트,미매칭,,,0,0,
지원151,화순부영아파트,미매칭,,,0,0,
지원151,화순부영3차아파트,미매칭,,,0,0,
지원151,화순용곡마을,미매칭,,,0,0,
지원151,화순전남대병원입구,미매칭,,,0,0,
지원151,화순전남대병원,미매칭,,,0,0,
지원151,정수장입구,미매칭,,,0,0,
지원151,한보요업,미매칭,,,0,0,
지원151,다지2구,미매칭,,,0,0,
지원151,백동,미매칭,,,0,0,
지원151,용생,미매칭,,,0,0,
지원151,화순영재교육원,미매칭,,,0,0,
지원151,동면농공단지,미매칭,,,0,0,
지원151,신운,미매칭,,,0,0,
지원151,농소,미매칭,,,0,0,
지원151,찰동,미매칭,,,0,0,
지원151,동면,미매칭,,,0,0,
지원151,천동(화순),미매칭,,,0,0,
지원151,동암,미매칭,,,0,0,
지원151,천운장,미매칭,,,0,0,
지원151,넘은골,미매칭,,,0,0,
지원151,화순광업소,미매칭,,,0,0,
지원151,구암1리,미매칭,,,0,0,
지원151,구암2리,미매칭,,,0,0,
지원151,문성석재,미매칭,,,0,0,
지원151,벽송저수지,미매칭,,,0,0,
지원151,벽송,미매칭,,,0,0,
지원151,사평중,미매칭,,,0,0,
지원151,사평초교,미매칭,,,0,0,
지원151,남면사무소,미매칭,,,0,0,
지원151,화순사평,미매칭,,,0,0,
지원151,너릿재공원,미매칭,,,0,0,
지원151,지원화훼단지,미매칭,,,0,0,
지원151,예술의거리입구,미매칭,,,0,0,
지원151,광주역,미매칭,,,0,0,
지원152,전대치과병원,미매칭,,,0,0,
지원152,전남대,미매칭,,,0,0,
지원152,신안사거리,미매칭,,,0,0,
지원152,광주역,미매칭,,,0,0,
지원152,삼성콜센터,미매칭,,,0,0,
지원152,중흥시장,미매칭,,,0,0,
지원152,대인광장(북),미매칭,,,0,0,
지원152,동부소방서,미매칭,,,0,0,
지원152,대인시장(서),미매칭,,,0,0,
지원152,전남여고,미매칭,,,0,0,
지원152,동구청,미매칭,,,0,0,
지원152,전남대병원오거리,미매칭,,,0,0,
지원152,전남대병원/남광주시장,미매칭,,,0,0,
지원152,남광주사거리,미매칭,,,0,0,
지원152,조선대병원,미매칭,,,0,0,
지원152,학동증심사입구역,미매칭,,,0,0,
지원152,삼익세라믹,미매칭,,,0,0,
지원152,동구문화센터,미매칭,,,0,0,
지원152,광주남초교,미매칭,,,0,0,
지원152,소태역,미매칭,,,0,0,
지원152,지원2동행정복지센터입구,미매칭,,,0,0,
지원152,녹동,미매칭,,,0,0,
지원152,주남,미매칭,,,0,0,
지원152,내남입구,미매칭,,,0,0,
지원152,남계촌,미매칭,,,0,0,
지원152,육판리,미매칭,,,0,0,
지원152,선교,미매칭,,,0,0,
지원152,화순터널,미매칭,,,0,0,
지원152,이십곡리,미매칭,,,0,0,
지원152,화순군선거관리위원회,미매칭,,,0,0,
지원152,화순공공도서관입구,미매칭,,,0,0,
지원152,자치샘삼거리,미매칭,,,0,0,
지원152,화순교(동),미매칭,,,0,0,
지원152,화순우체국,미매칭,,,0,0,
지원152,화순부영아파트,미매칭,,,0,0,
지원152,화순미륭아파트,미매칭,,,0,0,
지원152,제일장식,미매칭,,,0,0,
지원152,만연빌딩,미매칭,,,0,0,
지원152,화순터미널,미매칭,,,0,0,
지원152,화순중(남),미매칭,,,0,0,
지원152,화순제일중,미매칭,,,0,0,
지원152,대리사거리,미매칭,,,0,0,
지원152,서라아파트,미매칭,,,0,0,
지원152,오성초교,미매칭,,,0,0,
지원152,화순역,미매칭,,,0,0,
지원152,오성아파트,미매칭,,,0,0,
지원152,계소리,미매칭,,,0,0,
지원152,도웅리2구,미매칭,,,0,0,
지원152,도웅리1구,미매칭,,,0,0,
지원152,계소리1구,미매칭,,,0,0,
지원152,계소리3구입구,미매칭,,,0,0,
지원152,하니움문화스포츠센터서문,미매칭,,,0,0,
지원152,연양리1구,미매칭,,,0,0,
지원152,연양리2구,미매칭,,,0,0,
지원152,연화공장,미매칭,,,0,0,
지원152,주도리입구,미매칭,,,0,0,
지원152,백암,미매칭,,,0,0,
지원152,수동,미매칭,,,0,0,
지원152,만수리,미매칭,,,0,0,
지원152,원지리,미매칭,,,0,0,
지원152,천덕리,미매칭,,,0,0,
지원152,능주교,미매칭,,,0,0,
지원152,능주사거리,미매칭,,,0,0,
지원152,능주면사무소,미매칭,,,0,0,
지원152,능주초교,미매칭,,,0,0,
지원152,능주고,미매칭,,,0,0,
지원152,잠정햇살마을,미매칭,,,0,0,
지원152,능주역,미매칭,,,0,0,
지원152,너릿재공원,미매칭,,,0,0,
지원152,지원화훼단지,미매칭,,,0,0,
대촌170,도래,미매칭,,,0,0,
대촌170,다도초교,미매칭,,,0,0,
대촌170,행정,미매칭,,,0,0,
대촌170,산림자원연구소,미매칭,,,0,0,
대촌170,국립나주병원,미매칭,,,0,0,
대촌170,산제 윗길,미매칭,,,0,0,
대촌170,산제 아랫길,미매칭,,,0,0,
대촌170,매화동(나주),미매칭,,,0,0,
대촌170,농업기술원,미매칭,,,0,0,
대촌170,팔마아파트,미매칭,,,0,0,
대촌170,남평미래병원,미매칭,,,0,0,
대촌170,방축마을,미매칭,,,0,0,
대촌170,광주어망,미매칭,,,0,0,
대촌170,광남고,미매칭,,,0,0,
대촌170,교촌마을,미매칭,,,0,0,
대촌170,연합의원,미매칭,,,0,0,
대촌170,나주축산농협,미매칭,,,0,0,
대촌170,남평농협,미매칭,,,0,0,
대촌170,남평오거리,미매칭,,,0,0,
대촌170,남평교,미매칭,,,0,0,
대촌170,광이리,미매칭,,,0,0,
대촌170,평산리,미매칭,,,0,0,
대촌170,어전,미매칭,,,0,0,
대촌170,하칠석/고싸움전수관,미매칭,,,0,0,
대촌170,상칠석,미매칭,,,0,0,
대촌170,도촌,미매칭,,,0,0,
대촌170,대촌동행정복지센터,미매칭,,,0,0,
대촌170,하지석,미매칭,,,0,0,
대촌170,상지석,미매칭,,,0,0,
대촌170,원산,미매칭,,,0,0,
대촌170,포충사,미매칭,,,0,0,
대촌170,복수,미매칭,,,0,0,
대촌170,이장2동,미매칭,,,0,0,
대촌170,이장1동,미매칭,,,0,0,
대촌170,수춘,미매칭,,,0,0,
대촌170,양과동,미매칭,,,0,0,
대촌170,향등,미매칭,,,0,0,
대촌170,송암동,미매칭,,,0,0,
대촌170,인성고,미매칭,,,0,0,
대촌170,남선산업,미매칭,,,0,0,
대촌170,송하삼익아파트,미매칭,,,0,0,
대촌170,광주대입구,미매칭,,,0,0,
대촌170,동성고,미매칭,,,0,0,
대촌170,대성여고,미매칭,,,0,0,
대촌170,진월대주아파트,미매칭,,,0,0,
대촌170,대광여고,미매칭,,,0,0,
대촌170,백운광장,미매칭,,,0,0,
대촌170,백운우체국,미매칭,,,0,0,
대촌170,까치고개,미매칭,,,0,0,
대촌170,대성사거리,미매칭,,,0,0,
대촌170,월산사거리,미매칭,,,0,0,
대촌170,우진아파트,미매칭,,,0,0,
대촌170,광주학생운동기념탑,미매칭,,,0,0,
대촌170,롯데백화점,미매칭,,,0,0,
대촌170,동부소방서,미매칭,,,0,0,
대촌170,대인시장(서),미매칭,,,0,0,
대촌170,예술의거리입구,미매칭,,,0,0,
대촌170,광주세무서,미매칭,,,0,0,
대촌170,향교,미매칭,,,0,0,
대촌170,대성초교,미매칭,,,0,0,
대촌170,백운초교(북),미매칭,,,0,0,
대촌170,호남삼육고입구,미매칭,,,0,0,
진월177,도곡온천단지,미매칭,,,0,0,
진월177,도곡온천단지입구,미매칭,,,0,0,
진월177,원동마을,미매칭,,,0,0,
진월177,원화리,미매칭,,,0,0,
진월177,화남마을,미매칭,,,0,0,
진월177,앵남2구,미매칭,,,0,0,
진월177,앵남역,미매칭,,,0,0,
진월177,전남학숙,미매칭,,,0,0,
진월177,세량리,미매칭,,,0,0,
진월177,노대,미매칭,,,0,0,
진월177,빛고을노인건강타운,미매칭,,,0,0,
진월177,고령친화종합체험관,미매칭,,,0,0,
진월177,빛고을전남대병원,미매칭,,,0,0,
진월177,시립제2요양병원,미매칭,,,0,0,
진월177,덕남,미매칭,,,0,0,
진월177,빛고을CC,미매칭,,,0,0,
진월177,구암,미매칭,,,0,0,
진월177,광주대,미매칭,,,0,0,
진월177,금호타운아파트,미매칭,,,0,0,
진월177,광주대입구,미매칭,,,0,0,
진월177,동성고,미매칭,,,0,0,
진월177,대성여고,미매칭,,,0,0,
진월177,진월대주아파트,미매칭,,,0,0,
진월177,대광여고,미매칭,,,0,0,
진월177,백운광장,미매칭,,,0,0,
진월177,백운우체국,미매칭,,,0,0,
진월177,까치고개,미매칭,,,0,0,
진월177,대성사거리,미매칭,,,0,0,
진월177,월산사거리,미매칭,,,0,0,
진월177,우진아파트,미매칭,,,0,0,
진월177,천교,미매칭,,,0,0,
진월177,양동복개쇼핑센터,미매칭,,,0,0,
진월177,양동시장역(천변),미매칭,,,0,0,
진월177,호남삼육고입구,미매칭,,,0,0,
두암181,대덕,미매칭,,,0,0,
두암181,신갈,미매칭,,,0,0,
두암181,창평훈련장,미매칭,,,0,0,
두암181,창평초교,미매칭,,,0,0,
두암181,창평고입구,미매칭,,,0,0,
두암181,보평리,미매칭,,,0,0,
두암181,오강리,미매칭,,,0,0,
두암181,산덕,미매칭,,,0,0,
두암181,연동(담양),미매칭,,,0,0,
두암181,교산,미매칭,,,0,0,
두암181,고서중,미매칭,,,0,0,
두암181,고서사거리,미매칭,,,0,0,
두암181,해평리,미매칭,,,0,0,
두암181,보촌1구,미매칭,,,0,0,
두암181,보촌2구,미매칭,,,0,0,
두암181,석곡파출소,미매칭,,,0,0,
두암181,용호(북구),미매칭,,,0,0,
두암181,중소기업진흥공단 호남연수원,미매칭,,,0,0,
두암181,도선사,미매칭,,,0,0,
두암181,문흥지구입구(남),미매칭,,,0,0,
두암181,농산물공판장,미매칭,,,0,0,
두암181,동광주진입로,미매칭,,,0,0,
두암181,광주병원,미매칭,,,0,0,
두암181,무등도서관,미매칭,,,0,0,
두암181,말바우시장(동),미매칭,,,0,0,
두암181,말바우시장(남),미매칭,,,0,0,
두암181,동강대,미매칭,,,0,0,
두암181,서방시장(북),미매칭,,,0,0,
두암181,서방사거리육교,미매칭,,,0,0,
두암181,서방시장(남),미매칭,,,0,0,
두암181,문흥지구입구(동),미매칭,,,0,0,
두암181,도동고개,미매칭,,,0,0,
용전184,수북,미매칭,,,0,0,
용전184,포백,미매칭,,,0,0,
용전184,수북사거리,미매칭,,,0,0,
용전184,수북면사무소,미매칭,,,0,0,
용전184,고성리,미매칭,,,0,0,
용전184,월성(담양),미매칭,,,0,0,
용전184,성산리,미매칭,,,0,0,
용전184,행정리,미매칭,,,0,0,
용전184,병풍리,미매칭,,,0,0,
용전184,원촌,미매칭,,,0,0,
용전184,한재초교,미매칭,,,0,0,
용전184,대전파출소(남),미매칭,,,0,0,
용전184,한재중,미매칭,,,0,0,
용전184,신남마을,미매칭,,,0,0,
용전184,월인,미매칭,,,0,0,
용전184,갈전,미매칭,,,0,0,
용전184,강의리,미매칭,,,0,0,
용전184,태목,미매칭,,,0,0,
용전184,시목,미매칭,,,0,0,
용전184,응기,미매칭,,,0,0,
용전184,삼소동입구,미매칭,,,0,0,
용전184,용산교(북구),미매칭,,,0,0,
용전184,용전사거리(남),미매칭,,,0,0,
용전184,지산마을,미매칭,,,0,0,
용전184,생룡,미매칭,,,0,0,
용전184,우치공원,미매칭,,,0,0,
용전184,명상의집,미매칭,,,0,0,
용전184,유격훈련장,미매칭,,,0,0,
용전184,일곡현대3차아파트,미매칭,,,0,0,
용전184,일곡청솔4차아파트,미매칭,,,0,0,
용전184,월산(삼각동),미매칭,,,0,0,
용전184,양일로입구,미매칭,,,0,0,
용전184,원삼각마을삼일아파트,미매칭,,,0,0,
용전184,31사단,미매칭,,,0,0,
용전184,오치1동행정복지센터,미매칭,,,0,0,
용전184,서산초교,미매칭,,,0,0,
용전184,오치한전,미매칭,,,0,0,
용전184,도로교통공단 대신파크,미매칭,,,0,0,
용전184,전남대공과대학,미매칭,,,0,0,
용전184,전남대스포츠센터,미매칭,,,0,0,
용전184,효동초교입구,미매칭,,,0,0,
용전184,동부교육청,미매칭,,,0,0,
용전184,향토문화거리입구,미매칭,,,0,0,
용전184,서방시장(남),미매칭,,,0,0,
용전184,서방사거리육교,미매칭,,,0,0,
용전184,광주고/419역사관,미매칭,,,0,0,
용전184,대인시장(동),미매칭,,,0,0,
용전184,예술의거리입구,미매칭,,,0,0,
용전184,금남로4가역,미매칭,,,0,0,
용전184,금남로5가역,미매칭,,,0,0,
용전184,롯데백화점,미매칭,,,0,0,
용전184,동부소방서,미매칭,,,0,0,
용전184,서방시장(서),미매칭,,,0,0,
용전184,북구차량등록민원실,미매칭,,,0,0,
용전184,성산맨션,미매칭,,,0,0,
용전184,갑향리,미매칭,,,0,0,
충효187,장등동,성공,정확일치,장등동,1,1,북구 석곡동
충효187,도선사,미매칭,,,0,0,
충효187,문흥지구입구(남),미매칭,,,0,0,
충효187,농산물공판장,미매칭,,,0,0,
충효187,동광주진입로,미매칭,,,0,0,
충효187,광주병원,미매칭,,,0,0,
충효187,무등도서관,미매칭,,,0,0,
충효187,말바우시장(동),미매칭,,,0,0,
충효187,말바우시장(남),미매칭,,,0,0,
충효187,동강대,미매칭,,,0,0,
충효187,서방시장(북),미매칭,,,0,0,
충효187,교육대,미매칭,,,0,0,
충효187,풍향삼거리,미매칭,,,0,0,
충효187,풍향시장,미매칭,,,0,0,
충효187,두암지구입구,미매칭,,,0,0,
충효187,산수오거리(연천),미매칭,,,0,0,
충효187,장원초교(서),미매칭,,,0,0,
충효187,산수무등파크,미매칭,,,0,0,
충효187,전망대,미매칭,,,0,0,
충효187,4수원지,미매칭,,,0,0,
충효187,4수원지위,미매칭,,,0,0,
충효187,화암,미매칭,,,0,0,
충효187,화암마을위,미매칭,,,0,0,
충효187,충장사(북),미매칭,,,0,0,
충효187,금곡,미매칭,,,0,0,
충효187,석제,미매칭,,,0,0,
충효187,수리,미매칭,,,0,0,
충효187,광주호호수생태원,미매칭,,,0,0,
충효187,충효동환벽당,미매칭,,,0,0,
충효187,가사문학관,미매칭,,,0,0,
충효187,지실,미매칭,,,0,0,
충효187,유산교,미매칭,,,0,0,
충효187,닭뫼,미매칭,,,0,0,
충효187,평촌도요지,미매칭,,,0,0,
충효187,평촌,미매칭,,,0,0,
충효187,소쇄원,미매칭,,,0,0,
충효187,전남교육연수원,미매칭,,,0,0,
충효187,반석,미매칭,,,0,0,
충효187,연천,미매칭,,,0,0,
충효187,장원초교(동),미매칭,,,0,0,
충효187,산수오거리,미매칭,,,0,0,
충효187,서방시장(남),미매칭,,,0,0,
충효187,문흥지구입구(동),미매칭,,,0,0,
충효187,도동고개,미매칭,,,0,0,
충효188,효령노인복지타운,미매칭,,,0,0,
충효188,북초교,미매칭,,,0,0,
충효188,수곡,미매칭,,,0,0,
충효188,두촌,미매칭,,,0,0,
충효188,단지삼거리,미매칭,,,0,0,
충효188,단지마을,미매칭,,,0,0,
충효188,시립공원묘지,미매칭,,,0,0,
충효188,공원묘지,미매칭,,,0,0,
충효188,국립5.18민주묘지,미매칭,,,0,0,
충효188,어운,미매칭,,,0,0,
충효188,주룡,미매칭,,,0,0,
충효188,복다우,미매칭,,,0,0,
충효188,석곡파출소,미매칭,,,0,0,
충효188,석곡동행정복지센터,미매칭,,,0,0,
충효188,월산(석곡),미매칭,,,0,0,
충효188,동초교,미매칭,,,0,0,
충효188,죽곡(북),미매칭,,,0,0,
충효188,죽곡(남),미매칭,,,0,0,
충효188,분토(북구),미매칭,,,0,0,
충효188,신촌(윗길),미매칭,,,0,0,
충효188,신촌(아랫길),미매칭,,,0,0,
충효188,등촌,미매칭,,,0,0,
충효188,청풍학생야영장,미매칭,,,0,0,
충효188,4수원지,미매칭,,,0,0,
충효188,4수원지위,미매칭,,,0,0,
충효188,화암,미매칭,,,0,0,
충효188,화암마을위,미매칭,,,0,0,
충효188,충장사(북),미매칭,,,0,0,
충효188,금곡,미매칭,,,0,0,
충효188,석제,미매칭,,,0,0,
충효188,수리,미매칭,,,0,0,
충효188,광주호호수생태원,미매칭,,,0,0,
충효188,충효동환벽당,미매칭,,,0,0,
충효188,가사문학관,미매칭,,,0,0,
충효188,지실,미매칭,,,0,0,
충효188,유산교,미매칭,,,0,0,
충효188,닭뫼,미매칭,,,0,0,
충효188,평촌도요지,미매칭,,,0,0,
충효188,평촌,미매칭,,,0,0,
충효188,소쇄원,미매칭,,,0,0,
충효188,공원묘지입구,미매칭,,,0,0,
첨단192,장성마산,미매칭,,,0,0,
첨단192,녹진,미매칭,,,0,0,
첨단192,덕성,미매칭,,,0,0,
첨단192,자풍,미매칭,,,0,0,
첨단192,선평선창마을입구,미매칭,,,0,0,
첨단192,장성백운,미매칭,,,0,0,
첨단192,평산리(장성),미매칭,,,0,0,
첨단192,승가마을,미매칭,,,0,0,
첨단192,남면보건지소,미매칭,,,0,0,
첨단192,장성남면농협,미매칭,,,0,0,
첨단192,장성남중,미매칭,,,0,0,
첨단192,장성월곡,미매칭,,,0,0,
첨단192,월정(장성),미매칭,,,0,0,
첨단192,서태마을입구,미매칭,,,0,0,
첨단192,신아산,미매칭,,,0,0,
첨단192,비아1동,미매칭,,,0,0,
첨단192,비아농협,미매칭,,,0,0,
첨단192,동원촌,미매칭,,,0,0,
첨단192,첨단대우아파트,미매칭,,,0,0,
첨단192,첨단도서관,미매칭,,,0,0,
첨단192,첨단라인8차아파트,미매칭,,,0,0,
첨단192,산월초교입구,미매칭,,,0,0,
첨단192,방송통신대,미매칭,,,0,0,
첨단192,무양서원,미매칭,,,0,0,
첨단192,남부대,미매칭,,,0,0,
첨단192,신창용수마을,미매칭,,,0,0,
첨단192,전남공고입구,미매칭,,,0,0,
첨단192,보건대입구,미매칭,,,0,0,
첨단192,반촌,미매칭,,,0,0,
첨단192,산동교,미매칭,,,0,0,
첨단192,동림푸른마을,미매칭,,,0,0,
첨단192,시립장애인복지관,미매칭,,,0,0,
첨단192,운암우미아파트,미매칭,,,0,0,
첨단192,운암중,미매칭,,,0,0,
첨단192,운암초교,미매칭,,,0,0,
첨단192,서영대,미매칭,,,0,0,
첨단192,광림초교입구,미매칭,,,0,0,
첨단192,광암교입구,미매칭,,,0,0,
첨단192,공구의거리,미매칭,,,0,0,
첨단192,경신여고(일방로),미매칭,,,0,0,
첨단192,중앙여고,미매칭,,,0,0,
첨단192,문화예술회관,미매칭,,,0,0,
첨단192,동천마을6단지,미매칭,,,0,0,
첨단192,비아사거리,미매칭,,,0,0,
첨단193,살레시오고,미매칭,,,0,0,
첨단193,살레시오고입구,미매칭,,,0,0,
첨단193,일곡삼호아파트,미매칭,,,0,0,
첨단193,서일초교,미매칭,,,0,0,
첨단193,일신초교,미매칭,,,0,0,
첨단193,일동초교,미매칭,,,0,0,
첨단193,일동중,미매칭,,,0,0,
첨단193,오비맥주,미매칭,,,0,0,
첨단193,코카콜라,미매칭,,,0,0,
첨단193,롯데칠성,미매칭,,,0,0,
첨단193,KT&G광주공장,미매칭,,,0,0,
첨단193,양산호수공원,미매칭,,,0,0,
첨단193,양산초교입구,미매칭,,,0,0,
첨단193,양산타운,미매칭,,,0,0,
첨단193,용두주공,미매칭,,,0,0,
첨단193,복룡입구,미매칭,,,0,0,
첨단193,교통공원,미매칭,,,0,0,
첨단193,우편집중국,미매칭,,,0,0,
첨단193,농산물품질관리원,미매칭,,,0,0,
첨단193,첨단우리은행,미매칭,,,0,0,
첨단193,첨단1동행정복지센터,미매칭,,,0,0,
첨단193,쌍암공원,미매칭,,,0,0,
첨단193,과기원,미매칭,,,0,0,
첨단193,한국전자통신연구원,미매칭,,,0,0,
첨단193,한국생산기술연구원,미매칭,,,0,0,
첨단193,국립광주과학관,미매칭,,,0,0,
첨단193,앰코코리아,미매칭,,,0,0,
첨단193,은혜학교,미매칭,,,0,0,
첨단193,대촌마을,미매칭,,,0,0,
첨단193,대촌마을입구,미매칭,,,0,0,
첨단193,고내입구,미매칭,,,0,0,
첨단193,월정,미매칭,,,0,0,
첨단193,초동,미매칭,,,0,0,
첨단193,진원동초교,미매칭,,,0,0,
첨단193,학산,미매칭,,,0,0,
첨단193,상림,미매칭,,,0,0,
첨단193,작동,미매칭,,,0,0,
첨단193,덕촌,미매칭,,,0,0,
첨단193,평촌(장성),미매칭,,,0,0,
첨단193,진원면사무소,미매칭,,,0,0,
첨단193,중앙교회,미매칭,,,0,0,
첨단193,남계(장성),미매칭,,,0,0,
첨단193,매화동(장성),미매칭,,,0,0,
첨단193,진원초교,미매칭,,,0,0,
첨단193,수촌(장성),미매칭,,,0,0,
첨단193,산정,미매칭,,,0,0,
첨단193,남면사무소(장성),미매칭,,,0,0,
진곡196,진곡산단,미매칭,,,0,0,
진곡196,진곡공원,미매칭,,,0,0,
진곡196,선진알미늄,미매칭,,,0,0,
진곡196,동명정공,미매칭,,,0,0,
진곡196,무등스크린,미매칭,,,0,0,
진곡196,명진하이테크,미매칭,,,0,0,
진곡196,광주그린카진흥원입구,미매칭,,,0,0,
진곡196,진곡화물공영차고지,미매칭,,,0,0,
진곡196,한국알프스,미매칭,,,0,0,
진곡196,호남샤니,미매칭,,,0,0,
진곡196,화천기공,미매칭,,,0,0,
진곡196,수완진흥더루벤스,미매칭,,,0,0,
진곡196,장덕마을,미매칭,,,0,0,
진곡196,수완새한포유,미매칭,,,0,0,
진곡196,광주농수산물유통센터(서),미매칭,,,0,0,
진곡196,수완중흥S-클래스 1차,미매칭,,,0,0,
진곡196,목련마을6단지,미매칭,,,0,0,
진곡196,운남삼성아파트,미매칭,,,0,0,
진곡196,광산구노인복지회관,미매칭,,,0,0,
진곡196,영천초교,미매칭,,,0,0,
진곡196,월곡시장,미매칭,,,0,0,
진곡196,월곡일신아파트,미매칭,,,0,0,
진곡196,어등초교,미매칭,,,0,0,
진곡196,광산중,미매칭,,,0,0,
진곡196,소촌금호아파트,미매칭,,,0,0,
진곡196,아리랑고개,미매칭,,,0,0,
진곡196,송정I.C,미매칭,,,0,0,
진곡196,송정파출소(북),미매칭,,,0,0,
진곡196,송정공원역,미매칭,,,0,0,
진곡196,영광통,미매칭,,,0,0,
진곡196,광산구청,미매칭,,,0,0,
진곡196,광주송정역(동),미매칭,,,0,0,
진곡196,금강1길,미매칭,,,0,0,
진곡196,송정초교,미매칭,,,0,0,
진곡196,도산동행정복지센터,미매칭,,,0,0,
진곡196,송정호반아파트,미매칭,,,0,0,
진곡196,공군부대후문,미매칭,,,0,0,
진곡196,상선,미매칭,,,0,0,
진곡196,하선,미매칭,,,0,0,
진곡196,평호동,미매칭,,,0,0,
진곡196,유림,미매칭,,,0,0,
진곡196,동곡,미매칭,,,0,0,
진곡196,호가정,미매칭,,,0,0,
진곡196,창교,미매칭,,,0,0,
진곡196,용봉입구,미매칭,,,0,0,
진곡196,성산마을,미매칭,,,0,0,
진곡196,노안남초교,미매칭,,,0,0,
진곡196,동산마을,미매칭,,,0,0,
진곡196,산정(나주),미매칭,,,0,0,
진곡196,천동입구,미매칭,,,0,0,
진곡196,나주북초교,미매칭,,,0,0,
진곡196,나주농협송현지점,미매칭,,,0,0,
진곡196,나주동신대,미매칭,,,0,0,
진곡196,싸이클경기장,미매칭,,,0,0,
진곡196,정렬사,미매칭,,,0,0,
진곡196,광주송정역,미매칭,,,0,0,
송정197,도산동,미매칭,,,0,0,
송정197,도산파출소,미매칭,,,0,0,
송정197,도산역,미매칭,,,0,0,
송정197,신동사거리,미매칭,,,0,0,
송정197,광주송정역,미매칭,,,0,0,
송정197,광산구청,미매칭,,,0,0,
송정197,금호타이어,미매칭,,,0,0,
송정197,송정한전,미매칭,,,0,0,
송정197,광산경찰서,미매칭,,,0,0,
송정197,보문고,미매칭,,,0,0,
송정197,매방골,미매칭,,,0,0,
송정197,선암,미매칭,,,0,0,
송정197,호남대,미매칭,,,0,0,
송정197,샛터마을,미매칭,,,0,0,
송정197,서봉마을,미매칭,,,0,0,
송정197,동명고입구,미매칭,,,0,0,
송정197,중방,미매칭,,,0,0,
송정197,운평,미매칭,,,0,0,
송정197,죽산,미매칭,,,0,0,
송정197,풍숙,미매칭,,,0,0,
송정197,본량삼거리,미매칭,,,0,0,
송정197,본량초교,미매칭,,,0,0,
송정197,황산,미매칭,,,0,0,
송정197,북성,미매칭,,,0,0,
송정197,가마,미매칭,,,0,0,
송정197,명도삼거리,미매칭,,,0,0,
송정197,예림,미매칭,,,0,0,
송정197,평림,미매칭,,,0,0,
송정197,동호,미매칭,,,0,0,
송정197,남동,미매칭,,,0,0,
송정197,용호(광산구),미매칭,,,0,0,
송정197,수성,미매칭,,,0,0,
송정197,옥산,미매칭,,,0,0,
송정197,학동(본량),미매칭,,,0,0,
송정197,화산(장성),미매칭,,,0,0,
송정197,녹서,미매칭,,,0,0,
송정197,마령,미매칭,,,0,0,
송정197,패밀리농장,미매칭,,,0,0,
송정197,보강,미매칭,,,0,0,
송정197,보강입구,미매칭,,,0,0,
송정197,인지,미매칭,,,0,0,
송정197,송곡,미매칭,,,0,0,
송정197,삼서초교,미매칭,,,0,0,
송정197,대곡,미매칭,,,0,0,
송정197,삼서우체국,미매칭,,,0,0,
송정197,삼서면사무소,미매칭,,,0,0,
대촌270,매월동(북),미매칭,,,0,0,
대촌270,대동고,미매칭,,,0,0,
대촌270,화훼단지,미매칭,,,0,0,
대촌270,공구단지,미매칭,,,0,0,
대촌270,풍암사거리(동),미매칭,,,0,0,
대촌270,마재부영아파트,미매칭,,,0,0,
대촌270,마재대주아파트,미매칭,,,0,0,
대촌270,서구문화센터,미매칭,,,0,0,
대촌270,금호한국아파트,미매칭,,,0,0,
대촌270,금호시영아파트,미매칭,,,0,0,
대촌270,CBS방송국,미매칭,,,0,0,
대촌270,상무중,미매칭,,,0,0,
대촌270,운천저수지,미매칭,,,0,0,
대촌270,상무지구입구,미매칭,,,0,0,
대촌270,상무역,미매칭,,,0,0,
대촌270,전남고입구,미매칭,,,0,0,
대촌270,김대중컨벤션센터(마륵)역,미매칭,,,0,0,
대촌270,월암,미매칭,,,0,0,
대촌270,서창사거리,미매칭,,,0,0,
대촌270,서창농협벽진지점,미매칭,,,0,0,
대촌270,마산(서창),미매칭,,,0,0,
대촌270,동하,미매칭,,,0,0,
대촌270,서창동주민센터,미매칭,,,0,0,
대촌270,절골입구(서),미매칭,,,0,0,
대촌270,중촌,미매칭,,,0,0,
대촌270,서창치안센터,미매칭,,,0,0,
대촌270,용두입구,미매칭,,,0,0,
대촌270,봉학,미매칭,,,0,0,
대촌270,신용,미매칭,,,0,0,
대촌270,마현,미매칭,,,0,0,
대촌270,구룡(대촌),미매칭,,,0,0,
대촌270,석교삼거리,미매칭,,,0,0,
대촌270,석정,미매칭,,,0,0,
대촌270,시산,미매칭,,,0,0,
대촌270,농막,미매칭,,,0,0,
대촌270,화장뒷길,미매칭,,,0,0,
대촌270,화장앞길,미매칭,,,0,0,
대촌270,지동,미매칭,,,0,0,
대촌270,월성,미매칭,,,0,0,
대촌270,학촌,미매칭,,,0,0,
대촌270,도덕,미매칭,,,0,0,
대촌270,구소,성공,정확일치,구소,1,1,남구 대촌동
대촌270,서창입구,미매칭,,,0,0,
대촌270,금호초교,미매칭,,,0,0,
임곡290,도산동,미매칭,,,0,0,
임곡290,도산파출소,미매칭,,,0,0,
임곡290,도산역,미매칭,,,0,0,
임곡290,신동사거리,미매칭,,,0,0,
임곡290,광주송정역,미매칭,,,0,0,
임곡290,광산구청,미매칭,,,0,0,
임곡290,영광통,미매칭,,,0,0,
임곡290,송정공원역,미매칭,,,0,0,
임곡290,송정파출소(북),미매칭,,,0,0,
임곡290,송정I.C,미매칭,,,0,0,
임곡290,아리랑고개,미매칭,,,0,0,
임곡290,우산동중흥S클래스,미매칭,,,0,0,
임곡290,광주자동화설비공업고,미매칭,,,0,0,
임곡290,대덕아파트,미매칭,,,0,0,
임곡290,서작,미매칭,,,0,0,
임곡290,상수도광산사업소,미매칭,,,0,0,
임곡290,우산리버힐아파트,미매칭,,,0,0,
임곡290,우산시영2단지(동),미매칭,,,0,0,
임곡290,광주여대,미매칭,,,0,0,
임곡290,역산공원입구,미매칭,,,0,0,
임곡290,산정중입구,미매칭,,,0,0,
임곡290,하남홈플러스,미매칭,,,0,0,
임곡290,유애서원,미매칭,,,0,0,
임곡290,신성화학,미매칭,,,0,0,
임곡290,정우화학,미매칭,,,0,0,
임곡290,광산소방서입구,미매칭,,,0,0,
임곡290,하남3지구모아엘가,미매칭,,,0,0,
임곡290,하남1교,미매칭,,,0,0,
임곡290,지실마을,미매칭,,,0,0,
임곡290,장수동,미매칭,,,0,0,
임곡290,구강리,미매칭,,,0,0,
임곡290,방혜,미매칭,,,0,0,
임곡290,신등,미매칭,,,0,0,
임곡290,신봉정,미매칭,,,0,0,
임곡290,내등,미매칭,,,0,0,
임곡290,외등,미매칭,,,0,0,
임곡290,노동,미매칭,,,0,0,
임곡290,박호1리,미매칭,,,0,0,
임곡290,박뫼,미매칭,,,0,0,
임곡290,박호동,미매칭,,,0,0,
임곡290,송산유원지(종점),미매칭,,,0,0,
임곡290,산막,미매칭,,,0,0,
임곡290,벽파정,미매칭,,,0,0,
임곡290,연동 서길,미매칭,,,0,0,
임곡290,연동삼거리,미매칭,,,0,0,
임곡290,창암,미매칭,,,0,0,
임곡290,고룡정보산업학교,미매칭,,,0,0,
임곡290,보화촌,미매칭,,,0,0,
임곡290,천동(광산구),미매칭,,,0,0,
임곡290,비시동,미매칭,,,0,0,
임곡290,가정,미매칭,,,0,0,
임곡290,성내,미매칭,,,0,0,
임곡290,임곡역,미매칭,,,0,0,
임곡290,광일고,미매칭,,,0,0,
임곡290,원임곡,미매칭,,,0,0,
임곡290,삼화교,미매칭,,,0,0,
임곡290,연계삼거리,미매칭,,,0,0,
임곡290,임동교,미매칭,,,0,0,
임곡290,상촌(임곡),미매칭,,,0,0,
임곡290,와산,미매칭,,,0,0,
임곡290,연동서길,미매칭,,,0,0,
송정296,도산동,미매칭,,,0,0,
송정296,도산파출소,미매칭,,,0,0,
송정296,도산역,미매칭,,,0,0,
송정296,신동사거리,미매칭,,,0,0,
송정296,광주송정역,미매칭,,,0,0,
송정296,광산구청,미매칭,,,0,0,
송정296,금호타이어,미매칭,,,0,0,
송정296,송정한전,미매칭,,,0,0,
송정296,광산경찰서,미매칭,,,0,0,
송정296,보문고,미매칭,,,0,0,
송정296,매방골,미매칭,,,0,0,
송정296,선암,미매칭,,,0,0,
송정296,호남대,미매칭,,,0,0,
송정296,샛터마을,미매칭,,,0,0,
송정296,서봉마을,미매칭,,,0,0,
송정296,동명고입구,미매칭,,,0,0,
송정296,중방,미매칭,,,0,0,
송정296,운평,미매칭,,,0,0,
송정296,죽산,미매칭,,,0,0,
송정296,풍숙,미매칭,,,0,0,
송정296,본량삼거리,미매칭,,,0,0,
송정296,본량초교,미매칭,,,0,0,
송정296,황산,미매칭,,,0,0,
송정296,북성,미매칭,,,0,0,
송정296,가마,미매칭,,,0,0,
송정296,명도삼거리,미매칭,,,0,0,
송정296,예림,미매칭,,,0,0,
송정296,평림,미매칭,,,0,0,
송정296,남동,미매칭,,,0,0,
송정296,용호(광산구),미매칭,,,0,0,
송정296,신촌(본량),미매칭,,,0,0,
송정296,본량학생야영장,미매칭,,,0,0,
송정296,월산(본량),미매칭,,,0,0,
송정296,양곡,미매칭,,,0,0,
송정296,구룡(본량),미매칭,,,0,0,
송정296,동림마을,미매칭,,,0,0,
419,살레시오고,미매칭,,,0,0,
419,살레시오고입구,미매칭,,,0,0,
419,유격훈련장,미매칭,,,0,0,
419,일곡현대3차아파트,미매칭,,,0,0,
419,일곡대림2차아파트,미매칭,,,0,0,
419,일신초교,미매칭,,,0,0,
419,일동초교,미매칭,,,0,0,
419,일동중,미매칭,,,0,0,
419,향토음식박물관,미매칭,,,0,0,
419,국제고,미매칭,,,0,0,
419,삼각그린타운,미매칭,,,0,0,
419,고려고,미매칭,,,0,0,
419,광주공고입구,미매칭,,,0,0,
419,오치초교,미매칭,,,0,0,
419,비엔날레전시관,미매칭,,,0,0,
419,비엔날레전시관입구,미매칭,,,0,0,
419,용봉모아아파트,미매칭,,,0,0,
419,유창아파트,미매칭,,,0,0,
419,유창허니문,미매칭,,,0,0,
419,용봉우미아파트,미매칭,,,0,0,
419,삼원맨션,미매칭,,,0,0,
419,용봉한화꿈에그린,미매칭,,,0,0,
419,도로교통공단 대신파크,미매칭,,,0,0,
419,전남대공과대학,미매칭,,,0,0,
419,전남대동문,미매칭,,,0,0,
419,북구보건소,미매칭,,,0,0,
419,중흥2동행정복지센터,미매칭,,,0,0,
419,동부교육청,미매칭,,,0,0,
419,향토문화거리입구,미매칭,,,0,0,
419,서방시장(남),미매칭,,,0,0,
419,계림사거리,미매칭,,,0,0,
419,광주고/419역사관,미매칭,,,0,0,
419,대인시장(동),미매칭,,,0,0,
419,전남여고,미매칭,,,0,0,
419,동구청,미매칭,,,0,0,
419,서남동행정복지센터,미매칭,,,0,0,
419,조선대병원입구,미매칭,,,0,0,
419,조선대대학원,미매칭,,,0,0,
419,조선대해오름관,미매칭,,,0,0,
419,조선대장미원,미매칭,,,0,0,
419,문화전당역,미매칭,,,0,0,
419,"국립아시아문화전당(구,도청)",미매칭,,,0,0,
419,예술의거리입구,미매칭,,,0,0,
419,서방시장(서),미매칭,,,0,0,
419,성산맨션,미매칭,,,0,0,
419,유창허니문입구,미매칭,,,0,0,
419,용주초교,미매칭,,,0,0,
518,효령노인복지타운,미매칭,,,0,0,
518,영락공원입구,미매칭,,,0,0,
518,효령동,미매칭,,,0,0,
518,영락공원2단지,미매칭,,,0,0,
518,영락공원,미매칭,,,0,0,
518,수곡,미매칭,,,0,0,
518,두촌,미매칭,,,0,0,
518,단지삼거리,미매칭,,,0,0,
518,단지마을,미매칭,,,0,0,
518,시립공원묘지,미매칭,,,0,0,
518,공원묘지,미매칭,,,0,0,
518,국립5.18민주묘지,미매칭,,,0,0,
518,어운,미매칭,,,0,0,
518,주룡,미매칭,,,0,0,
518,복다우,미매칭,,,0,0,
518,석곡파출소,미매칭,,,0,0,
518,용호(북구),미매칭,,,0,0,
518,중소기업진흥공단 호남연수원,미매칭,,,0,0,
518,도선사,미매칭,,,0,0,
518,문흥지구입구(남),미매칭,,,0,0,
518,농산물공판장,미매칭,,,0,0,
518,동광주진입로,미매칭,,,0,0,
518,광주병원,미매칭,,,0,0,
518,무등도서관,미매칭,,,0,0,
518,말바우시장(동),미매칭,,,0,0,
518,말바우시장(서),미매칭,,,0,0,
518,평화맨션,미매칭,,,0,0,
518,북구청,미매칭,,,0,0,
518,북구보건소,미매칭,,,0,0,
518,전남대,미매칭,,,0,0,
518,신안사거리,미매칭,,,0,0,
518,광주역(동),미매칭,,,0,0,
518,중흥초교,미매칭,,,0,0,
518,4.19기념관,미매칭,,,0,0,
518,광주고/419역사관,미매칭,,,0,0,
518,대인시장(동),미매칭,,,0,0,
518,전남여고,미매칭,,,0,0,
518,동구청,미매칭,,,0,0,
518,문화전당역,미매칭,,,0,0,
518,"국립아시아문화전당(구,도청)",미매칭,,,0,0,
518,금남로4가역,미매칭,,,0,0,
518,금남로5가역,미매칭,,,0,0,
518,광주일고/광주고용센터,미매칭,,,0,0,
518,북성중,미매칭,,,0,0,
518,임동오거리,미매칭,,,0,0,
518,전남방직,미매칭,,,0,0,
518,현대자동차,미매칭,,,0,0,
518,광주종합버스터미널,미매칭,,,0,0,
518,기아차중문,미매칭,,,0,0,
518,상무호반3차,미매칭,,,0,0,
518,모아제일아파트,미매칭,,,0,0,
518,5.18기념문화센터,미매칭,,,0,0,
518,시청,미매칭,,,0,0,
518,한국은행,미매칭,,,0,0,
518,한국국토정보공사,미매칭,,,0,0,
518,한국수자원공사,미매칭,,,0,0,
518,농협운천지점,미매칭,,,0,0,
518,상무라인대주,미매칭,,,0,0,
518,5.18자유공원,미매칭,,,0,0,
518,보훈회관/518민주화운동교육관,미매칭,,,0,0,
518,상무시민공원,미매칭,,,0,0,
518,상무지구,미매칭,,,0,0,
518,상무쌍용금호아파트,미매칭,,,0,0,
518,운천초교,미매칭,,,0,0,
518,상무대우아파트,미매칭,,,0,0,
518,광명하이츠후문,미매칭,,,0,0,
518,광주역,미매칭,,,0,0,
518,문흥지구입구(동),미매칭,,,0,0,
518,도동고개,미매칭,,,0,0,
518,공원묘지입구,미매칭,,,0,0,
1187,덕흥동,미매칭,,,0,0,
1187,덕흥마을입구,미매칭,,,0,0,
1187,덕흥삼거리,미매칭,,,0,0,
1187,유덕2교차로,미매칭,,,0,0,
1187,유덕동주민센터,미매칭,,,0,0,
1187,유덕치안센터,미매칭,,,0,0,
1187,극락초교,미매칭,,,0,0,
1187,버들주공1단지,미매칭,,,0,0,
1187,칠성마을,미매칭,,,0,0,
1187,광천동,미매칭,,,0,0,
1187,삼우아파트,미매칭,,,0,0,
1187,진성아파트,미매칭,,,0,0,
1187,광천E편한세상,미매칭,,,0,0,
1187,기아차정문,미매칭,,,0,0,
1187,광주종합버스터미널,미매칭,,,0,0,
1187,신세계백화점,미매칭,,,0,0,
1187,화정중흥파크,미매칭,,,0,0,
1187,농성파출소,미매칭,,,0,0,
1187,서구청,미매칭,,,0,0,
1187,광주시립미술관하정웅미술관,미매칭,,,0,0,
1187,담배인삼공사,미매칭,,,0,0,
1187,그린파크,미매칭,,,0,0,
1187,서림초교입구,미매칭,,,0,0,
1187,북광주수협,미매칭,,,0,0,
1187,신안사거리,미매칭,,,0,0,
1187,광주역(동),미매칭,,,0,0,
1187,중흥초교,미매칭,,,0,0,
1187,중흥1동행정복지센터,미매칭,,,0,0,
1187,대인광장(동),미매칭,,,0,0,
1187,롯데백화점(북),미매칭,,,0,0,
1187,금남로5가역,미매칭,,,0,0,
1187,금남로4가역,미매칭,,,0,0,
1187,"국립아시아문화전당(구,도청)",미매칭,,,0,0,
1187,문화전당역,미매칭,,,0,0,
1187,동구청,미매칭,,,0,0,
1187,동구노인종합복지관,미매칭,,,0,0,
1187,농장다리,미매칭,,,0,0,
1187,법원입구,미매칭,,,0,0,
1187,산수시장,미매칭,,,0,0,
1187,장원초교(서),미매칭,,,0,0,
1187,산수무등파크,미매칭,,,0,0,
1187,전망대,미매칭,,,0,0,
1187,4수원지,미매칭,,,0,0,
1187,4수원지위,미매칭,,,0,0,
1187,화암,미매칭,,,0,0,
1187,화암마을위,미매칭,,,0,0,
1187,충장사(남),미매칭,,,0,0,
1187,풍암정,미매칭,,,0,0,
1187,안양사,미매칭,,,0,0,
1187,무등산국립공원(원효사),성공,정확일치,무등산국립공원(원효사),1,1,북구 석곡동
1187,장원초교(동),미매칭,,,0,0,
1187,롯데백화점,미매칭,,,0,0,
1187,광주역,미매칭,,,0,0,
1187,농성SK뷰,미매칭,,,0,0,
1187-1,무등산국립공원(원효사),성공,정확일치,무등산국립공원(원효사),1,1,북구 석곡동
1187-1,안양사,미매칭,,,0,0,
1187-1,풍암정,미매칭,,,0,0,
1187-1,충장사(남),미매칭,,,0,0,
1187-1,화암마을위,미매칭,,,0,0,
1187-1,화암,미매칭,,,0,0,
1187-1,4수원지위,미매칭,,,0,0,
1187-1,4수원지,미매칭,,,0,0,
1187-1,전망대,미매칭,,,0,0,
1187-1,산수무등파크,미매칭,,,0,0,
1187-1,장원초교(동),미매칭,,,0,0,
1187-1,산수시장,미매칭,,,0,0,
1187-1,법원입구,미매칭,,,0,0,
1187-1,농장다리,미매칭,,,0,0,
1187-1,동구노인종합복지관,미매칭,,,0,0,
1187-1,전남여고,미매칭,,,0,0,
1187-1,5.18민주화운동기록관,미매칭,,,0,0,
1187-1,"국립아시아문화전당(구,도청)",미매칭,,,0,0,
1187-1,문화전당역,미매칭,,,0,0,
1187-1,동구청,미매칭,,,0,0,
1187-1,장원초교(서),미매칭,,,0,0,
