시트명,노선,정류소명,정류소명_key,정류소명_relaxed
순환01,순환01,세하동,세하동,세하동
순환01,순환01,서창농협 벽진지점,서창농협 벽진지점,서창농협벽진지점
순환01,순환01,김대중컨벤션센터(마륵)역(북),김대중컨벤션센터(마륵)역(북),김대중컨벤션센터(마륵)역(북)
순환01,순환01,5.18자유공원,5.18자유공원,518자유공원
순환01,순환01,상무금호아파트,상무금호아파트,상무금호아파트
순환01,순환01,계수초교,계수초교,계수초교
순환01,순환01,한국수자원공사,한국수자원공사,한국수자원공사
순환01,순환01,농협운천지점,농협운천지점,농협운천지점
순환01,순환01,상무지구입구,상무지구입구,상무지구입구
순환01,순환01,운천저수지,운천저수지,운천저수지
순환01,순환01,금호초교,금호초교,금호초교
순환01,순환01,CBS방송국,CBS방송국,CBS방송국
순환01,순환01,금호시영아파트,금호시영아파트,금호시영아파트
순환01,순환01,서구문화센터,서구문화센터,서구문화센터
순환01,순환01,마재대주아파트,마재대주아파트,마재대주아파트
순환01,순환01,마재우체국,마재우체국,마재우체국
순환01,순환01,풍암모아아파트,풍암모아아파트,풍암모아아파트
순환01,순환01,풍암한신아파트,풍암한신아파트,풍암한신아파트
순환01,순환01,풍암한국아파트,풍암한국아파트,풍암한국아파트
순환01,순환01,풍암우미아파트,풍암우미아파트,풍암우미아파트
순환01,순환01,원광대한방병원,원광대한방병원,원광대한방병원
순환01,순환01,서남하이츠(국제양궁장),서남하이츠(국제양궁장),서남하이츠(국제양궁장)
순환01,순환01,무등시장입구(남),무등시장입구(남),무등시장입구(남)
순환01,순환01,백운우체국,백운우체국,백운우체국
순환01,순환01,남광주농협,남광주농협,남광주농협
순환01,순환01,양림휴먼시아1차,양림휴먼시아1차,양림휴먼시아1차
순환01,순환01,양림휴먼시아2차,양림휴먼시아2차,양림휴먼시아2차
순환01,순환01,남광주역,남광주역,남광주역
순환01,순환01,조선대,조선대,조선대
순환01,순환01,살레시오여고,살레시오여고,살레시오여고
순환01,순환01,법원입구,법원입구,법원입구
순환01,순환01,산수오거리,산수오거리,산수오거리
순환01,순환01,풍향시장,풍향시장,풍향시장
순환01,순환01,교육대,교육대,교육대
순환01,순환01,서방사거리,서방사거리,서방사거리
순환01,순환01,전대동창회관,전대동창회관,전대동창회관
순환01,순환01,광주역육교,광주역육교,광주역육교
순환01,순환01,전남대사거리(동),전남대사거리(동),전남대사거리(동)
순환01,순환01,신안교,신안교,신안교
순환01,순환01,경신여고,경신여고,경신여고
순환01,순환01,광천치안센터,광천치안센터,광천치안센터
순환01,순환01,광주종합버스터미널,광주종합버스터미널,광주종합버스터미널
순환01,순환01,버들마을,버들마을,버들마을
순환01,순환01,시청,시청,시청
순환01,순환01,한국국토정보공사,한국국토정보공사,한국국토정보공사
순환01,순환01,김대중컨벤션센터(마륵)역,김대중컨벤션센터(마륵)역,김대중컨벤션센터(마륵)역
순환01,순환01,상무대우아파트,상무대우아파트,상무대우아파트
순환01,순환01,상무중,상무중,상무중
순환01,순환01,상무쌍용금호아파트,상무쌍용금호아파트,상무쌍용금호아파트
좌석02 ,좌석02,무등산국립공원(증심사),무등산국립공원(증심사),무등산국립공원(증심사)
좌석02 ,좌석02,성촌마을/전통문화관,성촌마을/전통문화관,성촌마을/전통문화관
좌석02 ,좌석02,운림중,운림중,운림중
좌석02 ,좌석02,연진회미술원,연진회미술원,연진회미술원
좌석02 ,좌석02,홍림교,홍림교,홍림교
좌석02 ,좌석02,학동무등파크,학동무등파크,학동무등파크
좌석02 ,좌석02,학동증심사입구역,학동증심사입구역,학동증심사입구역
좌석02 ,좌석02,조선대병원,조선대병원,조선대병원
좌석02 ,좌석02,조선대공과대학,조선대공과대학,조선대공과대학
좌석02 ,좌석02,서남동행정복지센터,서남동행정복지센터,서남동행정복지센터
좌석02 ,좌석02,"국립아시아문화전당(구,도청)","국립아시아문화전당(구,도청)","국립아시아문화전당(구,도청)"
좌석02 ,좌석02,예술의거리입구,예술의거리입구,예술의거리입구
좌석02 ,좌석02,대인시장(서),대인시장(서),대인시장(서)
좌석02 ,좌석02,동부소방서,동부소방서,동부소방서
좌석02 ,좌석02,광주역,광주역,광주역
좌석02 ,좌석02,전남대사거리(서),전남대사거리(서),전남대사거리(서)
좌석02 ,좌석02,경신여고,경신여고,경신여고
좌석02 ,좌석02,광천치안센터,광천치안센터,광천치안센터
좌석02 ,좌석02,광주종합버스터미널,광주종합버스터미널,광주종합버스터미널
좌석02 ,좌석02,버들마을,버들마을,버들마을
좌석02 ,좌석02,시청,시청,시청
좌석02 ,좌석02,한국은행,한국은행,한국은행
좌석02 ,좌석02,한국국토정보공사,한국국토정보공사,한국국토정보공사
좌석02 ,좌석02,한국수자원공사,한국수자원공사,한국수자원공사
좌석02 ,좌석02,농협운천지점,농협운천지점,농협운천지점
좌석02 ,좌석02,5.18자유공원,5.18자유공원,518자유공원
좌석02 ,좌석02,김대중컨벤션센터(마륵)역,김대중컨벤션센터(마륵)역,김대중컨벤션센터(마륵)역
좌석02 ,좌석02,서창입구,서창입구,서창입구
좌석02 ,좌석02,공항역,공항역,공항역
좌석02 ,좌석02,송정공원역,송정공원역,송정공원역
좌석02 ,좌석02,영광통,영광통,영광통
좌석02 ,좌석02,광주송정역,광주송정역,광주송정역
좌석02 ,좌석02,신동사거리,신동사거리,신동사거리
좌석02 ,좌석02,도산역,도산역,도산역
좌석02 ,좌석02,상선,상선,상선
좌석02 ,좌석02,동곡,동곡,동곡
좌석02 ,좌석02,전력거래소,전력거래소,전력거래소
좌석02 ,좌석02,문화예술위원회,문화예술위원회,문화예술위원회
좌석02 ,좌석02,호수공원,호수공원,호수공원
좌석02 ,좌석02,우정사업정보센터,우정사업정보센터,우정사업정보센터
좌석02 ,좌석02,한빛1교,한빛1교,한빛1교
좌석02 ,좌석02,전력로,전력로,전력로
좌석02 ,좌석02,혁신로,혁신로,혁신로
좌석02 ,좌석02,국립전파연구원,국립전파연구원,국립전파연구원
좌석02 ,좌석02,빛가람행정복지센터,빛가람행정복지센터,빛가람행정복지센터
좌석02 ,좌석02,한전KDN,한전KDN,한전KDN
좌석02 ,좌석02,한국농촌경제연구원,한국농촌경제연구원,한국농촌경제연구원
좌석02 ,좌석02,김대중컨벤션센터(마륵)역(북),김대중컨벤션센터(마륵)역(북),김대중컨벤션센터(마륵)역(북)
좌석02 ,좌석02,학2마을아파트,학2마을아파트,학2마을아파트
좌석02 ,좌석02,학동평화맨션,학동평화맨션,학동평화맨션
수완03,수완03,송원대,송원대,송원대
수완03,수완03,송암공단입구,송암공단입구,송암공단입구
수완03,수완03,입하마을,입하마을,입하마을
수완03,수완03,광주김치타운입구,광주김치타운입구,광주김치타운입구
수완03,수완03,광곡입구,광곡입구,광곡입구
수완03,수완03,임암,임암,임암
수완03,수완03,효천초교,효천초교,효천초교
수완03,수완03,대동마을,대동마을,대동마을
수완03,수완03,신기교,신기교,신기교
수완03,수완03,빛고을CC,빛고을CC,빛고을CC
수완03,수완03,구암,구암,구암
수완03,수완03,광주대,광주대,광주대
수완03,수완03,금호타운아파트,금호타운아파트,금호타운아파트
수완03,수완03,동성고,동성고,동성고
수완03,수완03,대성여고,대성여고,대성여고
수완03,수완03,대광여고,대광여고,대광여고
수완03,수완03,남광주농협,남광주농협,남광주농협
수완03,수완03,남광주역,남광주역,남광주역
수완03,수완03,조선대,조선대,조선대
수완03,수완03,살레시오여고,살레시오여고,살레시오여고
수완03,수완03,산수오거리,산수오거리,산수오거리
수완03,수완03,교육대,교육대,교육대
수완03,수완03,전남대사거리(동),전남대사거리(동),전남대사거리(동)
수완03,수완03,경신여고,경신여고,경신여고
수완03,수완03,광천치안센터,광천치안센터,광천치안센터
수완03,수완03,광주종합버스터미널,광주종합버스터미널,광주종합버스터미널
수완03,수완03,운남삼성아파트,운남삼성아파트,운남삼성아파트
수완03,수완03,목련마을6단지,목련마을6단지,목련마을6단지
수완03,수완03,수완중흥S클래스1차,수완중흥S클래스1차,수완중흥S클래스1차
수완03,수완03,광주농수산물유통센터(북),광주농수산물유통센터(북),광주농수산물유통센터(북)
수완03,수완03,수완모아엘가,수완모아엘가,수완모아엘가
수완03,수완03,수완현진에버빌1차,수완현진에버빌1차,수완현진에버빌1차
수완03,수완03,수완우미린2차,수완우미린2차,수완우미린2차
수완03,수완03,응암공원,응암공원,응암공원
수완03,수완03,첨단사거리,첨단사거리,첨단사거리
수완03,수완03,우편집중국,우편집중국,우편집중국
수완03,수완03,폭스존,폭스존,폭스존
수완03,수완03,대창운수,대창운수,대창운수
매월06,매월06,매월동(북),매월동(북),매월동(북)
매월06,매월06,대동고,대동고,대동고
매월06,매월06,화훼단지,화훼단지,화훼단지
매월06,매월06,풍암사거리(동),풍암사거리(동),풍암사거리(동)
매월06,매월06,마재대주아파트,마재대주아파트,마재대주아파트
매월06,매월06,서구문화센터,서구문화센터,서구문화센터
매월06,매월06,금호모아아파트,금호모아아파트,금호모아아파트
매월06,매월06,월드컵경기장,월드컵경기장,월드컵경기장
매월06,매월06,월산마을,월산마을,월산마을
매월06,매월06,월산5동,월산5동,월산5동
매월06,매월06,신우아파트,신우아파트,신우아파트
매월06,매월06,주월주택단지,주월주택단지,주월주택단지
매월06,매월06,백운초교(남),백운초교(남),백운초교(남)
매월06,매월06,까치고개,까치고개,까치고개
매월06,매월06,대성사거리,대성사거리,대성사거리
매월06,매월06,대성초교,대성초교,대성초교
매월06,매월06,향교,향교,향교
매월06,매월06,충장치안센터,충장치안센터,충장치안센터
매월06,매월06,예술의거리입구,예술의거리입구,예술의거리입구
매월06,매월06,대인시장(동),대인시장(동),대인시장(동)
매월06,매월06,광주고/419역사관,광주고/419역사관,광주고/419역사관
매월06,매월06,서방사거리육교,서방사거리육교,서방사거리육교
매월06,매월06,서방시장(남),서방시장(남),서방시장(남)
매월06,매월06,동강대,동강대,동강대
매월06,매월06,말바우시장(동),말바우시장(동),말바우시장(동)
매월06,매월06,무등도서관,무등도서관,무등도서관
매월06,매월06,광주병원,광주병원,광주병원
매월06,매월06,농산물공판장,농산물공판장,농산물공판장
매월06,매월06,문흥지구입구(남),문흥지구입구(남),문흥지구입구(남)
매월06,매월06,문흥지구입구(동),문흥지구입구(동),문흥지구입구(동)
매월06,매월06,장등동,장등동,장등동
매월06,매월06,광주세무서,광주세무서,광주세무서
진월07,진월07,송암공단,송암공단,송암공단
진월07,진월07,송원대,송원대,송원대
진월07,진월07,송암공단입구,송암공단입구,송암공단입구
진월07,진월07,송하삼익아파트,송하삼익아파트,송하삼익아파트
진월07,진월07,광주대입구,광주대입구,광주대입구
진월07,진월07,동성고,동성고,동성고
진월07,진월07,대성여고,대성여고,대성여고
진월07,진월07,진월대주아파트,진월대주아파트,진월대주아파트
진월07,진월07,대광여고,대광여고,대광여고
진월07,진월07,백운광장,백운광장,백운광장
진월07,진월07,백운우체국,백운우체국,백운우체국
진월07,진월07,까치고개,까치고개,까치고개
진월07,진월07,대성사거리,대성사거리,대성사거리
진월07,진월07,대성초교,대성초교,대성초교
진월07,진월07,향교,향교,향교
진월07,진월07,충장치안센터,충장치안센터,충장치안센터
진월07,진월07,예술의거리입구,예술의거리입구,예술의거리입구
진월07,진월07,대인시장(서),대인시장(서),대인시장(서)
진월07,진월07,동부소방서,동부소방서,동부소방서
진월07,진월07,수창초교후문,수창초교후문,수창초교후문
진월07,진월07,유동사거리,유동사거리,유동사거리
진월07,진월07,NC백화점,NC백화점,NC백화점
진월07,진월07,광주역,광주역,광주역
진월07,진월07,전남대사거리(동),전남대사거리(동),전남대사거리(동)
진월07,진월07,효동초교입구,효동초교입구,효동초교입구
진월07,진월07,전남대스포츠센터,전남대스포츠센터,전남대스포츠센터
진월07,진월07,도로교통공단 대신파크,도로교통공단 대신파크,도로교통공단대신파크
진월07,진월07,오치한전,오치한전,오치한전
진월07,진월07,북부경찰서,북부경찰서,북부경찰서
진월07,진월07,광주공고입구,광주공고입구,광주공고입구
진월07,진월07,고려고,고려고,고려고
진월07,진월07,국제고,국제고,국제고
진월07,진월07,일곡사거리,일곡사거리,일곡사거리
진월07,진월07,서일초교,서일초교,서일초교
진월07,진월07,살레시오고,살레시오고,살레시오고
진월07,진월07,광주일고/광주고용센터,광주일고/광주고용센터,광주일고/광주고용센터
진월07,진월07,금남로5가역,금남로5가역,금남로5가역
진월07,진월07,금남로4가역,금남로4가역,금남로4가역
진월07,진월07,광주세무서,광주세무서,광주세무서
첨단09,첨단09,첨단,첨단,첨단
첨단09,첨단09,고내입구,고내입구,고내입구
첨단09,첨단09,한국광기술원,한국광기술원,한국광기술원
첨단09,첨단09,산업인력공단,산업인력공단,산업인력공단
첨단09,첨단09,국립광주과학관,국립광주과학관,국립광주과학관
첨단09,첨단09,한국생산기술연구원,한국생산기술연구원,한국생산기술연구원
첨단09,첨단09,쌍암공원,쌍암공원,쌍암공원
첨단09,첨단09,월계중,월계중,월계중
첨단09,첨단09,응암공원,응암공원,응암공원
첨단09,첨단09,첨단라인아파트,첨단라인아파트,첨단라인아파트
첨단09,첨단09,첨단2동행정복지센터,첨단2동행정복지센터,첨단2동행정복지센터
첨단09,첨단09,무양서원입구,무양서원입구,무양서원입구
첨단09,첨단09,남부대,남부대,남부대
첨단09,첨단09,신창초교,신창초교,신창초교
첨단09,첨단09,신창중,신창중,신창중
첨단09,첨단09,신창동우체국,신창동우체국,신창동우체국
첨단09,첨단09,신가중,신가중,신가중
첨단09,첨단09,신가우미아파트,신가우미아파트,신가우미아파트
첨단09,첨단09,신가주공아파트,신가주공아파트,신가주공아파트
첨단09,첨단09,신가사거리,신가사거리,신가사거리
첨단09,첨단09,풍영정입구,풍영정입구,풍영정입구
첨단09,첨단09,동천마을3단지,동천마을3단지,동천마을3단지
첨단09,첨단09,유덕초교,유덕초교,유덕초교
첨단09,첨단09,광명하이츠후문,광명하이츠후문,광명하이츠후문
첨단09,첨단09,광주종합버스터미널,광주종합버스터미널,광주종합버스터미널
첨단09,첨단09,현대자동차,현대자동차,현대자동차
첨단09,첨단09,북성중,북성중,북성중
첨단09,첨단09,광주일고/광주고용센터,광주일고/광주고용센터,광주일고/광주고용센터
첨단09,첨단09,금남로5가역,금남로5가역,금남로5가역
첨단09,첨단09,금남로4가역,금남로4가역,금남로4가역
첨단09,첨단09,"국립아시아문화전당(구,도청)","국립아시아문화전당(구,도청)","국립아시아문화전당(구,도청)"
첨단09,첨단09,문화전당역,문화전당역,문화전당역
첨단09,첨단09,전남대병원/남광주시장,전남대병원/남광주시장,전남대병원/남광주시장
첨단09,첨단09,조선대병원,조선대병원,조선대병원
첨단09,첨단09,학동증심사입구역,학동증심사입구역,학동증심사입구역
첨단09,첨단09,학2마을아파트,학2마을아파트,학2마을아파트
첨단09,첨단09,학동평화맨션,학동평화맨션,학동평화맨션
첨단09,첨단09,홍림교,홍림교,홍림교
첨단09,첨단09,연진회미술원,연진회미술원,연진회미술원
첨단09,첨단09,운림중,운림중,운림중
첨단09,첨단09,무등산국립공원(증심사),무등산국립공원(증심사),무등산국립공원(증심사)
첨단09,첨단09,학동무등파크,학동무등파크,학동무등파크
일곡10,일곡10,살레시오고,살레시오고,살레시오고
일곡10,일곡10,살레시오고입구,살레시오고입구,살레시오고입구
일곡10,일곡10,일곡삼호아파트,일곡삼호아파트,일곡삼호아파트
일곡10,일곡10,서일초교,서일초교,서일초교
일곡10,일곡10,일곡초교,일곡초교,일곡초교
일곡10,일곡10,일곡사거리,일곡사거리,일곡사거리
일곡10,일곡10,향토음식박물관,향토음식박물관,향토음식박물관
일곡10,일곡10,양지마을,양지마을,양지마을
일곡10,일곡10,양지초교,양지초교,양지초교
일곡10,일곡10,양산택지사거리,양산택지사거리,양산택지사거리
일곡10,일곡10,광주은행양산동지점,광주은행양산동지점,광주은행양산동지점
일곡10,일곡10,양산타운,양산타운,양산타운
일곡10,일곡10,용두주공,용두주공,용두주공
일곡10,일곡10,복룡입구,복룡입구,복룡입구
일곡10,일곡10,빛고을고입구,빛고을고입구,빛고을고입구
일곡10,일곡10,신용초교,신용초교,신용초교
일곡10,일곡10,첨단휴먼시아,첨단휴먼시아,첨단휴먼시아
일곡10,일곡10,보훈병원후문,보훈병원후문,보훈병원후문
일곡10,일곡10,봉산중,봉산중,봉산중
일곡10,일곡10,무양서원입구,무양서원입구,무양서원입구
일곡10,일곡10,첨단2동행정복지센터,첨단2동행정복지센터,첨단2동행정복지센터
일곡10,일곡10,첨단사거리,첨단사거리,첨단사거리
일곡10,일곡10,첨단라인아파트,첨단라인아파트,첨단라인아파트
일곡10,일곡10,응암공원,응암공원,응암공원
일곡10,일곡10,도천저수지,도천저수지,도천저수지
일곡10,일곡10,골옷교,골옷교,골옷교
일곡10,일곡10,수완양우내안애,수완양우내안애,수완양우내안애
일곡10,일곡10,고실마을,고실마을,고실마을
일곡10,일곡10,수완영무예다음,수완영무예다음,수완영무예다음
일곡10,일곡10,수완현진에버빌1차,수완현진에버빌1차,수완현진에버빌1차
일곡10,일곡10,성덕교,성덕교,성덕교
일곡10,일곡10,은빛마을,은빛마을,은빛마을
일곡10,일곡10,신창부영2차아파트,신창부영2차아파트,신창부영2차아파트
일곡10,일곡10,신창동우체국,신창동우체국,신창동우체국
일곡10,일곡10,신가중,신가중,신가중
일곡10,일곡10,신가우미아파트,신가우미아파트,신가우미아파트
일곡10,일곡10,신가주공아파트,신가주공아파트,신가주공아파트
일곡10,일곡10,신가사거리,신가사거리,신가사거리
일곡10,일곡10,극락강역입구,극락강역입구,극락강역입구
일곡10,일곡10,신가동,신가동,신가동
일곡10,일곡10,목련마을,목련마을,목련마을
일곡10,일곡10,목련마을6단지,목련마을6단지,목련마을6단지
일곡10,일곡10,운남삼성아파트,운남삼성아파트,운남삼성아파트
일곡10,일곡10,광산구노인복지회관,광산구노인복지회관,광산구노인복지회관
일곡10,일곡10,영천초교,영천초교,영천초교
일곡10,일곡10,월곡2동행정복지센터,월곡2동행정복지센터,월곡2동행정복지센터
일곡10,일곡10,산정초교,산정초교,산정초교
일곡10,일곡10,다사로움1차아파트,다사로움1차아파트,다사로움1차아파트
일곡10,일곡10,하남2지구,하남2지구,하남2지구
일곡10,일곡10,지실마을,지실마을,지실마을
일곡10,일곡10,장수동,장수동,장수동
일곡10,일곡10,구강리,구강리,구강리
일곡10,일곡10,광주그린카진흥원입구,광주그린카진흥원입구,광주그린카진흥원입구
일곡10,일곡10,현대위아,현대위아,현대위아
일곡10,일곡10,RTM,RTM,RTM
일곡10,일곡10,수호,수호,수호
일곡10,일곡10,LG전자광주물류센터,LG전자광주물류센터,LG전자광주물류센터
일곡10,일곡10,케이엔,케이엔,케이엔
일곡10,일곡10,진곡산단,진곡산단,진곡산단
일곡10,일곡10,첨단2사랑으로부영아파트,첨단2사랑으로부영아파트,첨단2사랑으로부영아파트
수완12,수완12,무등산국립공원(증심사),무등산국립공원(증심사),무등산국립공원(증심사)
수완12,수완12,성촌마을/전통문화관,성촌마을/전통문화관,성촌마을/전통문화관
수완12,수완12,학운초교,학운초교,학운초교
수완12,수완12,동산마을입구,동산마을입구,동산마을입구
수완12,수완12,운림중,운림중,운림중
수완12,수완12,연진회미술원,연진회미술원,연진회미술원
수완12,수완12,홍림교,홍림교,홍림교
수완12,수완12,학동무등파크,학동무등파크,학동무등파크
수완12,수완12,학동증심사입구역,학동증심사입구역,학동증심사입구역
수완12,수완12,조선대병원,조선대병원,조선대병원
수완12,수완12,전남대병원/남광주시장,전남대병원/남광주시장,전남대병원/남광주시장
수완12,수완12,전남대병원오거리,전남대병원오거리,전남대병원오거리
수완12,수완12,문화전당역,문화전당역,문화전당역
수완12,수완12,"국립아시아문화전당(구,도청)","국립아시아문화전당(구,도청)","국립아시아문화전당(구,도청)"
수완12,수완12,광주세무서,광주세무서,광주세무서
수완12,수완12,향교,향교,향교
수완12,수완12,대성초교,대성초교,대성초교
수완12,수완12,대성사거리,대성사거리,대성사거리
수완12,수완12,까치고개,까치고개,까치고개
수완12,수완12,백운초교(북),백운초교(북),백운초교(북)
수완12,수완12,백운초교(남),백운초교(남),백운초교(남)
수완12,수완12,주월주택단지,주월주택단지,주월주택단지
수완12,수완12,신우아파트,신우아파트,신우아파트
수완12,수완12,월산5동,월산5동,월산5동
수완12,수완12,월산4동,월산4동,월산4동
수완12,수완12,건강협회,건강협회,건강협회
수완12,수완12,상공회의소,상공회의소,상공회의소
수완12,수완12,화정중흥파크,화정중흥파크,화정중흥파크
수완12,수완12,신세계백화점(북),신세계백화점(북),신세계백화점(북)
수완12,수완12,광천치안센터,광천치안센터,광천치안센터
수완12,수완12,운암3단지,운암3단지,운암3단지
수완12,수완12,운암중,운암중,운암중
수완12,수완12,운암우미아파트,운암우미아파트,운암우미아파트
수완12,수완12,시립장애인복지관,시립장애인복지관,시립장애인복지관
수완12,수완12,동림푸른마을,동림푸른마을,동림푸른마을
수완12,수완12,산동교,산동교,산동교
수완12,수완12,반촌,반촌,반촌
수완12,수완12,보건대입구,보건대입구,보건대입구
수완12,수완12,전남공고입구,전남공고입구,전남공고입구
수완12,수완12,신창용수마을,신창용수마을,신창용수마을
수완12,수완12,신창초교,신창초교,신창초교
수완12,수완12,신창중,신창중,신창중
수완12,수완12,신창부영2차아파트,신창부영2차아파트,신창부영2차아파트
수완12,수완12,은빛마을,은빛마을,은빛마을
수완12,수완12,수완모아엘가,수완모아엘가,수완모아엘가
수완12,수완12,광주농수산물유통센터(북),광주농수산물유통센터(북),광주농수산물유통센터(북)
수완12,수완12,광주농수산물유통센터(서),광주농수산물유통센터(서),광주농수산물유통센터(서)
수완12,수완12,수완중흥S-클래스 2차,수완중흥S-클래스 2차,수완중흥S-클래스2차
수완12,수완12,흑석사거리(동),흑석사거리(동),흑석사거리(동)
수완12,수완12,흑석사거리(서),흑석사거리(서),흑석사거리(서)
수완12,수완12,경암근린공원,경암근린공원,경암근린공원
수완12,수완12,하남초교,하남초교,하남초교
수완12,수완12,하남2지구,하남2지구,하남2지구
수완12,수완12,하남1교,하남1교,하남1교
수완12,수완12,하남3지구모아엘가,하남3지구모아엘가,하남3지구모아엘가
수완12,수완12,돈보스코학교,돈보스코학교,돈보스코학교
수완12,수완12,성덕교,성덕교,성덕교
수완12,수완12,운암벽산블루밍,운암벽산블루밍,운암벽산블루밍
수완12,수완12,문화예술회관,문화예술회관,문화예술회관
수완12,수완12,신세계백화점,신세계백화점,신세계백화점
수완12,수완12,중앙대교(서),중앙대교(서),중앙대교(서)
수완12,수완12,충장치안센터,충장치안센터,충장치안센터
수완12,수완12,남광주사거리,남광주사거리,남광주사거리
수완12,수완12,학2마을아파트,학2마을아파트,학2마을아파트
수완12,수완12,학동평화맨션,학동평화맨션,학동평화맨션
선운14,선운14,송산유원지(종점),송산유원지(종점),송산유원지(종점)
선운14,선운14,송산유원지,송산유원지,송산유원지
선운14,선운14,동명고,동명고,동명고
선운14,선운14,서봉마을,서봉마을,서봉마을
선운14,선운14,샛터마을,샛터마을,샛터마을
선운14,선운14,호남대,호남대,호남대
선운14,선운14,선암,선암,선암
선운14,선운14,선운중학교,선운중학교,선운중학교
선운14,선운14,선운휴먼시아,선운휴먼시아,선운휴먼시아
선운14,선운14,선운리버프라임아파트,선운리버프라임아파트,선운리버프라임아파트
선운14,선운14,운수마을,운수마을,운수마을
선운14,선운14,광주무역회관,광주무역회관,광주무역회관
선운14,선운14,한국은행,한국은행,한국은행
선운14,선운14,한국국토정보공사,한국국토정보공사,한국국토정보공사
선운14,선운14,대우디오빌,대우디오빌,대우디오빌
선운14,선운14,상무병원,상무병원,상무병원
선운14,선운14,5.18기념공원,5.18기념공원,518기념공원
선운14,선운14,5.18기념문화센터,5.18기념문화센터,518기념문화센터
선운14,선운14,모아제일아파트,모아제일아파트,모아제일아파트
선운14,선운14,쌍촌현대아파트,쌍촌현대아파트,쌍촌현대아파트
선운14,선운14,솔뫼타운,솔뫼타운,솔뫼타운
선운14,선운14,해태아파트,해태아파트,해태아파트
선운14,선운14,기아자동차,기아자동차,기아자동차
선운14,선운14,광주종합버스터미널,광주종합버스터미널,광주종합버스터미널
선운14,선운14,신세계백화점,신세계백화점,신세계백화점
선운14,선운14,화정무등파크,화정무등파크,화정무등파크
선운14,선운14,한국수자원공사,한국수자원공사,한국수자원공사
지원15,지원15,월남동,월남동,월남동
지원15,지원15,주남,주남,주남
지원15,지원15,녹동,녹동,녹동
지원15,지원15,지원화훼단지,지원화훼단지,지원화훼단지
지원15,지원15,지원2동행정복지센터입구,지원2동행정복지센터입구,지원2동행정복지센터입구
지원15,지원15,소태역,소태역,소태역
지원15,지원15,광주남초교,광주남초교,광주남초교
지원15,지원15,동구문화센터,동구문화센터,동구문화센터
지원15,지원15,삼익세라믹,삼익세라믹,삼익세라믹
지원15,지원15,학동증심사입구역,학동증심사입구역,학동증심사입구역
지원15,지원15,조선대병원,조선대병원,조선대병원
지원15,지원15,조선대공과대학,조선대공과대학,조선대공과대학
지원15,지원15,조선대,조선대,조선대
지원15,지원15,살레시오여고,살레시오여고,살레시오여고
지원15,지원15,법원입구,법원입구,법원입구
지원15,지원15,산수오거리,산수오거리,산수오거리
지원15,지원15,두암지구입구,두암지구입구,두암지구입구
지원15,지원15,풍향삼거리,풍향삼거리,풍향삼거리
지원15,지원15,교육대,교육대,교육대
지원15,지원15,서방시장(남),서방시장(남),서방시장(남)
지원15,지원15,동강대,동강대,동강대
지원15,지원15,말바우시장(동),말바우시장(동),말바우시장(동)
지원15,지원15,무등도서관,무등도서관,무등도서관
지원15,지원15,문화중,문화중,문화중
지원15,지원15,현대아파트,현대아파트,현대아파트
지원15,지원15,주공아파트,주공아파트,주공아파트
지원15,지원15,성산맨션,성산맨션,성산맨션
지원15,지원15,도로교통공단 대신파크,도로교통공단 대신파크,도로교통공단대신파크
지원15,지원15,오치한전,오치한전,오치한전
지원15,지원15,서산초교,서산초교,서산초교
지원15,지원15,오치1동행정복지센터,오치1동행정복지센터,오치1동행정복지센터
지원15,지원15,31사단,31사단,31사단
지원15,지원15,원삼각마을 삼일아파트,원삼각마을 삼일아파트,원삼각마을삼일아파트
지원15,지원15,일곡사거리,일곡사거리,일곡사거리
지원15,지원15,일곡초교,일곡초교,일곡초교
지원15,지원15,서일초교,서일초교,서일초교
지원15,지원15,일곡삼호아파트,일곡삼호아파트,일곡삼호아파트
지원15,지원15,명상의집,명상의집,명상의집
지원15,지원15,우치공원,우치공원,우치공원
지원15,지원15,생룡,생룡,생룡
지원15,지원15,지산마을,지산마을,지산마을
지원15,지원15,용전사거리(북),용전사거리(북),용전사거리(북)
지원15,지원15,대진운수,대진운수,대진운수
지원15,지원15,용전입구,용전입구,용전입구
지원15,지원15,전통공예문화학교,전통공예문화학교,전통공예문화학교
지원15,지원15,효령노인복지타운,효령노인복지타운,효령노인복지타운
지원15,지원15,북초교,북초교,북초교
지원15,지원15,수곡,수곡,수곡
지원15,지원15,두촌,두촌,두촌
지원15,지원15,단지삼거리,단지삼거리,단지삼거리
지원15,지원15,태령,태령,태령
지원15,지원15,양일로입구,양일로입구,양일로입구
지원15,지원15,말바우시장(남),말바우시장(남),말바우시장(남)
지원15,지원15,서방시장(북),서방시장(북),서방시장(북)
지원15,지원15,남광주사거리,남광주사거리,남광주사거리
매월16,매월16,대창운수,대창운수,대창운수
매월16,매월16,국립광주과학관,국립광주과학관,국립광주과학관
매월16,매월16,한국생산기술연구원,한국생산기술연구원,한국생산기술연구원
매월16,매월16,한국전자통신연구원,한국전자통신연구원,한국전자통신연구원
매월16,매월16,과기원,과기원,과기원
매월16,매월16,쌍암공원,쌍암공원,쌍암공원
매월16,매월16,첨단1동행정복지센터,첨단1동행정복지센터,첨단1동행정복지센터
매월16,매월16,첨단2동행정복지센터,첨단2동행정복지센터,첨단2동행정복지센터
매월16,매월16,첨단부영아파트,첨단부영아파트,첨단부영아파트
매월16,매월16,첨단호반3차아파트,첨단호반3차아파트,첨단호반3차아파트
매월16,매월16,첨단생활체육공원,첨단생활체육공원,첨단생활체육공원
매월16,매월16,보훈병원,보훈병원,보훈병원
매월16,매월16,전자공고,전자공고,전자공고
매월16,매월16,신창용수마을,신창용수마을,신창용수마을
매월16,매월16,전남공고입구,전남공고입구,전남공고입구
매월16,매월16,보건대입구,보건대입구,보건대입구
매월16,매월16,반촌,반촌,반촌
매월16,매월16,산동교,산동교,산동교
매월16,매월16,동림푸른마을,동림푸른마을,동림푸른마을
매월16,매월16,시립장애인복지관,시립장애인복지관,시립장애인복지관
매월16,매월16,운암우미아파트,운암우미아파트,운암우미아파트
매월16,매월16,운암중,운암중,운암중
매월16,매월16,운암3단지,운암3단지,운암3단지
매월16,매월16,운암벽산블루밍,운암벽산블루밍,운암벽산블루밍
매월16,매월16,문화예술회관,문화예술회관,문화예술회관
매월16,매월16,운암시장,운암시장,운암시장
매월16,매월16,경신여고,경신여고,경신여고
매월16,매월16,광주기아챔피언스필드,광주기아챔피언스필드,광주기아챔피언스필드
매월16,매월16,광주기아챔피언스필드정문,광주기아챔피언스필드정문,광주기아챔피언스필드정문
매월16,매월16,임동한국아델리움2차,임동한국아델리움2차,임동한국아델리움2차
매월16,매월16,현대자동차,현대자동차,현대자동차
매월16,매월16,광주종합버스터미널,광주종합버스터미널,광주종합버스터미널
매월16,매월16,기아차중문,기아차중문,기아차중문
매월16,매월16,광명하이츠후문,광명하이츠후문,광명하이츠후문
매월16,매월16,버들마을,버들마을,버들마을
매월16,매월16,계수,계수,계수
매월16,매월16,시청,시청,시청
매월16,매월16,한국은행,한국은행,한국은행
매월16,매월16,한국국토정보공사,한국국토정보공사,한국국토정보공사
매월16,매월16,한국수자원공사,한국수자원공사,한국수자원공사
매월16,매월16,농협운천지점,농협운천지점,농협운천지점
매월16,매월16,상무지구입구,상무지구입구,상무지구입구
매월16,매월16,운천역,운천역,운천역
매월16,매월16,서광주세무서,서광주세무서,서광주세무서
매월16,매월16,쌍촌역,쌍촌역,쌍촌역
매월16,매월16,가톨릭대평생교육원,가톨릭대평생교육원,가톨릭대평생교육원
매월16,매월16,서광주우체국,서광주우체국,서광주우체국
매월16,매월16,염주사거리(서),염주사거리(서),염주사거리(서)
매월16,매월16,염주주공,염주주공,염주주공
매월16,매월16,염주체육관,염주체육관,염주체육관
매월16,매월16,월드컵경기장,월드컵경기장,월드컵경기장
매월16,매월16,금호모아아파트,금호모아아파트,금호모아아파트
매월16,매월16,금호도개공아파트,금호도개공아파트,금호도개공아파트
매월16,매월16,서창농협,서창농협,서창농협
매월16,매월16,마재종원아파트,마재종원아파트,마재종원아파트
매월16,매월16,광주중,광주중,광주중
매월16,매월16,동산교차로(북),동산교차로(북),동산교차로(북)
매월16,매월16,동산교차로,동산교차로,동산교차로
매월16,매월16,동산교차로(남),동산교차로(남),동산교차로(남)
매월16,매월16,공구단지,공구단지,공구단지
매월16,매월16,화훼단지,화훼단지,화훼단지
매월16,매월16,대동고,대동고,대동고
매월16,매월16,매월동(북),매월동(북),매월동(북)
매월16,매월16,풍암사거리(서),풍암사거리(서),풍암사거리(서)
매월16,매월16,만호초교,만호초교,만호초교
매월16,매월16,한국농어촌공사,한국농어촌공사,한국농어촌공사
매월16,매월16,상무쌍용금호아파트,상무쌍용금호아파트,상무쌍용금호아파트
매월16,매월16,운천초교,운천초교,운천초교
매월16,매월16,상무대우아파트,상무대우아파트,상무대우아파트
진월17,진월17,장등동,장등동,장등동
진월17,진월17,도선사,도선사,도선사
진월17,진월17,문흥지구입구(서),문흥지구입구(서),문흥지구입구(서)
진월17,진월17,문흥라인동산아파트,문흥라인동산아파트,문흥라인동산아파트
진월17,진월17,문흥라인아파트,문흥라인아파트,문흥라인아파트
진월17,진월17,문흥명지아파트,문흥명지아파트,문흥명지아파트
진월17,진월17,문흥고가,문흥고가,문흥고가
진월17,진월17,광주병원,광주병원,광주병원
진월17,진월17,광신아파트,광신아파트,광신아파트
진월17,진월17,문화아파트,문화아파트,문화아파트
진월17,진월17,문화초교,문화초교,문화초교
진월17,진월17,두암라인동산아파트,두암라인동산아파트,두암라인동산아파트
진월17,진월17,대주빌라,대주빌라,대주빌라
진월17,진월17,삼정초교,삼정초교,삼정초교
진월17,진월17,두암주공아파트,두암주공아파트,두암주공아파트
진월17,진월17,율곡초교,율곡초교,율곡초교
진월17,진월17,호남맨션,호남맨션,호남맨션
진월17,진월17,산수2동행정복지센터,산수2동행정복지센터,산수2동행정복지센터
진월17,진월17,동산아파트,동산아파트,동산아파트
진월17,진월17,동산초교,동산초교,동산초교
진월17,진월17,법원,법원,법원
진월17,진월17,살레시오여고,살레시오여고,살레시오여고
진월17,진월17,조선대,조선대,조선대
진월17,진월17,조선대공과대학,조선대공과대학,조선대공과대학
진월17,진월17,남광주역,남광주역,남광주역
진월17,진월17,양림휴먼시아2차,양림휴먼시아2차,양림휴먼시아2차
진월17,진월17,양림휴먼시아1차,양림휴먼시아1차,양림휴먼시아1차
진월17,진월17,남광주농협,남광주농협,남광주농협
진월17,진월17,백운광장,백운광장,백운광장
진월17,진월17,호남삼육고입구,호남삼육고입구,호남삼육고입구
진월17,진월17,대광여고,대광여고,대광여고
진월17,진월17,진월대주아파트,진월대주아파트,진월대주아파트
진월17,진월17,대성여고,대성여고,대성여고
진월17,진월17,동성고,동성고,동성고
진월17,진월17,송하삼익아파트,송하삼익아파트,송하삼익아파트
진월17,진월17,남선산업,남선산업,남선산업
진월17,진월17,송암공단입구,송암공단입구,송암공단입구
진월17,진월17,송원대,송원대,송원대
진월17,진월17,동명회/송원고,동명회/송원고,동명회/송원고
진월17,진월17,운리마을,운리마을,운리마을
진월17,진월17,풍암대주아파트,풍암대주아파트,풍암대주아파트
진월17,진월17,풍암사거리(동),풍암사거리(동),풍암사거리(동)
진월17,진월17,마재부영아파트,마재부영아파트,마재부영아파트
진월17,진월17,마재대주아파트,마재대주아파트,마재대주아파트
진월17,진월17,서창농협,서창농협,서창농협
진월17,진월17,만호초교,만호초교,만호초교
진월17,진월17,만호마을,만호마을,만호마을
진월17,진월17,무등교회,무등교회,무등교회
진월17,진월17,서광주역,서광주역,서광주역
진월17,진월17,동산교차로,동산교차로,동산교차로
진월17,진월17,동산교차로(북),동산교차로(북),동산교차로(북)
진월17,진월17,서구문화센터,서구문화센터,서구문화센터
진월17,진월17,매월종합상가입구,매월종합상가입구,매월종합상가입구
진월17,진월17,광주대입구,광주대입구,광주대입구
진월17,진월17,문흥지구입구(동),문흥지구입구(동),문흥지구입구(동)
진월17,진월17,도동고개,도동고개,도동고개
문흥18,문흥18,장등동,장등동,장등동
문흥18,문흥18,도선사,도선사,도선사
문흥18,문흥18,문흥지구입구(서),문흥지구입구(서),문흥지구입구(서)
문흥18,문흥18,문흥금호아파트,문흥금호아파트,문흥금호아파트
문흥18,문흥18,문산중,문산중,문산중
문흥18,문흥18,문흥1동행정복지센터,문흥1동행정복지센터,문흥1동행정복지센터
문흥18,문흥18,샛터코아,샛터코아,샛터코아
문흥18,문흥18,문흥명지아파트,문흥명지아파트,문흥명지아파트
문흥18,문흥18,문흥고가,문흥고가,문흥고가
문흥18,문흥18,광주병원,광주병원,광주병원
문흥18,문흥18,문화중,문화중,문화중
문흥18,문흥18,현대아파트,현대아파트,현대아파트
문흥18,문흥18,주공아파트,주공아파트,주공아파트
문흥18,문흥18,전남대공과대학,전남대공과대학,전남대공과대학
문흥18,문흥18,전남대스포츠센터,전남대스포츠센터,전남대스포츠센터
문흥18,문흥18,효동초교입구,효동초교입구,효동초교입구
문흥18,문흥18,광주역육교,광주역육교,광주역육교
문흥18,문흥18,전남대사거리(동),전남대사거리(동),전남대사거리(동)
문흥18,문흥18,용봉초교,용봉초교,용봉초교
문흥18,문흥18,신안교,신안교,신안교
문흥18,문흥18,광주지방기상청,광주지방기상청,광주지방기상청
문흥18,문흥18,경신여고,경신여고,경신여고
문흥18,문흥18,운암시장,운암시장,운암시장
문흥18,문흥18,운암3단지,운암3단지,운암3단지
문흥18,문흥18,운암초교,운암초교,운암초교
문흥18,문흥18,서영대,서영대,서영대
문흥18,문흥18,동천우미린아파트,동천우미린아파트,동천우미린아파트
문흥18,문흥18,동천마을3단지,동천마을3단지,동천마을3단지
문흥18,문흥18,동천마을1단지,동천마을1단지,동천마을1단지
문흥18,문흥18,동림 I.C 입구,동림 I.C 입구,동림IC입구
문흥18,문흥18,광신대교,광신대교,광신대교
문흥18,문흥18,풍영정입구,풍영정입구,풍영정입구
문흥18,문흥18,극락강역입구,극락강역입구,극락강역입구
문흥18,문흥18,신가동,신가동,신가동
문흥18,문흥18,목련마을,목련마을,목련마을
문흥18,문흥18,목련마을6단지,목련마을6단지,목련마을6단지
문흥18,문흥18,운남삼성아파트,운남삼성아파트,운남삼성아파트
문흥18,문흥18,광산구노인복지회관,광산구노인복지회관,광산구노인복지회관
문흥18,문흥18,영천초교,영천초교,영천초교
문흥18,문흥18,월곡시장,월곡시장,월곡시장
문흥18,문흥18,월곡일신아파트,월곡일신아파트,월곡일신아파트
문흥18,문흥18,하남중,하남중,하남중
문흥18,문흥18,역산공원입구,역산공원입구,역산공원입구
문흥18,문흥18,산정중입구,산정중입구,산정중입구
문흥18,문흥18,산정초교,산정초교,산정초교
문흥18,문흥18,다사로움1차아파트,다사로움1차아파트,다사로움1차아파트
문흥18,문흥18,하남2지구,하남2지구,하남2지구
문흥18,문흥18,하남1교,하남1교,하남1교
문흥18,문흥18,하남3지구모아엘가,하남3지구모아엘가,하남3지구모아엘가
문흥18,문흥18,광산소방서입구,광산소방서입구,광산소방서입구
문흥18,문흥18,세방전지,세방전지,세방전지
문흥18,문흥18,광주그린카진흥원입구,광주그린카진흥원입구,광주그린카진흥원입구
문흥18,문흥18,현대위아,현대위아,현대위아
문흥18,문흥18,RTM,RTM,RTM
문흥18,문흥18,수호,수호,수호
문흥18,문흥18,LG전자광주물류센터,LG전자광주물류센터,LG전자광주물류센터
문흥18,문흥18,케이엔,케이엔,케이엔
문흥18,문흥18,진곡산단,진곡산단,진곡산단
문흥18,문흥18,운암벽산블루밍,운암벽산블루밍,운암벽산블루밍
문흥18,문흥18,문화예술회관,문화예술회관,문화예술회관
문흥18,문흥18,중흥삼거리,중흥삼거리,중흥삼거리
문흥18,문흥18,북구차량등록민원실,북구차량등록민원실,북구차량등록민원실
문흥18,문흥18,문흥지구입구(동),문흥지구입구(동),문흥지구입구(동)
문흥18,문흥18,도동고개,도동고개,도동고개
송정19,송정19,도산동,도산동,도산동
송정19,송정19,도산파출소,도산파출소,도산파출소
송정19,송정19,공군부대,공군부대,공군부대
송정19,송정19,공군부대후문,공군부대후문,공군부대후문
송정19,송정19,송정호반아파트,송정호반아파트,송정호반아파트
송정19,송정19,도산동행정복지센터,도산동행정복지센터,도산동행정복지센터
송정19,송정19,송정초교,송정초교,송정초교
송정19,송정19,금강1길,금강1길,금강1길
송정19,송정19,광주송정역,광주송정역,광주송정역
송정19,송정19,광산구청,광산구청,광산구청
송정19,송정19,영광통,영광통,영광통
송정19,송정19,송정공원역,송정공원역,송정공원역
송정19,송정19,송정파출소(북),송정파출소(북),송정파출소(북)
송정19,송정19,공항역,공항역,공항역
송정19,송정19,장암마을,장암마을,장암마을
송정19,송정19,서창입구,서창입구,서창입구
송정19,송정19,월암,월암,월암
송정19,송정19,김대중컨벤션센터(마륵)역,김대중컨벤션센터(마륵)역,김대중컨벤션센터(마륵)역
송정19,송정19,전남고입구,전남고입구,전남고입구
송정19,송정19,상무역,상무역,상무역
송정19,송정19,상무지구입구,상무지구입구,상무지구입구
송정19,송정19,운천역,운천역,운천역
송정19,송정19,서광주세무서,서광주세무서,서광주세무서
송정19,송정19,쌍촌역,쌍촌역,쌍촌역
송정19,송정19,잿등,잿등,잿등
송정19,송정19,화정역,화정역,화정역
송정19,송정19,서석고,서석고,서석고
송정19,송정19,서구청,서구청,서구청
송정19,송정19,서광주한전,서광주한전,서광주한전
송정19,송정19,돌고개역(동),돌고개역(동),돌고개역(동)
송정19,송정19,양동시장역(남),양동시장역(남),양동시장역(남)
송정19,송정19,광주은행북부지점,광주은행북부지점,광주은행북부지점
송정19,송정19,광주일고/광주고용센터,광주일고/광주고용센터,광주일고/광주고용센터
송정19,송정19,롯데백화점,롯데백화점,롯데백화점
송정19,송정19,대인광장(북),대인광장(북),대인광장(북)
송정19,송정19,중흥시장,중흥시장,중흥시장
송정19,송정19,광주역(동),광주역(동),광주역(동)
송정19,송정19,중흥초교,중흥초교,중흥초교
송정19,송정19,4.19기념관,4.19기념관,419기념관
송정19,송정19,서방사거리육교,서방사거리육교,서방사거리육교
송정19,송정19,서방시장(남),서방시장(남),서방시장(남)
송정19,송정19,동강대,동강대,동강대
송정19,송정19,말바우시장(서),말바우시장(서),말바우시장(서)
송정19,송정19,평화맨션,평화맨션,평화맨션
송정19,송정19,북구청,북구청,북구청
송정19,송정19,전남대동문,전남대동문,전남대동문
송정19,송정19,전남대공과대학,전남대공과대학,전남대공과대학
송정19,송정19,성산맨션,성산맨션,성산맨션
송정19,송정19,도로교통공단 대신파크,도로교통공단 대신파크,도로교통공단대신파크
송정19,송정19,오치한전,오치한전,오치한전
송정19,송정19,용봉중,용봉중,용봉중
송정19,송정19,자연과학고,자연과학고,자연과학고
송정19,송정19,샛터코아,샛터코아,샛터코아
송정19,송정19,문흥라인아파트,문흥라인아파트,문흥라인아파트
송정19,송정19,문흥라인동산아파트,문흥라인동산아파트,문흥라인동산아파트
송정19,송정19,문흥지구입구(동),문흥지구입구(동),문흥지구입구(동)
송정19,송정19,도동고개,도동고개,도동고개
송정19,송정19,도선사,도선사,도선사
송정19,송정19,장등동,장등동,장등동
송정19,송정19,문흥지구입구(서),문흥지구입구(서),문흥지구입구(서)
송정19,송정19,문흥중,문흥중,문흥중
송정19,송정19,말바우시장(남),말바우시장(남),말바우시장(남)
송정19,송정19,삼성콜센터,삼성콜센터,삼성콜센터
송정19,송정19,돌고개역(서),돌고개역(서),돌고개역(서)
송정19,송정19,농성SK뷰,농성SK뷰,농성SK뷰
송정19,송정19,한국농어촌공사,한국농어촌공사,한국농어촌공사
송정19,송정19,광주송정역(동),광주송정역(동),광주송정역(동)
첨단20,첨단20,첨단,첨단,첨단
첨단20,첨단20,고내입구,고내입구,고내입구
첨단20,첨단20,대촌마을입구,대촌마을입구,대촌마을입구
첨단20,첨단20,대촌마을,대촌마을,대촌마을
첨단20,첨단20,은혜학교,은혜학교,은혜학교
첨단20,첨단20,앰코코리아,앰코코리아,앰코코리아
첨단20,첨단20,첨단삼성전자,첨단삼성전자,첨단삼성전자
첨단20,첨단20,폭스존,폭스존,폭스존
첨단20,첨단20,우편집중국,우편집중국,우편집중국
첨단20,첨단20,농산물품질관리원,농산물품질관리원,농산물품질관리원
첨단20,첨단20,첨단우리은행,첨단우리은행,첨단우리은행
첨단20,첨단20,첨단사거리,첨단사거리,첨단사거리
첨단20,첨단20,첨단라인아파트,첨단라인아파트,첨단라인아파트
첨단20,첨단20,첨단초교,첨단초교,첨단초교
첨단20,첨단20,첨단금호아파트,첨단금호아파트,첨단금호아파트
첨단20,첨단20,신동아아파트,신동아아파트,신동아아파트
첨단20,첨단20,동원촌,동원촌,동원촌
첨단20,첨단20,비아농협,비아농협,비아농협
첨단20,첨단20,비아호반아파트,비아호반아파트,비아호반아파트
첨단20,첨단20,비아119안전센터(북),비아119안전센터(북),비아119안전센터(북)
첨단20,첨단20,비아119안전센터(서),비아119안전센터(서),비아119안전센터(서)
첨단20,첨단20,비아중흥아파트,비아중흥아파트,비아중흥아파트
첨단20,첨단20,도촌교,도촌교,도촌교
첨단20,첨단20,안청,안청,안청
첨단20,첨단20,안청농협,안청농협,안청농협
첨단20,첨단20,하남철강,하남철강,하남철강
첨단20,첨단20,도현,도현,도현
첨단20,첨단20,진곡동길,진곡동길,진곡동길
첨단20,첨단20,오선동,오선동,오선동
첨단20,첨단20,한국알프스,한국알프스,한국알프스
첨단20,첨단20,호남샤니,호남샤니,호남샤니
첨단20,첨단20,경방,경방,경방
첨단20,첨단20,중앙일보,중앙일보,중앙일보
첨단20,첨단20,신성화학,신성화학,신성화학
첨단20,첨단20,정우화학,정우화학,정우화학
첨단20,첨단20,단전,단전,단전
첨단20,첨단20,흑석사거리(서),흑석사거리(서),흑석사거리(서)
첨단20,첨단20,흑석사거리(남),흑석사거리(남),흑석사거리(남)
첨단20,첨단20,영천마을9단지,영천마을9단지,영천마을9단지
첨단20,첨단20,월곡시장,월곡시장,월곡시장
첨단20,첨단20,월곡일신아파트,월곡일신아파트,월곡일신아파트
첨단20,첨단20,어등초교,어등초교,어등초교
첨단20,첨단20,광산중,광산중,광산중
첨단20,첨단20,상수도광산사업소,상수도광산사업소,상수도광산사업소
첨단20,첨단20,대덕훼미리아파트,대덕훼미리아파트,대덕훼미리아파트
첨단20,첨단20,우산동중흥S클래스,우산동중흥S클래스,우산동중흥S클래스
첨단20,첨단20,아리랑고개,아리랑고개,아리랑고개
첨단20,첨단20,송정I.C,송정I.C,송정IC
첨단20,첨단20,송정파출소(남),송정파출소(남),송정파출소(남)
첨단20,첨단20,공항역,공항역,공항역
첨단20,첨단20,장암마을,장암마을,장암마을
첨단20,첨단20,서창입구,서창입구,서창입구
첨단20,첨단20,월암,월암,월암
첨단20,첨단20,김대중컨벤션센터(마륵)역,김대중컨벤션센터(마륵)역,김대중컨벤션센터(마륵)역
첨단20,첨단20,전남고입구,전남고입구,전남고입구
첨단20,첨단20,상무역,상무역,상무역
첨단20,첨단20,상무지구입구,상무지구입구,상무지구입구
첨단20,첨단20,운천저수지,운천저수지,운천저수지
첨단20,첨단20,상무중,상무중,상무중
첨단20,첨단20,광주학생독립운동기념관,광주학생독립운동기념관,광주학생독립운동기념관
첨단20,첨단20,쌍촌시영아파트,쌍촌시영아파트,쌍촌시영아파트
첨단20,첨단20,보건환경연구원,보건환경연구원,보건환경연구원
첨단20,첨단20,염주사거리(서),염주사거리(서),염주사거리(서)
첨단20,첨단20,염주주공,염주주공,염주주공
첨단20,첨단20,염주체육관,염주체육관,염주체육관
첨단20,첨단20,월드컵경기장,월드컵경기장,월드컵경기장
첨단20,첨단20,치평중,치평중,치평중
첨단20,첨단20,광산소방서입구,광산소방서입구,광산소방서입구
첨단20,첨단20,비아중,비아중,비아중
첨단22,첨단22,첨단,첨단,첨단
첨단22,첨단22,고내입구,고내입구,고내입구
첨단22,첨단22,대촌마을입구,대촌마을입구,대촌마을입구
첨단22,첨단22,대촌마을,대촌마을,대촌마을
첨단22,첨단22,은혜학교,은혜학교,은혜학교
첨단22,첨단22,앰코코리아,앰코코리아,앰코코리아
첨단22,첨단22,첨단삼성전자,첨단삼성전자,첨단삼성전자
첨단22,첨단22,폭스존,폭스존,폭스존
첨단22,첨단22,우편집중국,우편집중국,우편집중국
첨단22,첨단22,농산물품질관리원,농산물품질관리원,농산물품질관리원
첨단22,첨단22,첨단2동행정복지센터,첨단2동행정복지센터,첨단2동행정복지센터
첨단22,첨단22,무양서원입구,무양서원입구,무양서원입구
첨단22,첨단22,남부대,남부대,남부대
첨단22,첨단22,전자공고,전자공고,전자공고
첨단22,첨단22,보훈병원,보훈병원,보훈병원
첨단22,첨단22,첨단휴먼시아,첨단휴먼시아,첨단휴먼시아
첨단22,첨단22,신용초등학교,신용초등학교,신용초등학교
첨단22,첨단22,빛고을고입구,빛고을고입구,빛고을고입구
첨단22,첨단22,신용중입구,신용중입구,신용중입구
첨단22,첨단22,첨단2호반아파트,첨단2호반아파트,첨단2호반아파트
첨단22,첨단22,첨단과학산업단지,첨단과학산업단지,첨단과학산업단지
첨단22,첨단22,동천마을1단지,동천마을1단지,동천마을1단지
첨단22,첨단22,동천마을3단지,동천마을3단지,동천마을3단지
첨단22,첨단22,동천동행정복지센터,동천동행정복지센터,동천동행정복지센터
첨단22,첨단22,칠성마을사거리,칠성마을사거리,칠성마을사거리
첨단22,첨단22,유덕초교,유덕초교,유덕초교
첨단22,첨단22,상무호반3차아파트,상무호반3차아파트,상무호반3차아파트
첨단22,첨단22,모아제일아파트,모아제일아파트,모아제일아파트
첨단22,첨단22,5.18기념문화센터,5.18기념문화센터,518기념문화센터
첨단22,첨단22,시청,시청,시청
첨단22,첨단22,한국은행,한국은행,한국은행
첨단22,첨단22,한국국토정보공사,한국국토정보공사,한국국토정보공사
첨단22,첨단22,한국수자원공사,한국수자원공사,한국수자원공사
첨단22,첨단22,농협운천지점,농협운천지점,농협운천지점
첨단22,첨단22,상무역(남),상무역(남),상무역(남)
첨단22,첨단22,희망가아파트,희망가아파트,희망가아파트
첨단22,첨단22,자활촌입구,자활촌입구,자활촌입구
첨단22,첨단22,금호저수지입구,금호저수지입구,금호저수지입구
첨단22,첨단22,무등교회,무등교회,무등교회
첨단22,첨단22,서광주역,서광주역,서광주역
첨단22,첨단22,동산교차로,동산교차로,동산교차로
첨단22,첨단22,동산교차로(북),동산교차로(북),동산교차로(북)
첨단22,첨단22,신수교,신수교,신수교
첨단22,첨단22,연제외촌입구,연제외촌입구,연제외촌입구
첨단22,첨단22,빛고을로입구,빛고을로입구,빛고을로입구
첨단22,첨단22,첨단우리은행,첨단우리은행,첨단우리은행
첨단23,첨단23,장등동,장등동,장등동
첨단23,첨단23,도선사입구,도선사입구,도선사입구
첨단23,첨단23,힐스테이트각화아파트,힐스테이트각화아파트,힐스테이트각화아파트
첨단23,첨단23,각화중,각화중,각화중
첨단23,첨단23,각화초교,각화초교,각화초교
첨단23,첨단23,금호아파트,금호아파트,금호아파트
첨단23,첨단23,동광주진입로,동광주진입로,동광주진입로
첨단23,첨단23,농산물공판장,농산물공판장,농산물공판장
첨단23,첨단23,문흥지구입구(서),문흥지구입구(서),문흥지구입구(서)
첨단23,첨단23,문흥라인동산아파트,문흥라인동산아파트,문흥라인동산아파트
첨단23,첨단23,문흥라인아파트,문흥라인아파트,문흥라인아파트
첨단23,첨단23,문흥중,문흥중,문흥중
첨단23,첨단23,자연과학고,자연과학고,자연과학고
첨단23,첨단23,용봉중,용봉중,용봉중
첨단23,첨단23,오치주공,오치주공,오치주공
첨단23,첨단23,북부경찰서,북부경찰서,북부경찰서
첨단23,첨단23,광주공고입구,광주공고입구,광주공고입구
첨단23,첨단23,고려고,고려고,고려고
첨단23,첨단23,삼각그린타운,삼각그린타운,삼각그린타운
첨단23,첨단23,국제고,국제고,국제고
첨단23,첨단23,향토음식박물관,향토음식박물관,향토음식박물관
첨단23,첨단23,오비맥주,오비맥주,오비맥주
첨단23,첨단23,코카콜라,코카콜라,코카콜라
첨단23,첨단23,롯데칠성,롯데칠성,롯데칠성
첨단23,첨단23,KT&G광주공장,KT&G광주공장,KT&G광주공장
첨단23,첨단23,양산호수공원,양산호수공원,양산호수공원
첨단23,첨단23,양산초교입구,양산초교입구,양산초교입구
첨단23,첨단23,양산타운,양산타운,양산타운
첨단23,첨단23,용두주공,용두주공,용두주공
첨단23,첨단23,복룡입구,복룡입구,복룡입구
첨단23,첨단23,교통공원,교통공원,교통공원
첨단23,첨단23,우편집중국,우편집중국,우편집중국
첨단23,첨단23,농산물품질관리원,농산물품질관리원,농산물품질관리원
첨단23,첨단23,첨단우리은행,첨단우리은행,첨단우리은행
첨단23,첨단23,첨단사거리,첨단사거리,첨단사거리
첨단23,첨단23,첨단라인아파트,첨단라인아파트,첨단라인아파트
첨단23,첨단23,첨단초교,첨단초교,첨단초교
첨단23,첨단23,첨단금호아파트,첨단금호아파트,첨단금호아파트
첨단23,첨단23,과기원,과기원,과기원
첨단23,첨단23,한국전자통신연구원,한국전자통신연구원,한국전자통신연구원
첨단23,첨단23,한국생산기술연구원,한국생산기술연구원,한국생산기술연구원
첨단23,첨단23,국립광주과학관,국립광주과학관,국립광주과학관
첨단23,첨단23,대창운수,대창운수,대창운수
첨단23,첨단23,샛터코아,샛터코아,샛터코아
첨단23,첨단23,문흥지구입구(남),문흥지구입구(남),문흥지구입구(남)
첨단23,첨단23,보광사,보광사,보광사
첨단23,첨단23,도선사,도선사,도선사
첨단23,첨단23,농성1동주민센터,농성1동주민센터,농성1동주민센터
지원25,지원25,월남동,월남동,월남동
지원25,지원25,주남,주남,주남
지원25,지원25,녹동,녹동,녹동
지원25,지원25,지원화훼단지,지원화훼단지,지원화훼단지
지원25,지원25,지원2동행정복지센터입구,지원2동행정복지센터입구,지원2동행정복지센터입구
지원25,지원25,소태역,소태역,소태역
지원25,지원25,광주남초교,광주남초교,광주남초교
지원25,지원25,동구문화센터,동구문화센터,동구문화센터
지원25,지원25,삼익세라믹,삼익세라믹,삼익세라믹
지원25,지원25,학동증심사입구역,학동증심사입구역,학동증심사입구역
지원25,지원25,조선대병원,조선대병원,조선대병원
지원25,지원25,남광주역,남광주역,남광주역
지원25,지원25,양림휴먼시아2차,양림휴먼시아2차,양림휴먼시아2차
지원25,지원25,양림휴먼시아1차,양림휴먼시아1차,양림휴먼시아1차
지원25,지원25,남광주농협,남광주농협,남광주농협
지원25,지원25,주월주택단지,주월주택단지,주월주택단지
지원25,지원25,신우아파트,신우아파트,신우아파트
지원25,지원25,월산5동,월산5동,월산5동
지원25,지원25,월산4동,월산4동,월산4동
지원25,지원25,건강협회,건강협회,건강협회
지원25,지원25,상공회의소,상공회의소,상공회의소
지원25,지원25,화정중흥파크,화정중흥파크,화정중흥파크
지원25,지원25,신세계백화점,신세계백화점,신세계백화점
지원25,지원25,광주종합버스터미널,광주종합버스터미널,광주종합버스터미널
지원25,지원25,기아차정문,기아차정문,기아차정문
지원25,지원25,광천E편한세상,광천E편한세상,광천E편한세상
지원25,지원25,진성아파트,진성아파트,진성아파트
지원25,지원25,삼우아파트,삼우아파트,삼우아파트
지원25,지원25,광천동,광천동,광천동
지원25,지원25,칠성마을,칠성마을,칠성마을
지원25,지원25,유덕초교,유덕초교,유덕초교
지원25,지원25,버들마을,버들마을,버들마을
지원25,지원25,계수,계수,계수
지원25,지원25,시청,시청,시청
지원25,지원25,한국은행,한국은행,한국은행
지원25,지원25,한국국토정보공사,한국국토정보공사,한국국토정보공사
지원25,지원25,한국수자원공사,한국수자원공사,한국수자원공사
지원25,지원25,농협운천지점,농협운천지점,농협운천지점
지원25,지원25,상무역,상무역,상무역
지원25,지원25,전남고입구,전남고입구,전남고입구
지원25,지원25,전남고,전남고,전남고
지원25,지원25,상무금호아파트,상무금호아파트,상무금호아파트
지원25,지원25,상무해광한신아파트,상무해광한신아파트,상무해광한신아파트
지원25,지원25,상무시민공원,상무시민공원,상무시민공원
지원25,지원25,보훈회관(서),보훈회관(서),보훈회관(서)
지원25,지원25,서창사거리,서창사거리,서창사거리
지원25,지원25,서창농협벽진지점,서창농협벽진지점,서창농협벽진지점
지원25,지원25,다사랑병원,다사랑병원,다사랑병원
지원25,지원25,서광주역,서광주역,서광주역
지원25,지원25,동산교차로,동산교차로,동산교차로
지원25,지원25,동산교차로(북),동산교차로(북),동산교차로(북)
지원25,지원25,상무역(북),상무역(북),상무역(북)
지원25,지원25,극락초교,극락초교,극락초교
지원25,지원25,버들주공1단지,버들주공1단지,버들주공1단지
지원25,지원25,남광주사거리,남광주사거리,남광주사거리
매월26,매월26,매월동(북),매월동(북),매월동(북)
매월26,매월26,대동고,대동고,대동고
매월26,매월26,화훼단지,화훼단지,화훼단지
매월26,매월26,공구단지,공구단지,공구단지
매월26,매월26,풍암사거리(동),풍암사거리(동),풍암사거리(동)
매월26,매월26,마재부영아파트,마재부영아파트,마재부영아파트
매월26,매월26,마재대주아파트,마재대주아파트,마재대주아파트
매월26,매월26,서구문화센터,서구문화센터,서구문화센터
매월26,매월26,금호도개공아파트,금호도개공아파트,금호도개공아파트
매월26,매월26,금호모아아파트,금호모아아파트,금호모아아파트
매월26,매월26,월드컵경기장,월드컵경기장,월드컵경기장
매월26,매월26,염주체육관,염주체육관,염주체육관
매월26,매월26,염주주공,염주주공,염주주공
매월26,매월26,염주사거리(동),염주사거리(동),염주사거리(동)
매월26,매월26,염주맨션,염주맨션,염주맨션
매월26,매월26,화정중,화정중,화정중
매월26,매월26,광주광역시교육청/광덕고,광주광역시교육청/광덕고,광주광역시교육청/광덕고
매월26,매월26,화정사거리,화정사거리,화정사거리
매월26,매월26,화정현대아파트,화정현대아파트,화정현대아파트
매월26,매월26,기아자동차,기아자동차,기아자동차
매월26,매월26,광주종합버스터미널,광주종합버스터미널,광주종합버스터미널
매월26,매월26,광천치안센터,광천치안센터,광천치안센터
매월26,매월26,제2광천교,제2광천교,제2광천교
매월26,매월26,경신여고,경신여고,경신여고
매월26,매월26,광주지방기상청,광주지방기상청,광주지방기상청
매월26,매월26,신안교,신안교,신안교
매월26,매월26,용봉초교,용봉초교,용봉초교
매월26,매월26,전남대,전남대,전남대
매월26,매월26,전대치과병원,전대치과병원,전대치과병원
매월26,매월26,용봉2휴먼시아아파트,용봉2휴먼시아아파트,용봉2휴먼시아아파트
매월26,매월26,신안교입구,신안교입구,신안교입구
매월26,매월26,유창아파트,유창아파트,유창아파트
매월26,매월26,용주초교,용주초교,용주초교
매월26,매월26,오치초교,오치초교,오치초교
매월26,매월26,광주공고입구,광주공고입구,광주공고입구
매월26,매월26,고려고,고려고,고려고
매월26,매월26,삼각그린타운,삼각그린타운,삼각그린타운
매월26,매월26,국제고,국제고,국제고
매월26,매월26,일곡사거리,일곡사거리,일곡사거리
매월26,매월26,일곡초교,일곡초교,일곡초교
매월26,매월26,서일초교,서일초교,서일초교
매월26,매월26,일곡삼호아파트,일곡삼호아파트,일곡삼호아파트
매월26,매월26,광주교도소,광주교도소,광주교도소
매월26,매월26,명상의집,명상의집,명상의집
매월26,매월26,우치공원,우치공원,우치공원
매월26,매월26,생룡,생룡,생룡
매월26,매월26,지산마을,지산마을,지산마을
매월26,매월26,용전사거리(남),용전사거리(남),용전사거리(남)
매월26,매월26,용전,용전,용전
매월26,매월26,전남대사거리(서),전남대사거리(서),전남대사거리(서)
봉선27,봉선27,첨단,첨단,첨단
봉선27,봉선27,고내입구,고내입구,고내입구
봉선27,봉선27,대촌마을입구,대촌마을입구,대촌마을입구
봉선27,봉선27,한국광기술원,한국광기술원,한국광기술원
봉선27,봉선27,산업인력공단사거리,산업인력공단사거리,산업인력공단사거리
봉선27,봉선27,구)신한포토닉스,구)신한포토닉스,구)신한포토닉스
봉선27,봉선27,정부광주지방합동청사입구,정부광주지방합동청사입구,정부광주지방합동청사입구
봉선27,봉선27,광주교통방송,광주교통방송,광주교통방송
봉선27,봉선27,첨단초교후문,첨단초교후문,첨단초교후문
봉선27,봉선27,월계중,월계중,월계중
봉선27,봉선27,첨단도서관,첨단도서관,첨단도서관
봉선27,봉선27,첨단라인8차아파트,첨단라인8차아파트,첨단라인8차아파트
봉선27,봉선27,산월초교입구,산월초교입구,산월초교입구
봉선27,봉선27,방송통신대,방송통신대,방송통신대
봉선27,봉선27,무양서원,무양서원,무양서원
봉선27,봉선27,봉산중,봉산중,봉산중
봉선27,봉선27,보훈병원후문,보훈병원후문,보훈병원후문
봉선27,봉선27,보훈병원,보훈병원,보훈병원
봉선27,봉선27,전자공고,전자공고,전자공고
봉선27,봉선27,신창용수마을,신창용수마을,신창용수마을
봉선27,봉선27,전남공고입구,전남공고입구,전남공고입구
봉선27,봉선27,보건대입구,보건대입구,보건대입구
봉선27,봉선27,반촌,반촌,반촌
봉선27,봉선27,산동교,산동교,산동교
봉선27,봉선27,동림푸른마을,동림푸른마을,동림푸른마을
봉선27,봉선27,시립장애인복지관,시립장애인복지관,시립장애인복지관
봉선27,봉선27,운암우미아파트,운암우미아파트,운암우미아파트
봉선27,봉선27,운암중,운암중,운암중
봉선27,봉선27,운암3단지,운암3단지,운암3단지
봉선27,봉선27,운암벽산블루밍,운암벽산블루밍,운암벽산블루밍
봉선27,봉선27,문화예술회관,문화예술회관,문화예술회관
봉선27,봉선27,운암시장,운암시장,운암시장
봉선27,봉선27,경신여고,경신여고,경신여고
봉선27,봉선27,광주지방기상청,광주지방기상청,광주지방기상청
봉선27,봉선27,신안교,신안교,신안교
봉선27,봉선27,용봉초교,용봉초교,용봉초교
봉선27,봉선27,전남대사거리(동),전남대사거리(동),전남대사거리(동)
봉선27,봉선27,중흥삼거리,중흥삼거리,중흥삼거리
봉선27,봉선27,효동초교입구,효동초교입구,효동초교입구
봉선27,봉선27,북구차량등록민원실,북구차량등록민원실,북구차량등록민원실
봉선27,봉선27,북구청,북구청,북구청
봉선27,봉선27,평화맨션,평화맨션,평화맨션
봉선27,봉선27,말바우시장(서),말바우시장(서),말바우시장(서)
봉선27,봉선27,동강대후문,동강대후문,동강대후문
봉선27,봉선27,청명아파트,청명아파트,청명아파트
봉선27,봉선27,덕산아파트,덕산아파트,덕산아파트
봉선27,봉선27,두암주공입구,두암주공입구,두암주공입구
봉선27,봉선27,교대금호어울림,교대금호어울림,교대금호어울림
봉선27,봉선27,풍향시장,풍향시장,풍향시장
봉선27,봉선27,두암지구입구,두암지구입구,두암지구입구
봉선27,봉선27,산수오거리,산수오거리,산수오거리
봉선27,봉선27,법원입구,법원입구,법원입구
봉선27,봉선27,살레시오여고,살레시오여고,살레시오여고
봉선27,봉선27,조선대,조선대,조선대
봉선27,봉선27,조선대공과대학,조선대공과대학,조선대공과대학
봉선27,봉선27,남광주역,남광주역,남광주역
봉선27,봉선27,양림휴먼시아2차,양림휴먼시아2차,양림휴먼시아2차
봉선27,봉선27,양림휴먼시아1차,양림휴먼시아1차,양림휴먼시아1차
봉선27,봉선27,남광주농협,남광주농협,남광주농협
봉선27,봉선27,남구청,남구청,남구청
봉선27,봉선27,주월중입구,주월중입구,주월중입구
봉선27,봉선27,봉선라인아파트,봉선라인아파트,봉선라인아파트
봉선27,봉선27,봉선삼익아파트(남),봉선삼익아파트(남),봉선삼익아파트(남)
봉선27,봉선27,봉선2동행정복지센터,봉선2동행정복지센터,봉선2동행정복지센터
봉선27,봉선27,남구문화예술회관,남구문화예술회관,남구문화예술회관
봉선27,봉선27,용산지구대성베르힐,용산지구대성베르힐,용산지구대성베르힐
봉선27,봉선27,용산지구모아엘가에듀파크,용산지구모아엘가에듀파크,용산지구모아엘가에듀파크
봉선27,봉선27,용산지구,용산지구,용산지구
봉선27,봉선27,봉선대화아파트,봉선대화아파트,봉선대화아파트
봉선27,봉선27,광주역육교,광주역육교,광주역육교
일곡28,일곡28,매월동(북),매월동(북),매월동(북)
일곡28,일곡28,대동고,대동고,대동고
일곡28,일곡28,화훼단지,화훼단지,화훼단지
일곡28,일곡28,공구단지,공구단지,공구단지
일곡28,일곡28,매월종합상가입구,매월종합상가입구,매월종합상가입구
일곡28,일곡28,운리마을,운리마을,운리마을
일곡28,일곡28,동명회/송원고,동명회/송원고,동명회/송원고
일곡28,일곡28,송원대,송원대,송원대
일곡28,일곡28,송암공단입구,송암공단입구,송암공단입구
일곡28,일곡28,남선산업,남선산업,남선산업
일곡28,일곡28,송하삼익아파트,송하삼익아파트,송하삼익아파트
일곡28,일곡28,광주대입구,광주대입구,광주대입구
일곡28,일곡28,동성고,동성고,동성고
일곡28,일곡28,대성여고,대성여고,대성여고
일곡28,일곡28,진월대주아파트,진월대주아파트,진월대주아파트
일곡28,일곡28,대광여고,대광여고,대광여고
일곡28,일곡28,백운광장,백운광장,백운광장
일곡28,일곡28,남구청,남구청,남구청
일곡28,일곡28,주월중입구,주월중입구,주월중입구
일곡28,일곡28,봉선대화아파트,봉선대화아파트,봉선대화아파트
일곡28,일곡28,구남구청,구남구청,구남구청
일곡28,일곡28,조봉초교,조봉초교,조봉초교
일곡28,일곡28,봉선삼익아파트(남),봉선삼익아파트(남),봉선삼익아파트(남)
일곡28,일곡28,봉선삼익사거리,봉선삼익사거리,봉선삼익사거리
일곡28,일곡28,모아2차아파트,모아2차아파트,모아2차아파트
일곡28,일곡28,라인효친,라인효친,라인효친
일곡28,일곡28,송림주택,송림주택,송림주택
일곡28,일곡28,방림삼거리,방림삼거리,방림삼거리
일곡28,일곡28,학림교,학림교,학림교
일곡28,일곡28,남광주역,남광주역,남광주역
일곡28,일곡28,조선대공과대학,조선대공과대학,조선대공과대학
일곡28,일곡28,조선대,조선대,조선대
일곡28,일곡28,살레시오여고,살레시오여고,살레시오여고
일곡28,일곡28,법원입구,법원입구,법원입구
일곡28,일곡28,산수오거리,산수오거리,산수오거리
일곡28,일곡28,두암지구입구,두암지구입구,두암지구입구
일곡28,일곡28,풍향시장,풍향시장,풍향시장
일곡28,일곡28,교대금호어울림,교대금호어울림,교대금호어울림
일곡28,일곡28,두암주공입구,두암주공입구,두암주공입구
일곡28,일곡28,덕산아파트,덕산아파트,덕산아파트
일곡28,일곡28,청명아파트,청명아파트,청명아파트
일곡28,일곡28,동강대후문,동강대후문,동강대후문
일곡28,일곡28,말바우시장(서),말바우시장(서),말바우시장(서)
일곡28,일곡28,평화맨션,평화맨션,평화맨션
일곡28,일곡28,북구청,북구청,북구청
일곡28,일곡28,전남대동문,전남대동문,전남대동문
일곡28,일곡28,전남대공과대학,전남대공과대학,전남대공과대학
일곡28,일곡28,성산맨션,성산맨션,성산맨션
일곡28,일곡28,도로교통공단 대신파크,도로교통공단 대신파크,도로교통공단대신파크
일곡28,일곡28,오치한전,오치한전,오치한전
일곡28,일곡28,서산초교,서산초교,서산초교
일곡28,일곡28,오치1동행정복지센터,오치1동행정복지센터,오치1동행정복지센터
일곡28,일곡28,31사단,31사단,31사단
일곡28,일곡28,원삼각마을 삼일아파트,원삼각마을 삼일아파트,원삼각마을삼일아파트
일곡28,일곡28,월산(삼각동),월산(삼각동),월산(삼각동)
일곡28,일곡28,일곡청솔4차아파트,일곡청솔4차아파트,일곡청솔4차아파트
일곡28,일곡28,일곡현대3차아파트,일곡현대3차아파트,일곡현대3차아파트
일곡28,일곡28,유격훈련장,유격훈련장,유격훈련장
일곡28,일곡28,살레시오고입구,살레시오고입구,살레시오고입구
일곡28,일곡28,살레시오고,살레시오고,살레시오고
일곡28,일곡28,양일로입구,양일로입구,양일로입구
일곡28,일곡28,호남삼육고입구,호남삼육고입구,호남삼육고입구
일곡28,일곡28,풍암대주아파트,풍암대주아파트,풍암대주아파트
송정29,송정29,도산동,도산동,도산동
송정29,송정29,도산파출소,도산파출소,도산파출소
송정29,송정29,도산역,도산역,도산역
송정29,송정29,신동사거리,신동사거리,신동사거리
송정29,송정29,광주송정역,광주송정역,광주송정역
송정29,송정29,광산구청,광산구청,광산구청
송정29,송정29,영광통,영광통,영광통
송정29,송정29,송정공원역,송정공원역,송정공원역
송정29,송정29,송정파출소(북),송정파출소(북),송정파출소(북)
송정29,송정29,송정I.C,송정I.C,송정IC
송정29,송정29,아리랑고개,아리랑고개,아리랑고개
송정29,송정29,소촌금호아파트,소촌금호아파트,소촌금호아파트
송정29,송정29,광산중,광산중,광산중
송정29,송정29,어등초교,어등초교,어등초교
송정29,송정29,월곡일신아파트,월곡일신아파트,월곡일신아파트
송정29,송정29,월곡시장,월곡시장,월곡시장
송정29,송정29,영천초교,영천초교,영천초교
송정29,송정29,광산구노인복지회관,광산구노인복지회관,광산구노인복지회관
송정29,송정29,운남삼성아파트,운남삼성아파트,운남삼성아파트
송정29,송정29,목련마을6단지,목련마을6단지,목련마을6단지
송정29,송정29,목련마을,목련마을,목련마을
송정29,송정29,신가동,신가동,신가동
송정29,송정29,신가사거리,신가사거리,신가사거리
송정29,송정29,신가주공아파트,신가주공아파트,신가주공아파트
송정29,송정29,신가우미아파트,신가우미아파트,신가우미아파트
송정29,송정29,신가중,신가중,신가중
송정29,송정29,신창동우체국,신창동우체국,신창동우체국
송정29,송정29,신창중,신창중,신창중
송정29,송정29,신창초교,신창초교,신창초교
송정29,송정29,신창용수마을,신창용수마을,신창용수마을
송정29,송정29,전남공고입구,전남공고입구,전남공고입구
송정29,송정29,보건대입구,보건대입구,보건대입구
송정29,송정29,반촌,반촌,반촌
송정29,송정29,산동교,산동교,산동교
송정29,송정29,동림푸른마을,동림푸른마을,동림푸른마을
송정29,송정29,시립장애인복지관,시립장애인복지관,시립장애인복지관
송정29,송정29,운암우미아파트,운암우미아파트,운암우미아파트
송정29,송정29,운암중,운암중,운암중
송정29,송정29,운암3단지,운암3단지,운암3단지
송정29,송정29,문화예술회관후문,문화예술회관후문,문화예술회관후문
송정29,송정29,체육고/폴리텍대학,체육고/폴리텍대학,체육고/폴리텍대학
송정29,송정29,광주박물관,광주박물관,광주박물관
송정29,송정29,시립민속박물관,시립민속박물관,시립민속박물관
송정29,송정29,용봉쌍용아파트,용봉쌍용아파트,용봉쌍용아파트
송정29,송정29,중외마을,중외마을,중외마을
송정29,송정29,용봉주공,용봉주공,용봉주공
송정29,송정29,광주공고입구,광주공고입구,광주공고입구
송정29,송정29,고려고,고려고,고려고
송정29,송정29,삼각그린타운,삼각그린타운,삼각그린타운
송정29,송정29,국제고,국제고,국제고
송정29,송정29,일곡사거리,일곡사거리,일곡사거리
송정29,송정29,일곡초교,일곡초교,일곡초교
송정29,송정29,서일초교,서일초교,서일초교
송정29,송정29,일곡삼호아파트,일곡삼호아파트,일곡삼호아파트
송정29,송정29,광주교도소,광주교도소,광주교도소
송정29,송정29,살레시오고입구,살레시오고입구,살레시오고입구
송정29,송정29,살레시오고,살레시오고,살레시오고
송정29,송정29,극락강역입구,극락강역입구,극락강역입구
첨단30,첨단30,국립광주과학관,국립광주과학관,국립광주과학관
첨단30,첨단30,한국생산기술연구원,한국생산기술연구원,한국생산기술연구원
첨단30,첨단30,한국전자통신연구원,한국전자통신연구원,한국전자통신연구원
첨단30,첨단30,과기원,과기원,과기원
첨단30,첨단30,쌍암공원,쌍암공원,쌍암공원
첨단30,첨단30,첨단1동행정복지센터,첨단1동행정복지센터,첨단1동행정복지센터
첨단30,첨단30,첨단2동행정복지센터,첨단2동행정복지센터,첨단2동행정복지센터
첨단30,첨단30,무양서원입구,무양서원입구,무양서원입구
첨단30,첨단30,남부대,남부대,남부대
첨단30,첨단30,전자공고,전자공고,전자공고
첨단30,첨단30,보훈병원,보훈병원,보훈병원
첨단30,첨단30,첨단생활체육공원,첨단생활체육공원,첨단생활체육공원
첨단30,첨단30,첨단롯데마트,첨단롯데마트,첨단롯데마트
첨단30,첨단30,교통공원,교통공원,교통공원
첨단30,첨단30,복룡입구,복룡입구,복룡입구
첨단30,첨단30,용두주공,용두주공,용두주공
첨단30,첨단30,양산타운,양산타운,양산타운
첨단30,첨단30,광주은행양산동지점,광주은행양산동지점,광주은행양산동지점
첨단30,첨단30,양산택지사거리,양산택지사거리,양산택지사거리
첨단30,첨단30,양지초교,양지초교,양지초교
첨단30,첨단30,동아제약,동아제약,동아제약
첨단30,첨단30,양산호수공원,양산호수공원,양산호수공원
첨단30,첨단30,KT&G광주공장,KT&G광주공장,KT&G광주공장
첨단30,첨단30,롯데칠성,롯데칠성,롯데칠성
첨단30,첨단30,코카콜라,코카콜라,코카콜라
첨단30,첨단30,오비맥주,오비맥주,오비맥주
첨단30,첨단30,향토음식박물관,향토음식박물관,향토음식박물관
첨단30,첨단30,국제고,국제고,국제고
첨단30,첨단30,삼각그린타운,삼각그린타운,삼각그린타운
첨단30,첨단30,고려고,고려고,고려고
첨단30,첨단30,광주공고입구,광주공고입구,광주공고입구
첨단30,첨단30,오치초교,오치초교,오치초교
첨단30,첨단30,용주초교,용주초교,용주초교
첨단30,첨단30,유창아파트,유창아파트,유창아파트
첨단30,첨단30,신안교입구,신안교입구,신안교입구
첨단30,첨단30,용봉2휴먼시아아파트,용봉2휴먼시아아파트,용봉2휴먼시아아파트
첨단30,첨단30,전대치과병원,전대치과병원,전대치과병원
첨단30,첨단30,전남대,전남대,전남대
첨단30,첨단30,신안사거리,신안사거리,신안사거리
첨단30,첨단30,광주역,광주역,광주역
첨단30,첨단30,유동사거리,유동사거리,유동사거리
첨단30,첨단30,광주은행북부지점,광주은행북부지점,광주은행북부지점
첨단30,첨단30,양동시장역(북),양동시장역(북),양동시장역(북)
첨단30,첨단30,돌고개역(동),돌고개역(동),돌고개역(동)
첨단30,첨단30,서광주전화국,서광주전화국,서광주전화국
첨단30,첨단30,농성1동주민센터,농성1동주민센터,농성1동주민센터
첨단30,첨단30,광천초교,광천초교,광천초교
첨단30,첨단30,현대자동차,현대자동차,현대자동차
첨단30,첨단30,광주종합버스터미널,광주종합버스터미널,광주종합버스터미널
첨단30,첨단30,기아차정문,기아차정문,기아차정문
첨단30,첨단30,광천E편한세상,광천E편한세상,광천E편한세상
첨단30,첨단30,진성아파트,진성아파트,진성아파트
첨단30,첨단30,삼우아파트,삼우아파트,삼우아파트
첨단30,첨단30,광천동,광천동,광천동
첨단30,첨단30,칠성마을,칠성마을,칠성마을
첨단30,첨단30,동천동행정복지센터,동천동행정복지센터,동천동행정복지센터
첨단30,첨단30,동림교,동림교,동림교
첨단30,첨단30,동림삼익아파트,동림삼익아파트,동림삼익아파트
첨단30,첨단30,운암산코오롱하늘채,운암산코오롱하늘채,운암산코오롱하늘채
첨단30,첨단30,NC백화점,NC백화점,NC백화점
송암31,송암31,송암공단,송암공단,송암공단
송암31,송암31,송원대,송원대,송원대
송암31,송암31,송암공단입구,송암공단입구,송암공단입구
송암31,송암31,남선산업,남선산업,남선산업
송암31,송암31,송하삼익아파트,송하삼익아파트,송하삼익아파트
송암31,송암31,광주대입구,광주대입구,광주대입구
송암31,송암31,동성고,동성고,동성고
송암31,송암31,대성여고,대성여고,대성여고
송암31,송암31,진월대주아파트,진월대주아파트,진월대주아파트
송암31,송암31,대광여고,대광여고,대광여고
송암31,송암31,백운광장,백운광장,백운광장
송암31,송암31,주월주택단지,주월주택단지,주월주택단지
송암31,송암31,신우아파트,신우아파트,신우아파트
송암31,송암31,월산5동,월산5동,월산5동
송암31,송암31,월산마을입구,월산마을입구,월산마을입구
송암31,송암31,월산마을,월산마을,월산마을
송암31,송암31,주월초교,주월초교,주월초교
송암31,송암31,화정중,화정중,화정중
송암31,송암31,광주광역시교육청/광덕고,광주광역시교육청/광덕고,광주광역시교육청/광덕고
송암31,송암31,화정사거리,화정사거리,화정사거리
송암31,송암31,화정현대아파트,화정현대아파트,화정현대아파트
송암31,송암31,기아자동차,기아자동차,기아자동차
송암31,송암31,광주종합버스터미널,광주종합버스터미널,광주종합버스터미널
송암31,송암31,현대자동차,현대자동차,현대자동차
송암31,송암31,광천초교,광천초교,광천초교
송암31,송암31,농성1동주민센터,농성1동주민센터,농성1동주민센터
송암31,송암31,서광주전화국,서광주전화국,서광주전화국
송암31,송암31,돌고개역(동),돌고개역(동),돌고개역(동)
송암31,송암31,양동시장역(북),양동시장역(북),양동시장역(북)
송암31,송암31,양동복개쇼핑센터,양동복개쇼핑센터,양동복개쇼핑센터
송암31,송암31,천교,천교,천교
송암31,송암31,호남삼육고입구,호남삼육고입구,호남삼육고입구
송정33,송정33,도산동,도산동,도산동
송정33,송정33,도산파출소,도산파출소,도산파출소
송정33,송정33,도산역,도산역,도산역
송정33,송정33,신동사거리,신동사거리,신동사거리
송정33,송정33,광주송정역,광주송정역,광주송정역
송정33,송정33,광산구청,광산구청,광산구청
송정33,송정33,영광통,영광통,영광통
송정33,송정33,송정공원역,송정공원역,송정공원역
송정33,송정33,송정파출소(북),송정파출소(북),송정파출소(북)
송정33,송정33,송정I.C,송정I.C,송정IC
송정33,송정33,아리랑고개,아리랑고개,아리랑고개
송정33,송정33,우산동중흥S클래스,우산동중흥S클래스,우산동중흥S클래스
송정33,송정33,대덕훼미리아파트,대덕훼미리아파트,대덕훼미리아파트
송정33,송정33,상수도광산사업소,상수도광산사업소,상수도광산사업소
송정33,송정33,우산리버힐아파트,우산리버힐아파트,우산리버힐아파트
송정33,송정33,우산시영2단지(동),우산시영2단지(동),우산시영2단지(동)
송정33,송정33,광주여대,광주여대,광주여대
송정33,송정33,역산공원입구,역산공원입구,역산공원입구
송정33,송정33,산정중입구,산정중입구,산정중입구
송정33,송정33,하남홈플러스,하남홈플러스,하남홈플러스
송정33,송정33,흑석사거리(서),흑석사거리(서),흑석사거리(서)
송정33,송정33,흑석사거리(동),흑석사거리(동),흑석사거리(동)
송정33,송정33,목련마을8단지,목련마을8단지,목련마을8단지
송정33,송정33,수완중흥S-클래스1차,수완중흥S-클래스1차,수완중흥S-클래스1차
송정33,송정33,광주농수산물유통센터(북),광주농수산물유통센터(북),광주농수산물유통센터(북)
송정33,송정33,수완모아엘가,수완모아엘가,수완모아엘가
송정33,송정33,수완현진에버빌1차,수완현진에버빌1차,수완현진에버빌1차
송정33,송정33,수완우미린2차,수완우미린2차,수완우미린2차
송정33,송정33,도천저수지,도천저수지,도천저수지
송정33,송정33,응암공원,응암공원,응암공원
송정33,송정33,첨단초교,첨단초교,첨단초교
송정33,송정33,첨단초교후문,첨단초교후문,첨단초교후문
송정33,송정33,쌍암공원,쌍암공원,쌍암공원
송정33,송정33,과기원,과기원,과기원
송정33,송정33,광주디자인센터,광주디자인센터,광주디자인센터
송정33,송정33,첨단병원입구,첨단병원입구,첨단병원입구
송정33,송정33,농산물품질관리원,농산물품질관리원,농산물품질관리원
송정33,송정33,우편집중국,우편집중국,우편집중국
송정33,송정33,첨단롯데마트,첨단롯데마트,첨단롯데마트
송정33,송정33,첨단생활체육공원,첨단생활체육공원,첨단생활체육공원
송정33,송정33,첨단휴먼시아,첨단휴먼시아,첨단휴먼시아
송정33,송정33,신용초교,신용초교,신용초교
송정33,송정33,빛고을고입구,빛고을고입구,빛고을고입구
송정33,송정33,신용중입구,신용중입구,신용중입구
송정33,송정33,첨단2호반아파트,첨단2호반아파트,첨단2호반아파트
송정33,송정33,첨단과학산업단지,첨단과학산업단지,첨단과학산업단지
송정33,송정33,첨단2체육공원,첨단2체육공원,첨단2체육공원
송정33,송정33,화인특장,화인특장,화인특장
송정33,송정33,연제외촌입구,연제외촌입구,연제외촌입구
송정33,송정33,연제현대아파트,연제현대아파트,연제현대아파트
송정33,송정33,한양아파트,한양아파트,한양아파트
송정33,송정33,해태제과,해태제과,해태제과
송정33,송정33,광주다문화가족지원거점센터,광주다문화가족지원거점센터,광주다문화가족지원거점센터
송정33,송정33,마당고개,마당고개,마당고개
송정33,송정33,광주박물관,광주박물관,광주박물관
송정33,송정33,비엔날레주차장,비엔날레주차장,비엔날레주차장
운림35,운림35,장등동,장등동,장등동
운림35,운림35,도선사,도선사,도선사
운림35,운림35,문흥지구입구(서),문흥지구입구(서),문흥지구입구(서)
운림35,운림35,문흥금호아파트,문흥금호아파트,문흥금호아파트
운림35,운림35,문산중,문산중,문산중
운림35,운림35,문흥1동행정복지센터,문흥1동행정복지센터,문흥1동행정복지센터
운림35,운림35,문흥중,문흥중,문흥중
운림35,운림35,자연과학고,자연과학고,자연과학고
운림35,운림35,용봉중,용봉중,용봉중
운림35,운림35,오치한전,오치한전,오치한전
운림35,운림35,도로교통공단 대신파크,도로교통공단 대신파크,도로교통공단대신파크
운림35,운림35,주공아파트,주공아파트,주공아파트
운림35,운림35,현대아파트,현대아파트,현대아파트
운림35,운림35,문화중,문화중,문화중
운림35,운림35,무등도서관,무등도서관,무등도서관
운림35,운림35,말바우시장(동),말바우시장(동),말바우시장(동)
운림35,운림35,동강대후문,동강대후문,동강대후문
운림35,운림35,청명아파트,청명아파트,청명아파트
운림35,운림35,덕산아파트,덕산아파트,덕산아파트
운림35,운림35,두암주공입구,두암주공입구,두암주공입구
운림35,운림35,교대금호어울림,교대금호어울림,교대금호어울림
운림35,운림35,풍향시장,풍향시장,풍향시장
운림35,운림35,두암타운후문,두암타운후문,두암타운후문
운림35,운림35,율곡초교,율곡초교,율곡초교
운림35,운림35,호남맨션,호남맨션,호남맨션
운림35,운림35,산수2동행정복지센터,산수2동행정복지센터,산수2동행정복지센터
운림35,운림35,동산아파트,동산아파트,동산아파트
운림35,운림35,동산초교,동산초교,동산초교
운림35,운림35,법원,법원,법원
운림35,운림35,살레시오여고,살레시오여고,살레시오여고
운림35,운림35,조선대,조선대,조선대
운림35,운림35,조선대공과대학,조선대공과대학,조선대공과대학
운림35,운림35,남광주사거리,남광주사거리,남광주사거리
운림35,운림35,조선대병원,조선대병원,조선대병원
운림35,운림35,학동증심사입구역,학동증심사입구역,학동증심사입구역
운림35,운림35,학2마을아파트,학2마을아파트,학2마을아파트
운림35,운림35,학동평화맨션,학동평화맨션,학동평화맨션
운림35,운림35,홍림교,홍림교,홍림교
운림35,운림35,연진회미술원,연진회미술원,연진회미술원
운림35,운림35,운림중,운림중,운림중
운림35,운림35,학운초교,학운초교,학운초교
운림35,운림35,성촌마을/전통문화관,성촌마을/전통문화관,성촌마을/전통문화관
운림35,운림35,무등산국립공원(증심사),무등산국립공원(증심사),무등산국립공원(증심사)
운림35,운림35,동산마을입구,동산마을입구,동산마을입구
운림35,운림35,학동무등파크,학동무등파크,학동무등파크
운림35,운림35,성산맨션,성산맨션,성산맨션
운림35,운림35,문흥지구입구(동),문흥지구입구(동),문흥지구입구(동)
운림35,운림35,도동고개,도동고개,도동고개
금호36,금호36,장등동,장등동,장등동
금호36,금호36,도선사,도선사,도선사
금호36,금호36,문흥지구입구(남),문흥지구입구(남),문흥지구입구(남)
금호36,금호36,농산물공판장,농산물공판장,농산물공판장
금호36,금호36,금호아파트,금호아파트,금호아파트
금호36,금호36,각화무등파크,각화무등파크,각화무등파크
금호36,금호36,신흥맨션,신흥맨션,신흥맨션
금호36,금호36,문화초교,문화초교,문화초교
금호36,금호36,두암라인동산아파트,두암라인동산아파트,두암라인동산아파트
금호36,금호36,대주빌라,대주빌라,대주빌라
금호36,금호36,삼정초교,삼정초교,삼정초교
금호36,금호36,두암주공아파트,두암주공아파트,두암주공아파트
금호36,금호36,율곡초교,율곡초교,율곡초교
금호36,금호36,호남맨션,호남맨션,호남맨션
금호36,금호36,산수2동행정복지센터,산수2동행정복지센터,산수2동행정복지센터
금호36,금호36,동산아파트,동산아파트,동산아파트
금호36,금호36,동산초교옆,동산초교옆,동산초교옆
금호36,금호36,지산2동행정복지센터,지산2동행정복지센터,지산2동행정복지센터
금호36,금호36,매일시장입구,매일시장입구,매일시장입구
금호36,금호36,살레시오여고,살레시오여고,살레시오여고
금호36,금호36,조선대,조선대,조선대
금호36,금호36,서남동행정복지센터,서남동행정복지센터,서남동행정복지센터
금호36,금호36,문화전당역,문화전당역,문화전당역
금호36,금호36,"국립아시아문화전당(구,도청)","국립아시아문화전당(구,도청)","국립아시아문화전당(구,도청)"
금호36,금호36,금남로4가역,금남로4가역,금남로4가역
금호36,금호36,금남로5가역,금남로5가역,금남로5가역
금호36,금호36,광주일고/광주고용센터,광주일고/광주고용센터,광주일고/광주고용센터
금호36,금호36,광주은행북부지점,광주은행북부지점,광주은행북부지점
금호36,금호36,양동시장역(북),양동시장역(북),양동시장역(북)
금호36,금호36,돌고개역(서),돌고개역(서),돌고개역(서)
금호36,금호36,서구청,서구청,서구청
금호36,금호36,농성SK뷰,농성SK뷰,농성SK뷰
금호36,금호36,화정중흥파크,화정중흥파크,화정중흥파크
금호36,금호36,신세계백화점,신세계백화점,신세계백화점
금호36,금호36,광주종합버스터미널,광주종합버스터미널,광주종합버스터미널
금호36,금호36,기아자동차,기아자동차,기아자동차
금호36,금호36,해태아파트,해태아파트,해태아파트
금호36,금호36,한국병원,한국병원,한국병원
금호36,금호36,상무1동행정복지센터,상무1동행정복지센터,상무1동행정복지센터
금호36,금호36,가톨릭대평생교육원,가톨릭대평생교육원,가톨릭대평생교육원
금호36,금호36,서광주우체국,서광주우체국,서광주우체국
금호36,금호36,쌍촌시영아파트,쌍촌시영아파트,쌍촌시영아파트
금호36,금호36,광주학생독립운동기념관,광주학생독립운동기념관,광주학생독립운동기념관
금호36,금호36,치평중,치평중,치평중
금호36,금호36,금호초교,금호초교,금호초교
금호36,금호36,CBS방송국,CBS방송국,CBS방송국
금호36,금호36,금호시영아파트,금호시영아파트,금호시영아파트
금호36,금호36,금호한국아파트,금호한국아파트,금호한국아파트
금호36,금호36,서창농협,서창농협,서창농협
금호36,금호36,만호초교,만호초교,만호초교
금호36,금호36,만호마을,만호마을,만호마을
금호36,금호36,무등교회,무등교회,무등교회
금호36,금호36,서광주역,서광주역,서광주역
금호36,금호36,동산교차로,동산교차로,동산교차로
금호36,금호36,동산교차로(북),동산교차로(북),동산교차로(북)
금호36,금호36,상무중,상무중,상무중
금호36,금호36,솔뫼타운,솔뫼타운,솔뫼타운
금호36,금호36,서광주한전,서광주한전,서광주한전
금호36,금호36,돌고개역(동),돌고개역(동),돌고개역(동)
금호36,금호36,각화초교,각화초교,각화초교
금호36,금호36,동광주진입로,동광주진입로,동광주진입로
금호36,금호36,문흥지구입구(동),문흥지구입구(동),문흥지구입구(동)
금호36,금호36,도동고개,도동고개,도동고개
봉선37,봉선37,송산유원지(종점),송산유원지(종점),송산유원지(종점)
봉선37,봉선37,송산유원지,송산유원지,송산유원지
봉선37,봉선37,동명고,동명고,동명고
봉선37,봉선37,서봉마을,서봉마을,서봉마을
봉선37,봉선37,샛터마을,샛터마을,샛터마을
봉선37,봉선37,호남대,호남대,호남대
봉선37,봉선37,선암,선암,선암
봉선37,봉선37,매방골,매방골,매방골
봉선37,봉선37,보문고,보문고,보문고
봉선37,봉선37,광산경찰서,광산경찰서,광산경찰서
봉선37,봉선37,송정한전,송정한전,송정한전
봉선37,봉선37,소촌서라아파트,소촌서라아파트,소촌서라아파트
봉선37,봉선37,중앙초교,중앙초교,중앙초교
봉선37,봉선37,정광고입구,정광고입구,정광고입구
봉선37,봉선37,어룡초교,어룡초교,어룡초교
봉선37,봉선37,소촌스위트밸리,소촌스위트밸리,소촌스위트밸리
봉선37,봉선37,광주인력개발원,광주인력개발원,광주인력개발원
봉선37,봉선37,광주지방경찰청입구,광주지방경찰청입구,광주지방경찰청입구
봉선37,봉선37,우산시영2단지(동),우산시영2단지(동),우산시영2단지(동)
봉선37,봉선37,우산리버힐아파트,우산리버힐아파트,우산리버힐아파트
봉선37,봉선37,광산중,광산중,광산중
봉선37,봉선37,어등초교,어등초교,어등초교
봉선37,봉선37,월곡일신아파트,월곡일신아파트,월곡일신아파트
봉선37,봉선37,월곡시장,월곡시장,월곡시장
봉선37,봉선37,대반초교,대반초교,대반초교
봉선37,봉선37,풍영정천1교,풍영정천1교,풍영정천1교
봉선37,봉선37,금구초교,금구초교,금구초교
봉선37,봉선37,목련마을8단지,목련마을8단지,목련마을8단지
봉선37,봉선37,목련마을,목련마을,목련마을
봉선37,봉선37,신가동,신가동,신가동
봉선37,봉선37,극락강역입구,극락강역입구,극락강역입구
봉선37,봉선37,풍영정입구,풍영정입구,풍영정입구
봉선37,봉선37,광신대교,광신대교,광신대교
봉선37,봉선37,동림 I.C 입구,동림 I.C 입구,동림IC입구
봉선37,봉선37,동천마을1단지,동천마을1단지,동천마을1단지
봉선37,봉선37,동천마을3단지,동천마을3단지,동천마을3단지
봉선37,봉선37,동림동천마을6단지,동림동천마을6단지,동림동천마을6단지
봉선37,봉선37,광암교입구,광암교입구,광암교입구
봉선37,봉선37,공구의거리,공구의거리,공구의거리
봉선37,봉선37,제2광천교,제2광천교,제2광천교
봉선37,봉선37,광천치안센터,광천치안센터,광천치안센터
봉선37,봉선37,신세계백화점,신세계백화점,신세계백화점
봉선37,봉선37,화정중흥파크,화정중흥파크,화정중흥파크
봉선37,봉선37,서구청,서구청,서구청
봉선37,봉선37,서광주한전,서광주한전,서광주한전
봉선37,봉선37,돌고개역(동),돌고개역(동),돌고개역(동)
봉선37,봉선37,양동시장역(북),양동시장역(북),양동시장역(북)
봉선37,봉선37,광주은행북부지점,광주은행북부지점,광주은행북부지점
봉선37,봉선37,수창초교후문,수창초교후문,수창초교후문
봉선37,봉선37,대인광장(서),대인광장(서),대인광장(서)
봉선37,봉선37,동부소방서,동부소방서,동부소방서
봉선37,봉선37,대인시장(서),대인시장(서),대인시장(서)
봉선37,봉선37,전남여고,전남여고,전남여고
봉선37,봉선37,동구청,동구청,동구청
봉선37,봉선37,전남대병원오거리,전남대병원오거리,전남대병원오거리
봉선37,봉선37,전남대병원/남광주시장,전남대병원/남광주시장,전남대병원/남광주시장
봉선37,봉선37,남광주역,남광주역,남광주역
봉선37,봉선37,학림교,학림교,학림교
봉선37,봉선37,방림삼거리,방림삼거리,방림삼거리
봉선37,봉선37,송림주택,송림주택,송림주택
봉선37,봉선37,라인효친,라인효친,라인효친
봉선37,봉선37,모아2차아파트,모아2차아파트,모아2차아파트
봉선37,봉선37,봉선삼익사거리,봉선삼익사거리,봉선삼익사거리
봉선37,봉선37,봉선삼익아파트(남),봉선삼익아파트(남),봉선삼익아파트(남)
봉선37,봉선37,봉선2동행정복지센터,봉선2동행정복지센터,봉선2동행정복지센터
봉선37,봉선37,남구문화예술회관,남구문화예술회관,남구문화예술회관
봉선37,봉선37,용산지구대성베르힐,용산지구대성베르힐,용산지구대성베르힐
봉선37,봉선37,용산지구모아엘가에듀파크,용산지구모아엘가에듀파크,용산지구모아엘가에듀파크
봉선37,봉선37,용산초교,용산초교,용산초교
봉선37,봉선37,지원2동주민센터,지원2동주민센터,지원2동주민센터
봉선37,봉선37,지원화훼단지,지원화훼단지,지원화훼단지
봉선37,봉선37,녹동,녹동,녹동
봉선37,봉선37,월남동,월남동,월남동
봉선37,봉선37,주남,주남,주남
봉선37,봉선37,돌고개역(서),돌고개역(서),돌고개역(서)
봉선37,봉선37,농성SK뷰,농성SK뷰,농성SK뷰
봉선37,봉선37,신세계백화점(북),신세계백화점(북),신세계백화점(북)
봉선37,봉선37,동천마을6단지,동천마을6단지,동천마을6단지
봉선37,봉선37,목련마을6단지,목련마을6단지,목련마을6단지
봉선37,봉선37,금구중,금구중,금구중
일곡38,일곡38,살레시오고,살레시오고,살레시오고
일곡38,일곡38,살레시오고입구,살레시오고입구,살레시오고입구
일곡38,일곡38,일곡삼호아파트,일곡삼호아파트,일곡삼호아파트
일곡38,일곡38,서일초교,서일초교,서일초교
일곡38,일곡38,일곡초교,일곡초교,일곡초교
일곡38,일곡38,일곡사거리,일곡사거리,일곡사거리
일곡38,일곡38,국제고,국제고,국제고
일곡38,일곡38,삼각그린타운,삼각그린타운,삼각그린타운
일곡38,일곡38,고려고,고려고,고려고
일곡38,일곡38,광주공고입구,광주공고입구,광주공고입구
일곡38,일곡38,북부경찰서,북부경찰서,북부경찰서
일곡38,일곡38,오치주공,오치주공,오치주공
일곡38,일곡38,오치한전,오치한전,오치한전
일곡38,일곡38,도로교통공단 대신파크,도로교통공단 대신파크,도로교통공단대신파크
일곡38,일곡38,전남대공과대학,전남대공과대학,전남대공과대학
일곡38,일곡38,전남대동문,전남대동문,전남대동문
일곡38,일곡38,북구청,북구청,북구청
일곡38,일곡38,평화맨션,평화맨션,평화맨션
일곡38,일곡38,말바우시장(서),말바우시장(서),말바우시장(서)
일곡38,일곡38,말바우시장(남),말바우시장(남),말바우시장(남)
일곡38,일곡38,동강대,동강대,동강대
일곡38,일곡38,서방시장(남),서방시장(남),서방시장(남)
일곡38,일곡38,서방사거리,서방사거리,서방사거리
일곡38,일곡38,구시청사거리,구시청사거리,구시청사거리
일곡38,일곡38,중흥1동행정복지센터,중흥1동행정복지센터,중흥1동행정복지센터
일곡38,일곡38,대인광장(동),대인광장(동),대인광장(동)
일곡38,일곡38,롯데백화점,롯데백화점,롯데백화점
일곡38,일곡38,광주일고/광주고용센터,광주일고/광주고용센터,광주일고/광주고용센터
일곡38,일곡38,북성중,북성중,북성중
일곡38,일곡38,요한병원,요한병원,요한병원
일곡38,일곡38,임동농협,임동농협,임동농협
일곡38,일곡38,임동행정복지센터,임동행정복지센터,임동행정복지센터
일곡38,일곡38,임동한국아델리움1차,임동한국아델리움1차,임동한국아델리움1차
일곡38,일곡38,광주기아챔피언스필드,광주기아챔피언스필드,광주기아챔피언스필드
일곡38,일곡38,무등야구장,무등야구장,무등야구장
일곡38,일곡38,제2광천교,제2광천교,제2광천교
일곡38,일곡38,광천치안센터,광천치안센터,광천치안센터
일곡38,일곡38,광주종합버스터미널,광주종합버스터미널,광주종합버스터미널
일곡38,일곡38,기아차중문,기아차중문,기아차중문
일곡38,일곡38,광명하이츠후문,광명하이츠후문,광명하이츠후문
일곡38,일곡38,버들마을,버들마을,버들마을
일곡38,일곡38,계수,계수,계수
일곡38,일곡38,시청,시청,시청
일곡38,일곡38,한국은행,한국은행,한국은행
일곡38,일곡38,한국국토정보공사,한국국토정보공사,한국국토정보공사
일곡38,일곡38,한국수자원공사,한국수자원공사,한국수자원공사
일곡38,일곡38,상무중흥아파트,상무중흥아파트,상무중흥아파트
일곡38,일곡38,일가정양립본부,일가정양립본부,일가정양립본부
일곡38,일곡38,보훈회관/518민주화운동교육관,보훈회관/518민주화운동교육관,보훈회관/518민주화운동교육관
일곡38,일곡38,김대중컨벤션센터,김대중컨벤션센터,김대중컨벤션센터
일곡38,일곡38,김대중컨벤션센터(마륵)역,김대중컨벤션센터(마륵)역,김대중컨벤션센터(마륵)역
일곡38,일곡38,월암,월암,월암
일곡38,일곡38,서창입구,서창입구,서창입구
일곡38,일곡38,장암마을,장암마을,장암마을
일곡38,일곡38,공항역,공항역,공항역
일곡38,일곡38,송정파출소(북),송정파출소(북),송정파출소(북)
일곡38,일곡38,송정공원역,송정공원역,송정공원역
일곡38,일곡38,영광통,영광통,영광통
일곡38,일곡38,금호타이어,금호타이어,금호타이어
일곡38,일곡38,송정한전,송정한전,송정한전
일곡38,일곡38,광산경찰서,광산경찰서,광산경찰서
일곡38,일곡38,보문고,보문고,보문고
일곡38,일곡38,매방골,매방골,매방골
일곡38,일곡38,선암,선암,선암
일곡38,일곡38,호남대,호남대,호남대
일곡38,일곡38,샛터마을,샛터마을,샛터마을
일곡38,일곡38,서봉마을,서봉마을,서봉마을
일곡38,일곡38,동명고,동명고,동명고
일곡38,일곡38,송산유원지,송산유원지,송산유원지
일곡38,일곡38,송산유원지(종점),송산유원지(종점),송산유원지(종점)
일곡38,일곡38,김대중컨벤션센터(마륵)역(북),김대중컨벤션센터(마륵)역(북),김대중컨벤션센터(마륵)역(북)
일곡38,일곡38,운천초교,운천초교,운천초교
일곡38,일곡38,상무대우아파트,상무대우아파트,상무대우아파트
일곡38,일곡38,성산맨션,성산맨션,성산맨션
문흥39,문흥39,장등동,장등동,장등동
문흥39,문흥39,도선사,도선사,도선사
문흥39,문흥39,문흥지구입구(서),문흥지구입구(서),문흥지구입구(서)
문흥39,문흥39,문흥라인동산아파트,문흥라인동산아파트,문흥라인동산아파트
문흥39,문흥39,문흥라인아파트,문흥라인아파트,문흥라인아파트
문흥39,문흥39,문흥명지아파트,문흥명지아파트,문흥명지아파트
문흥39,문흥39,문흥고가,문흥고가,문흥고가
문흥39,문흥39,광주병원,광주병원,광주병원
문흥39,문흥39,무등도서관,무등도서관,무등도서관
문흥39,문흥39,말바우시장(동),말바우시장(동),말바우시장(동)
문흥39,문흥39,말바우시장(남),말바우시장(남),말바우시장(남)
문흥39,문흥39,동강대,동강대,동강대
문흥39,문흥39,서방시장(남),서방시장(남),서방시장(남)
문흥39,문흥39,계림사거리,계림사거리,계림사거리
문흥39,문흥39,광주고/419역사관,광주고/419역사관,광주고/419역사관
문흥39,문흥39,대인시장(동),대인시장(동),대인시장(동)
문흥39,문흥39,예술의거리입구,예술의거리입구,예술의거리입구
문흥39,문흥39,금남로4가역,금남로4가역,금남로4가역
문흥39,문흥39,금남로5가역,금남로5가역,금남로5가역
문흥39,문흥39,광주일고/광주고용센터,광주일고/광주고용센터,광주일고/광주고용센터
문흥39,문흥39,광주은행북부지점,광주은행북부지점,광주은행북부지점
문흥39,문흥39,양동시장역(남),양동시장역(남),양동시장역(남)
문흥39,문흥39,돌고개역(동),돌고개역(동),돌고개역(동)
문흥39,문흥39,돌고개역(서),돌고개역(서),돌고개역(서)
문흥39,문흥39,서구청,서구청,서구청
문흥39,문흥39,농성SK뷰,농성SK뷰,농성SK뷰
문흥39,문흥39,화정중흥파크,화정중흥파크,화정중흥파크
문흥39,문흥39,신세계백화점,신세계백화점,신세계백화점
문흥39,문흥39,광주종합버스터미널,광주종합버스터미널,광주종합버스터미널
문흥39,문흥39,기아차중문,기아차중문,기아차중문
문흥39,문흥39,광명하이츠후문,광명하이츠후문,광명하이츠후문
문흥39,문흥39,유덕초교,유덕초교,유덕초교
문흥39,문흥39,칠성마을사거리,칠성마을사거리,칠성마을사거리
문흥39,문흥39,동천동행정복지센터,동천동행정복지센터,동천동행정복지센터
문흥39,문흥39,동천마을3단지,동천마을3단지,동천마을3단지
문흥39,문흥39,동천마을1단지,동천마을1단지,동천마을1단지
문흥39,문흥39,동림 I.C 입구,동림 I.C 입구,동림IC입구
문흥39,문흥39,광신대교,광신대교,광신대교
문흥39,문흥39,풍영정입구,풍영정입구,풍영정입구
문흥39,문흥39,극락강역입구,극락강역입구,극락강역입구
문흥39,문흥39,신가동,신가동,신가동
문흥39,문흥39,목련마을,목련마을,목련마을
문흥39,문흥39,목련마을8단지,목련마을8단지,목련마을8단지
문흥39,문흥39,수완중흥S-클래스 2차,수완중흥S-클래스 2차,수완중흥S-클래스2차
문흥39,문흥39,수완새한포유,수완새한포유,수완새한포유
문흥39,문흥39,성덕마을,성덕마을,성덕마을
문흥39,문흥39,수완현진에버빌1차,수완현진에버빌1차,수완현진에버빌1차
문흥39,문흥39,수완우미린2차,수완우미린2차,수완우미린2차
문흥39,문흥39,도천저수지,도천저수지,도천저수지
문흥39,문흥39,응암공원,응암공원,응암공원
문흥39,문흥39,첨단라인아파트,첨단라인아파트,첨단라인아파트
문흥39,문흥39,첨단1동행정복지센터,첨단1동행정복지센터,첨단1동행정복지센터
문흥39,문흥39,광주교통방송,광주교통방송,광주교통방송
문흥39,문흥39,정부광주지방합동청사,정부광주지방합동청사,정부광주지방합동청사
문흥39,문흥39,국립광주과학관,국립광주과학관,국립광주과학관
문흥39,문흥39,대창운수,대창운수,대창운수
문흥39,문흥39,첨단사거리,첨단사거리,첨단사거리
문흥39,문흥39,서광주한전,서광주한전,서광주한전
문흥39,문흥39,문흥지구입구(동),문흥지구입구(동),문흥지구입구(동)
문흥39,문흥39,도동고개,도동고개,도동고개
첨단40,첨단40,첨단,첨단,첨단
첨단40,첨단40,고내입구,고내입구,고내입구
첨단40,첨단40,대촌마을입구,대촌마을입구,대촌마을입구
첨단40,첨단40,한국광기술원,한국광기술원,한국광기술원
첨단40,첨단40,광주테크노파크후문,광주테크노파크후문,광주테크노파크후문
첨단40,첨단40,광주테크노파크,광주테크노파크,광주테크노파크
첨단40,첨단40,산업인력공단,산업인력공단,산업인력공단
첨단40,첨단40,첨단삼성전자,첨단삼성전자,첨단삼성전자
첨단40,첨단40,정부광주지방합동청사입구,정부광주지방합동청사입구,정부광주지방합동청사입구
첨단40,첨단40,광주교통방송/광주디자인센터,광주교통방송/광주디자인센터,광주교통방송/광주디자인센터
첨단40,첨단40,첨단1동행정복지센터,첨단1동행정복지센터,첨단1동행정복지센터
첨단40,첨단40,첨단사거리,첨단사거리,첨단사거리
첨단40,첨단40,첨단라인아파트,첨단라인아파트,첨단라인아파트
첨단40,첨단40,첨단라인8차아파트,첨단라인8차아파트,첨단라인8차아파트
첨단40,첨단40,산월초교입구,산월초교입구,산월초교입구
첨단40,첨단40,방송통신대,방송통신대,방송통신대
첨단40,첨단40,무양서원,무양서원,무양서원
첨단40,첨단40,봉산중,봉산중,봉산중
첨단40,첨단40,보훈병원후문,보훈병원후문,보훈병원후문
첨단40,첨단40,보훈병원,보훈병원,보훈병원
첨단40,첨단40,전자공고,전자공고,전자공고
첨단40,첨단40,신창호반아파트,신창호반아파트,신창호반아파트
첨단40,첨단40,수문초교입구,수문초교입구,수문초교입구
첨단40,첨단40,진흥고,진흥고,진흥고
첨단40,첨단40,보건대후문,보건대후문,보건대후문
첨단40,첨단40,신창부영1차아파트,신창부영1차아파트,신창부영1차아파트
첨단40,첨단40,신창동우체국,신창동우체국,신창동우체국
첨단40,첨단40,신가중,신가중,신가중
첨단40,첨단40,신가우미아파트,신가우미아파트,신가우미아파트
첨단40,첨단40,신가주공아파트,신가주공아파트,신가주공아파트
첨단40,첨단40,신가사거리,신가사거리,신가사거리
첨단40,첨단40,극락강역입구,극락강역입구,극락강역입구
첨단40,첨단40,신가동,신가동,신가동
첨단40,첨단40,목련마을,목련마을,목련마을
첨단40,첨단40,목련마을6단지,목련마을6단지,목련마을6단지
첨단40,첨단40,금구중,금구중,금구중
첨단40,첨단40,풍영정천1교,풍영정천1교,풍영정천1교
첨단40,첨단40,대반초교,대반초교,대반초교
첨단40,첨단40,월곡시장,월곡시장,월곡시장
첨단40,첨단40,월곡일신아파트,월곡일신아파트,월곡일신아파트
첨단40,첨단40,하남중,하남중,하남중
첨단40,첨단40,광주여대,광주여대,광주여대
첨단40,첨단40,우산시영2단지(서),우산시영2단지(서),우산시영2단지(서)
첨단40,첨단40,광주지방경찰청입구,광주지방경찰청입구,광주지방경찰청입구
첨단40,첨단40,광주지방경찰청,광주지방경찰청,광주지방경찰청
첨단40,첨단40,소촌라인2차아파트,소촌라인2차아파트,소촌라인2차아파트
첨단40,첨단40,소촌남계길,소촌남계길,소촌남계길
첨단40,첨단40,아리랑고개,아리랑고개,아리랑고개
첨단40,첨단40,송정I.C,송정I.C,송정IC
첨단40,첨단40,송정모아아파트,송정모아아파트,송정모아아파트
첨단40,첨단40,상전,상전,상전
첨단40,첨단40,송정대덕아파트,송정대덕아파트,송정대덕아파트
첨단40,첨단40,송정초교,송정초교,송정초교
첨단40,첨단40,도산동행정복지센터,도산동행정복지센터,도산동행정복지센터
첨단40,첨단40,송정호반아파트,송정호반아파트,송정호반아파트
첨단40,첨단40,공군부대후문,공군부대후문,공군부대후문
첨단40,첨단40,공군부대,공군부대,공군부대
첨단40,첨단40,도산파출소,도산파출소,도산파출소
첨단40,첨단40,도산동,도산동,도산동
첨단40,첨단40,송정파출소(남),송정파출소(남),송정파출소(남)
첨단40,첨단40,금구초교,금구초교,금구초교
첨단40,첨단40,목련마을8단지,목련마을8단지,목련마을8단지
첨단40,첨단40,응암공원,응암공원,응암공원
지원45,지원45,도산동,도산동,도산동
지원45,지원45,도산파출소,도산파출소,도산파출소
지원45,지원45,공군부대,공군부대,공군부대
지원45,지원45,공군부대후문,공군부대후문,공군부대후문
지원45,지원45,송정호반아파트,송정호반아파트,송정호반아파트
지원45,지원45,도산동행정복지센터,도산동행정복지센터,도산동행정복지센터
지원45,지원45,송정초교,송정초교,송정초교
지원45,지원45,송정대덕아파트,송정대덕아파트,송정대덕아파트
지원45,지원45,상전,상전,상전
지원45,지원45,송정모아아파트,송정모아아파트,송정모아아파트
지원45,지원45,송정파출소(남),송정파출소(남),송정파출소(남)
지원45,지원45,공항역,공항역,공항역
지원45,지원45,장암마을,장암마을,장암마을
지원45,지원45,보훈회관(서),보훈회관(서),보훈회관(서)
지원45,지원45,일가정양립지원본부,일가정양립지원본부,일가정양립지원본부
지원45,지원45,상무해광한신아파트,상무해광한신아파트,상무해광한신아파트
지원45,지원45,계수초교,계수초교,계수초교
지원45,지원45,상무대우아파트,상무대우아파트,상무대우아파트
지원45,지원45,시청,시청,시청
지원45,지원45,5.18기념공원,5.18기념공원,518기념공원
지원45,지원45,상무병원,상무병원,상무병원
지원45,지원45,운천저수지,운천저수지,운천저수지
지원45,지원45,금호초교,금호초교,금호초교
지원45,지원45,CBS방송국,CBS방송국,CBS방송국
지원45,지원45,금호시영아파트,금호시영아파트,금호시영아파트
지원45,지원45,금호한국아파트,금호한국아파트,금호한국아파트
지원45,지원45,서구문화센터,서구문화센터,서구문화센터
지원45,지원45,마재대주아파트,마재대주아파트,마재대주아파트
지원45,지원45,마재부영아파트,마재부영아파트,마재부영아파트
지원45,지원45,마재우체국,마재우체국,마재우체국
지원45,지원45,풍암저수지,풍암저수지,풍암저수지
지원45,지원45,풍암모아아파트,풍암모아아파트,풍암모아아파트
지원45,지원45,풍암한신아파트,풍암한신아파트,풍암한신아파트
지원45,지원45,풍암한국아파트,풍암한국아파트,풍암한국아파트
지원45,지원45,신암마을,신암마을,신암마을
지원45,지원45,풍암금호아파트,풍암금호아파트,풍암금호아파트
지원45,지원45,풍암우미아파트,풍암우미아파트,풍암우미아파트
지원45,지원45,원광대한방병원,원광대한방병원,원광대한방병원
지원45,지원45,금당중,금당중,금당중
지원45,지원45,서남하이츠/광주국제양궁장,서남하이츠/광주국제양궁장,서남하이츠/광주국제양궁장
지원45,지원45,무등시장입구(남),무등시장입구(남),무등시장입구(남)
지원45,지원45,백운초교(남),백운초교(남),백운초교(남)
지원45,지원45,까치고개,까치고개,까치고개
지원45,지원45,대성사거리,대성사거리,대성사거리
지원45,지원45,대성초교,대성초교,대성초교
지원45,지원45,향교,향교,향교
지원45,지원45,중앙대교(서),중앙대교(서),중앙대교(서)
지원45,지원45,충장치안센터,충장치안센터,충장치안센터
지원45,지원45,"국립아시아문화전당(구,도청)","국립아시아문화전당(구,도청)","국립아시아문화전당(구,도청)"
지원45,지원45,문화전당역,문화전당역,문화전당역
지원45,지원45,전남대병원오거리,전남대병원오거리,전남대병원오거리
지원45,지원45,전남대병원/남광주시장,전남대병원/남광주시장,전남대병원/남광주시장
지원45,지원45,남광주사거리,남광주사거리,남광주사거리
지원45,지원45,조선대병원,조선대병원,조선대병원
지원45,지원45,학동증심사입구역,학동증심사입구역,학동증심사입구역
지원45,지원45,삼익세라믹,삼익세라믹,삼익세라믹
지원45,지원45,동구문화센터,동구문화센터,동구문화센터
지원45,지원45,광주남초교,광주남초교,광주남초교
지원45,지원45,소태역,소태역,소태역
지원45,지원45,지원2동행정복지센터입구,지원2동행정복지센터입구,지원2동행정복지센터입구
지원45,지원45,녹동,녹동,녹동
지원45,지원45,월남동,월남동,월남동
지원45,지원45,주남,주남,주남
지원45,지원45,지원화훼단지,지원화훼단지,지원화훼단지
지원45,지원45,광주세무서,광주세무서,광주세무서
지원45,지원45,상무중,상무중,상무중
지원45,지원45,한국은행,한국은행,한국은행
지원45,지원45,한국국토정보공사,한국국토정보공사,한국국토정보공사
금호46,금호46,대창운수,대창운수,대창운수
금호46,금호46,국립광주과학관,국립광주과학관,국립광주과학관
금호46,금호46,정부광주지방합동청사,정부광주지방합동청사,정부광주지방합동청사
금호46,금호46,정부광주지방합동청사입구,정부광주지방합동청사입구,정부광주지방합동청사입구
금호46,금호46,폭스존,폭스존,폭스존
금호46,금호46,첨단롯데마트,첨단롯데마트,첨단롯데마트
금호46,금호46,첨단호반3차아파트,첨단호반3차아파트,첨단호반3차아파트
금호46,금호46,첨단부영아파트,첨단부영아파트,첨단부영아파트
금호46,금호46,첨단2동행정복지센터,첨단2동행정복지센터,첨단2동행정복지센터
금호46,금호46,첨단사거리,첨단사거리,첨단사거리
금호46,금호46,첨단라인아파트,첨단라인아파트,첨단라인아파트
금호46,금호46,응암공원,응암공원,응암공원
금호46,금호46,도천저수지,도천저수지,도천저수지
금호46,금호46,수완우미린2차,수완우미린2차,수완우미린2차
금호46,금호46,수완현진에버빌1차,수완현진에버빌1차,수완현진에버빌1차
금호46,금호46,수완모아엘가,수완모아엘가,수완모아엘가
금호46,금호46,광주농수산물유통센터(북),광주농수산물유통센터(북),광주농수산물유통센터(북)
금호46,금호46,수완중흥S-클래스 1차,수완중흥S-클래스 1차,수완중흥S-클래스1차
금호46,금호46,목련마을6단지,목련마을6단지,목련마을6단지
금호46,금호46,운남삼성아파트,운남삼성아파트,운남삼성아파트
금호46,금호46,광산구노인복지회관,광산구노인복지회관,광산구노인복지회관
금호46,금호46,영천초교,영천초교,영천초교
금호46,금호46,월곡시장,월곡시장,월곡시장
금호46,금호46,월곡일신아파트,월곡일신아파트,월곡일신아파트
금호46,금호46,하남중,하남중,하남중
금호46,금호46,광주여대,광주여대,광주여대
금호46,금호46,광산우산동행정복지센터,광산우산동행정복지센터,광산우산동행정복지센터
금호46,금호46,광주무역회관,광주무역회관,광주무역회관
금호46,금호46,계수,계수,계수
금호46,금호46,버들마을,버들마을,버들마을
금호46,금호46,상무호반3차,상무호반3차,상무호반3차
금호46,금호46,모아제일아파트,모아제일아파트,모아제일아파트
금호46,금호46,5.18기념문화센터,5.18기념문화센터,518기념문화센터
금호46,금호46,시청,시청,시청
금호46,금호46,한국은행,한국은행,한국은행
금호46,금호46,한국국토정보공사,한국국토정보공사,한국국토정보공사
금호46,금호46,한국수자원공사,한국수자원공사,한국수자원공사
금호46,금호46,농협운천지점,농협운천지점,농협운천지점
금호46,금호46,상무지구입구,상무지구입구,상무지구입구
금호46,금호46,운천저수지,운천저수지,운천저수지
금호46,금호46,금호초교,금호초교,금호초교
금호46,금호46,CBS방송국,CBS방송국,CBS방송국
금호46,금호46,금호시영아파트,금호시영아파트,금호시영아파트
금호46,금호46,금호한국아파트,금호한국아파트,금호한국아파트
금호46,금호46,서창농협,서창농협,서창농협
금호46,금호46,만호초교,만호초교,만호초교
금호46,금호46,만호마을,만호마을,만호마을
금호46,금호46,무등교회,무등교회,무등교회
금호46,금호46,서광주역,서광주역,서광주역
금호46,금호46,동산교차로,동산교차로,동산교차로
금호46,금호46,동산교차로(북),동산교차로(북),동산교차로(북)
금호46,금호46,상무중,상무중,상무중
송암47,송암47,장등동,장등동,장등동
송암47,송암47,도선사,도선사,도선사
송암47,송암47,문흥지구입구(남),문흥지구입구(남),문흥지구입구(남)
송암47,송암47,농산물공판장,농산물공판장,농산물공판장
송암47,송암47,동광주진입로,동광주진입로,동광주진입로
송암47,송암47,광주병원,광주병원,광주병원
송암47,송암47,무등도서관,무등도서관,무등도서관
송암47,송암47,말바우시장(동),말바우시장(동),말바우시장(동)
송암47,송암47,말바우시장(남),말바우시장(남),말바우시장(남)
송암47,송암47,동강대,동강대,동강대
송암47,송암47,서방시장(남),서방시장(남),서방시장(남)
송암47,송암47,서방사거리,서방사거리,서방사거리
송암47,송암47,전대동창회관,전대동창회관,전대동창회관
송암47,송암47,광주역육교,광주역육교,광주역육교
송암47,송암47,전남대사거리(동),전남대사거리(동),전남대사거리(동)
송암47,송암47,용봉초교,용봉초교,용봉초교
송암47,송암47,신안교,신안교,신안교
송암47,송암47,광주지방기상청,광주지방기상청,광주지방기상청
송암47,송암47,경신여고,경신여고,경신여고
송암47,송암47,제2광천교,제2광천교,제2광천교
송암47,송암47,광천치안센터,광천치안센터,광천치안센터
송암47,송암47,광주종합버스터미널,광주종합버스터미널,광주종합버스터미널
송암47,송암47,기아자동차,기아자동차,기아자동차
송암47,송암47,해태아파트,해태아파트,해태아파트
송암47,송암47,한국병원,한국병원,한국병원
송암47,송암47,상무1동행정복지센터,상무1동행정복지센터,상무1동행정복지센터
송암47,송암47,가톨릭대평생교육원,가톨릭대평생교육원,가톨릭대평생교육원
송암47,송암47,서광주우체국,서광주우체국,서광주우체국
송암47,송암47,염주사거리(서),염주사거리(서),염주사거리(서)
송암47,송암47,염주주공,염주주공,염주주공
송암47,송암47,염주체육관,염주체육관,염주체육관
송암47,송암47,주월명지아파트,주월명지아파트,주월명지아파트
송암47,송암47,봉주초교,봉주초교,봉주초교
송암47,송암47,광주국제양궁장,광주국제양궁장,광주국제양궁장
송암47,송암47,서남하이츠/광주국제양궁장,서남하이츠/광주국제양궁장,서남하이츠/광주국제양궁장
송암47,송암47,금당중,금당중,금당중
송암47,송암47,원광대한방병원,원광대한방병원,원광대한방병원
송암47,송암47,풍암우미아파트,풍암우미아파트,풍암우미아파트
송암47,송암47,풍암금호아파트,풍암금호아파트,풍암금호아파트
송암47,송암47,신암마을,신암마을,신암마을
송암47,송암47,풍암한국아파트,풍암한국아파트,풍암한국아파트
송암47,송암47,풍암한신아파트,풍암한신아파트,풍암한신아파트
송암47,송암47,풍암모아아파트,풍암모아아파트,풍암모아아파트
송암47,송암47,풍암저수지,풍암저수지,풍암저수지
송암47,송암47,마재우체국,마재우체국,마재우체국
송암47,송암47,풍암사거리(동),풍암사거리(동),풍암사거리(동)
송암47,송암47,매월종합상가입구,매월종합상가입구,매월종합상가입구
송암47,송암47,운리마을,운리마을,운리마을
송암47,송암47,동명회/송원고,동명회/송원고,동명회/송원고
송암47,송암47,송원대,송원대,송원대
송암47,송암47,송암공단입구,송암공단입구,송암공단입구
송암47,송암47,남선산업,남선산업,남선산업
송암47,송암47,송하삼익아파트,송하삼익아파트,송하삼익아파트
송암47,송암47,금호타운아파트,금호타운아파트,금호타운아파트
송암47,송암47,광주대,광주대,광주대
송암47,송암47,구암,구암,구암
송암47,송암47,빛고을CC,빛고을CC,빛고을CC
송암47,송암47,빛고을노인건강타운,빛고을노인건강타운,빛고을노인건강타운
송암47,송암47,고령친화종합체험관,고령친화종합체험관,고령친화종합체험관
송암47,송암47,빛고을전남대병원,빛고을전남대병원,빛고을전남대병원
송암47,송암47,시립제2요양병원,시립제2요양병원,시립제2요양병원
송암47,송암47,풍암대주아파트,풍암대주아파트,풍암대주아파트
송암47,송암47,솔뫼타운,솔뫼타운,솔뫼타운
송암47,송암47,문흥지구입구(동),문흥지구입구(동),문흥지구입구(동)
송암47,송암47,도동고개,도동고개,도동고개
수완49,수완49,무등산국립공원(증심사),무등산국립공원(증심사),무등산국립공원(증심사)
수완49,수완49,성촌마을/전통문화관,성촌마을/전통문화관,성촌마을/전통문화관
수완49,수완49,학운초교,학운초교,학운초교
수완49,수완49,동산마을입구,동산마을입구,동산마을입구
수완49,수완49,운림중,운림중,운림중
수완49,수완49,연진회미술원,연진회미술원,연진회미술원
수완49,수완49,홍림교,홍림교,홍림교
수완49,수완49,학동무등파크,학동무등파크,학동무등파크
수완49,수완49,학동증심사입구역,학동증심사입구역,학동증심사입구역
수완49,수완49,조선대병원,조선대병원,조선대병원
수완49,수완49,전남대병원/남광주시장,전남대병원/남광주시장,전남대병원/남광주시장
수완49,수완49,전남대병원오거리,전남대병원오거리,전남대병원오거리
수완49,수완49,동구청,동구청,동구청
수완49,수완49,전남여고,전남여고,전남여고
수완49,수완49,예술의거리입구,예술의거리입구,예술의거리입구
수완49,수완49,금남로4가역,금남로4가역,금남로4가역
수완49,수완49,금남로5가역,금남로5가역,금남로5가역
수완49,수완49,광주일고/광주고용센터,광주일고/광주고용센터,광주일고/광주고용센터
수완49,수완49,유동사거리,유동사거리,유동사거리
수완49,수완49,NC백화점,NC백화점,NC백화점
수완49,수완49,광주역,광주역,광주역
수완49,수완49,신안사거리,신안사거리,신안사거리
수완49,수완49,전남대사거리(서),전남대사거리(서),전남대사거리(서)
수완49,수완49,용봉초교,용봉초교,용봉초교
수완49,수완49,신안교,신안교,신안교
수완49,수완49,광주지방기상청,광주지방기상청,광주지방기상청
수완49,수완49,경신여고,경신여고,경신여고
수완49,수완49,운암시장,운암시장,운암시장
수완49,수완49,운암3단지,운암3단지,운암3단지
수완49,수완49,운암초교,운암초교,운암초교
수완49,수완49,서영대,서영대,서영대
수완49,수완49,동천우미린아파트,동천우미린아파트,동천우미린아파트
수완49,수완49,동천마을3단지,동천마을3단지,동천마을3단지
수완49,수완49,동천마을1단지,동천마을1단지,동천마을1단지
수완49,수완49,동림I.C입구,동림I.C입구,동림IC입구
수완49,수완49,광신대교,광신대교,광신대교
수완49,수완49,풍영정입구,풍영정입구,풍영정입구
수완49,수완49,신가사거리,신가사거리,신가사거리
수완49,수완49,신가주공아파트,신가주공아파트,신가주공아파트
수완49,수완49,명진고,명진고,명진고
수완49,수완49,수완아름공원,수완아름공원,수완아름공원
수완49,수완49,큰별초교,큰별초교,큰별초교
수완49,수완49,광주농수산물유통센터(서),광주농수산물유통센터(서),광주농수산물유통센터(서)
수완49,수완49,수완새한포유,수완새한포유,수완새한포유
수완49,수완49,장덕마을,장덕마을,장덕마을
수완49,수완49,고실마을,고실마을,고실마을
수완49,수완49,수완양우내안애,수완양우내안애,수완양우내안애
수완49,수완49,골옷교,골옷교,골옷교
수완49,수완49,하완마을,하완마을,하완마을
수완49,수완49,수완동공원,수완동공원,수완동공원
수완49,수완49,수완지구(KS병원),수완지구(KS병원),수완지구(KS병원)
수완49,수완49,운암벽산블루밍,운암벽산블루밍,운암벽산블루밍
수완49,수완49,문화예술회관,문화예술회관,문화예술회관
수완49,수완49,남광주사거리,남광주사거리,남광주사거리
수완49,수완49,학2마을아파트,학2마을아파트,학2마을아파트
수완49,수완49,학동평화맨션,학동평화맨션,학동평화맨션
운림50,운림50,세하동,세하동,세하동
운림50,운림50,동하,동하,동하
운림50,운림50,마산(서창),마산(서창),마산(서창)
운림50,운림50,서창농협벽진지점,서창농협벽진지점,서창농협벽진지점
운림50,운림50,서창사거리,서창사거리,서창사거리
운림50,운림50,서창입구,서창입구,서창입구
운림50,운림50,월암,월암,월암
운림50,운림50,김대중컨벤션센터(마륵)역,김대중컨벤션센터(마륵)역,김대중컨벤션센터(마륵)역
운림50,운림50,전남고,전남고,전남고
운림50,운림50,상무금호아파트,상무금호아파트,상무금호아파트
운림50,운림50,상무중흥아파트,상무중흥아파트,상무중흥아파트
운림50,운림50,한국수자원공사,한국수자원공사,한국수자원공사
운림50,운림50,한국국토정보공사,한국국토정보공사,한국국토정보공사
운림50,운림50,한국은행,한국은행,한국은행
운림50,운림50,시청,시청,시청
운림50,운림50,5.18기념공원,5.18기념공원,518기념공원
운림50,운림50,상무병원,상무병원,상무병원
운림50,운림50,운천저수지,운천저수지,운천저수지
운림50,운림50,상무중,상무중,상무중
운림50,운림50,광주학생독립운동기념관,광주학생독립운동기념관,광주학생독립운동기념관
운림50,운림50,쌍촌시영아파트,쌍촌시영아파트,쌍촌시영아파트
운림50,운림50,보건환경연구원,보건환경연구원,보건환경연구원
운림50,운림50,염주사거리(동),염주사거리(동),염주사거리(동)
운림50,운림50,염주맨션,염주맨션,염주맨션
운림50,운림50,주월초교,주월초교,주월초교
운림50,운림50,월산마을,월산마을,월산마을
운림50,운림50,제일맨션,제일맨션,제일맨션
운림50,운림50,명지맨션,명지맨션,명지맨션
운림50,운림50,무등시장,무등시장,무등시장
운림50,운림50,무등시장입구(북),무등시장입구(북),무등시장입구(북)
운림50,운림50,백운초교(남),백운초교(남),백운초교(남)
운림50,운림50,백운우체국,백운우체국,백운우체국
운림50,운림50,남구청,남구청,남구청
운림50,운림50,주월중입구,주월중입구,주월중입구
운림50,운림50,제석초교,제석초교,제석초교
운림50,운림50,봉선라인광장,봉선라인광장,봉선라인광장
운림50,운림50,모아2차아파트,모아2차아파트,모아2차아파트
운림50,운림50,라인효친,라인효친,라인효친
운림50,운림50,송림주택,송림주택,송림주택
운림50,운림50,방림삼거리,방림삼거리,방림삼거리
운림50,운림50,학림교,학림교,학림교
운림50,운림50,남광주역,남광주역,남광주역
운림50,운림50,남광주사거리,남광주사거리,남광주사거리
운림50,운림50,조선대병원,조선대병원,조선대병원
운림50,운림50,학동증심사입구역,학동증심사입구역,학동증심사입구역
운림50,운림50,학2마을아파트,학2마을아파트,학2마을아파트
운림50,운림50,학동평화맨션,학동평화맨션,학동평화맨션
운림50,운림50,홍림교,홍림교,홍림교
운림50,운림50,연진회미술원,연진회미술원,연진회미술원
운림50,운림50,운림중,운림중,운림중
운림50,운림50,학운초교,학운초교,학운초교
운림50,운림50,성촌마을/전통문화관,성촌마을/전통문화관,성촌마을/전통문화관
운림50,운림50,무등산국립공원(증심사),무등산국립공원(증심사),무등산국립공원(증심사)
운림50,운림50,동산마을입구,동산마을입구,동산마을입구
운림50,운림50,학동무등파크,학동무등파크,학동무등파크
운림50,운림50,염주사거리(서),염주사거리(서),염주사거리(서)
운림50,운림50,치평중,치평중,치평중
운림51,운림51,첨단,첨단,첨단
운림51,운림51,고내입구,고내입구,고내입구
운림51,운림51,대촌마을입구,대촌마을입구,대촌마을입구
운림51,운림51,대촌마을,대촌마을,대촌마을
운림51,운림51,은혜학교,은혜학교,은혜학교
운림51,운림51,앰코코리아,앰코코리아,앰코코리아
운림51,운림51,국립광주과학관,국립광주과학관,국립광주과학관
운림51,운림51,한국생산기술연구원,한국생산기술연구원,한국생산기술연구원
운림51,운림51,한국전자통신연구원,한국전자통신연구원,한국전자통신연구원
운림51,운림51,과기원,과기원,과기원
운림51,운림51,쌍암공원,쌍암공원,쌍암공원
운림51,운림51,첨단1동행정복지센터,첨단1동행정복지센터,첨단1동행정복지센터
운림51,운림51,첨단2동행정복지센터,첨단2동행정복지센터,첨단2동행정복지센터
운림51,운림51,첨단부영아파트,첨단부영아파트,첨단부영아파트
운림51,운림51,첨단호반3차아파트,첨단호반3차아파트,첨단호반3차아파트
운림51,운림51,첨단생활체육공원,첨단생활체육공원,첨단생활체육공원
운림51,운림51,보훈병원,보훈병원,보훈병원
운림51,운림51,전자공고,전자공고,전자공고
운림51,운림51,신창초교,신창초교,신창초교
운림51,운림51,신창중,신창중,신창중
운림51,운림51,신창부영1차아파트,신창부영1차아파트,신창부영1차아파트
운림51,운림51,보건대후문,보건대후문,보건대후문
운림51,운림51,전남공고,전남공고,전남공고
운림51,운림51,전남공고입구,전남공고입구,전남공고입구
운림51,운림51,보건대입구,보건대입구,보건대입구
운림51,운림51,반촌,반촌,반촌
운림51,운림51,산동교,산동교,산동교
운림51,운림51,동림푸른마을,동림푸른마을,동림푸른마을
운림51,운림51,시립장애인복지관,시립장애인복지관,시립장애인복지관
운림51,운림51,운암우미아파트,운암우미아파트,운암우미아파트
운림51,운림51,운암중,운암중,운암중
운림51,운림51,운암3단지,운암3단지,운암3단지
운림51,운림51,운암벽산블루밍,운암벽산블루밍,운암벽산블루밍
운림51,운림51,문화예술회관,문화예술회관,문화예술회관
운림51,운림51,운암시장,운암시장,운암시장
운림51,운림51,경신여고,경신여고,경신여고
운림51,운림51,광주기아챔피언스필드,광주기아챔피언스필드,광주기아챔피언스필드
운림51,운림51,임동한국아델리움1차,임동한국아델리움1차,임동한국아델리움1차
운림51,운림51,임동행정복지센터,임동행정복지센터,임동행정복지센터
운림51,운림51,임동농협,임동농협,임동농협
운림51,운림51,북성중,북성중,북성중
운림51,운림51,광주일고/광주고용센터,광주일고/광주고용센터,광주일고/광주고용센터
운림51,운림51,금남로5가역,금남로5가역,금남로5가역
운림51,운림51,금남로4가역,금남로4가역,금남로4가역
운림51,운림51,"국립아시아문화전당(구,도청)","국립아시아문화전당(구,도청)","국립아시아문화전당(구,도청)"
운림51,운림51,문화전당역,문화전당역,문화전당역
운림51,운림51,전남대병원오거리,전남대병원오거리,전남대병원오거리
운림51,운림51,전남대병원/남광주시장,전남대병원/남광주시장,전남대병원/남광주시장
운림51,운림51,남광주사거리,남광주사거리,남광주사거리
운림51,운림51,조선대병원,조선대병원,조선대병원
운림51,운림51,학동증심사입구역,학동증심사입구역,학동증심사입구역
운림51,운림51,학2마을아파트,학2마을아파트,학2마을아파트
운림51,운림51,학동평화맨션,학동평화맨션,학동평화맨션
운림51,운림51,홍림교,홍림교,홍림교
운림51,운림51,연진회미술원,연진회미술원,연진회미술원
운림51,운림51,운림중,운림중,운림중
운림51,운림51,학운초교,학운초교,학운초교
운림51,운림51,성촌마을/전통문화관,성촌마을/전통문화관,성촌마을/전통문화관
운림51,운림51,무등산국립공원(증심사),무등산국립공원(증심사),무등산국립공원(증심사)
운림51,운림51,동산마을입구,동산마을입구,동산마을입구
운림51,운림51,학동무등파크,학동무등파크,학동무등파크
운림51,운림51,요한병원,요한병원,요한병원
운림51,운림51,경신여고(일방로),경신여고(일방로),경신여고(일방로)
운림51,운림51,중앙여고,중앙여고,중앙여고
지원52,지원52,내남,내남,내남
지원52,지원52,법림사,법림사,법림사
지원52,지원52,육판서길,육판서길,육판서길
지원52,지원52,교동,교동,교동
지원52,지원52,용연정수장,용연정수장,용연정수장
지원52,지원52,용연동,용연동,용연동
지원52,지원52,제2수원지,제2수원지,제2수원지
지원52,지원52,선교,선교,선교
지원52,지원52,육판리,육판리,육판리
지원52,지원52,남계촌,남계촌,남계촌
지원52,지원52,내남입구,내남입구,내남입구
지원52,지원52,주남,주남,주남
지원52,지원52,녹동,녹동,녹동
지원52,지원52,지원화훼단지,지원화훼단지,지원화훼단지
지원52,지원52,지원2동행정복지센터입구,지원2동행정복지센터입구,지원2동행정복지센터입구
지원52,지원52,소태역,소태역,소태역
지원52,지원52,광주남초교,광주남초교,광주남초교
지원52,지원52,동구문화센터,동구문화센터,동구문화센터
지원52,지원52,삼익세라믹,삼익세라믹,삼익세라믹
지원52,지원52,학동증심사입구역,학동증심사입구역,학동증심사입구역
지원52,지원52,조선대병원,조선대병원,조선대병원
지원52,지원52,전남대병원/남광주시장,전남대병원/남광주시장,전남대병원/남광주시장
지원52,지원52,전남대병원오거리,전남대병원오거리,전남대병원오거리
지원52,지원52,동구청,동구청,동구청
지원52,지원52,전남여고,전남여고,전남여고
지원52,지원52,대인시장(서),대인시장(서),대인시장(서)
지원52,지원52,동부소방서,동부소방서,동부소방서
지원52,지원52,대인광장(북),대인광장(북),대인광장(북)
지원52,지원52,대인광장(동),대인광장(동),대인광장(동)
지원52,지원52,롯데백화점,롯데백화점,롯데백화점
지원52,지원52,광주학생운동기념탑,광주학생운동기념탑,광주학생운동기념탑
지원52,지원52,우진아파트,우진아파트,우진아파트
지원52,지원52,닭전머리,닭전머리,닭전머리
지원52,지원52,농협공판장,농협공판장,농협공판장
지원52,지원52,돌고개역(동),돌고개역(동),돌고개역(동)
지원52,지원52,서광주전화국,서광주전화국,서광주전화국
지원52,지원52,농성중흥파크,농성중흥파크,농성중흥파크
지원52,지원52,발산교(남),발산교(남),발산교(남)
지원52,지원52,양동교,양동교,양동교
지원52,지원52,그린파크,그린파크,그린파크
지원52,지원53,동부소방서,동부소방서,동부소방서
지원52,지원52,남광주사거리,남광주사거리,남광주사거리
문흥53,문흥53,장등동,장등동,장등동
문흥53,문흥53,도선사,도선사,도선사
문흥53,문흥53,문흥지구입구(서),문흥지구입구(서),문흥지구입구(서)
문흥53,문흥53,문흥금호아파트,문흥금호아파트,문흥금호아파트
문흥53,문흥53,문산중,문산중,문산중
문흥53,문흥53,문흥1동행정복지센터,문흥1동행정복지센터,문흥1동행정복지센터
문흥53,문흥53,문흥중,문흥중,문흥중
문흥53,문흥53,자연과학고,자연과학고,자연과학고
문흥53,문흥53,용봉중,용봉중,용봉중
문흥53,문흥53,오치주공,오치주공,오치주공
문흥53,문흥53,북부경찰서,북부경찰서,북부경찰서
문흥53,문흥53,중외마을,중외마을,중외마을
문흥53,문흥53,용봉쌍용아파트,용봉쌍용아파트,용봉쌍용아파트
문흥53,문흥53,시립민속박물관,시립민속박물관,시립민속박물관
문흥53,문흥53,광주박물관,광주박물관,광주박물관
문흥53,문흥53,체육고/폴리텍대학,체육고/폴리텍대학,체육고/폴리텍대학
문흥53,문흥53,문화예술회관,문화예술회관,문화예술회관
문흥53,문흥53,광천치안센터,광천치안센터,광천치안센터
문흥53,문흥53,광주종합버스터미널,광주종합버스터미널,광주종합버스터미널
문흥53,문흥53,문화예술회관후문,문화예술회관후문,문화예술회관후문
문흥53,문흥53,용봉주공,용봉주공,용봉주공
문흥53,문흥53,문흥지구입구(동),문흥지구입구(동),문흥지구입구(동)
문흥53,문흥53,도동고개,도동고개,도동고개
운림54,운림54,무등산국립공원(증심사),무등산국립공원(증심사),무등산국립공원(증심사)
운림54,운림54,성촌마을/전통문화관,성촌마을/전통문화관,성촌마을/전통문화관
운림54,운림54,학운초교,학운초교,학운초교
운림54,운림54,동산마을입구,동산마을입구,동산마을입구
운림54,운림54,운림중,운림중,운림중
운림54,운림54,연진회미술원,연진회미술원,연진회미술원
운림54,운림54,홍림교,홍림교,홍림교
운림54,운림54,학동무등파크,학동무등파크,학동무등파크
운림54,운림54,학동증심사입구역,학동증심사입구역,학동증심사입구역
운림54,운림54,조선대병원,조선대병원,조선대병원
운림54,운림54,전남대병원/남광주시장,전남대병원/남광주시장,전남대병원/남광주시장
운림54,운림54,전남대병원오거리,전남대병원오거리,전남대병원오거리
운림54,운림54,동구청,동구청,동구청
운림54,운림54,전남여고,전남여고,전남여고
운림54,운림54,대인시장(동),대인시장(동),대인시장(동)
운림54,운림54,광주고/419역사관,광주고/419역사관,광주고/419역사관
운림54,운림54,계림사거리,계림사거리,계림사거리
운림54,운림54,서방시장(남),서방시장(남),서방시장(남)
운림54,운림54,동강대,동강대,동강대
운림54,운림54,말바우시장(동),말바우시장(동),말바우시장(동)
운림54,운림54,무등도서관,무등도서관,무등도서관
운림54,운림54,문화중,문화중,문화중
운림54,운림54,현대아파트,현대아파트,현대아파트
운림54,운림54,주공아파트,주공아파트,주공아파트
운림54,운림54,성산맨션,성산맨션,성산맨션
운림54,운림54,도로교통공단 대신파크,도로교통공단 대신파크,도로교통공단대신파크
운림54,운림54,오치한전,오치한전,오치한전
운림54,운림54,오치주공,오치주공,오치주공
운림54,운림54,북부경찰서,북부경찰서,북부경찰서
운림54,운림54,광주공고,광주공고,광주공고
운림54,운림54,공간아파트,공간아파트,공간아파트
운림54,운림54,매곡대화아파트,매곡대화아파트,매곡대화아파트
운림54,운림54,전남공무원교육원,전남공무원교육원,전남공무원교육원
운림54,운림54,매곡삼익아파트,매곡삼익아파트,매곡삼익아파트
운림54,운림54,용봉주공,용봉주공,용봉주공
운림54,운림54,오치한전(북),오치한전(북),오치한전(북)
운림54,운림54,말바우시장(남),말바우시장(남),말바우시장(남)
운림54,운림54,남광주사거리,남광주사거리,남광주사거리
운림54,운림54,학2마을아파트,학2마을아파트,학2마을아파트
운림54,운림54,학동평화맨션,학동평화맨션,학동평화맨션
금남55,금남55,장등동,장등동,장등동
금남55,금남55,도선사,도선사,도선사
금남55,금남55,문흥지구입구(남),문흥지구입구(남),문흥지구입구(남)
금남55,금남55,농산물공판장,농산물공판장,농산물공판장
금남55,금남55,금호아파트,금호아파트,금호아파트
금남55,금남55,각화무등파크,각화무등파크,각화무등파크
금남55,금남55,신흥맨션,신흥맨션,신흥맨션
금남55,금남55,문화초교,문화초교,문화초교
금남55,금남55,두암초교,두암초교,두암초교
금남55,금남55,덕산아파트,덕산아파트,덕산아파트
금남55,금남55,청명아파트,청명아파트,청명아파트
금남55,금남55,동강대후문,동강대후문,동강대후문
금남55,금남55,말바우시장(서),말바우시장(서),말바우시장(서)
금남55,금남55,평화맨션,평화맨션,평화맨션
금남55,금남55,북구청,북구청,북구청
금남55,금남55,효동초교입구,효동초교입구,효동초교입구
금남55,금남55,광주역육교,광주역육교,광주역육교
금남55,금남55,전남대사거리(동),전남대사거리(동),전남대사거리(동)
금남55,금남55,신안사거리,신안사거리,신안사거리
금남55,금남55,광주역(동),광주역(동),광주역(동)
금남55,금남55,중흥초교,중흥초교,중흥초교
금남55,금남55,4.19기념관,4.19기념관,419기념관
금남55,금남55,계림초교후문,계림초교후문,계림초교후문
금남55,금남55,동진맨션,동진맨션,동진맨션
금남55,금남55,산수동우체국,산수동우체국,산수동우체국
금남55,금남55,법원입구,법원입구,법원입구
금남55,금남55,살레시오여고,살레시오여고,살레시오여고
금남55,금남55,조선대,조선대,조선대
금남55,금남55,서남동행정복지센터,서남동행정복지센터,서남동행정복지센터
금남55,금남55,문화전당역,문화전당역,문화전당역
금남55,금남55,"국립아시아문화전당(구,도청)","국립아시아문화전당(구,도청)","국립아시아문화전당(구,도청)"
금남55,금남55,충장치안센터,충장치안센터,충장치안센터
금남55,금남55,중앙대교(동),중앙대교(동),중앙대교(동)
금남55,금남55,사직공원 앞,사직공원 앞,사직공원앞
금남55,금남55,양림교,양림교,양림교
금남55,금남55,학강초교,학강초교,학강초교
금남55,금남55,기독병원,기독병원,기독병원
금남55,금남55,수피아여고,수피아여고,수피아여고
금남55,금남55,석산고,석산고,석산고
금남55,금남55,서광중,서광중,서광중
금남55,금남55,백운우체국,백운우체국,백운우체국
금남55,금남55,남구청,남구청,남구청
금남55,금남55,주월중입구,주월중입구,주월중입구
금남55,금남55,봉선대화아파트,봉선대화아파트,봉선대화아파트
금남55,금남55,문성고,문성고,문성고
금남55,금남55,진월리채3차,진월리채3차,진월리채3차
금남55,금남55,진월저수지(동),진월저수지(동),진월저수지(동)
금남55,금남55,송화마을3단지,송화마을3단지,송화마을3단지
금남55,금남55,송화마을4단지,송화마을4단지,송화마을4단지
금남55,금남55,조각배어린이공원,조각배어린이공원,조각배어린이공원
금남55,금남55,빛고을노인건강타운,빛고을노인건강타운,빛고을노인건강타운
금남55,금남55,고령친화종합체험관,고령친화종합체험관,고령친화종합체험관
금남55,금남55,빛고을전남대병원,빛고을전남대병원,빛고을전남대병원
금남55,금남55,시립제2요양병원,시립제2요양병원,시립제2요양병원
금남55,금남55,학강교,학강교,학강교
금남55,금남55,광주역,광주역,광주역
금남55,금남55,중흥삼거리,중흥삼거리,중흥삼거리
금남55,금남55,북구차량등록민원실,북구차량등록민원실,북구차량등록민원실
금남55,금남55,각화초교,각화초교,각화초교
금남55,금남55,동광주진입로,동광주진입로,동광주진입로
금남55,금남55,문흥지구입구(동),문흥지구입구(동),문흥지구입구(동)
금남55,금남55,도동고개,도동고개,도동고개
지원56,지원56,월남동,월남동,월남동
지원56,지원56,주남,주남,주남
지원56,지원56,녹동,녹동,녹동
지원56,지원56,지원화훼단지,지원화훼단지,지원화훼단지
지원56,지원56,지원2동행정복지센터,지원2동행정복지센터,지원2동행정복지센터
지원56,지원56,용산초교,용산초교,용산초교
지원56,지원56,용산지구모아엘가에듀파크,용산지구모아엘가에듀파크,용산지구모아엘가에듀파크
지원56,지원56,용산지구대성베르힐,용산지구대성베르힐,용산지구대성베르힐
지원56,지원56,남구문화예술회관,남구문화예술회관,남구문화예술회관
지원56,지원56,봉선2동행정복지센터,봉선2동행정복지센터,봉선2동행정복지센터
지원56,지원56,봉선삼익아파트(남),봉선삼익아파트(남),봉선삼익아파트(남)
지원56,지원56,봉선삼익사거리,봉선삼익사거리,봉선삼익사거리
지원56,지원56,모아2차아파트,모아2차아파트,모아2차아파트
지원56,지원56,라인효친,라인효친,라인효친
지원56,지원56,송림주택,송림주택,송림주택
지원56,지원56,방림삼거리,방림삼거리,방림삼거리
지원56,지원56,학림교,학림교,학림교
지원56,지원56,양림휴먼시아2차,양림휴먼시아2차,양림휴먼시아2차
지원56,지원56,양림휴먼시아1차,양림휴먼시아1차,양림휴먼시아1차
지원56,지원56,남광주농협,남광주농협,남광주농협
지원56,지원56,주월주택단지,주월주택단지,주월주택단지
지원56,지원56,신우아파트,신우아파트,신우아파트
지원56,지원56,월산5동,월산5동,월산5동
지원56,지원56,월산4동,월산4동,월산4동
지원56,지원56,건강협회,건강협회,건강협회
지원56,지원56,상공회의소,상공회의소,상공회의소
지원56,지원56,서석고,서석고,서석고
지원56,지원56,화정역,화정역,화정역
지원56,지원56,화정현대아파트,화정현대아파트,화정현대아파트
지원56,지원56,기아자동차,기아자동차,기아자동차
지원56,지원56,광주종합버스터미널,광주종합버스터미널,광주종합버스터미널
지원56,지원56,현대자동차,현대자동차,현대자동차
지원56,지원56,광천초교,광천초교,광천초교
지원56,지원56,농성1동주민센터,농성1동주민센터,농성1동주민센터
지원56,지원56,서광주전화국,서광주전화국,서광주전화국
지원56,지원56,돌고개역(동),돌고개역(동),돌고개역(동)
지원56,지원56,양동시장역(남),양동시장역(남),양동시장역(남)
지원56,지원56,광주은행북부지점,광주은행북부지점,광주은행북부지점
지원56,지원56,유동사거리,유동사거리,유동사거리
지원56,지원56,NC백화점,NC백화점,NC백화점
지원56,지원56,광주역,광주역,광주역
지원56,지원56,신안사거리,신안사거리,신안사거리
지원56,지원56,지원2동주민센터,지원2동주민센터,지원2동주민센터
금남57,금남57,살레시오고,살레시오고,살레시오고
금남57,금남57,살레시오고입구,살레시오고입구,살레시오고입구
금남57,금남57,명상의집,명상의집,명상의집
금남57,금남57,우치공원,우치공원,우치공원
금남57,금남57,생룡,생룡,생룡
금남57,금남57,지산마을,지산마을,지산마을
금남57,금남57,용전사거리(남),용전사거리(남),용전사거리(남)
금남57,금남57,지산입구,지산입구,지산입구
금남57,금남57,지산초교,지산초교,지산초교
금남57,금남57,대원정사,대원정사,대원정사
금남57,금남57,호남권역재활병원,호남권역재활병원,호남권역재활병원
금남57,금남57,건국동행정복지센터,건국동행정복지센터,건국동행정복지센터
금남57,금남57,건국동파출소,건국동파출소,건국동파출소
금남57,금남57,지산중,지산중,지산중
금남57,금남57,양산호반2차,양산호반2차,양산호반2차
금남57,금남57,양산택지사거리,양산택지사거리,양산택지사거리
금남57,금남57,광주은행양산동지점,광주은행양산동지점,광주은행양산동지점
금남57,금남57,양산초교입구,양산초교입구,양산초교입구
금남57,금남57,양산호수공원,양산호수공원,양산호수공원
금남57,금남57,KT&G광주공장,KT&G광주공장,KT&G광주공장
금남57,금남57,롯데칠성,롯데칠성,롯데칠성
금남57,금남57,코카콜라,코카콜라,코카콜라
금남57,금남57,오비맥주,오비맥주,오비맥주
금남57,금남57,향토음식박물관,향토음식박물관,향토음식박물관
금남57,금남57,국제고,국제고,국제고
금남57,금남57,삼각그린타운,삼각그린타운,삼각그린타운
금남57,금남57,고려고,고려고,고려고
금남57,금남57,광주공고입구,광주공고입구,광주공고입구
금남57,금남57,오치초교,오치초교,오치초교
금남57,금남57,용주초교,용주초교,용주초교
금남57,금남57,유창아파트,유창아파트,유창아파트
금남57,금남57,신안교입구,신안교입구,신안교입구
금남57,금남57,용봉2휴먼시아아파트,용봉2휴먼시아아파트,용봉2휴먼시아아파트
금남57,금남57,전대치과병원,전대치과병원,전대치과병원
금남57,금남57,전남대,전남대,전남대
금남57,금남57,신안사거리,신안사거리,신안사거리
금남57,금남57,광주역(동),광주역(동),광주역(동)
금남57,금남57,중흥초교,중흥초교,중흥초교
금남57,금남57,중흥1동행정복지센터,중흥1동행정복지센터,중흥1동행정복지센터
금남57,금남57,대인광장(동),대인광장(동),대인광장(동)
금남57,금남57,롯데백화점(북),롯데백화점(북),롯데백화점(북)
금남57,금남57,금남로5가역,금남로5가역,금남로5가역
금남57,금남57,금남로4가역,금남로4가역,금남로4가역
금남57,금남57,예술의거리입구,예술의거리입구,예술의거리입구
금남57,금남57,전남여고,전남여고,전남여고
금남57,금남57,동구청,동구청,동구청
금남57,금남57,서남동행정복지센터,서남동행정복지센터,서남동행정복지센터
금남57,금남57,조선대병원입구,조선대병원입구,조선대병원입구
금남57,금남57,조선대대학원,조선대대학원,조선대대학원
금남57,금남57,조선대해오름관,조선대해오름관,조선대해오름관
금남57,금남57,조선대장미원,조선대장미원,조선대장미원
금남57,금남57,문화전당역(1130),문화전당역(1130),문화전당역(1130)
금남57,금남57,"국립아시아문화전당(구,도청)","국립아시아문화전당(구,도청)","국립아시아문화전당(구,도청)"
금남57,금남57,롯데백화점,롯데백화점,롯데백화점
금남57,금남57,광주역,광주역,광주역
금남58,금남58,동림삼익아파트,동림삼익아파트,동림삼익아파트
금남58,금남58,동림교,동림교,동림교
금남58,금남58,동천우미린아파트,동천우미린아파트,동천우미린아파트
금남58,금남58,서영대,서영대,서영대
금남58,금남58,운암초교,운암초교,운암초교
금남58,금남58,운암3단지,운암3단지,운암3단지
금남58,금남58,운암벽산블루밍,운암벽산블루밍,운암벽산블루밍
금남58,금남58,문화예술회관,문화예술회관,문화예술회관
금남58,금남58,운암시장,운암시장,운암시장
금남58,금남58,경신여고,경신여고,경신여고
금남58,금남58,광주기아챔피언스필드입구,광주기아챔피언스필드입구,광주기아챔피언스필드입구
금남58,금남58,태봉새마을금고,태봉새마을금고,태봉새마을금고
금남58,금남58,신안동행정복지센터,신안동행정복지센터,신안동행정복지센터
금남58,금남58,신안사거리,신안사거리,신안사거리
금남58,금남58,광주역,광주역,광주역
금남58,금남58,유동사거리,유동사거리,유동사거리
금남58,금남58,수창초교후문,수창초교후문,수창초교후문
금남58,금남58,대인광장(서),대인광장(서),대인광장(서)
금남58,금남58,동부소방서,동부소방서,동부소방서
금남58,금남58,대인시장(서),대인시장(서),대인시장(서)
금남58,금남58,전남여고,전남여고,전남여고
금남58,금남58,동구청,동구청,동구청
금남58,금남58,문화전당역,문화전당역,문화전당역
금남58,금남58,"국립아시아문화전당(구,도청)","국립아시아문화전당(구,도청)","국립아시아문화전당(구,도청)"
금남58,금남58,예술의거리입구,예술의거리입구,예술의거리입구
금남58,금남58,NC백화점,NC백화점,NC백화점
금남58,금남58,경신여고(일방로),경신여고(일방로),경신여고(일방로)
금남58,금남58,중앙여고,중앙여고,중앙여고
금남59,금남59,매월동(북),매월동(북),매월동(북)
금남59,금남59,대동고,대동고,대동고
금남59,금남59,화훼단지,화훼단지,화훼단지
금남59,금남59,공구단지,공구단지,공구단지
금남59,금남59,풍암사거리(동),풍암사거리(동),풍암사거리(동)
금남59,금남59,마재우체국,마재우체국,마재우체국
금남59,금남59,풍암저수지,풍암저수지,풍암저수지
금남59,금남59,풍암모아아파트,풍암모아아파트,풍암모아아파트
금남59,금남59,풍암한신아파트,풍암한신아파트,풍암한신아파트
금남59,금남59,풍암한국아파트,풍암한국아파트,풍암한국아파트
금남59,금남59,신암마을,신암마을,신암마을
금남59,금남59,풍암금호아파트,풍암금호아파트,풍암금호아파트
금남59,금남59,풍암우미아파트,풍암우미아파트,풍암우미아파트
금남59,금남59,서구국민체육센터,서구국민체육센터,서구국민체육센터
금남59,금남59,월드컵경기장주차장,월드컵경기장주차장,월드컵경기장주차장
금남59,금남59,월드컵경기장정문,월드컵경기장정문,월드컵경기장정문
금남59,금남59,화정우성아파트,화정우성아파트,화정우성아파트
금남59,금남59,화정남초교,화정남초교,화정남초교
금남59,금남59,염주사거리(동),염주사거리(동),염주사거리(동)
금남59,금남59,염주맨션,염주맨션,염주맨션
금남59,금남59,화정중,화정중,화정중
금남59,금남59,유니버시아드힐스테이트,유니버시아드힐스테이트,유니버시아드힐스테이트
금남59,금남59,농성파출소,농성파출소,농성파출소
금남59,금남59,서광주한전,서광주한전,서광주한전
금남59,금남59,돌고개역(동),돌고개역(동),돌고개역(동)
금남59,금남59,양동시장역(북),양동시장역(북),양동시장역(북)
금남59,금남59,양동복개쇼핑센터,양동복개쇼핑센터,양동복개쇼핑센터
금남59,금남59,천교,천교,천교
금남59,금남59,광주공원,광주공원,광주공원
금남59,금남59,충장치안센터,충장치안센터,충장치안센터
금남59,금남59,"국립아시아문화전당(구,도청)","국립아시아문화전당(구,도청)","국립아시아문화전당(구,도청)"
금남59,금남59,문화전당역,문화전당역,문화전당역
금남59,금남59,전남대병원오거리,전남대병원오거리,전남대병원오거리
금남59,금남59,전남대병원/남광주시장,전남대병원/남광주시장,전남대병원/남광주시장
금남59,금남59,남광주역,남광주역,남광주역
금남59,금남59,양림휴먼시아2차,양림휴먼시아2차,양림휴먼시아2차
금남59,금남59,양림휴먼시아1차,양림휴먼시아1차,양림휴먼시아1차
금남59,금남59,봉선1동행정복지센터,봉선1동행정복지센터,봉선1동행정복지센터
금남59,금남59,봉선라인광장,봉선라인광장,봉선라인광장
금남59,금남59,제석초교,제석초교,제석초교
금남59,금남59,봉선대화아파트,봉선대화아파트,봉선대화아파트
금남59,금남59,문성고,문성고,문성고
금남59,금남59,진월리채3차,진월리채3차,진월리채3차
금남59,금남59,진월저수지(동),진월저수지(동),진월저수지(동)
금남59,금남59,송화마을3단지,송화마을3단지,송화마을3단지
금남59,금남59,송화마을5단지,송화마을5단지,송화마을5단지
금남59,금남59,노대제,노대제,노대제
금남59,금남59,조각배어린이공원,조각배어린이공원,조각배어린이공원
금남59,금남59,빛고을노인건강타운,빛고을노인건강타운,빛고을노인건강타운
금남59,금남59,고령친화종합체험관,고령친화종합체험관,고령친화종합체험관
금남59,금남59,빛고을전남대병원,빛고을전남대병원,빛고을전남대병원
금남59,금남59,시립제2요양병원,시립제2요양병원,시립제2요양병원
금남59,금남59,덕남,덕남,덕남
금남59,금남59,진월남양휴튼,진월남양휴튼,진월남양휴튼
금남59,금남59,돌고개역(서),돌고개역(서),돌고개역(서)
양산60,양산60,효령노인복지타운,효령노인복지타운,효령노인복지타운
양산60,양산60,전통공예문화학교,전통공예문화학교,전통공예문화학교
양산60,양산60,용전입구,용전입구,용전입구
양산60,양산60,대진운수,대진운수,대진운수
양산60,양산60,용전사거리(북),용전사거리(북),용전사거리(북)
양산60,양산60,지산입구,지산입구,지산입구
양산60,양산60,지산초교,지산초교,지산초교
양산60,양산60,대원정사,대원정사,대원정사
양산60,양산60,호남권역재활병원,호남권역재활병원,호남권역재활병원
양산60,양산60,건국동행정복지센터,건국동행정복지센터,건국동행정복지센터
양산60,양산60,건국동파출소,건국동파출소,건국동파출소
양산60,양산60,지산중,지산중,지산중
양산60,양산60,양산호반2차,양산호반2차,양산호반2차
양산60,양산60,양산GS그린자이아파트,양산GS그린자이아파트,양산GS그린자이아파트
양산60,양산60,양지마을,양지마을,양지마을
양산60,양산60,동아제약,동아제약,동아제약
양산60,양산60,양산호수공원,양산호수공원,양산호수공원
양산60,양산60,KT&G광주공장,KT&G광주공장,KT&G광주공장
양산60,양산60,롯데칠성,롯데칠성,롯데칠성
양산60,양산60,해태제과,해태제과,해태제과
양산60,양산60,광주다문화가족지원거점센터,광주다문화가족지원거점센터,광주다문화가족지원거점센터
양산60,양산60,마당고개,마당고개,마당고개
양산60,양산60,운암우성아파트,운암우성아파트,운암우성아파트
양산60,양산60,운암3동행정복지센터,운암3동행정복지센터,운암3동행정복지센터
양산60,양산60,운암초교,운암초교,운암초교
양산60,양산60,서영대,서영대,서영대
양산60,양산60,광림초교입구,광림초교입구,광림초교입구
양산60,양산60,광암교입구,광암교입구,광암교입구
양산60,양산60,공구의거리,공구의거리,공구의거리
양산60,양산60,제2광천교,제2광천교,제2광천교
양산60,양산60,광천치안센터,광천치안센터,광천치안센터
양산60,양산60,광주종합버스터미널,광주종합버스터미널,광주종합버스터미널
양산60,양산60,동천마을6단지,동천마을6단지,동천마을6단지
매월61,매월61,칠석,칠석,칠석
매월61,매월61,하칠석/고싸움전수관,하칠석/고싸움전수관,하칠석/고싸움전수관
매월61,매월61,상칠석,상칠석,상칠석
매월61,매월61,도촌,도촌,도촌
매월61,매월61,지석사거리,지석사거리,지석사거리
매월61,매월61,대촌한일베라체,대촌한일베라체,대촌한일베라체
매월61,매월61,개동,개동,개동
매월61,매월61,학동(서창),학동(서창),학동(서창)
매월61,매월61,용두입구,용두입구,용두입구
매월61,매월61,서창치안센터,서창치안센터,서창치안센터
매월61,매월61,중촌,중촌,중촌
매월61,매월61,절골입구(서),절골입구(서),절골입구(서)
매월61,매월61,세하동,세하동,세하동
매월61,매월61,서창동주민센터,서창동주민센터,서창동주민센터
매월61,매월61,절골입구(북),절골입구(북),절골입구(북)
매월61,매월61,매월동(동),매월동(동),매월동(동)
매월61,매월61,대동고,대동고,대동고
매월61,매월61,서부자동차매매단지,서부자동차매매단지,서부자동차매매단지
매월61,매월61,종합유통단지,종합유통단지,종합유통단지
매월61,매월61,서부농수산물도매시장,서부농수산물도매시장,서부농수산물도매시장
매월61,매월61,공구단지,공구단지,공구단지
매월61,매월61,풍암사거리(동),풍암사거리(동),풍암사거리(동)
매월61,매월61,마재부영아파트,마재부영아파트,마재부영아파트
매월61,매월61,마재대주아파트,마재대주아파트,마재대주아파트
매월61,매월61,서구문화센터,서구문화센터,서구문화센터
매월61,매월61,금호한국아파트,금호한국아파트,금호한국아파트
매월61,매월61,금호시영아파트,금호시영아파트,금호시영아파트
매월61,매월61,CBS방송국,CBS방송국,CBS방송국
매월61,매월61,상무중,상무중,상무중
매월61,매월61,광주학생독립운동기념관,광주학생독립운동기념관,광주학생독립운동기념관
매월61,매월61,쌍촌시영아파트,쌍촌시영아파트,쌍촌시영아파트
매월61,매월61,보건환경연구원,보건환경연구원,보건환경연구원
매월61,매월61,염주사거리(동),염주사거리(동),염주사거리(동)
매월61,매월61,염주맨션,염주맨션,염주맨션
매월61,매월61,화정중,화정중,화정중
매월61,매월61,유니버시아드힐스테이트,유니버시아드힐스테이트,유니버시아드힐스테이트
매월61,매월61,농성파출소,농성파출소,농성파출소
매월61,매월61,서광주한전,서광주한전,서광주한전
매월61,매월61,돌고개역(동),돌고개역(동),돌고개역(동)
매월61,매월61,양동시장역(북),양동시장역(북),양동시장역(북)
매월61,매월61,양동복개쇼핑센터,양동복개쇼핑센터,양동복개쇼핑센터
매월61,매월61,천교,천교,천교
매월61,매월61,광주학생운동기념탑,광주학생운동기념탑,광주학생운동기념탑
매월61,매월61,금남로5가역,금남로5가역,금남로5가역
매월61,매월61,금남로4가역,금남로4가역,금남로4가역
매월61,매월61,518민주화운동기록관,518민주화운동기록관,518민주화운동기록관
매월61,매월61,"국립아시아문화전당(구,도청)","국립아시아문화전당(구,도청)","국립아시아문화전당(구,도청)"
매월61,매월61,문화전당역(1042),문화전당역(1042),문화전당역(1042)
매월61,매월61,서남동행정복지센터,서남동행정복지센터,서남동행정복지센터
매월61,매월61,조선대병원입구,조선대병원입구,조선대병원입구
매월61,매월61,조선대대학원,조선대대학원,조선대대학원
매월61,매월61,조선대해오름관,조선대해오름관,조선대해오름관
매월61,매월61,조선대장미원,조선대장미원,조선대장미원
매월61,매월61,문화전당역,문화전당역,문화전당역
매월61,매월61,돌고개역(서),돌고개역(서),돌고개역(서)
매월61,매월61,염주사거리(서),염주사거리(서),염주사거리(서)
매월61,매월61,치평중,치평중,치평중
매월61,매월61,금호초교,금호초교,금호초교
상무62,상무62,상무지구,상무지구,상무지구
상무62,상무62,계수초교,계수초교,계수초교
상무62,상무62,상무대우아파트,상무대우아파트,상무대우아파트
상무62,상무62,시청,시청,시청
상무62,상무62,5.18기념문화센터,5.18기념문화센터,518기념문화센터
상무62,상무62,모아제일아파트,모아제일아파트,모아제일아파트
상무62,상무62,상무호반3차,상무호반3차,상무호반3차
상무62,상무62,유덕초교,유덕초교,유덕초교
상무62,상무62,칠성마을사거리,칠성마을사거리,칠성마을사거리
상무62,상무62,동천동행정복지센터,동천동행정복지센터,동천동행정복지센터
상무62,상무62,동천마을3단지,동천마을3단지,동천마을3단지
상무62,상무62,동천마을1단지,동천마을1단지,동천마을1단지
상무62,상무62,동림 I.C 입구,동림 I.C 입구,동림IC입구
상무62,상무62,광신대교,광신대교,광신대교
상무62,상무62,풍영정입구,풍영정입구,풍영정입구
상무62,상무62,극락강역입구,극락강역입구,극락강역입구
상무62,상무62,신가동,신가동,신가동
상무62,상무62,목련마을,목련마을,목련마을
상무62,상무62,목련마을6단지,목련마을6단지,목련마을6단지
상무62,상무62,운남삼성아파트,운남삼성아파트,운남삼성아파트
상무62,상무62,광산구노인복지회관,광산구노인복지회관,광산구노인복지회관
상무62,상무62,영천초교,영천초교,영천초교
상무62,상무62,월곡2동행정복지센터,월곡2동행정복지센터,월곡2동행정복지센터
상무62,상무62,산정중입구,산정중입구,산정중입구
상무62,상무62,역산공원입구,역산공원입구,역산공원입구
상무62,상무62,광주여대,광주여대,광주여대
상무62,상무62,우산시영2단지(서),우산시영2단지(서),우산시영2단지(서)
상무62,상무62,광주지방경찰청입구,광주지방경찰청입구,광주지방경찰청입구
상무62,상무62,광주인력개발원,광주인력개발원,광주인력개발원
상무62,상무62,소촌스위트밸리,소촌스위트밸리,소촌스위트밸리
상무62,상무62,어룡초교,어룡초교,어룡초교
상무62,상무62,정광고입구,정광고입구,정광고입구
상무62,상무62,중앙초교,중앙초교,중앙초교
상무62,상무62,소촌서라아파트,소촌서라아파트,소촌서라아파트
상무62,상무62,금호타이어,금호타이어,금호타이어
상무62,상무62,영광통,영광통,영광통
상무62,상무62,송정공원역,송정공원역,송정공원역
상무62,상무62,송정파출소(북),송정파출소(북),송정파출소(북)
상무62,상무62,공항역,공항역,공항역
상무62,상무62,장암마을,장암마을,장암마을
상무62,상무62,서창입구,서창입구,서창입구
상무62,상무62,월암,월암,월암
상무62,상무62,김대중컨벤션센터(마륵)역,김대중컨벤션센터(마륵)역,김대중컨벤션센터(마륵)역
상무62,상무62,전남고입구,전남고입구,전남고입구
상무62,상무62,상무역(북),상무역(북),상무역(북)
상무62,상무62,상무쌍용금호아파트,상무쌍용금호아파트,상무쌍용금호아파트
상무62,상무62,운천초교,운천초교,운천초교
상무62,상무62,상무한국아파트,상무한국아파트,상무한국아파트
상무62,상무62,한국수자원공사,한국수자원공사,한국수자원공사
상무62,상무62,농협운천지점,농협운천지점,농협운천지점
상무62,상무62,상무역,상무역,상무역
상무62,상무62,한국은행,한국은행,한국은행
상무62,상무62,한국국토정보공사,한국국토정보공사,한국국토정보공사
상무63,상무63,상무지구,상무지구,상무지구
상무63,상무63,상무시민공원,상무시민공원,상무시민공원
상무63,상무63,보훈회관/518민주화운동교육관,보훈회관/518민주화운동교육관,보훈회관/518민주화운동교육관
상무63,상무63,5.18자유공원,5.18자유공원,518자유공원
상무63,상무63,상무금호아파트,상무금호아파트,상무금호아파트
상무63,상무63,상무해광한신아파트,상무해광한신아파트,상무해광한신아파트
상무63,상무63,계수초교,계수초교,계수초교
상무63,상무63,상무대우아파트,상무대우아파트,상무대우아파트
상무63,상무63,시청,시청,시청
상무63,상무63,5.18기념문화센터,5.18기념문화센터,518기념문화센터
상무63,상무63,모아제일아파트,모아제일아파트,모아제일아파트
상무63,상무63,상무호반3차,상무호반3차,상무호반3차
상무63,상무63,유덕초교,유덕초교,유덕초교
상무63,상무63,칠성마을사거리,칠성마을사거리,칠성마을사거리
상무63,상무63,동천동행정복지센터,동천동행정복지센터,동천동행정복지센터
상무63,상무63,동천우미린아파트,동천우미린아파트,동천우미린아파트
상무63,상무63,서영대,서영대,서영대
상무63,상무63,운암초교,운암초교,운암초교
상무63,상무63,운암3단지,운암3단지,운암3단지
상무63,상무63,문화예술회관후문,문화예술회관후문,문화예술회관후문
상무63,상무63,체육고/폴리텍대학,체육고/폴리텍대학,체육고/폴리텍대학
상무63,상무63,광주박물관,광주박물관,광주박물관
상무63,상무63,시립민속박물관,시립민속박물관,시립민속박물관
상무63,상무63,용봉쌍용아파트,용봉쌍용아파트,용봉쌍용아파트
상무63,상무63,공간아파트,공간아파트,공간아파트
상무63,상무63,매곡대화아파트,매곡대화아파트,매곡대화아파트
상무63,상무63,전남공무원교육원,전남공무원교육원,전남공무원교육원
상무63,상무63,매곡삼익아파트,매곡삼익아파트,매곡삼익아파트
상무63,상무63,한국은행,한국은행,한국은행
상무63,상무63,한국국토정보공사,한국국토정보공사,한국국토정보공사
상무64,상무64,세하동,세하동,세하동
상무64,상무64,동하,동하,동하
상무64,상무64,마산(서창),마산(서창),마산(서창)
상무64,상무64,서창농협벽진지점,서창농협벽진지점,서창농협벽진지점
상무64,상무64,서창사거리,서창사거리,서창사거리
상무64,상무64,서창입구,서창입구,서창입구
상무64,상무64,월암,월암,월암
상무64,상무64,김대중컨벤션센터(마륵)역(북),김대중컨벤션센터(마륵)역(북),김대중컨벤션센터(마륵)역(북)
상무64,상무64,김대중컨벤션센터,김대중컨벤션센터,김대중컨벤션센터
상무64,상무64,5.18자유공원,5.18자유공원,518자유공원
상무64,상무64,상무금호아파트,상무금호아파트,상무금호아파트
상무64,상무64,상무중흥아파트,상무중흥아파트,상무중흥아파트
상무64,상무64,운천초교,운천초교,운천초교
상무64,상무64,상무대우아파트,상무대우아파트,상무대우아파트
상무64,상무64,시청,시청,시청
상무64,상무64,5.18기념문화센터,5.18기념문화센터,518기념문화센터
상무64,상무64,모아제일아파트,모아제일아파트,모아제일아파트
상무64,상무64,쌍촌현대아파트,쌍촌현대아파트,쌍촌현대아파트
상무64,상무64,솔뫼타운,솔뫼타운,솔뫼타운
상무64,상무64,해태아파트,해태아파트,해태아파트
상무64,상무64,기아자동차,기아자동차,기아자동차
상무64,상무64,광주종합버스터미널,광주종합버스터미널,광주종합버스터미널
상무64,상무64,광천치안센터,광천치안센터,광천치안센터
상무64,상무64,제2광천교,제2광천교,제2광천교
상무64,상무64,경신여고,경신여고,경신여고
상무64,상무64,광주지방기상청,광주지방기상청,광주지방기상청
상무64,상무64,신안교,신안교,신안교
상무64,상무64,용봉초교,용봉초교,용봉초교
상무64,상무64,전남대,전남대,전남대
상무64,상무64,전대치과병원,전대치과병원,전대치과병원
상무64,상무64,용봉2휴먼시아아파트,용봉2휴먼시아아파트,용봉2휴먼시아아파트
상무64,상무64,신안교입구,신안교입구,신안교입구
상무64,상무64,유창아파트,유창아파트,유창아파트
상무64,상무64,용봉동성당,용봉동성당,용봉동성당
상무64,상무64,용봉현대3차아파트,용봉현대3차아파트,용봉현대3차아파트
상무64,상무64,비엔날레전시관,비엔날레전시관,비엔날레전시관
상무64,상무64,전남대사거리(서),전남대사거리(서),전남대사거리(서)
상무64,상무64,한국은행,한국은행,한국은행
상무64,상무64,한국국토정보공사,한국국토정보공사,한국국토정보공사
상무64,상무64,한국수자원공사,한국수자원공사,한국수자원공사
상무64,상무64,김대중컨벤션센터(마륵)역,김대중컨벤션센터(마륵)역,김대중컨벤션센터(마륵)역
유덕65,유덕65,덕흥동,덕흥동,덕흥동
유덕65,유덕65,덕흥마을입구,덕흥마을입구,덕흥마을입구
유덕65,유덕65,덕흥삼거리,덕흥삼거리,덕흥삼거리
유덕65,유덕65,유덕2교차로,유덕2교차로,유덕2교차로
유덕65,유덕65,유덕동주민센터,유덕동주민센터,유덕동주민센터
유덕65,유덕65,유덕치안센터,유덕치안센터,유덕치안센터
유덕65,유덕65,극락초교,극락초교,극락초교
유덕65,유덕65,버들주공1단지,버들주공1단지,버들주공1단지
유덕65,유덕65,칠성마을,칠성마을,칠성마을
유덕65,유덕65,광천동,광천동,광천동
유덕65,유덕65,삼우아파트,삼우아파트,삼우아파트
유덕65,유덕65,진성아파트,진성아파트,진성아파트
유덕65,유덕65,광천E편한세상,광천E편한세상,광천E편한세상
유덕65,유덕65,기아차정문,기아차정문,기아차정문
유덕65,유덕65,광주종합버스터미널,광주종합버스터미널,광주종합버스터미널
유덕65,유덕65,현대자동차,현대자동차,현대자동차
유덕65,유덕65,발산,발산,발산
유덕65,유덕65,발산교(남),발산교(남),발산교(남)
유덕65,유덕65,농성중흥파크,농성중흥파크,농성중흥파크
유덕65,유덕65,서광주전화국,서광주전화국,서광주전화국
유덕65,유덕65,돌고개역(동),돌고개역(동),돌고개역(동)
유덕65,유덕65,양동시장역(북),양동시장역(북),양동시장역(북)
유덕65,유덕65,양동복개쇼핑센터,양동복개쇼핑센터,양동복개쇼핑센터
유덕65,유덕65,천교,천교,천교
유덕65,유덕65,광주학생운동기념탑,광주학생운동기념탑,광주학생운동기념탑
유덕65,유덕65,광주일고/광주고용센터,광주일고/광주고용센터,광주일고/광주고용센터
유덕65,유덕65,유동사거리,유동사거리,유동사거리
유덕65,유덕65,NC백화점,NC백화점,NC백화점
유덕65,유덕65,광주역,광주역,광주역
유덕65,유덕65,신안사거리,신안사거리,신안사거리
유덕65,유덕65,북광주수협,북광주수협,북광주수협
유덕65,유덕65,서림초교입구,서림초교입구,서림초교입구
유덕65,유덕65,요한병원,요한병원,요한병원
유덕65,유덕65,광호예식장,광호예식장,광호예식장
송암68,송암68,송암공단,송암공단,송암공단
송암68,송암68,송원대,송원대,송원대
송암68,송암68,송암공단입구,송암공단입구,송암공단입구
송암68,송암68,인성고,인성고,인성고
송암68,송암68,신효천마을,신효천마을,신효천마을
송암68,송암68,효천초교,효천초교,효천초교
송암68,송암68,대동마을,대동마을,대동마을
송암68,송암68,신기교,신기교,신기교
송암68,송암68,조각배어린이공원,조각배어린이공원,조각배어린이공원
송암68,송암68,송화마을4단지,송화마을4단지,송화마을4단지
송암68,송암68,송화마을3단지,송화마을3단지,송화마을3단지
송암68,송암68,진월저수지(동),진월저수지(동),진월저수지(동)
송암68,송암68,진월리채3차,진월리채3차,진월리채3차
송암68,송암68,문성고,문성고,문성고
송암68,송암68,봉선대화아파트,봉선대화아파트,봉선대화아파트
송암68,송암68,주월중입구,주월중입구,주월중입구
송암68,송암68,남구청,남구청,남구청
송암68,송암68,백운우체국,백운우체국,백운우체국
송암68,송암68,까치고개,까치고개,까치고개
송암68,송암68,대성사거리,대성사거리,대성사거리
송암68,송암68,무진중,무진중,무진중
송암68,송암68,월산초교,월산초교,월산초교
송암68,송암68,동신대한방병원,동신대한방병원,동신대한방병원
송암68,송암68,돌고개역(서),돌고개역(서),돌고개역(서)
송암68,송암68,서구청,서구청,서구청
송암68,송암68,농성SK뷰,농성SK뷰,농성SK뷰
송암68,송암68,화정중흥파크,화정중흥파크,화정중흥파크
송암68,송암68,신세계백화점,신세계백화점,신세계백화점
송암68,송암68,광주종합버스터미널,광주종합버스터미널,광주종합버스터미널
송암68,송암68,기아차중문,기아차중문,기아차중문
송암68,송암68,광명하이츠후문,광명하이츠후문,광명하이츠후문
송암68,송암68,버들마을,버들마을,버들마을
송암68,송암68,계수,계수,계수
송암68,송암68,시청,시청,시청
송암68,송암68,광주무역회관,광주무역회관,광주무역회관
송암68,송암68,광산우산동행정복지센터,광산우산동행정복지센터,광산우산동행정복지센터
송암68,송암68,광주여대,광주여대,광주여대
송암68,송암68,역산공원입구,역산공원입구,역산공원입구
송암68,송암68,산정중입구,산정중입구,산정중입구
송암68,송암68,산정초교,산정초교,산정초교
송암68,송암68,다사로움1차아파트,다사로움1차아파트,다사로움1차아파트
송암68,송암68,하남초교,하남초교,하남초교
송암68,송암68,하남초교(북),하남초교(북),하남초교(북)
송암68,송암68,단전,단전,단전
송암68,송암68,돈보스코학교,돈보스코학교,돈보스코학교
송암68,송암68,KTX 스포츠파크,KTX 스포츠파크,KTX스포츠파크
송암68,송암68,서광주한전,서광주한전,서광주한전
송암68,송암68,백운초교(북),백운초교(북),백운초교(북)
송암68,송암68,송암동,송암동,송암동
대촌69,대촌69,칠석,칠석,칠석
대촌69,대촌69,하칠석/고싸움전수관,하칠석/고싸움전수관,하칠석/고싸움전수관
대촌69,대촌69,상칠석,상칠석,상칠석
대촌69,대촌69,도촌,도촌,도촌
대촌69,대촌69,지석사거리,지석사거리,지석사거리
대촌69,대촌69,대촌한일베라체,대촌한일베라체,대촌한일베라체
대촌69,대촌69,개동,개동,개동
대촌69,대촌69,학동(서창),학동(서창),학동(서창)
대촌69,대촌69,용두입구,용두입구,용두입구
대촌69,대촌69,서창치안센터,서창치안센터,서창치안센터
대촌69,대촌69,중촌,중촌,중촌
대촌69,대촌69,절골입구(서),절골입구(서),절골입구(서)
대촌69,대촌69,서창동주민센터,서창동주민센터,서창동주민센터
대촌69,대촌69,동하,동하,동하
대촌69,대촌69,마산(서창),마산(서창),마산(서창)
대촌69,대촌69,서창농협벽진지점,서창농협벽진지점,서창농협벽진지점
대촌69,대촌69,서창사거리,서창사거리,서창사거리
대촌69,대촌69,서창입구,서창입구,서창입구
대촌69,대촌69,월암,월암,월암
대촌69,대촌69,김대중컨벤션센터(마륵)역,김대중컨벤션센터(마륵)역,김대중컨벤션센터(마륵)역
대촌69,대촌69,전남고입구,전남고입구,전남고입구
대촌69,대촌69,상무역,상무역,상무역
대촌69,대촌69,상무지구입구,상무지구입구,상무지구입구
대촌69,대촌69,운천역,운천역,운천역
대촌69,대촌69,서광주세무서,서광주세무서,서광주세무서
대촌69,대촌69,상무1동행정복지센터,상무1동행정복지센터,상무1동행정복지센터
대촌69,대촌69,한국병원,한국병원,한국병원
대촌69,대촌69,기아차중문,기아차중문,기아차중문
대촌69,대촌69,광주종합버스터미널,광주종합버스터미널,광주종합버스터미널
대촌69,대촌69,현대자동차,현대자동차,현대자동차
대촌69,대촌69,광천초교,광천초교,광천초교
대촌69,대촌69,농성1동주민센터,농성1동주민센터,농성1동주민센터
대촌69,대촌69,서광주전화국,서광주전화국,서광주전화국
대촌69,대촌69,돌고개역(동),돌고개역(동),돌고개역(동)
대촌69,대촌69,양동시장역(남),양동시장역(남),양동시장역(남)
대촌69,대촌69,광주은행북부지점,광주은행북부지점,광주은행북부지점
대촌69,대촌69,북성중,북성중,북성중
대촌69,대촌69,양동시장역(천변),양동시장역(천변),양동시장역(천변)
대촌69,대촌69,쌍촌역,쌍촌역,쌍촌역
대촌69,대촌69,한국농어촌공사,한국농어촌공사,한국농어촌공사
대촌70,대촌70,승촌,승촌,승촌
대촌70,대촌70,승촌주택단지,승촌주택단지,승촌주택단지
대촌70,대촌70,유촌,유촌,유촌
대촌70,대촌70,양촌(대촌),양촌(대촌),양촌(대촌)
대촌70,대촌70,학촌,학촌,학촌
대촌70,대촌70,무학초교,무학초교,무학초교
대촌70,대촌70,신장,신장,신장
대촌70,대촌70,육묘장,육묘장,육묘장
대촌70,대촌70,대지동하촌,대지동하촌,대지동하촌
대촌70,대촌70,대지동상촌,대지동상촌,대지동상촌
대촌70,대촌70,대촌미곡처리장,대촌미곡처리장,대촌미곡처리장
대촌70,대촌70,대촌한일베라체,대촌한일베라체,대촌한일베라체
대촌70,대촌70,대촌동행정복지센터,대촌동행정복지센터,대촌동행정복지센터
대촌70,대촌70,하지석,하지석,하지석
대촌70,대촌70,상지석,상지석,상지석
대촌70,대촌70,원산,원산,원산
대촌70,대촌70,포충사,포충사,포충사
대촌70,대촌70,복수,복수,복수
대촌70,대촌70,이장2동,이장2동,이장2동
대촌70,대촌70,이장1동,이장1동,이장1동
대촌70,대촌70,수춘,수춘,수춘
대촌70,대촌70,양과동,양과동,양과동
대촌70,대촌70,향등,향등,향등
대촌70,대촌70,송암동,송암동,송암동
대촌70,대촌70,인성고,인성고,인성고
대촌70,대촌70,남선산업,남선산업,남선산업
대촌70,대촌70,송하삼익아파트,송하삼익아파트,송하삼익아파트
대촌70,대촌70,광주대입구,광주대입구,광주대입구
대촌70,대촌70,동성고,동성고,동성고
대촌70,대촌70,대성여고,대성여고,대성여고
대촌70,대촌70,진월대주아파트,진월대주아파트,진월대주아파트
대촌70,대촌70,대광여고,대광여고,대광여고
대촌70,대촌70,백운광장,백운광장,백운광장
대촌70,대촌70,백운우체국,백운우체국,백운우체국
대촌70,대촌70,까치고개,까치고개,까치고개
대촌70,대촌70,대성사거리,대성사거리,대성사거리
대촌70,대촌70,월산사거리,월산사거리,월산사거리
대촌70,대촌70,우진아파트,우진아파트,우진아파트
대촌70,대촌70,광주학생운동기념탑,광주학생운동기념탑,광주학생운동기념탑
대촌70,대촌70,롯데백화점,롯데백화점,롯데백화점
대촌70,대촌70,동부소방서,동부소방서,동부소방서
대촌70,대촌70,대인시장(서),대인시장(서),대인시장(서)
대촌70,대촌70,예술의거리입구,예술의거리입구,예술의거리입구
대촌70,대촌70,충장치안센터,충장치안센터,충장치안센터
대촌70,대촌70,광주공원,광주공원,광주공원
대촌70,대촌70,백운초교(북),백운초교(북),백운초교(북)
대촌70,대촌70,호남삼육고입구,호남삼육고입구,호남삼육고입구
대촌71,대촌71,구소,구소,구소
대촌71,대촌71,도덕,도덕,도덕
대촌71,대촌71,학촌,학촌,학촌
대촌71,대촌71,월성,월성,월성
대촌71,대촌71,지동,지동,지동
대촌71,대촌71,화장앞길,화장앞길,화장앞길
대촌71,대촌71,화장뒷길,화장뒷길,화장뒷길
대촌71,대촌71,농막,농막,농막
대촌71,대촌71,시산,시산,시산
대촌71,대촌71,석정,석정,석정
대촌71,대촌71,석교삼거리,석교삼거리,석교삼거리
대촌71,대촌71,구룡(대촌),구룡(대촌),구룡(대촌)
대촌71,대촌71,마현,마현,마현
대촌71,대촌71,신용,신용,신용
대촌71,대촌71,봉학,봉학,봉학
대촌71,대촌71,용두입구,용두입구,용두입구
대촌71,대촌71,서창치안센터,서창치안센터,서창치안센터
대촌71,대촌71,중촌,중촌,중촌
대촌71,대촌71,절골입구(서),절골입구(서),절골입구(서)
대촌71,대촌71,불암,불암,불암
대촌71,대촌71,매월동(북),매월동(북),매월동(북)
대촌71,대촌71,대동고,대동고,대동고
대촌71,대촌71,화훼단지,화훼단지,화훼단지
대촌71,대촌71,공구단지,공구단지,공구단지
대촌71,대촌71,풍암사거리(동),풍암사거리(동),풍암사거리(동)
대촌71,대촌71,마재우체국,마재우체국,마재우체국
대촌71,대촌71,풍암저수지,풍암저수지,풍암저수지
대촌71,대촌71,원광대한방병원,원광대한방병원,원광대한방병원
대촌71,대촌71,금당중,금당중,금당중
대촌71,대촌71,서남하이츠/광주국제양궁장,서남하이츠/광주국제양궁장,서남하이츠/광주국제양궁장
대촌71,대촌71,무등시장입구(남),무등시장입구(남),무등시장입구(남)
대촌71,대촌71,백운초교(남),백운초교(남),백운초교(남)
대촌71,대촌71,까치고개,까치고개,까치고개
대촌71,대촌71,대성사거리,대성사거리,대성사거리
대촌71,대촌71,월산사거리,월산사거리,월산사거리
대촌71,대촌71,우진아파트,우진아파트,우진아파트
대촌71,대촌71,천교,천교,천교
대촌71,대촌71,양동복개쇼핑센터,양동복개쇼핑센터,양동복개쇼핑센터
대촌71,대촌71,양동시장역(천변),양동시장역(천변),양동시장역(천변)
송암72,송암72,송암공단,송암공단,송암공단
송암72,송암72,송암공단입구,송암공단입구,송암공단입구
송암72,송암72,송원대,송원대,송원대
송암72,송암72,동명회/송원고,동명회/송원고,동명회/송원고
송암72,송암72,운리마을,운리마을,운리마을
송암72,송암72,풍암대주아파트,풍암대주아파트,풍암대주아파트
송암72,송암72,풍암사거리(동),풍암사거리(동),풍암사거리(동)
송암72,송암72,마재부영아파트,마재부영아파트,마재부영아파트
송암72,송암72,마재대주아파트,마재대주아파트,마재대주아파트
송암72,송암72,서구문화센터,서구문화센터,서구문화센터
송암72,송암72,금호한국아파트,금호한국아파트,금호한국아파트
송암72,송암72,금호시영아파트,금호시영아파트,금호시영아파트
송암72,송암72,CBS방송국,CBS방송국,CBS방송국
송암72,송암72,상무중,상무중,상무중
송암72,송암72,운천저수지,운천저수지,운천저수지
송암72,송암72,운천역,운천역,운천역
송암72,송암72,서광주세무서,서광주세무서,서광주세무서
송암72,송암72,상무1동행정복지센터,상무1동행정복지센터,상무1동행정복지센터
송암72,송암72,한국병원,한국병원,한국병원
송암72,송암72,솔뫼타운,솔뫼타운,솔뫼타운
송암72,송암72,해태아파트,해태아파트,해태아파트
송암72,송암72,화정무등파크,화정무등파크,화정무등파크
송암72,송암72,화정중흥파크,화정중흥파크,화정중흥파크
송암72,송암72,서구청,서구청,서구청
송암72,송암72,서광주한전,서광주한전,서광주한전
송암72,송암72,돌고개역(동),돌고개역(동),돌고개역(동)
송암72,송암72,양동시장역(북),양동시장역(북),양동시장역(북)
송암72,송암72,광주은행북부지점,광주은행북부지점,광주은행북부지점
송암72,송암72,유동사거리,유동사거리,유동사거리
송암72,송암72,NC백화점,NC백화점,NC백화점
송암72,송암72,광주역,광주역,광주역
송암72,송암72,신안사거리,신안사거리,신안사거리
송암72,송암72,전남대사거리(서),전남대사거리(서),전남대사거리(서)
송암72,송암72,용봉초교,용봉초교,용봉초교
송암72,송암72,신안교,신안교,신안교
송암72,송암72,광주지방기상청,광주지방기상청,광주지방기상청
송암72,송암72,경신여고,경신여고,경신여고
송암72,송암72,운암시장,운암시장,운암시장
송암72,송암72,운암3단지,운암3단지,운암3단지
송암72,송암72,운암중,운암중,운암중
송암72,송암72,운암우미아파트,운암우미아파트,운암우미아파트
송암72,송암72,시립장애인복지관,시립장애인복지관,시립장애인복지관
송암72,송암72,동림푸른마을,동림푸른마을,동림푸른마을
송암72,송암72,산동교,산동교,산동교
송암72,송암72,반촌,반촌,반촌
송암72,송암72,보건대입구,보건대입구,보건대입구
송암72,송암72,전남공고입구,전남공고입구,전남공고입구
송암72,송암72,신창용수마을,신창용수마을,신창용수마을
송암72,송암72,신창초교,신창초교,신창초교
송암72,송암72,신창중,신창중,신창중
송암72,송암72,신창부영2차아파트,신창부영2차아파트,신창부영2차아파트
송암72,송암72,은빛마을,은빛마을,은빛마을
송암72,송암72,성덕교,성덕교,성덕교
송암72,송암72,성덕마을,성덕마을,성덕마을
송암72,송암72,장덕마을,장덕마을,장덕마을
송암72,송암72,고실마을,고실마을,고실마을
송암72,송암72,수완양우내안애,수완양우내안애,수완양우내안애
송암72,송암72,골옷교,골옷교,골옷교
송암72,송암72,수완우미린2차,수완우미린2차,수완우미린2차
송암72,송암72,수완보건지소,수완보건지소,수완보건지소
송암72,송암72,수완지구(KS병원),수완지구(KS병원),수완지구(KS병원)
송암72,송암72,수완지구(KS병원,수완지구(KS병원,수완지구(KS병원
송암72,송암72,운암벽산블루밍,운암벽산블루밍,운암벽산블루밍
송암72,송암72,문화예술회관,문화예술회관,문화예술회관
송암72,송암72,돌고개역(서),돌고개역(서),돌고개역(서)
송암72,송암72,농성SK뷰,농성SK뷰,농성SK뷰
송암72,송암72,쌍촌역,쌍촌역,쌍촌역
송암72,송암72,한국농어촌공사,한국농어촌공사,한국농어촌공사
송암72,송암72,금호초교,금호초교,금호초교
송암72,송암72,매월종합상가입구,매월종합상가입구,매월종합상가입구
송암73,송암73,도산동,도산동,도산동
송암73,송암73,도산파출소,도산파출소,도산파출소
송암73,송암73,공군부대,공군부대,공군부대
송암73,송암73,공군부대후문,공군부대후문,공군부대후문
송암73,송암73,송정호반아파트,송정호반아파트,송정호반아파트
송암73,송암73,도산동행정복지센터,도산동행정복지센터,도산동행정복지센터
송암73,송암73,송정초교,송정초교,송정초교
송암73,송암73,송정대덕아파트,송정대덕아파트,송정대덕아파트
송암73,송암73,상전,상전,상전
송암73,송암73,송정모아아파트,송정모아아파트,송정모아아파트
송암73,송암73,송정파출소(남),송정파출소(남),송정파출소(남)
송암73,송암73,공항역,공항역,공항역
송암73,송암73,장암마을,장암마을,장암마을
송암73,송암73,서창입구,서창입구,서창입구
송암73,송암73,월암,월암,월암
송암73,송암73,김대중컨벤션센터(마륵)역,김대중컨벤션센터(마륵)역,김대중컨벤션센터(마륵)역
송암73,송암73,전남고입구,전남고입구,전남고입구
송암73,송암73,상무역(북),상무역(북),상무역(북)
송암73,송암73,농협운천지점,농협운천지점,농협운천지점
송암73,송암73,대우디오빌,대우디오빌,대우디오빌
송암73,송암73,운천저수지,운천저수지,운천저수지
송암73,송암73,상무중,상무중,상무중
송암73,송암73,광주학생독립운동기념관,광주학생독립운동기념관,광주학생독립운동기념관
송암73,송암73,쌍촌시영아파트,쌍촌시영아파트,쌍촌시영아파트
송암73,송암73,보건환경연구원,보건환경연구원,보건환경연구원
송암73,송암73,염주사거리(동),염주사거리(동),염주사거리(동)
송암73,송암73,염주맨션,염주맨션,염주맨션
송암73,송암73,화정중,화정중,화정중
송암73,송암73,유니버시아드힐스테이트,유니버시아드힐스테이트,유니버시아드힐스테이트
송암73,송암73,건강협회,건강협회,건강협회
송암73,송암73,월산4동,월산4동,월산4동
송암73,송암73,월산5동,월산5동,월산5동
송암73,송암73,신우아파트,신우아파트,신우아파트
송암73,송암73,주월주택단지,주월주택단지,주월주택단지
송암73,송암73,백운광장,백운광장,백운광장
송암73,송암73,호남삼육고입구,호남삼육고입구,호남삼육고입구
송암73,송암73,대광여고,대광여고,대광여고
송암73,송암73,진월대주아파트,진월대주아파트,진월대주아파트
송암73,송암73,대성여고,대성여고,대성여고
송암73,송암73,동성고,동성고,동성고
송암73,송암73,송하삼익아파트,송하삼익아파트,송하삼익아파트
송암73,송암73,남선산업,남선산업,남선산업
송암73,송암73,송암공단입구,송암공단입구,송암공단입구
송암73,송암73,송원대,송원대,송원대
송암73,송암73,동명회/송원고,동명회/송원고,동명회/송원고
송암73,송암73,운리마을,운리마을,운리마을
송암73,송암73,풍암대주아파트,풍암대주아파트,풍암대주아파트
송암73,송암73,풍암사거리(서),풍암사거리(서),풍암사거리(서)
송암73,송암73,광주중,광주중,광주중
송암73,송암73,마재종원아파트,마재종원아파트,마재종원아파트
송암73,송암73,만호마을,만호마을,만호마을
송암73,송암73,무등교회,무등교회,무등교회
송암73,송암73,서광주역,서광주역,서광주역
송암73,송암73,동산교차로,동산교차로,동산교차로
송암73,송암73,동산교차로(북),동산교차로(북),동산교차로(북)
송암73,송암73,동산교차로(남),동산교차로(남),동산교차로(남)
송암73,송암73,매월종합상가입구,매월종합상가입구,매월종합상가입구
송암73,송암73,광주대입구,광주대입구,광주대입구
송암73,송암73,건강협회(남),건강협회(남),건강협회(남)
송암73,송암73,염주사거리(서),염주사거리(서),염주사거리(서)
송암73,송암73,치평중,치평중,치평중
송암73,송암73,상무역,상무역,상무역
송암74,송암74,송암공단,송암공단,송암공단
송암74,송암74,송암공단입구,송암공단입구,송암공단입구
송암74,송암74,송원대,송원대,송원대
송암74,송암74,동명회/송원고,동명회/송원고,동명회/송원고
송암74,송암74,운리마을,운리마을,운리마을
송암74,송암74,풍암SK뷰,풍암SK뷰,풍암SK뷰
송암74,송암74,풍암동부센트리빌,풍암동부센트리빌,풍암동부센트리빌
송암74,송암74,운리초교입구,운리초교입구,운리초교입구
송암74,송암74,마재부영아파트,마재부영아파트,마재부영아파트
송암74,송암74,마재대주아파트,마재대주아파트,마재대주아파트
송암74,송암74,서구문화센터,서구문화센터,서구문화센터
송암74,송암74,금호도개공아파트,금호도개공아파트,금호도개공아파트
송암74,송암74,금호모아아파트,금호모아아파트,금호모아아파트
송암74,송암74,월드컵경기장,월드컵경기장,월드컵경기장
송암74,송암74,염주체육관,염주체육관,염주체육관
송암74,송암74,럭키아파트,럭키아파트,럭키아파트
송암74,송암74,화정남초교,화정남초교,화정남초교
송암74,송암74,염주사거리(동),염주사거리(동),염주사거리(동)
송암74,송암74,염주맨션,염주맨션,염주맨션
송암74,송암74,화정중,화정중,화정중
송암74,송암74,유니버시아드힐스테이트,유니버시아드힐스테이트,유니버시아드힐스테이트
송암74,송암74,농성파출소,농성파출소,농성파출소
송암74,송암74,서광주한전,서광주한전,서광주한전
송암74,송암74,동신대한방병원,동신대한방병원,동신대한방병원
송암74,송암74,월산초교,월산초교,월산초교
송암74,송암74,무진중,무진중,무진중
송암74,송암74,대성초교,대성초교,대성초교
송암74,송암74,향교,향교,향교
송암74,송암74,중앙대교(서),중앙대교(서),중앙대교(서)
송암74,송암74,충장치안센터,충장치안센터,충장치안센터
송암74,송암74,예술의거리입구,예술의거리입구,예술의거리입구
송암74,송암74,전남여고,전남여고,전남여고
송암74,송암74,동구노인종합복지관,동구노인종합복지관,동구노인종합복지관
송암74,송암74,농장다리,농장다리,농장다리
송암74,송암74,법원입구,법원입구,법원입구
송암74,송암74,산수오거리,산수오거리,산수오거리
송암74,송암74,두암지구입구,두암지구입구,두암지구입구
송암74,송암74,풍향시장,풍향시장,풍향시장
송암74,송암74,교대금호어울림,교대금호어울림,교대금호어울림
송암74,송암74,두암주공입구,두암주공입구,두암주공입구
송암74,송암74,두암초교,두암초교,두암초교
송암74,송암74,문화초교,문화초교,문화초교
송암74,송암74,신흥맨션,신흥맨션,신흥맨션
송암74,송암74,각화무등파크,각화무등파크,각화무등파크
송암74,송암74,각화초교,각화초교,각화초교
송암74,송암74,금호아파트,금호아파트,금호아파트
송암74,송암74,동광주진입로,동광주진입로,동광주진입로
송암74,송암74,농산물공판장,농산물공판장,농산물공판장
송암74,송암74,문흥지구입구(남),문흥지구입구(남),문흥지구입구(남)
송암74,송암74,문흥지구입구(동),문흥지구입구(동),문흥지구입구(동)
송암74,송암74,도동고개,도동고개,도동고개
송암74,송암74,도선사,도선사,도선사
송암74,송암74,장등동,장등동,장등동
송암74,송암74,광주세무서,광주세무서,광주세무서
송암74,송암74,돌고개역(서),돌고개역(서),돌고개역(서)
송암74,송암74,풍암대주아파트,풍암대주아파트,풍암대주아파트
송암74,송암74,매월종합상가입구,매월종합상가입구,매월종합상가입구
진월75,진월75,송암공단,송암공단,송암공단
진월75,진월75,송원대,송원대,송원대
진월75,진월75,송암공단입구,송암공단입구,송암공단입구
진월75,진월75,인성고,인성고,인성고
진월75,진월75,송암동,송암동,송암동
진월75,진월75,신효천마을,신효천마을,신효천마을
진월75,진월75,효천초교,효천초교,효천초교
진월75,진월75,대동마을,대동마을,대동마을
진월75,진월75,신기교,신기교,신기교
진월75,진월75,조각배어린이공원,조각배어린이공원,조각배어린이공원
진월75,진월75,노대제,노대제,노대제
진월75,진월75,송화마을5단지,송화마을5단지,송화마을5단지
진월75,진월75,진월남양휴튼,진월남양휴튼,진월남양휴튼
진월75,진월75,송화마을3단지,송화마을3단지,송화마을3단지
진월75,진월75,진월저수지(서),진월저수지(서),진월저수지(서)
진월75,진월75,효덕동행정복지센터,효덕동행정복지센터,효덕동행정복지센터
진월75,진월75,광주대입구,광주대입구,광주대입구
진월75,진월75,동성고,동성고,동성고
진월75,진월75,대성여고,대성여고,대성여고
진월75,진월75,진월대주아파트,진월대주아파트,진월대주아파트
진월75,진월75,대광여고,대광여고,대광여고
진월75,진월75,호남삼육고,호남삼육고,호남삼육고
진월75,진월75,서남하이츠/광주국제양궁장,서남하이츠/광주국제양궁장,서남하이츠/광주국제양궁장
진월75,진월75,금당중,금당중,금당중
진월75,진월75,원광대한방병원,원광대한방병원,원광대한방병원
진월75,진월75,풍암우미아파트,풍암우미아파트,풍암우미아파트
진월75,진월75,풍암금호아파트,풍암금호아파트,풍암금호아파트
진월75,진월75,신암마을,신암마을,신암마을
진월75,진월75,풍암한국아파트,풍암한국아파트,풍암한국아파트
진월75,진월75,풍암한신아파트,풍암한신아파트,풍암한신아파트
진월75,진월75,풍암모아아파트,풍암모아아파트,풍암모아아파트
진월75,진월75,풍암저수지,풍암저수지,풍암저수지
진월75,진월75,마재우체국,마재우체국,마재우체국
진월75,진월75,마재부영아파트,마재부영아파트,마재부영아파트
진월75,진월75,마재대주아파트,마재대주아파트,마재대주아파트
진월75,진월75,서창농협,서창농협,서창농협
진월75,진월75,만호초교,만호초교,만호초교
진월75,진월75,만호마을,만호마을,만호마을
진월75,진월75,무등교회,무등교회,무등교회
진월75,진월75,다사랑병원,다사랑병원,다사랑병원
진월75,진월75,서창농협벽진지점,서창농협벽진지점,서창농협벽진지점
진월75,진월75,서창사거리,서창사거리,서창사거리
진월75,진월75,장암마을,장암마을,장암마을
진월75,진월75,공항역,공항역,공항역
진월75,진월75,송정파출소(북),송정파출소(북),송정파출소(북)
진월75,진월75,송정공원역,송정공원역,송정공원역
진월75,진월75,영광통,영광통,영광통
진월75,진월75,광산구청,광산구청,광산구청
진월75,진월75,광주송정역,광주송정역,광주송정역
진월75,진월75,신동사거리,신동사거리,신동사거리
진월75,진월75,도산역,도산역,도산역
진월75,진월75,도산파출소,도산파출소,도산파출소
진월75,진월75,도산동,도산동,도산동
진월75,진월75,동산교차로,동산교차로,동산교차로
진월75,진월75,동산교차로(북),동산교차로(북),동산교차로(북)
진월75,진월75,서구문화센터,서구문화센터,서구문화센터
진월75,진월75,송화마을1단지입구,송화마을1단지입구,송화마을1단지입구
진월75,진월75,송화마을1단지,송화마을1단지,송화마을1단지
진월75,진월75,진남초교,진남초교,진남초교
봉선76,봉선76,송암공단,송암공단,송암공단
봉선76,봉선76,송원대,송원대,송원대
봉선76,봉선76,송암공단입구,송암공단입구,송암공단입구
봉선76,봉선76,입하마을,입하마을,입하마을
봉선76,봉선76,광주효천시티프라디움,광주효천시티프라디움,광주효천시티프라디움
봉선76,봉선76,임암,임암,임암
봉선76,봉선76,신효천마을,신효천마을,신효천마을
봉선76,봉선76,효천초교,효천초교,효천초교
봉선76,봉선76,대동마을,대동마을,대동마을
봉선76,봉선76,신기교,신기교,신기교
봉선76,봉선76,조각배어린이공원,조각배어린이공원,조각배어린이공원
봉선76,봉선76,노대제,노대제,노대제
봉선76,봉선76,송화마을5단지,송화마을5단지,송화마을5단지
봉선76,봉선76,진월남양휴튼,진월남양휴튼,진월남양휴튼
봉선76,봉선76,송화마을3단지,송화마을3단지,송화마을3단지
봉선76,봉선76,진월저수지(동),진월저수지(동),진월저수지(동)
봉선76,봉선76,진월리채3차,진월리채3차,진월리채3차
봉선76,봉선76,문성고,문성고,문성고
봉선76,봉선76,구남구청,구남구청,구남구청
봉선76,봉선76,조봉초교,조봉초교,조봉초교
봉선76,봉선76,봉선삼익아파트(남),봉선삼익아파트(남),봉선삼익아파트(남)
봉선76,봉선76,봉선삼익아파트(북),봉선삼익아파트(북),봉선삼익아파트(북)
봉선76,봉선76,유안초교,유안초교,유안초교
봉선76,봉선76,라인효친,라인효친,라인효친
봉선76,봉선76,모아2차아파트,모아2차아파트,모아2차아파트
봉선76,봉선76,봉선1동행정복지센터,봉선1동행정복지센터,봉선1동행정복지센터
봉선76,봉선76,양림휴먼시아1차,양림휴먼시아1차,양림휴먼시아1차
봉선76,봉선76,양림휴먼시아2차,양림휴먼시아2차,양림휴먼시아2차
봉선76,봉선76,학림교,학림교,학림교
봉선76,봉선76,방림교,방림교,방림교
봉선76,봉선76,우영아파트,우영아파트,우영아파트
봉선76,봉선76,빛고을복지회관,빛고을복지회관,빛고을복지회관
봉선76,봉선76,가야농원,가야농원,가야농원
봉선76,봉선76,용산교(동구),용산교(동구),용산교(동구)
봉선76,봉선76,지원2동행정복지센터입구,지원2동행정복지센터입구,지원2동행정복지센터입구
봉선76,봉선76,소태역,소태역,소태역
봉선76,봉선76,광주남초교,광주남초교,광주남초교
봉선76,봉선76,동구문화센터,동구문화센터,동구문화센터
봉선76,봉선76,학동평화맨션,학동평화맨션,학동평화맨션
봉선76,봉선76,홍림교,홍림교,홍림교
봉선76,봉선76,연진회미술원,연진회미술원,연진회미술원
봉선76,봉선76,운림중,운림중,운림중
봉선76,봉선76,학운초교,학운초교,학운초교
봉선76,봉선76,성촌마을/전통문화관,성촌마을/전통문화관,성촌마을/전통문화관
봉선76,봉선76,무등산국립공원(증심사),무등산국립공원(증심사),무등산국립공원(증심사)
봉선76,봉선76,동산마을입구,동산마을입구,동산마을입구
봉선76,봉선76,학동무등파크,학동무등파크,학동무등파크
봉선76,봉선76,삼익세라믹,삼익세라믹,삼익세라믹
봉선76,봉선76,백화아파트,백화아파트,백화아파트
진월77,진월77,세하동,세하동,세하동
진월77,진월77,서창동주민센터,서창동주민센터,서창동주민센터
진월77,진월77,절골입구(북),절골입구(북),절골입구(북)
진월77,진월77,매월동(동),매월동(동),매월동(동)
진월77,진월77,대동고,대동고,대동고
진월77,진월77,화훼단지,화훼단지,화훼단지
진월77,진월77,공구단지,공구단지,공구단지
진월77,진월77,풍암사거리(동),풍암사거리(동),풍암사거리(동)
진월77,진월77,마재부영아파트,마재부영아파트,마재부영아파트
진월77,진월77,마재호반아파트,마재호반아파트,마재호반아파트
진월77,진월77,마재종원아파트,마재종원아파트,마재종원아파트
진월77,진월77,만호초교,만호초교,만호초교
진월77,진월77,금호한국아파트,금호한국아파트,금호한국아파트
진월77,진월77,금호시영아파트,금호시영아파트,금호시영아파트
진월77,진월77,CBS방송국,CBS방송국,CBS방송국
진월77,진월77,상무중,상무중,상무중
진월77,진월77,광주학생독립운동기념관,광주학생독립운동기념관,광주학생독립운동기념관
진월77,진월77,쌍촌시영아파트,쌍촌시영아파트,쌍촌시영아파트
진월77,진월77,보건환경연구원,보건환경연구원,보건환경연구원
진월77,진월77,염주사거리(동),염주사거리(동),염주사거리(동)
진월77,진월77,염주맨션,염주맨션,염주맨션
진월77,진월77,주월초교,주월초교,주월초교
진월77,진월77,월산마을,월산마을,월산마을
진월77,진월77,제일맨션,제일맨션,제일맨션
진월77,진월77,명지맨션,명지맨션,명지맨션
진월77,진월77,무등시장,무등시장,무등시장
진월77,진월77,무등시장입구(북),무등시장입구(북),무등시장입구(북)
진월77,진월77,호남삼육고,호남삼육고,호남삼육고
진월77,진월77,대광여고,대광여고,대광여고
진월77,진월77,진월대주아파트,진월대주아파트,진월대주아파트
진월77,진월77,대성여고,대성여고,대성여고
진월77,진월77,동성고,동성고,동성고
진월77,진월77,금호타운아파트,금호타운아파트,금호타운아파트
진월77,진월77,광주대,광주대,광주대
진월77,진월77,구암,구암,구암
진월77,진월77,빛고을CC,빛고을CC,빛고을CC
진월77,진월77,노대,노대,노대
진월77,진월77,광주대입구,광주대입구,광주대입구
진월77,진월77,염주사거리(서),염주사거리(서),염주사거리(서)
진월77,진월77,치평중,치평중,치평중
진월77,진월77,금호초교,금호초교,금호초교
진월77,진월77,서창농협,서창농협,서창농협
진월78,진월78,광주김치타운,광주김치타운,광주김치타운
진월78,진월78,매월종합상가공구단지,매월종합상가공구단지,매월종합상가공구단지
진월78,진월78,서부농수산물도매시장,서부농수산물도매시장,서부농수산물도매시장
진월78,진월78,공구단지,공구단지,공구단지
진월78,진월78,풍암사거리(동),풍암사거리(동),풍암사거리(동)
진월78,진월78,마재우체국,마재우체국,마재우체국
진월78,진월78,풍암저수지,풍암저수지,풍암저수지
진월78,진월78,풍암모아아파트,풍암모아아파트,풍암모아아파트
진월78,진월78,풍암한신아파트,풍암한신아파트,풍암한신아파트
진월78,진월78,풍암한국아파트,풍암한국아파트,풍암한국아파트
진월78,진월78,신암마을,신암마을,신암마을
진월78,진월78,풍암금호아파트,풍암금호아파트,풍암금호아파트
진월78,진월78,풍암우미아파트,풍암우미아파트,풍암우미아파트
진월78,진월78,원광대한방병원,원광대한방병원,원광대한방병원
진월78,진월78,금당중,금당중,금당중
진월78,진월78,서남하이츠/광주국제양궁장,서남하이츠/광주국제양궁장,서남하이츠/광주국제양궁장
진월78,진월78,호남삼육고,호남삼육고,호남삼육고
진월78,진월78,대광여고,대광여고,대광여고
진월78,진월78,진월대주아파트,진월대주아파트,진월대주아파트
진월78,진월78,대성여고,대성여고,대성여고
진월78,진월78,동성고,동성고,동성고
진월78,진월78,송하삼익아파트,송하삼익아파트,송하삼익아파트
진월78,진월78,남선산업,남선산업,남선산업
진월78,진월78,인성고,인성고,인성고
진월78,진월78,송암동,송암동,송암동
진월78,진월78,임암,임암,임암
진월78,진월78,광곡입구,광곡입구,광곡입구
진월78,진월78,임정,임정,임정
진월78,진월78,이동입구,이동입구,이동입구
진월78,진월78,이동,이동,이동
진월78,진월78,광주대입구,광주대입구,광주대입구
진월79,진월79,도동,도동,도동
진월79,진월79,효천천년나무3단지,효천천년나무3단지,효천천년나무3단지
진월79,진월79,대동마을,대동마을,대동마을
진월79,진월79,효천초교,효천초교,효천초교
진월79,진월79,신효천마을,신효천마을,신효천마을
진월79,진월79,송암동,송암동,송암동
진월79,진월79,인성고,인성고,인성고
진월79,진월79,남선산업,남선산업,남선산업
진월79,진월79,송하삼익아파트,송하삼익아파트,송하삼익아파트
진월79,진월79,광주대입구,광주대입구,광주대입구
진월79,진월79,동성고,동성고,동성고
진월79,진월79,대성여고,대성여고,대성여고
진월79,진월79,진월대주아파트,진월대주아파트,진월대주아파트
진월79,진월79,대광여고,대광여고,대광여고
진월79,진월79,백운광장,백운광장,백운광장
진월79,진월79,백운우체국,백운우체국,백운우체국
진월79,진월79,까치고개,까치고개,까치고개
진월79,진월79,대성사거리,대성사거리,대성사거리
진월79,진월79,무진중,무진중,무진중
진월79,진월79,월산초교,월산초교,월산초교
진월79,진월79,동신대한방병원,동신대한방병원,동신대한방병원
진월79,진월79,돌고개역(동),돌고개역(동),돌고개역(동)
진월79,진월79,양동시장역(남),양동시장역(남),양동시장역(남)
진월79,진월79,양동복개쇼핑센터,양동복개쇼핑센터,양동복개쇼핑센터
진월79,진월79,천교,천교,천교
진월79,진월79,백운초교(북),백운초교(북),백운초교(북)
진월79,진월79,호남삼육고입구,호남삼육고입구,호남삼육고입구
문흥80,문흥80,장등동,장등동,장등동
문흥80,문흥80,도선사,도선사,도선사
문흥80,문흥80,문흥지구입구(서),문흥지구입구(서),문흥지구입구(서)
문흥80,문흥80,문흥라인동산아파트,문흥라인동산아파트,문흥라인동산아파트
문흥80,문흥80,문흥라인아파트,문흥라인아파트,문흥라인아파트
문흥80,문흥80,문흥중앙초교,문흥중앙초교,문흥중앙초교
문흥80,문흥80,문화근린공원,문화근린공원,문화근린공원
문흥80,문흥80,오정초교입구,오정초교입구,오정초교입구
문흥80,문흥80,오치한전옆,오치한전옆,오치한전옆
문흥80,문흥80,도로교통공단 대신파크,도로교통공단 대신파크,도로교통공단대신파크
문흥80,문흥80,전남대공과대학,전남대공과대학,전남대공과대학
문흥80,문흥80,전남대동문,전남대동문,전남대동문
문흥80,문흥80,북구청,북구청,북구청
문흥80,문흥80,평화맨션,평화맨션,평화맨션
문흥80,문흥80,말바우시장(서),말바우시장(서),말바우시장(서)
문흥80,문흥80,말바우시장(남),말바우시장(남),말바우시장(남)
문흥80,문흥80,동강대,동강대,동강대
문흥80,문흥80,서방시장(북),서방시장(북),서방시장(북)
문흥80,문흥80,교육대,교육대,교육대
문흥80,문흥80,풍향삼거리,풍향삼거리,풍향삼거리
문흥80,문흥80,두암지구입구,두암지구입구,두암지구입구
문흥80,문흥80,산수오거리,산수오거리,산수오거리
문흥80,문흥80,법원,법원,법원
문흥80,문흥80,매일시장입구,매일시장입구,매일시장입구
문흥80,문흥80,살레시오여고,살레시오여고,살레시오여고
문흥80,문흥80,조선대,조선대,조선대
문흥80,문흥80,서남동행정복지센터,서남동행정복지센터,서남동행정복지센터
문흥80,문흥80,문화전당역,문화전당역,문화전당역
문흥80,문흥80,"국립아시아문화전당(구,도청)","국립아시아문화전당(구,도청)","국립아시아문화전당(구,도청)"
문흥80,문흥80,충장치안센터,충장치안센터,충장치안센터
문흥80,문흥80,충장로5가입구,충장로5가입구,충장로5가입구
문흥80,문흥80,금남로4가역,금남로4가역,금남로4가역
문흥80,문흥80,법원입구,법원입구,법원입구
문흥80,문흥80,서방시장(남),서방시장(남),서방시장(남)
문흥80,문흥80,성산맨션,성산맨션,성산맨션
문흥80,문흥80,문흥지구입구(동),문흥지구입구(동),문흥지구입구(동)
문흥80,문흥80,도동고개,도동고개,도동고개
두암81,두암81,장등마을,장등마을,장등마을
두암81,두암81,장동마을,장동마을,장동마을
두암81,두암81,망향동산길,망향동산길,망향동산길
두암81,두암81,변전소,변전소,변전소
두암81,두암81,장등동,장등동,장등동
두암81,두암81,도선사입구,도선사입구,도선사입구
두암81,두암81,각화중,각화중,각화중
두암81,두암81,힐스테이트각화아파트,힐스테이트각화아파트,힐스테이트각화아파트
두암81,두암81,각화초교,각화초교,각화초교
두암81,두암81,금호아파트,금호아파트,금호아파트
두암81,두암81,광주병원,광주병원,광주병원
두암81,두암81,무등도서관,무등도서관,무등도서관
두암81,두암81,말바우시장(동),말바우시장(동),말바우시장(동)
두암81,두암81,말바우시장(서),말바우시장(서),말바우시장(서)
두암81,두암81,평화맨션,평화맨션,평화맨션
두암81,두암81,북구청,북구청,북구청
두암81,두암81,북구보건소,북구보건소,북구보건소
두암81,두암81,전남대,전남대,전남대
두암81,두암81,신안사거리,신안사거리,신안사거리
두암81,두암81,광주역,광주역,광주역
두암81,두암81,유동사거리,유동사거리,유동사거리
두암81,두암81,광주일고/광주고용센터,광주일고/광주고용센터,광주일고/광주고용센터
두암81,두암81,롯데백화점,롯데백화점,롯데백화점
두암81,두암81,동부소방서,동부소방서,동부소방서
두암81,두암81,대인시장(서),대인시장(서),대인시장(서)
두암81,두암81,전남여고,전남여고,전남여고
두암81,두암81,동구노인종합복지관,동구노인종합복지관,동구노인종합복지관
두암81,두암81,농장다리,농장다리,농장다리
두암81,두암81,법원,법원,법원
두암81,두암81,지산2동행정복지센터,지산2동행정복지센터,지산2동행정복지센터
두암81,두암81,단사공원,단사공원,단사공원
두암81,두암81,지산유원지입구,지산유원지입구,지산유원지입구
두암81,두암81,지산유원지,지산유원지,지산유원지
두암81,두암81,신양파크호텔,신양파크호텔,신양파크호텔
두암81,두암81,산수무등파크,산수무등파크,산수무등파크
두암81,두암81,장원초교(동),장원초교(동),장원초교(동)
두암81,두암81,호남맨션,호남맨션,호남맨션
두암81,두암81,율곡초교,율곡초교,율곡초교
두암81,두암81,두암주공아파트,두암주공아파트,두암주공아파트
두암81,두암81,삼정초교,삼정초교,삼정초교
두암81,두암81,대주빌라,대주빌라,대주빌라
두암81,두암81,두암라인동산아파트,두암라인동산아파트,두암라인동산아파트
두암81,두암81,문화초교,문화초교,문화초교
두암81,두암81,신흥맨션,신흥맨션,신흥맨션
두암81,두암81,각화무등파크,각화무등파크,각화무등파크
두암81,두암81,보광사,보광사,보광사
두암81,두암81,도선사,도선사,도선사
두암81,두암81,대인광장(북),대인광장(북),대인광장(북)
두암81,두암81,대인광장(동),대인광장(동),대인광장(동)
두암81,두암81,NC백화점,NC백화점,NC백화점
용봉83,용봉83,비엔날레전시관,비엔날레전시관,비엔날레전시관
용봉83,용봉83,비엔날레전시관입구,비엔날레전시관입구,비엔날레전시관입구
용봉83,용봉83,용봉현대1차아파트,용봉현대1차아파트,용봉현대1차아파트
용봉83,용봉83,중앙여고,중앙여고,중앙여고
용봉83,용봉83,문화예술회관,문화예술회관,문화예술회관
용봉83,용봉83,운암시장,운암시장,운암시장
용봉83,용봉83,경신여고,경신여고,경신여고
용봉83,용봉83,광주지방기상청,광주지방기상청,광주지방기상청
용봉83,용봉83,신안교,신안교,신안교
용봉83,용봉83,용봉초교,용봉초교,용봉초교
용봉83,용봉83,전남대사거리(서),전남대사거리(서),전남대사거리(서)
용봉83,용봉83,신안사거리,신안사거리,신안사거리
용봉83,용봉83,광주역(동),광주역(동),광주역(동)
용봉83,용봉83,중흥초교,중흥초교,중흥초교
용봉83,용봉83,4.19기념관,4.19기념관,419기념관
용봉83,용봉83,서방사거리육교,서방사거리육교,서방사거리육교
용봉83,용봉83,서방시장(남),서방시장(남),서방시장(남)
용봉83,용봉83,동강대,동강대,동강대
용봉83,용봉83,말바우시장(서),말바우시장(서),말바우시장(서)
용봉83,용봉83,평화맨션,평화맨션,평화맨션
용봉83,용봉83,북구청,북구청,북구청
용봉83,용봉83,전남대동문,전남대동문,전남대동문
용봉83,용봉83,전남대공과대학,전남대공과대학,전남대공과대학
용봉83,용봉83,성산맨션,성산맨션,성산맨션
용봉83,용봉83,도로교통공단 대신파크,도로교통공단 대신파크,도로교통공단대신파크
용봉83,용봉83,용봉한화꿈에그린,용봉한화꿈에그린,용봉한화꿈에그린
용봉83,용봉83,삼원맨션,삼원맨션,삼원맨션
용봉83,용봉83,유창아파트,유창아파트,유창아파트
용봉83,용봉83,용봉모아아파트,용봉모아아파트,용봉모아아파트
용봉83,용봉83,용봉동성당,용봉동성당,용봉동성당
용봉83,용봉83,용봉현대3차아파트,용봉현대3차아파트,용봉현대3차아파트
용봉83,용봉83,유창허니문입구,유창허니문입구,유창허니문입구
용봉83,용봉83,말바우시장(남),말바우시장(남),말바우시장(남)
용봉83,용봉83,광주역,광주역,광주역
용봉83,용봉83,경신여고(일방로),경신여고(일방로),경신여고(일방로)
용전84,용전84,송강정,송강정,송강정
용전84,용전84,양지분교,양지분교,양지분교
용전84,용전84,월전(담양),월전(담양),월전(담양)
용전84,용전84,양지,양지,양지
용전84,용전84,와우리,와우리,와우리
용전84,용전84,신평,신평,신평
용전84,용전84,태령,태령,태령
용전84,용전84,단지삼거리,단지삼거리,단지삼거리
용전84,용전84,두촌,두촌,두촌
용전84,용전84,수곡,수곡,수곡
용전84,용전84,북초교,북초교,북초교
용전84,용전84,효령노인복지타운,효령노인복지타운,효령노인복지타운
용전84,용전84,전통공예문화학교,전통공예문화학교,전통공예문화학교
용전84,용전84,용전입구,용전입구,용전입구
용전84,용전84,용전사거리(북),용전사거리(북),용전사거리(북)
용전84,용전84,지산입구,지산입구,지산입구
용전84,용전84,지산초교,지산초교,지산초교
용전84,용전84,대원정사,대원정사,대원정사
용전84,용전84,호남권역재활병원,호남권역재활병원,호남권역재활병원
용전84,용전84,건국동행정복지센터,건국동행정복지센터,건국동행정복지센터
용전84,용전84,건국동파출소,건국동파출소,건국동파출소
용전84,용전84,신용두,신용두,신용두
용전84,용전84,거진,거진,거진
용전84,용전84,양산초교입구,양산초교입구,양산초교입구
용전84,용전84,양산호수공원,양산호수공원,양산호수공원
용전84,용전84,KT&G광주공장,KT&G광주공장,KT&G광주공장
용전84,용전84,롯데칠성,롯데칠성,롯데칠성
용전84,용전84,해태제과,해태제과,해태제과
용전84,용전84,광주다문화가족지원거점센터,광주다문화가족지원거점센터,광주다문화가족지원거점센터
용전84,용전84,마당고개,마당고개,마당고개
용전84,용전84,박물관입구,박물관입구,박물관입구
용전84,용전84,체육고/폴리텍대학,체육고/폴리텍대학,체육고/폴리텍대학
용전84,용전84,문화예술회관,문화예술회관,문화예술회관
용전84,용전84,광천치안센터,광천치안센터,광천치안센터
용전84,용전84,현대자동차,현대자동차,현대자동차
용전84,용전84,발산,발산,발산
용전84,용전84,발산교(북),발산교(북),발산교(북)
용전84,용전84,양동교,양동교,양동교
용전84,용전84,양동시장역(천변),양동시장역(천변),양동시장역(천변)
용전84,용전84,전남방직,전남방직,전남방직
용전84,용전84,임동주공아파트,임동주공아파트,임동주공아파트
용전84,용전84,광주기아챔피언스필드,광주기아챔피언스필드,광주기아챔피언스필드
용전84,용전84,경신여고,경신여고,경신여고
용전84,용전84,운암시장,운암시장,운암시장
용전84,용전84,문화예술회관후문,문화예술회관후문,문화예술회관후문
용전84,용전84,대진운수,대진운수,대진운수
용전85,용전85,입암,입암,입암
용전85,용전85,전통공예문화학교,전통공예문화학교,전통공예문화학교
용전85,용전85,용전입구,용전입구,용전입구
용전85,용전85,용전사거리(북),용전사거리(북),용전사거리(북)
용전85,용전85,용전,용전,용전
용전85,용전85,지산입구,지산입구,지산입구
용전85,용전85,지산초교,지산초교,지산초교
용전85,용전85,대원정사,대원정사,대원정사
용전85,용전85,호남권역재활병원,호남권역재활병원,호남권역재활병원
용전85,용전85,건국동행정복지센터,건국동행정복지센터,건국동행정복지센터
용전85,용전85,건국동파출소,건국동파출소,건국동파출소
용전85,용전85,지산중,지산중,지산중
용전85,용전85,양산호반2차,양산호반2차,양산호반2차
용전85,용전85,양산택지사거리,양산택지사거리,양산택지사거리
용전85,용전85,광주은행양산동지점,광주은행양산동지점,광주은행양산동지점
용전85,용전85,양산초교입구,양산초교입구,양산초교입구
용전85,용전85,양산초교,양산초교,양산초교
용전85,용전85,연제주공아파트,연제주공아파트,연제주공아파트
용전85,용전85,연제새한아파트,연제새한아파트,연제새한아파트
용전85,용전85,연제외촌,연제외촌,연제외촌
용전85,용전85,힐스테이트연제아파트,힐스테이트연제아파트,힐스테이트연제아파트
용전85,용전85,연제현대아파트,연제현대아파트,연제현대아파트
용전85,용전85,한양아파트,한양아파트,한양아파트
용전85,용전85,해태제과,해태제과,해태제과
용전85,용전85,광주다문화가족지원거점센터,광주다문화가족지원거점센터,광주다문화가족지원거점센터
용전85,용전85,마당고개,마당고개,마당고개
용전85,용전85,박물관입구,박물관입구,박물관입구
용전85,용전85,체육고/폴리텍대학,체육고/폴리텍대학,체육고/폴리텍대학
용전85,용전85,문화예술회관,문화예술회관,문화예술회관
용전85,용전85,운암시장,운암시장,운암시장
용전85,용전85,경신여고(일방로),경신여고(일방로),경신여고(일방로)
용전85,용전85,중앙여고,중앙여고,중앙여고
용전85,용전85,문화예술회관후문,문화예술회관후문,문화예술회관후문
용전85,용전85,대진운수,대진운수,대진운수
용전86,용전86,장등동,장등동,장등동
용전86,용전86,도선사입구,도선사입구,도선사입구
용전86,용전86,힐스테이트각화아파트,힐스테이트각화아파트,힐스테이트각화아파트
용전86,용전86,각화중,각화중,각화중
용전86,용전86,각화초교,각화초교,각화초교
용전86,용전86,금호아파트,금호아파트,금호아파트
용전86,용전86,동광주진입로,동광주진입로,동광주진입로
용전86,용전86,농산물공판장,농산물공판장,농산물공판장
용전86,용전86,문흥지구입구(서),문흥지구입구(서),문흥지구입구(서)
용전86,용전86,문흥라인동산아파트,문흥라인동산아파트,문흥라인동산아파트
용전86,용전86,문흥라인아파트,문흥라인아파트,문흥라인아파트
용전86,용전86,문흥중,문흥중,문흥중
용전86,용전86,자연과학고,자연과학고,자연과학고
용전86,용전86,용봉중,용봉중,용봉중
용전86,용전86,서산초교,서산초교,서산초교
용전86,용전86,오치1동행정복지센터,오치1동행정복지센터,오치1동행정복지센터
용전86,용전86,삼각호반아파트,삼각호반아파트,삼각호반아파트
용전86,용전86,고려고,고려고,고려고
용전86,용전86,삼각그린타운,삼각그린타운,삼각그린타운
용전86,용전86,국제고,국제고,국제고
용전86,용전86,일곡사거리,일곡사거리,일곡사거리
용전86,용전86,일곡초교,일곡초교,일곡초교
용전86,용전86,서일초교,서일초교,서일초교
용전86,용전86,일곡삼호아파트,일곡삼호아파트,일곡삼호아파트
용전86,용전86,명상의집,명상의집,명상의집
용전86,용전86,우치공원,우치공원,우치공원
용전86,용전86,생룡,생룡,생룡
용전86,용전86,지산마을,지산마을,지산마을
용전86,용전86,용전사거리(북),용전사거리(북),용전사거리(북)
용전86,용전86,대진운수,대진운수,대진운수
용전86,용전86,용전입구,용전입구,용전입구
용전86,용전86,전통공예문화학교,전통공예문화학교,전통공예문화학교
용전86,용전86,효령노인복지타운,효령노인복지타운,효령노인복지타운
용전86,용전86,샛터코아,샛터코아,샛터코아
용전86,용전86,문흥지구입구(남),문흥지구입구(남),문흥지구입구(남)
용전86,용전86,보광사,보광사,보광사
용전86,용전86,도선사,도선사,도선사
석곡87,석곡87,청풍학생야영장,청풍학생야영장,청풍학생야영장
석곡87,석곡87,등촌,등촌,등촌
석곡87,석곡87,신촌 아랫길(4수원지),신촌 아랫길(4수원지),신촌아랫길(4수원지)
석곡87,석곡87,신촌 윗길(4수원지),신촌 윗길(4수원지),신촌윗길(4수원지)
석곡87,석곡87,분토(북구),분토(북구),분토(북구)
석곡87,석곡87,죽곡(남),죽곡(남),죽곡(남)
석곡87,석곡87,죽곡(북),죽곡(북),죽곡(북)
석곡87,석곡87,동초교,동초교,동초교
석곡87,석곡87,월산(석곡),월산(석곡),월산(석곡)
석곡87,석곡87,석곡동행정복지센터,석곡동행정복지센터,석곡동행정복지센터
석곡87,석곡87,용호(북구),용호(북구),용호(북구)
석곡87,석곡87,중소기업진흥공단 호남연수원,중소기업진흥공단 호남연수원,중소기업진흥공단호남연수원
석곡87,석곡87,도선사,도선사,도선사
석곡87,석곡87,문흥지구입구(남),문흥지구입구(남),문흥지구입구(남)
석곡87,석곡87,농산물공판장,농산물공판장,농산물공판장
석곡87,석곡87,동광주진입로,동광주진입로,동광주진입로
석곡87,석곡87,광주병원,광주병원,광주병원
석곡87,석곡87,무등도서관,무등도서관,무등도서관
석곡87,석곡87,말바우시장(동),말바우시장(동),말바우시장(동)
석곡87,석곡87,말바우시장(남),말바우시장(남),말바우시장(남)
석곡87,석곡87,동강대,동강대,동강대
석곡87,석곡87,서방시장(남),서방시장(남),서방시장(남)
석곡87,석곡87,계림사거리,계림사거리,계림사거리
석곡87,석곡87,광주고/419역사관,광주고/419역사관,광주고/419역사관
석곡87,석곡87,대인시장(동),대인시장(동),대인시장(동)
석곡87,석곡87,전남여고,전남여고,전남여고
석곡87,석곡87,동구청,동구청,동구청
석곡87,석곡87,서남동행정복지센터,서남동행정복지센터,서남동행정복지센터
석곡87,석곡87,조선대병원입구,조선대병원입구,조선대병원입구
석곡87,석곡87,조선대장미원,조선대장미원,조선대장미원
석곡87,석곡87,문흥지구입구(동),문흥지구입구(동),문흥지구입구(동)
석곡87,석곡87,도동고개,도동고개,도동고개
임곡89,임곡89,덕흥동,덕흥동,덕흥동
임곡89,임곡89,덕흥마을입구,덕흥마을입구,덕흥마을입구
임곡89,임곡89,덕흥삼거리,덕흥삼거리,덕흥삼거리
임곡89,임곡89,유덕2교차로,유덕2교차로,유덕2교차로
임곡89,임곡89,유덕1교차로,유덕1교차로,유덕1교차로
임곡89,임곡89,시청,시청,시청
임곡89,임곡89,518기념문화센터,518기념문화센터,518기념문화센터
임곡89,임곡89,모아제일아파트,모아제일아파트,모아제일아파트
임곡89,임곡89,상무호반3차,상무호반3차,상무호반3차
임곡89,임곡89,유덕초교,유덕초교,유덕초교
임곡89,임곡89,칠성마을,칠성마을,칠성마을
임곡89,임곡89,광천동,광천동,광천동
임곡89,임곡89,삼우아파트,삼우아파트,삼우아파트
임곡89,임곡89,진성아파트,진성아파트,진성아파트
임곡89,임곡89,광천E편한세상,광천E편한세상,광천E편한세상
임곡89,임곡89,기아차정문,기아차정문,기아차정문
임곡89,임곡89,광주종합버스터미널,광주종합버스터미널,광주종합버스터미널
임곡89,임곡89,현대자동차,현대자동차,현대자동차
임곡89,임곡89,광천초교,광천초교,광천초교
임곡89,임곡89,농성1동주민센터,농성1동주민센터,농성1동주민센터
임곡89,임곡89,서광주전화국,서광주전화국,서광주전화국
임곡89,임곡89,돌고개역(동),돌고개역(동),돌고개역(동)
임곡89,임곡89,양동시장역(북),양동시장역(북),양동시장역(북)
임곡89,임곡89,광주은행북부지점,광주은행북부지점,광주은행북부지점
임곡89,임곡89,유동사거리,유동사거리,유동사거리
임곡89,임곡89,NC백화점,NC백화점,NC백화점
임곡89,임곡89,광주역,광주역,광주역
임곡89,임곡89,신안사거리,신안사거리,신안사거리
임곡89,임곡89,신안동행정복지센터,신안동행정복지센터,신안동행정복지센터
임곡89,임곡89,태봉새마을금고,태봉새마을금고,태봉새마을금고
임곡89,임곡89,무등야구장,무등야구장,무등야구장
임곡89,임곡89,공구의거리,공구의거리,공구의거리
임곡89,임곡89,광암교입구,광암교입구,광암교입구
임곡89,임곡89,동천마을6단지,동천마을6단지,동천마을6단지
임곡89,임곡89,동천마을3단지,동천마을3단지,동천마을3단지
임곡89,임곡89,동천마을1단지,동천마을1단지,동천마을1단지
임곡89,임곡89,동림 I.C 입구,동림 I.C 입구,동림IC입구
임곡89,임곡89,광신대교,광신대교,광신대교
임곡89,임곡89,풍영정입구,풍영정입구,풍영정입구
임곡89,임곡89,극락강역입구,극락강역입구,극락강역입구
임곡89,임곡89,신가동,신가동,신가동
임곡89,임곡89,목련마을,목련마을,목련마을
임곡89,임곡89,목련마을8단지,목련마을8단지,목련마을8단지
임곡89,임곡89,흑석사거리(동),흑석사거리(동),흑석사거리(동)
임곡89,임곡89,흑석사거리(서),흑석사거리(서),흑석사거리(서)
임곡89,임곡89,경암근린공원,경암근린공원,경암근린공원
임곡89,임곡89,구강리,구강리,구강리
임곡89,임곡89,방혜,방혜,방혜
임곡89,임곡89,신등,신등,신등
임곡89,임곡89,산막,산막,산막
임곡89,임곡89,벽파정,벽파정,벽파정
임곡89,임곡89,연동 서길,연동 서길,연동서길
임곡89,임곡89,연동삼거리,연동삼거리,연동삼거리
임곡89,임곡89,창암,창암,창암
임곡89,임곡89,고룡정보산업학교,고룡정보산업학교,고룡정보산업학교
임곡89,임곡89,보화촌,보화촌,보화촌
임곡89,임곡89,천동(광산구),천동(광산구),천동(광산구)
임곡89,임곡89,비시동,비시동,비시동
임곡89,임곡89,가정,가정,가정
임곡89,임곡89,성내,성내,성내
임곡89,임곡89,임곡역,임곡역,임곡역
임곡89,임곡89,광일고,광일고,광일고
임곡89,임곡89,원임곡,원임곡,원임곡
임곡89,임곡89,삼화교,삼화교,삼화교
임곡89,임곡89,연계삼거리,연계삼거리,연계삼거리
임곡89,임곡89,임동교,임동교,임동교
임곡89,임곡89,상촌(임곡),상촌(임곡),상촌(임곡)
임곡89,임곡89,와산,와산,와산
임곡89,임곡89,석동,석동,석동
임곡89,임곡89,월봉서원입구,월봉서원입구,월봉서원입구
임곡89,임곡89,종산,종산,종산
임곡89,임곡89,종산제입구,종산제입구,종산제입구
임곡89,임곡89,오룡,오룡,오룡
임곡89,임곡89,광주기아챔피언스필드입구,광주기아챔피언스필드입구,광주기아챔피언스필드입구
임곡90,임곡90,원사호마을,원사호마을,원사호마을
임곡90,임곡90,봉흥마을,봉흥마을,봉흥마을
임곡90,임곡90,원임곡,원임곡,원임곡
임곡90,임곡90,광일고,광일고,광일고
임곡90,임곡90,임곡동행정복지센터,임곡동행정복지센터,임곡동행정복지센터
임곡90,임곡90,임곡역,임곡역,임곡역
임곡90,임곡90,임곡정수장,임곡정수장,임곡정수장
임곡90,임곡90,임곡교,임곡교,임곡교
임곡90,임곡90,맥동,맥동,맥동
임곡90,임곡90,흑석,흑석,흑석
임곡90,임곡90,산수보건소,산수보건소,산수보건소
임곡90,임곡90,매동,매동,매동
임곡90,임곡90,입석,입석,입석
임곡90,임곡90,산음,산음,산음
임곡90,임곡90,신당,신당,신당
임곡90,임곡90,본량파출소,본량파출소,본량파출소
임곡90,임곡90,본량삼거리,본량삼거리,본량삼거리
임곡90,임곡90,본량초교,본량초교,본량초교
임곡90,임곡90,황산,황산,황산
임곡90,임곡90,북성,북성,북성
임곡90,임곡90,가마,가마,가마
임곡90,임곡90,명도삼거리,명도삼거리,명도삼거리
임곡90,임곡90,도림,도림,도림
임곡90,임곡90,삼도초교,삼도초교,삼도초교
임곡90,임곡90,지동(광산구),지동(광산구),지동(광산구)
임곡90,임곡90,동백훈련장,동백훈련장,동백훈련장
임곡90,임곡90,송산,송산,송산
임곡90,임곡90,가삼,가삼,가삼
임곡90,임곡90,운평,운평,운평
임곡90,임곡90,중방,중방,중방
임곡90,임곡90,동명고입구,동명고입구,동명고입구
임곡90,임곡90,서봉마을,서봉마을,서봉마을
임곡90,임곡90,샛터마을,샛터마을,샛터마을
임곡90,임곡90,호남대,호남대,호남대
임곡90,임곡90,선암,선암,선암
임곡90,임곡90,매방골,매방골,매방골
임곡90,임곡90,보문고,보문고,보문고
임곡90,임곡90,광산경찰서,광산경찰서,광산경찰서
임곡90,임곡90,송정한전,송정한전,송정한전
임곡90,임곡90,금호타이어,금호타이어,금호타이어
임곡90,임곡90,광산구청,광산구청,광산구청
임곡90,임곡90,광주송정역,광주송정역,광주송정역
임곡90,임곡90,신동사거리,신동사거리,신동사거리
임곡90,임곡90,도산역,도산역,도산역
임곡90,임곡90,공군부대,공군부대,공군부대
임곡90,임곡90,상선길,상선길,상선길
임곡90,임곡90,팽호,팽호,팽호
임곡90,임곡90,복호,복호,복호
임곡90,임곡90,동곡송정,동곡송정,동곡송정
임곡90,임곡90,동곡송정마을입구,동곡송정마을입구,동곡송정마을입구
임곡90,임곡90,유림마을,유림마을,유림마을
임곡90,임곡90,관두,관두,관두
임곡90,임곡90,동곡동행정복지센터,동곡동행정복지센터,동곡동행정복지센터
임곡90,임곡90,기룡마을입구,기룡마을입구,기룡마을입구
임곡90,임곡90,기룡마을,기룡마을,기룡마을
임곡90,임곡90,조산동길,조산동길,조산동길
임곡90,임곡90,조산서길,조산서길,조산서길
임곡90,임곡90,두산,두산,두산
임곡91,임곡91,첨단,첨단,첨단
임곡91,임곡91,고내입구,고내입구,고내입구
임곡91,임곡91,대촌마을입구,대촌마을입구,대촌마을입구
임곡91,임곡91,한국광기술원,한국광기술원,한국광기술원
임곡91,임곡91,산업인력공단,산업인력공단,산업인력공단
임곡91,임곡91,첨단삼성전자,첨단삼성전자,첨단삼성전자
임곡91,임곡91,폭스존,폭스존,폭스존
임곡91,임곡91,첨단롯데마트,첨단롯데마트,첨단롯데마트
임곡91,임곡91,첨단생활체육공원,첨단생활체육공원,첨단생활체육공원
임곡91,임곡91,보훈병원후문,보훈병원후문,보훈병원후문
임곡91,임곡91,봉산중,봉산중,봉산중
임곡91,임곡91,무양서원입구,무양서원입구,무양서원입구
임곡91,임곡91,첨단2동행정복지센터,첨단2동행정복지센터,첨단2동행정복지센터
임곡91,임곡91,첨단사거리,첨단사거리,첨단사거리
임곡91,임곡91,첨단라인아파트,첨단라인아파트,첨단라인아파트
임곡91,임곡91,응암공원,응암공원,응암공원
임곡91,임곡91,첨단도서관,첨단도서관,첨단도서관
임곡91,임곡91,첨단대우아파트,첨단대우아파트,첨단대우아파트
임곡91,임곡91,동원촌,동원촌,동원촌
임곡91,임곡91,비아농협,비아농협,비아농협
임곡91,임곡91,비아호반아파트,비아호반아파트,비아호반아파트
임곡91,임곡91,비아119안전센터(북),비아119안전센터(북),비아119안전센터(북)
임곡91,임곡91,비아119안전센터(서),비아119안전센터(서),비아119안전센터(서)
임곡91,임곡91,비아중흥아파트,비아중흥아파트,비아중흥아파트
임곡91,임곡91,도촌교,도촌교,도촌교
임곡91,임곡91,안청,안청,안청
임곡91,임곡91,안청농협,안청농협,안청농협
임곡91,임곡91,구 하남북초교,구 하남북초교,구하남북초교
임곡91,임곡91,진성,진성,진성
임곡91,임곡91,진곡 서길,진곡 서길,진곡서길
임곡91,임곡91,백길마을,백길마을,백길마을
임곡91,임곡91,연동 동길,연동 동길,연동동길
임곡91,임곡91,연동삼거리,연동삼거리,연동삼거리
임곡91,임곡91,창암,창암,창암
임곡91,임곡91,고룡정보산업학교,고룡정보산업학교,고룡정보산업학교
임곡91,임곡91,보화촌,보화촌,보화촌
임곡91,임곡91,천동(광산구),천동(광산구),천동(광산구)
임곡91,임곡91,비시동,비시동,비시동
임곡91,임곡91,두동,두동,두동
임곡91,임곡91,용동(임곡),용동(임곡),용동(임곡)
임곡91,임곡91,신촌 아랫길(임곡),신촌 아랫길(임곡),신촌아랫길(임곡)
임곡91,임곡91,신촌 윗길(임곡),신촌 윗길(임곡),신촌윗길(임곡)
임곡91,임곡91,가정,가정,가정
임곡91,임곡91,성내,성내,성내
임곡91,임곡91,임곡역,임곡역,임곡역
임곡91,임곡91,광일고,광일고,광일고
임곡91,임곡91,원임곡,원임곡,원임곡
임곡91,임곡91,삼화교,삼화교,삼화교
임곡91,임곡91,연계삼거리,연계삼거리,연계삼거리
임곡91,임곡91,임동교,임동교,임동교
임곡91,임곡91,상촌(임곡),상촌(임곡),상촌(임곡)
임곡91,임곡91,와산,와산,와산
첨단92,첨단92,첨단,첨단,첨단
첨단92,첨단92,고내입구,고내입구,고내입구
첨단92,첨단92,광주이노비즈센터,광주이노비즈센터,광주이노비즈센터
첨단92,첨단92,풍기산업,풍기산업,풍기산업
첨단92,첨단92,전남과학대학포스트비,전남과학대학포스트비,전남과학대학포스트비
첨단92,첨단92,현진기업,현진기업,현진기업
첨단92,첨단92,한국광기술원,한국광기술원,한국광기술원
첨단92,첨단92,산업인력공단,산업인력공단,산업인력공단
첨단92,첨단92,첨단삼성전자,첨단삼성전자,첨단삼성전자
첨단92,첨단92,폭스존,폭스존,폭스존
첨단92,첨단92,첨단롯데마트,첨단롯데마트,첨단롯데마트
첨단92,첨단92,첨단호반3차아파트,첨단호반3차아파트,첨단호반3차아파트
첨단92,첨단92,첨단부영아파트,첨단부영아파트,첨단부영아파트
첨단92,첨단92,무양서원입구,무양서원입구,무양서원입구
첨단92,첨단92,무양서원,무양서원,무양서원
첨단92,첨단92,방송통신대,방송통신대,방송통신대
첨단92,첨단92,산월초교입구,산월초교입구,산월초교입구
첨단92,첨단92,첨단라인8차아파트,첨단라인8차아파트,첨단라인8차아파트
첨단92,첨단92,응암공원,응암공원,응암공원
첨단92,첨단92,첨단초교,첨단초교,첨단초교
첨단92,첨단92,월계중,월계중,월계중
첨단92,첨단92,첨단대우아파트,첨단대우아파트,첨단대우아파트
첨단92,첨단92,동원촌,동원촌,동원촌
첨단92,첨단92,비아농협,비아농협,비아농협
첨단92,첨단92,비아호반아파트,비아호반아파트,비아호반아파트
첨단92,첨단92,비아119안전센터(북),비아119안전센터(북),비아119안전센터(북)
첨단92,첨단92,비아119안전센터(서),비아119안전센터(서),비아119안전센터(서)
첨단92,첨단92,비아중흥아파트,비아중흥아파트,비아중흥아파트
첨단92,첨단92,도촌교,도촌교,도촌교
첨단92,첨단92,신흥목재포장,신흥목재포장,신흥목재포장
첨단92,첨단92,새한철강,새한철강,새한철강
첨단92,첨단92,한국단자공업,한국단자공업,한국단자공업
첨단92,첨단92,경제고용진흥원,경제고용진흥원,경제고용진흥원
첨단92,첨단92,삼영특수강,삼영특수강,삼영특수강
첨단92,첨단92,두산테크팩,두산테크팩,두산테크팩
첨단92,첨단92,금호전기,금호전기,금호전기
첨단92,첨단92,하남삼성전자사거리(북),하남삼성전자사거리(북),하남삼성전자사거리(북)
첨단92,첨단92,지상정밀,지상정밀,지상정밀
첨단92,첨단92,오선동,오선동,오선동
첨단92,첨단92,한국알프스,한국알프스,한국알프스
첨단92,첨단92,호남샤니,호남샤니,호남샤니
첨단92,첨단92,화천기공,화천기공,화천기공
첨단92,첨단92,장덕농협,장덕농협,장덕농협
첨단92,첨단92,중앙일보,중앙일보,중앙일보
첨단92,첨단92,제일화학,제일화학,제일화학
첨단92,첨단92,백제화학,백제화학,백제화학
첨단92,첨단92,세방전지,세방전지,세방전지
첨단92,첨단92,정우화학,정우화학,정우화학
첨단92,첨단92,신성화학,신성화학,신성화학
첨단92,첨단92,유애서원,유애서원,유애서원
첨단92,첨단92,흑석사거리(서),흑석사거리(서),흑석사거리(서)
첨단92,첨단92,흑석사거리(동),흑석사거리(동),흑석사거리(동)
송정93,송정93,도산동,도산동,도산동
송정93,송정93,도산파출소,도산파출소,도산파출소
송정93,송정93,도산역,도산역,도산역
송정93,송정93,신동사거리,신동사거리,신동사거리
송정93,송정93,광주송정역,광주송정역,광주송정역
송정93,송정93,광산구청,광산구청,광산구청
송정93,송정93,금호타이어,금호타이어,금호타이어
송정93,송정93,송정한전,송정한전,송정한전
송정93,송정93,광산경찰서,광산경찰서,광산경찰서
송정93,송정93,선운휴먼시아,선운휴먼시아,선운휴먼시아
송정93,송정93,송촌동,송촌동,송촌동
송정93,송정93,에이팩스,에이팩스,에이팩스
송정93,송정93,삼광실업,삼광실업,삼광실업
송정93,송정93,지죽동,지죽동,지죽동
송정93,송정93,라정시내버스,라정시내버스,라정시내버스
송정93,송정93,영천,영천,영천
송정93,송정93,용동(평동),용동(평동),용동(평동)
송정93,송정93,평동중,평동중,평동중
송정93,송정93,연호전자,연호전자,연호전자
송정93,송정93,서진산업,서진산업,서진산업
송정93,송정93,명화전자,명화전자,명화전자
송정93,송정93,평동역(서),평동역(서),평동역(서)
송정93,송정93,평동우체국,평동우체국,평동우체국
송정93,송정93,옥동차량기지,옥동차량기지,옥동차량기지
송정93,송정93,금연삼거리,금연삼거리,금연삼거리
송정93,송정93,무등도요,무등도요,무등도요
송정93,송정93,연산동,연산동,연산동
송정93,송정93,평동역(북),평동역(북),평동역(북)
첨단94,첨단94,첨단,첨단,첨단
첨단94,첨단94,고내입구,고내입구,고내입구
첨단94,첨단94,대촌마을입구,대촌마을입구,대촌마을입구
첨단94,첨단94,한국광기술원,한국광기술원,한국광기술원
첨단94,첨단94,광주테크노파크후문,광주테크노파크후문,광주테크노파크후문
첨단94,첨단94,광주테크노파크,광주테크노파크,광주테크노파크
첨단94,첨단94,산업인력공단,산업인력공단,산업인력공단
첨단94,첨단94,첨단삼성전자,첨단삼성전자,첨단삼성전자
첨단94,첨단94,폭스존,폭스존,폭스존
첨단94,첨단94,첨단롯데마트,첨단롯데마트,첨단롯데마트
첨단94,첨단94,첨단호반3차아파트,첨단호반3차아파트,첨단호반3차아파트
첨단94,첨단94,첨단부영아파트,첨단부영아파트,첨단부영아파트
첨단94,첨단94,첨단2동행정복지센터,첨단2동행정복지센터,첨단2동행정복지센터
첨단94,첨단94,첨단1동행정복지센터,첨단1동행정복지센터,첨단1동행정복지센터
첨단94,첨단94,첨단초교후문,첨단초교후문,첨단초교후문
첨단94,첨단94,월계중,월계중,월계중
첨단94,첨단94,첨단대우아파트,첨단대우아파트,첨단대우아파트
첨단94,첨단94,동원촌,동원촌,동원촌
첨단94,첨단94,비아119안전센터(서),비아119안전센터(서),비아119안전센터(서)
첨단94,첨단94,비아중흥아파트,비아중흥아파트,비아중흥아파트
첨단94,첨단94,도촌교,도촌교,도촌교
첨단94,첨단94,신흥목재포장,신흥목재포장,신흥목재포장
첨단94,첨단94,하남철강,하남철강,하남철강
첨단94,첨단94,도현,도현,도현
첨단94,첨단94,기아차 하남공장,기아차 하남공장,기아차하남공장
첨단94,첨단94,금호전기,금호전기,금호전기
첨단94,첨단94,원예농협,원예농협,원예농협
첨단94,첨단94,지상정밀,지상정밀,지상정밀
첨단94,첨단94,하남삼성전자,하남삼성전자,하남삼성전자
첨단94,첨단94,장덕농협,장덕농협,장덕농협
첨단94,첨단94,중앙일보,중앙일보,중앙일보
첨단94,첨단94,제일화학,제일화학,제일화학
첨단94,첨단94,백제화학,백제화학,백제화학
첨단94,첨단94,세방전지,세방전지,세방전지
첨단94,첨단94,광산소방서입구,광산소방서입구,광산소방서입구
첨단94,첨단94,단전,단전,단전
첨단94,첨단94,흑석사거리(서),흑석사거리(서),흑석사거리(서)
첨단94,첨단94,흑석사거리(동),흑석사거리(동),흑석사거리(동)
첨단94,첨단94,목련마을8단지,목련마을8단지,목련마을8단지
첨단94,첨단94,목련마을,목련마을,목련마을
첨단94,첨단94,신가동,신가동,신가동
첨단94,첨단94,신가사거리,신가사거리,신가사거리
첨단94,첨단94,신가주공아파트,신가주공아파트,신가주공아파트
첨단94,첨단94,신가우미아파트,신가우미아파트,신가우미아파트
첨단94,첨단94,신가중,신가중,신가중
첨단94,첨단94,신창동우체국,신창동우체국,신창동우체국
첨단94,첨단94,신창부영1차아파트,신창부영1차아파트,신창부영1차아파트
첨단94,첨단94,보건대후문,보건대후문,보건대후문
첨단94,첨단94,전남공고,전남공고,전남공고
첨단94,첨단94,신창용수마을,신창용수마을,신창용수마을
첨단94,첨단94,수완자동차매매단지,수완자동차매매단지,수완자동차매매단지
첨단94,첨단94,비아농협,비아농협,비아농협
첨단94,첨단94,비아호반아파트,비아호반아파트,비아호반아파트
첨단94,첨단94,비아사거리,비아사거리,비아사거리
첨단94,첨단94,수완동,수완동,수완동
첨단94,첨단94,극락강역입구,극락강역입구,극락강역입구
첨단95,첨단95,첨단,첨단,첨단
첨단95,첨단95,고내입구,고내입구,고내입구
첨단95,첨단95,금당,금당,금당
첨단95,첨단95,석수정,석수정,석수정
첨단95,첨단95,신용마을,신용마을,신용마을
첨단95,첨단95,용산마을,용산마을,용산마을
첨단95,첨단95,용전사거리(북),용전사거리(북),용전사거리(북)
첨단95,첨단95,지산입구,지산입구,지산입구
첨단95,첨단95,지산초교,지산초교,지산초교
첨단95,첨단95,대원정사,대원정사,대원정사
첨단95,첨단95,호남권역재활병원,호남권역재활병원,호남권역재활병원
첨단95,첨단95,건국동행정복지센터,건국동행정복지센터,건국동행정복지센터
첨단95,첨단95,건국동파출소,건국동파출소,건국동파출소
첨단95,첨단95,신용두,신용두,신용두
첨단95,첨단95,거진,거진,거진
첨단95,첨단95,양산초교입구,양산초교입구,양산초교입구
첨단95,첨단95,양산호수공원,양산호수공원,양산호수공원
첨단95,첨단95,KT&G광주공장,KT&G광주공장,KT&G광주공장
첨단95,첨단95,롯데칠성,롯데칠성,롯데칠성
첨단95,첨단95,해태제과,해태제과,해태제과
첨단95,첨단95,광주다문화가족지원거점센터,광주다문화가족지원거점센터,광주다문화가족지원거점센터
첨단95,첨단95,마당고개,마당고개,마당고개
첨단95,첨단95,박물관입구,박물관입구,박물관입구
첨단95,첨단95,체육고/폴리텍대학,체육고/폴리텍대학,체육고/폴리텍대학
첨단95,첨단95,문화예술회관,문화예술회관,문화예술회관
첨단95,첨단95,운암시장,운암시장,운암시장
첨단95,첨단95,경신여고,경신여고,경신여고
첨단95,첨단95,광주기아챔피언스필드,광주기아챔피언스필드,광주기아챔피언스필드
첨단95,첨단95,임동한국아델리움1차,임동한국아델리움1차,임동한국아델리움1차
첨단95,첨단95,임동행정복지센터,임동행정복지센터,임동행정복지센터
첨단95,첨단95,임동농협,임동농협,임동농협
첨단95,첨단95,북성중,북성중,북성중
첨단95,첨단95,광주일고/광주고용센터,광주일고/광주고용센터,광주일고/광주고용센터
첨단95,첨단95,금남로5가역,금남로5가역,금남로5가역
첨단95,첨단95,금남로4가역,금남로4가역,금남로4가역
첨단95,첨단95,"국립아시아문화전당(구,도청)","국립아시아문화전당(구,도청)","국립아시아문화전당(구,도청)"
첨단95,첨단95,문화전당역,문화전당역,문화전당역
첨단95,첨단95,전남대병원오거리,전남대병원오거리,전남대병원오거리
첨단95,첨단95,전남대병원/남광주시장,전남대병원/남광주시장,전남대병원/남광주시장
첨단95,첨단95,남광주역,남광주역,남광주역
첨단95,첨단95,양림휴먼시아2차,양림휴먼시아2차,양림휴먼시아2차
첨단95,첨단95,양림휴먼시아1차,양림휴먼시아1차,양림휴먼시아1차
첨단95,첨단95,남광주농협,남광주농협,남광주농협
첨단95,첨단95,백운광장,백운광장,백운광장
첨단95,첨단95,호남삼육고입구,호남삼육고입구,호남삼육고입구
첨단95,첨단95,대광여고,대광여고,대광여고
첨단95,첨단95,진월대주아파트,진월대주아파트,진월대주아파트
첨단95,첨단95,대성여고,대성여고,대성여고
첨단95,첨단95,동성고,동성고,동성고
첨단95,첨단95,송화마을1단지입구,송화마을1단지입구,송화마을1단지입구
첨단95,첨단95,송화마을3단지,송화마을3단지,송화마을3단지
첨단95,첨단95,송화마을4단지,송화마을4단지,송화마을4단지
첨단95,첨단95,조각배어린이공원,조각배어린이공원,조각배어린이공원
첨단95,첨단95,빛고을노인건강타운,빛고을노인건강타운,빛고을노인건강타운
첨단95,첨단95,고령친화종합체험관,고령친화종합체험관,고령친화종합체험관
첨단95,첨단95,빛고을전남대병원,빛고을전남대병원,빛고을전남대병원
첨단95,첨단95,시립제2요양병원,시립제2요양병원,시립제2요양병원
첨단95,첨단95,진월저수지(서),진월저수지(서),진월저수지(서)
첨단95,첨단95,효덕동행정복지센터,효덕동행정복지센터,효덕동행정복지센터
첨단95,첨단95,광주대입구,광주대입구,광주대입구
첨단95,첨단95,요한병원,요한병원,요한병원
첨단95,첨단95,문화예술회관후문,문화예술회관후문,문화예술회관후문
송정96,송정96,용봉마을,용봉마을,용봉마을
송정96,송정96,용봉입구,용봉입구,용봉입구
송정96,송정96,창교,창교,창교
송정96,송정96,호가정,호가정,호가정
송정96,송정96,동곡,동곡,동곡
송정96,송정96,유림,유림,유림
송정96,송정96,평호동,평호동,평호동
송정96,송정96,하선,하선,하선
송정96,송정96,상선,상선,상선
송정96,송정96,공군부대후문,공군부대후문,공군부대후문
송정96,송정96,송정호반아파트,송정호반아파트,송정호반아파트
송정96,송정96,도산동행정복지센터,도산동행정복지센터,도산동행정복지센터
송정96,송정96,송정초교,송정초교,송정초교
송정96,송정96,송정대덕아파트,송정대덕아파트,송정대덕아파트
송정96,송정96,송정시장,송정시장,송정시장
송정96,송정96,영광통사거리,영광통사거리,영광통사거리
송정96,송정96,광산구청,광산구청,광산구청
송정96,송정96,광주송정역,광주송정역,광주송정역
송정96,송정96,신덕마을,신덕마을,신덕마을
송정96,송정96,검문소,검문소,검문소
송정96,송정96,장록,장록,장록
송정96,송정96,꽃동네,꽃동네,꽃동네
송정96,송정96,월전(광산구),월전(광산구),월전(광산구)
송정96,송정96,평동역(서),평동역(서),평동역(서)
송정96,송정96,평동우체국,평동우체국,평동우체국
송정96,송정96,옥동,옥동,옥동
송정96,송정96,평동초교,평동초교,평동초교
송정96,송정96,용곡입구,용곡입구,용곡입구
송정96,송정96,기곡,기곡,기곡
송정96,송정96,용강입구,용강입구,용강입구
송정96,송정96,축산시험장,축산시험장,축산시험장
송정96,송정96,동산마을,동산마을,동산마을
송정96,송정96,월곡,월곡,월곡
송정96,송정96,대덕마을,대덕마을,대덕마을
송정96,송정96,학동마을,학동마을,학동마을
송정96,송정96,복굴,복굴,복굴
송정96,송정96,신동마을,신동마을,신동마을
송정96,송정96,내기마을,내기마을,내기마을
송정96,송정96,광산구유스호스텔,광산구유스호스텔,광산구유스호스텔
송정96,송정96,송학입구,송학입구,송학입구
송정96,송정96,삼도농협 대산경제사업장,삼도농협 대산경제사업장,삼도농협대산경제사업장
송정96,송정96,대산삼거리,대산삼거리,대산삼거리
송정96,송정96,송학,송학,송학
송정96,송정96,평동역(동),평동역(동),평동역(동)
송정97,송정97,공항,공항,공항
송정97,송정97,송정파출소(북),송정파출소(북),송정파출소(북)
송정97,송정97,송정공원역,송정공원역,송정공원역
송정97,송정97,영광통,영광통,영광통
송정97,송정97,광산구청,광산구청,광산구청
송정97,송정97,광주송정역,광주송정역,광주송정역
송정97,송정97,신덕마을,신덕마을,신덕마을
송정97,송정97,검문소,검문소,검문소
송정97,송정97,장록,장록,장록
송정97,송정97,꽃동네,꽃동네,꽃동네
송정97,송정97,월전(광산구),월전(광산구),월전(광산구)
송정97,송정97,평동역(서),평동역(서),평동역(서)
송정97,송정97,평동우체국,평동우체국,평동우체국
송정97,송정97,옥동,옥동,옥동
송정97,송정97,평동초교,평동초교,평동초교
송정97,송정97,용곡입구,용곡입구,용곡입구
송정97,송정97,기곡,기곡,기곡
송정97,송정97,용강입구,용강입구,용강입구
송정97,송정97,축산시험장,축산시험장,축산시험장
송정97,송정97,명화동,명화동,명화동
송정97,송정97,명동삼거리,명동삼거리,명동삼거리
송정97,송정97,명화리,명화리,명화리
송정97,송정97,월곡마을,월곡마을,월곡마을
송정97,송정97,연동,연동,연동
송정97,송정97,회룡(광산구),회룡(광산구),회룡(광산구)
송정97,송정97,도야,도야,도야
송정97,송정97,동촌,동촌,동촌
송정97,송정97,신광(삼도),신광(삼도),신광(삼도)
송정97,송정97,대산,대산,대산
송정97,송정97,대산삼거리,대산삼거리,대산삼거리
송정97,송정97,가산,가산,가산
송정97,송정97,솔밭가든,솔밭가든,솔밭가든
송정97,송정97,대야,대야,대야
송정97,송정97,우치,우치,우치
송정97,송정97,쌍내,쌍내,쌍내
송정97,송정97,망월,망월,망월
송정97,송정97,대봉삼거리,대봉삼거리,대봉삼거리
송정97,송정97,대봉,대봉,대봉
송정97,송정97,상무자동차학원,상무자동차학원,상무자동차학원
송정97,송정97,용성자동차학원,용성자동차학원,용성자동차학원
송정97,송정97,마암,마암,마암
송정97,송정97,칠성삼거리,칠성삼거리,칠성삼거리
송정97,송정97,칠성,칠성,칠성
송정97,송정97,삼도서초교,삼도서초교,삼도서초교
송정97,송정97,삼도삼거리,삼도삼거리,삼도삼거리
송정97,송정97,삼암,삼암,삼암
송정97,송정97,금복중,금복중,금복중
송정97,송정97,봉정,봉정,봉정
송정97,송정97,삼도동행정복지센터,삼도동행정복지센터,삼도동행정복지센터
송정97,송정97,양림마을,양림마을,양림마을
송정97,송정97,양촌(삼도),양촌(삼도),양촌(삼도)
송정97,송정97,운암마을,운암마을,운암마을
송정97,송정97,광암복림,광암복림,광암복림
송정97,송정97,평동역(동),평동역(동),평동역(동)
송정97,송정97,공항역,공항역,공항역
송정98,송정98,도산동,도산동,도산동
송정98,송정98,도산파출소,도산파출소,도산파출소
송정98,송정98,도산역,도산역,도산역
송정98,송정98,신동사거리,신동사거리,신동사거리
송정98,송정98,광주송정역,광주송정역,광주송정역
송정98,송정98,광산구청,광산구청,광산구청
송정98,송정98,영광통,영광통,영광통
송정98,송정98,송정공원역,송정공원역,송정공원역
송정98,송정98,송정파출소(북),송정파출소(북),송정파출소(북)
송정98,송정98,송정I.C,송정I.C,송정IC
송정98,송정98,아리랑고개,아리랑고개,아리랑고개
송정98,송정98,소촌금호아파트,소촌금호아파트,소촌금호아파트
송정98,송정98,우산리버힐아파트,우산리버힐아파트,우산리버힐아파트
송정98,송정98,우산시영2단지(동),우산시영2단지(동),우산시영2단지(동)
송정98,송정98,광주여대,광주여대,광주여대
송정98,송정98,하남중,하남중,하남중
송정98,송정98,월곡일신아파트,월곡일신아파트,월곡일신아파트
송정98,송정98,월곡시장,월곡시장,월곡시장
송정98,송정98,영천마을9단지,영천마을9단지,영천마을9단지
송정98,송정98,흑석사거리(동),흑석사거리(동),흑석사거리(동)
송정98,송정98,목련마을8단지,목련마을8단지,목련마을8단지
송정98,송정98,목련마을,목련마을,목련마을
송정98,송정98,신가동,신가동,신가동
송정98,송정98,극락강역입구,극락강역입구,극락강역입구
송정98,송정98,풍영정입구,풍영정입구,풍영정입구
송정98,송정98,광신대교,광신대교,광신대교
송정98,송정98,동림I.C입구,동림I.C입구,동림IC입구
송정98,송정98,동천마을1단지,동천마을1단지,동천마을1단지
송정98,송정98,동천마을3단지,동천마을3단지,동천마을3단지
송정98,송정98,동천마을6단지,동천마을6단지,동천마을6단지
송정98,송정98,광암교입구,광암교입구,광암교입구
송정98,송정98,공구의거리,공구의거리,공구의거리
송정98,송정98,무등야구장,무등야구장,무등야구장
송정98,송정98,광주기아챔피언스필드입구,광주기아챔피언스필드입구,광주기아챔피언스필드입구
송정98,송정98,태봉새마을금고,태봉새마을금고,태봉새마을금고
송정98,송정98,신안동행정복지센터,신안동행정복지센터,신안동행정복지센터
송정98,송정98,신안사거리,신안사거리,신안사거리
송정98,송정98,광주역(동),광주역(동),광주역(동)
송정98,송정98,중흥초교,중흥초교,중흥초교
송정98,송정98,4.19기념관,4.19기념관,419기념관
송정98,송정98,광주고/419역사관,광주고/419역사관,광주고/419역사관
송정98,송정98,대인시장(동),대인시장(동),대인시장(동)
송정98,송정98,5.18민주화운동기록관,5.18민주화운동기록관,518민주화운동기록관
송정98,송정98,"국립아시아문화전당(구,도청)","국립아시아문화전당(구,도청)","국립아시아문화전당(구,도청)"
송정98,송정98,문화전당역,문화전당역,문화전당역
송정98,송정98,서남동행정복지센터,서남동행정복지센터,서남동행정복지센터
송정98,송정98,조선대공과대학,조선대공과대학,조선대공과대학
송정98,송정98,남광주역,남광주역,남광주역
송정98,송정98,양림휴먼시아2차,양림휴먼시아2차,양림휴먼시아2차
송정98,송정98,양림휴먼시아1차,양림휴먼시아1차,양림휴먼시아1차
송정98,송정98,남광주농협,남광주농협,남광주농협
송정98,송정98,남구청,남구청,남구청
송정98,송정98,주월중입구,주월중입구,주월중입구
송정98,송정98,봉선대화아파트,봉선대화아파트,봉선대화아파트
송정98,송정98,구남구청,구남구청,구남구청
송정98,송정98,조봉초교,조봉초교,조봉초교
송정98,송정98,봉선2동행정복지센터,봉선2동행정복지센터,봉선2동행정복지센터
송정98,송정98,남구문화예술회관,남구문화예술회관,남구문화예술회관
송정98,송정98,용산지구대성베르힐,용산지구대성베르힐,용산지구대성베르힐
송정98,송정98,용산지구모아엘가에듀파크,용산지구모아엘가에듀파크,용산지구모아엘가에듀파크
송정98,송정98,용산지구,용산지구,용산지구
송정98,송정98,구)남구청,구)남구청,구)남구청
송정98,송정98,예술의거리입구,예술의거리입구,예술의거리입구
송정98,송정98,광주역,광주역,광주역
송정98,송정98,흑석사거리(남),흑석사거리(남),흑석사거리(남)
송정99,송정99,용봉마을,용봉마을,용봉마을
송정99,송정99,용봉입구,용봉입구,용봉입구
송정99,송정99,창교,창교,창교
송정99,송정99,동곡분토,동곡분토,동곡분토
송정99,송정99,마곡,마곡,마곡
송정99,송정99,호가정,호가정,호가정
송정99,송정99,동곡,동곡,동곡
송정99,송정99,유림,유림,유림
송정99,송정99,평호동,평호동,평호동
송정99,송정99,하선,하선,하선
송정99,송정99,상선,상선,상선
송정99,송정99,공군부대,공군부대,공군부대
송정99,송정99,도산역,도산역,도산역
송정99,송정99,신동사거리,신동사거리,신동사거리
송정99,송정99,광주송정역,광주송정역,광주송정역
송정99,송정99,광산구청,광산구청,광산구청
송정99,송정99,영광통,영광통,영광통
송정99,송정99,송정공원역,송정공원역,송정공원역
송정99,송정99,송정파출소(북),송정파출소(북),송정파출소(북)
송정99,송정99,공항역,공항역,공항역
송정99,송정99,장암마을,장암마을,장암마을
송정99,송정99,구야촌,구야촌,구야촌
송정99,송정99,신광,신광,신광
송정99,송정99,신야촌입구,신야촌입구,신야촌입구
송정99,송정99,신야촌,신야촌,신야촌
송정99,송정99,도호,도호,도호
송정99,송정99,문촌,문촌,문촌
송정99,송정99,서창치안센터,서창치안센터,서창치안센터
송정99,송정99,용두입구,용두입구,용두입구
송정99,송정99,봉학,봉학,봉학
송정99,송정99,신용,신용,신용
송정99,송정99,마현,마현,마현
송정99,송정99,구룡(대촌),구룡(대촌),구룡(대촌)
송정99,송정99,석교삼거리,석교삼거리,석교삼거리
송정99,송정99,석정,석정,석정
송정99,송정99,시산,시산,시산
송정99,송정99,농막,농막,농막
송정99,송정99,화장뒷길,화장뒷길,화장뒷길
송정99,송정99,화장앞길,화장앞길,화장앞길
송정99,송정99,지동,지동,지동
송정99,송정99,월성,월성,월성
송정99,송정99,학촌,학촌,학촌
송정99,송정99,무학초교,무학초교,무학초교
송정99,송정99,육묘장,육묘장,육묘장
송정99,송정99,대지동하촌,대지동하촌,대지동하촌
송정99,송정99,대지동상촌,대지동상촌,대지동상촌
송정99,송정99,대촌미곡처리장,대촌미곡처리장,대촌미곡처리장
송정99,송정99,대촌동행정복지센터,대촌동행정복지센터,대촌동행정복지센터
송정99,송정99,하지석,하지석,하지석
송정99,송정99,상지석,상지석,상지석
송정99,송정99,원산,원산,원산
송정99,송정99,포충사,포충사,포충사
송정99,송정99,복수,복수,복수
송정99,송정99,이장2동,이장2동,이장2동
송정99,송정99,이장1동,이장1동,이장1동
송정99,송정99,수춘,수춘,수춘
송정99,송정99,양과동,양과동,양과동
송정99,송정99,향등,향등,향등
송정99,송정99,송암동,송암동,송암동
송정99,송정99,인성고,인성고,인성고
송정99,송정99,남선산업,남선산업,남선산업
송정99,송정99,송하삼익아파트,송하삼익아파트,송하삼익아파트
송정99,송정99,광주대입구,광주대입구,광주대입구
송정99,송정99,동성고,동성고,동성고
송정99,송정99,대성여고,대성여고,대성여고
송정99,송정99,진월대주아파트,진월대주아파트,진월대주아파트
송정99,송정99,대광여고,대광여고,대광여고
송정99,송정99,백운광장,백운광장,백운광장
송정99,송정99,백운우체국,백운우체국,백운우체국
송정99,송정99,까치고개,까치고개,까치고개
송정99,송정99,대성사거리,대성사거리,대성사거리
송정99,송정99,무진중,무진중,무진중
송정99,송정99,월산초교,월산초교,월산초교
송정99,송정99,동신대한방병원,동신대한방병원,동신대한방병원
송정99,송정99,돌고개역(동),돌고개역(동),돌고개역(동)
송정99,송정99,양동시장역(남),양동시장역(남),양동시장역(남)
송정99,송정99,양동시장역(천변),양동시장역(천변),양동시장역(천변)
송정99,송정99,백운초교(북),백운초교(북),백운초교(북)
송정99,송정99,호남삼육고입구,호남삼육고입구,호남삼육고입구
송정100,송정100,도산동,도산동,도산동
송정100,송정100,공군부대,공군부대,공군부대
송정100,송정100,공군부대후문,공군부대후문,공군부대후문
송정100,송정100,송정호반아파트,송정호반아파트,송정호반아파트
송정100,송정100,도산동행정복지센터,도산동행정복지센터,도산동행정복지센터
송정100,송정100,송정초교,송정초교,송정초교
송정100,송정100,금강1길,금강1길,금강1길
송정100,송정100,광주송정역,광주송정역,광주송정역
송정100,송정100,광산구청,광산구청,광산구청
송정100,송정100,영광통사거리,영광통사거리,영광통사거리
송정100,송정100,송정시장,송정시장,송정시장
송정100,송정100,송정신한화아파트,송정신한화아파트,송정신한화아파트
송정100,송정100,공군부대정문,공군부대정문,공군부대정문
송정100,송정100,공항,공항,공항
송정100,송정100,송정파출소(북),송정파출소(북),송정파출소(북)
송정100,송정100,송정공원역,송정공원역,송정공원역
송정100,송정100,영광통,영광통,영광통
송정100,송정100,금호타이어,금호타이어,금호타이어
송정100,송정100,송정한전,송정한전,송정한전
송정100,송정100,광산경찰서,광산경찰서,광산경찰서
송정100,송정100,선운리버프라임아파트,선운리버프라임아파트,선운리버프라임아파트
송정100,송정100,선운휴먼시아,선운휴먼시아,선운휴먼시아
송정100,송정100,송촌동,송촌동,송촌동
송정100,송정100,럭키금속,럭키금속,럭키금속
송정100,송정100,월전공원,월전공원,월전공원
송정100,송정100,명화전자,명화전자,명화전자
송정100,송정100,평동역(남),평동역(남),평동역(남)
송정100,송정100,평동산단로,평동산단로,평동산단로
송정100,송정100,아르네코리아,아르네코리아,아르네코리아
송정100,송정100,원두공원,원두공원,원두공원
송정100,송정100,평동역(북),평동역(북),평동역(북)
송정100,송정100,공항역,공항역,공항역
송정100,송정100,광주송정역(동),광주송정역(동),광주송정역(동)
선운101,선운101,광주시립인광병원,광주시립인광병원,광주시립인광병원
선운101,선운101,삼도삼거리,삼도삼거리,삼도삼거리
선운101,선운101,삼암,삼암,삼암
선운101,선운101,금복중,금복중,금복중
선운101,선운101,봉정,봉정,봉정
선운101,선운101,삼도초교,삼도초교,삼도초교
선운101,선운101,지동(광산구),지동(광산구),지동(광산구)
선운101,선운101,동백훈련장,동백훈련장,동백훈련장
선운101,선운101,송산,송산,송산
선운101,선운101,가삼,가삼,가삼
선운101,선운101,운평,운평,운평
선운101,선운101,중방,중방,중방
선운101,선운101,동명고입구,동명고입구,동명고입구
선운101,선운101,송산유원지(종점),송산유원지(종점),송산유원지(종점)
선운101,선운101,송산유원지,송산유원지,송산유원지
선운101,선운101,동명고,동명고,동명고
선운101,선운101,서봉마을,서봉마을,서봉마을
선운101,선운101,샛터마을,샛터마을,샛터마을
선운101,선운101,호남대,호남대,호남대
선운101,선운101,선암,선암,선암
선운101,선운101,선운중학교,선운중학교,선운중학교
선운101,선운101,선운휴먼시아,선운휴먼시아,선운휴먼시아
선운101,선운101,선운리버프라임아파트,선운리버프라임아파트,선운리버프라임아파트
선운101,선운101,광산경찰서,광산경찰서,광산경찰서
선운101,선운101,송정한전,송정한전,송정한전
선운101,선운101,금호타이어,금호타이어,금호타이어
선운101,선운101,광산구청,광산구청,광산구청
선운101,선운101,광주송정역,광주송정역,광주송정역
선운101,선운101,신동사거리,신동사거리,신동사거리
선운101,선운101,도산역,도산역,도산역
선운101,선운101,공군부대,공군부대,공군부대
선운101,선운101,공군부대후문,공군부대후문,공군부대후문
선운101,선운101,송정호반아파트,송정호반아파트,송정호반아파트
선운101,선운101,도산동행정복지센터,도산동행정복지센터,도산동행정복지센터
선운101,선운101,송정초등학교,송정초등학교,송정초등학교
선운101,선운101,송정대덕아파트,송정대덕아파트,송정대덕아파트
선운101,선운101,상전,상전,상전
선운101,선운101,송정모아아파트,송정모아아파트,송정모아아파트
선운101,선운101,송정파출소(남),송정파출소(남),송정파출소(남)
선운101,선운101,송정I.C,송정I.C,송정IC
선운101,선운101,아리랑고개,아리랑고개,아리랑고개
선운101,선운101,소촌금호아파트,소촌금호아파트,소촌금호아파트
선운101,선운101,우산리버힐아파트,우산리버힐아파트,우산리버힐아파트
선운101,선운101,우산시영2단지(동),우산시영2단지(동),우산시영2단지(동)
선운101,선운101,광주여대,광주여대,광주여대
선운101,선운101,역산공원입구,역산공원입구,역산공원입구
선운101,선운101,산정중입구,산정중입구,산정중입구
선운101,선운101,산정초교,산정초교,산정초교
선운101,선운101,다사로움1차아파트,다사로움1차아파트,다사로움1차아파트
선운101,선운101,하남초교,하남초교,하남초교
선운101,선운101,경암근린공원,경암근린공원,경암근린공원
선운101,선운101,흑석사거리(서),흑석사거리(서),흑석사거리(서)
선운101,선운101,흑석사거리(동),흑석사거리(동),흑석사거리(동)
선운101,선운101,수완중흥S-클래스2차,수완중흥S-클래스2차,수완중흥S-클래스2차
선운101,선운101,수완새한포유,수완새한포유,수완새한포유
선운101,선운101,우주선어린이공원입구,우주선어린이공원입구,우주선어린이공원입구
선운101,선운101,수완진흥더루벤스,수완진흥더루벤스,수완진흥더루벤스
선운101,선운101,고실마을,고실마을,고실마을
선운101,선운101,수완양우내안애,수완양우내안애,수완양우내안애
선운101,선운101,골옷교,골옷교,골옷교
선운101,선운101,수완우미린2차,수완우미린2차,수완우미린2차
선운101,선운101,수완보건지소,수완보건지소,수완보건지소
선운101,선운101,수완지구,수완지구,수완지구
선운101,선운101,수문초교입구,수문초교입구,수문초교입구
선운101,선운101,진흥고,진흥고,진흥고
선운101,선운101,광주인광병원,광주인광병원,광주인광병원
지원151 ,지원151,운암산코오롱하늘채,운암산코오롱하늘채,운암산코오롱하늘채
지원151 ,지원151,동림삼익아파트,동림삼익아파트,동림삼익아파트
지원151 ,지원151,동림교,동림교,동림교
지원151 ,지원151,동천동행정복지센터,동천동행정복지센터,동천동행정복지센터
지원151 ,지원151,칠성마을,칠성마을,칠성마을
지원151 ,지원151,광천동,광천동,광천동
지원151 ,지원151,삼우아파트,삼우아파트,삼우아파트
지원151 ,지원151,진성아파트,진성아파트,진성아파트
지원151 ,지원151,광천E편한세상,광천E편한세상,광천E편한세상
지원151 ,지원151,기아차정문,기아차정문,기아차정문
지원151 ,지원151,광주종합버스터미널,광주종합버스터미널,광주종합버스터미널
지원151 ,지원151,광천치안센터,광천치안센터,광천치안센터
지원151 ,지원151,제2광천교,제2광천교,제2광천교
지원151 ,지원151,무등야구장,무등야구장,무등야구장
지원151 ,지원151,광주기아챔피언스필드입구,광주기아챔피언스필드입구,광주기아챔피언스필드입구
지원151 ,지원151,태봉새마을금고,태봉새마을금고,태봉새마을금고
지원151 ,지원151,신안동행정복지센터,신안동행정복지센터,신안동행정복지센터
지원151 ,지원151,신안사거리,신안사거리,신안사거리
지원151 ,지원151,광주역(동),광주역(동),광주역(동)
지원151 ,지원151,중흥초교,중흥초교,중흥초교
지원151 ,지원151,4.19기념관,4.19기념관,419기념관
지원151 ,지원151,광주고/419역사관,광주고/419역사관,광주고/419역사관
지원151 ,지원151,대인시장(동),대인시장(동),대인시장(동)
지원151 ,지원151,5.18민주화운동기록관,5.18민주화운동기록관,518민주화운동기록관
지원151 ,지원151,"국립아시아문화전당(구,도청)","국립아시아문화전당(구,도청)","국립아시아문화전당(구,도청)"
지원151 ,지원151,문화전당역,문화전당역,문화전당역
지원151 ,지원151,전남대병원오거리,전남대병원오거리,전남대병원오거리
지원151 ,지원151,전남대병원/남광주시장,전남대병원/남광주시장,전남대병원/남광주시장
지원151 ,지원151,남광주사거리,남광주사거리,남광주사거리
지원151 ,지원151,조선대병원,조선대병원,조선대병원
지원151 ,지원151,학동증심사입구역,학동증심사입구역,학동증심사입구역
지원151 ,지원151,삼익세라믹,삼익세라믹,삼익세라믹
지원151 ,지원151,동구문화센터,동구문화센터,동구문화센터
지원151 ,지원151,광주남초교,광주남초교,광주남초교
지원151 ,지원151,소태역,소태역,소태역
지원151 ,지원151,지원2동행정복지센터입구,지원2동행정복지센터입구,지원2동행정복지센터입구
지원151 ,지원151,녹동,녹동,녹동
지원151 ,지원151,주남,주남,주남
지원151 ,지원151,내남입구,내남입구,내남입구
지원151 ,지원151,남계촌,남계촌,남계촌
지원151 ,지원151,육판리,육판리,육판리
지원151 ,지원151,선교,선교,선교
지원151 ,지원151,화순터널,화순터널,화순터널
지원151 ,지원151,이십곡리,이십곡리,이십곡리
지원151 ,지원151,화순군선거관리위원회,화순군선거관리위원회,화순군선거관리위원회
지원151 ,지원151,화순공공도서관입구,화순공공도서관입구,화순공공도서관입구
지원151 ,지원151,자치샘사거리,자치샘사거리,자치샘사거리
지원151 ,지원151,화순교(남),화순교(남),화순교(남)
지원151 ,지원151,고려병원,고려병원,고려병원
지원151 ,지원151,제일장식,제일장식,제일장식
지원151 ,지원151,화순미륭아파트,화순미륭아파트,화순미륭아파트
지원151 ,지원151,화순부영아파트,화순부영아파트,화순부영아파트
지원151 ,지원151,화순부영3차아파트,화순부영3차아파트,화순부영3차아파트
지원151 ,지원151,화순용곡마을,화순용곡마을,화순용곡마을
지원151 ,지원151,화순전남대병원입구,화순전남대병원입구,화순전남대병원입구
지원151 ,지원151,화순전남대병원,화순전남대병원,화순전남대병원
지원151 ,지원151,정수장입구,정수장입구,정수장입구
지원151 ,지원151,한보요업,한보요업,한보요업
지원151 ,지원151,다지2구,다지2구,다지2구
지원151 ,지원151,백동,백동,백동
지원151 ,지원151,용생,용생,용생
지원151 ,지원151,화순영재교육원,화순영재교육원,화순영재교육원
지원151 ,지원151,동면농공단지,동면농공단지,동면농공단지
지원151 ,지원151,신운,신운,신운
지원151 ,지원151,농소,농소,농소
지원151 ,지원151,찰동,찰동,찰동
지원151 ,지원151,동면,동면,동면
지원151 ,지원151,천동(화순),천동(화순),천동(화순)
지원151 ,지원151,동암,동암,동암
지원151 ,지원151,천운장,천운장,천운장
지원151 ,지원151,넘은골,넘은골,넘은골
지원151 ,지원151,화순광업소,화순광업소,화순광업소
지원151 ,지원151,구암1리,구암1리,구암1리
지원151 ,지원151,구암2리,구암2리,구암2리
지원151 ,지원151,문성석재,문성석재,문성석재
지원151 ,지원151,벽송저수지,벽송저수지,벽송저수지
지원151 ,지원151,벽송,벽송,벽송
지원151 ,지원151,사평중,사평중,사평중
지원151 ,지원151,사평초교,사평초교,사평초교
지원151 ,지원151,남면사무소,남면사무소,남면사무소
지원151 ,지원151,화순사평,화순사평,화순사평
지원151 ,지원151,너릿재공원,너릿재공원,너릿재공원
지원151 ,지원151,지원화훼단지,지원화훼단지,지원화훼단지
지원151 ,지원151,예술의거리입구,예술의거리입구,예술의거리입구
지원151 ,지원151,광주역,광주역,광주역
지원152,지원152,전대치과병원,전대치과병원,전대치과병원
지원152,지원152,전남대,전남대,전남대
지원152,지원152,신안사거리,신안사거리,신안사거리
지원152,지원152,광주역,광주역,광주역
지원152,지원152,삼성콜센터,삼성콜센터,삼성콜센터
지원152,지원152,중흥시장,중흥시장,중흥시장
지원152,지원152,대인광장(북),대인광장(북),대인광장(북)
지원152,지원152,동부소방서,동부소방서,동부소방서
지원152,지원152,대인시장(서),대인시장(서),대인시장(서)
지원152,지원152,전남여고,전남여고,전남여고
지원152,지원152,동구청,동구청,동구청
지원152,지원152,전남대병원오거리,전남대병원오거리,전남대병원오거리
지원152,지원152,전남대병원/남광주시장,전남대병원/남광주시장,전남대병원/남광주시장
지원152,지원152,남광주사거리,남광주사거리,남광주사거리
지원152,지원152,조선대병원,조선대병원,조선대병원
지원152,지원152,학동증심사입구역,학동증심사입구역,학동증심사입구역
지원152,지원152,삼익세라믹,삼익세라믹,삼익세라믹
지원152,지원152,동구문화센터,동구문화센터,동구문화센터
지원152,지원152,광주남초교,광주남초교,광주남초교
지원152,지원152,소태역,소태역,소태역
지원152,지원152,지원2동행정복지센터입구,지원2동행정복지센터입구,지원2동행정복지센터입구
지원152,지원152,녹동,녹동,녹동
지원152,지원152,주남,주남,주남
지원152,지원152,내남입구,내남입구,내남입구
지원152,지원152,남계촌,남계촌,남계촌
지원152,지원152,육판리,육판리,육판리
지원152,지원152,선교,선교,선교
지원152,지원152,화순터널,화순터널,화순터널
지원152,지원152,이십곡리,이십곡리,이십곡리
지원152,지원152,화순군선거관리위원회,화순군선거관리위원회,화순군선거관리위원회
지원152,지원152,화순공공도서관입구,화순공공도서관입구,화순공공도서관입구
지원152,지원152,자치샘삼거리,자치샘삼거리,자치샘삼거리
지원152,지원152,화순교(동),화순교(동),화순교(동)
지원152,지원152,화순우체국,화순우체국,화순우체국
지원152,지원152,화순부영아파트,화순부영아파트,화순부영아파트
지원152,지원152,화순미륭아파트,화순미륭아파트,화순미륭아파트
지원152,지원152,제일장식,제일장식,제일장식
지원152,지원152,만연빌딩,만연빌딩,만연빌딩
지원152,지원152,화순터미널,화순터미널,화순터미널
지원152,지원152,화순중(남),화순중(남),화순중(남)
지원152,지원152,화순제일중,화순제일중,화순제일중
지원152,지원152,대리사거리,대리사거리,대리사거리
지원152,지원152,서라아파트,서라아파트,서라아파트
지원152,지원152,오성초교,오성초교,오성초교
지원152,지원152,화순역,화순역,화순역
지원152,지원152,오성아파트,오성아파트,오성아파트
지원152,지원152,계소리,계소리,계소리
지원152,지원152,도웅리2구,도웅리2구,도웅리2구
지원152,지원152,도웅리1구,도웅리1구,도웅리1구
지원152,지원152,계소리1구,계소리1구,계소리1구
지원152,지원152,계소리3구입구,계소리3구입구,계소리3구입구
지원152,지원152,하니움문화스포츠센터서문,하니움문화스포츠센터서문,하니움문화스포츠센터서문
지원152,지원152,연양리1구,연양리1구,연양리1구
지원152,지원152,연양리2구,연양리2구,연양리2구
지원152,지원152,연화공장,연화공장,연화공장
지원152,지원152,주도리입구,주도리입구,주도리입구
지원152,지원152,백암,백암,백암
지원152,지원152,수동,수동,수동
지원152,지원152,만수리,만수리,만수리
지원152,지원152,원지리,원지리,원지리
지원152,지원152,천덕리,천덕리,천덕리
지원152,지원152,능주교,능주교,능주교
지원152,지원152,능주사거리,능주사거리,능주사거리
지원152,지원152,능주면사무소,능주면사무소,능주면사무소
지원152,지원152,능주초교,능주초교,능주초교
지원152,지원152,능주고,능주고,능주고
지원152,지원152,잠정햇살마을,잠정햇살마을,잠정햇살마을
지원152,지원152,능주역,능주역,능주역
지원152,지원152,너릿재공원,너릿재공원,너릿재공원
지원152,지원152,지원화훼단지,지원화훼단지,지원화훼단지
대촌170,대촌170,도래,도래,도래
대촌170,대촌170,다도초교,다도초교,다도초교
대촌170,대촌170,행정,행정,행정
대촌170,대촌170,산림자원연구소,산림자원연구소,산림자원연구소
대촌170,대촌170,국립나주병원,국립나주병원,국립나주병원
대촌170,대촌170,산제 윗길,산제 윗길,산제윗길
대촌170,대촌170,산제 아랫길,산제 아랫길,산제아랫길
대촌170,대촌170,매화동(나주),매화동(나주),매화동(나주)
대촌170,대촌170,농업기술원,농업기술원,농업기술원
대촌170,대촌170,팔마아파트,팔마아파트,팔마아파트
대촌170,대촌170,남평미래병원,남평미래병원,남평미래병원
대촌170,대촌170,방축마을,방축마을,방축마을
대촌170,대촌170,광주어망,광주어망,광주어망
대촌170,대촌170,광남고,광남고,광남고
대촌170,대촌170,교촌마을,교촌마을,교촌마을
대촌170,대촌170,연합의원,연합의원,연합의원
대촌170,대촌170,나주축산농협,나주축산농협,나주축산농협
대촌170,대촌170,남평농협,남평농협,남평농협
대촌170,대촌170,남평오거리,남평오거리,남평오거리
대촌170,대촌170,남평교,남평교,남평교
대촌170,대촌170,광이리,광이리,광이리
대촌170,대촌170,평산리,평산리,평산리
대촌170,대촌170,어전,어전,어전
대촌170,대촌170,하칠석/고싸움전수관,하칠석/고싸움전수관,하칠석/고싸움전수관
대촌170,대촌170,상칠석,상칠석,상칠석
대촌170,대촌170,도촌,도촌,도촌
대촌170,대촌170,대촌동행정복지센터,대촌동행정복지센터,대촌동행정복지센터
대촌170,대촌170,하지석,하지석,하지석
대촌170,대촌170,상지석,상지석,상지석
대촌170,대촌170,원산,원산,원산
대촌170,대촌170,포충사,포충사,포충사
대촌170,대촌170,복수,복수,복수
대촌170,대촌170,이장2동,이장2동,이장2동
대촌170,대촌170,이장1동,이장1동,이장1동
대촌170,대촌170,수춘,수춘,수춘
대촌170,대촌170,양과동,양과동,양과동
대촌170,대촌170,향등,향등,향등
대촌170,대촌170,송암동,송암동,송암동
대촌170,대촌170,인성고,인성고,인성고
대촌170,대촌170,남선산업,남선산업,남선산업
대촌170,대촌170,송하삼익아파트,송하삼익아파트,송하삼익아파트
대촌170,대촌170,광주대입구,광주대입구,광주대입구
대촌170,대촌170,동성고,동성고,동성고
대촌170,대촌170,대성여고,대성여고,대성여고
대촌170,대촌170,진월대주아파트,진월대주아파트,진월대주아파트
대촌170,대촌170,대광여고,대광여고,대광여고
대촌170,대촌170,백운광장,백운광장,백운광장
대촌170,대촌170,백운우체국,백운우체국,백운우체국
대촌170,대촌170,까치고개,까치고개,까치고개
대촌170,대촌170,대성사거리,대성사거리,대성사거리
대촌170,대촌170,월산사거리,월산사거리,월산사거리
대촌170,대촌170,우진아파트,우진아파트,우진아파트
대촌170,대촌170,광주학생운동기념탑,광주학생운동기념탑,광주학생운동기념탑
대촌170,대촌170,롯데백화점,롯데백화점,롯데백화점
대촌170,대촌170,동부소방서,동부소방서,동부소방서
대촌170,대촌170,대인시장(서),대인시장(서),대인시장(서)
대촌170,대촌170,예술의거리입구,예술의거리입구,예술의거리입구
대촌170,대촌170,광주세무서,광주세무서,광주세무서
대촌170,대촌170,향교,향교,향교
대촌170,대촌170,대성초교,대성초교,대성초교
대촌170,대촌170,백운초교(북),백운초교(북),백운초교(북)
대촌170,대촌170,호남삼육고입구,호남삼육고입구,호남삼육고입구
진월177,진월177,도곡온천단지,도곡온천단지,도곡온천단지
진월177,진월177,도곡온천단지입구,도곡온천단지입구,도곡온천단지입구
진월177,진월177,원동마을,원동마을,원동마을
진월177,진월177,원화리,원화리,원화리
진월177,진월177,화남마을,화남마을,화남마을
진월177,진월177,앵남2구,앵남2구,앵남2구
진월177,진월177,앵남역,앵남역,앵남역
진월177,진월177,전남학숙,전남학숙,전남학숙
진월177,진월177,세량리,세량리,세량리
진월177,진월177,노대,노대,노대
진월177,진월177,빛고을노인건강타운,빛고을노인건강타운,빛고을노인건강타운
진월177,진월177,고령친화종합체험관,고령친화종합체험관,고령친화종합체험관
진월177,진월177,빛고을전남대병원,빛고을전남대병원,빛고을전남대병원
진월177,진월177,시립제2요양병원,시립제2요양병원,시립제2요양병원
진월177,진월177,덕남,덕남,덕남
진월177,진월177,빛고을CC,빛고을CC,빛고을CC
진월177,진월177,구암,구암,구암
진월177,진월177,광주대,광주대,광주대
진월177,진월177,금호타운아파트,금호타운아파트,금호타운아파트
진월177,진월177,광주대입구,광주대입구,광주대입구
진월177,진월177,동성고,동성고,동성고
진월177,진월177,대성여고,대성여고,대성여고
진월177,진월177,진월대주아파트,진월대주아파트,진월대주아파트
진월177,진월177,대광여고,대광여고,대광여고
진월177,진월177,백운광장,백운광장,백운광장
진월177,진월177,백운우체국,백운우체국,백운우체국
진월177,진월177,까치고개,까치고개,까치고개
진월177,진월177,대성사거리,대성사거리,대성사거리
진월177,진월177,월산사거리,월산사거리,월산사거리
진월177,진월177,우진아파트,우진아파트,우진아파트
진월177,진월177,천교,천교,천교
진월177,진월177,양동복개쇼핑센터,양동복개쇼핑센터,양동복개쇼핑센터
진월177,진월177,양동시장역(천변),양동시장역(천변),양동시장역(천변)
진월177,진월177,호남삼육고입구,호남삼육고입구,호남삼육고입구
두암181,두암181,대덕,대덕,대덕
두암181,두암181,신갈,신갈,신갈
두암181,두암181,창평훈련장,창평훈련장,창평훈련장
두암181,두암181,창평초교,창평초교,창평초교
두암181,두암181,창평고입구,창평고입구,창평고입구
두암181,두암181,보평리,보평리,보평리
두암181,두암181,오강리,오강리,오강리
두암181,두암181,산덕,산덕,산덕
두암181,두암181,연동(담양),연동(담양),연동(담양)
두암181,두암181,교산,교산,교산
두암181,두암181,고서중,고서중,고서중
두암181,두암181,고서사거리,고서사거리,고서사거리
두암181,두암181,해평리,해평리,해평리
두암181,두암181,보촌1구,보촌1구,보촌1구
두암181,두암181,보촌2구,보촌2구,보촌2구
두암181,두암181,석곡파출소,석곡파출소,석곡파출소
두암181,두암181,용호(북구),용호(북구),용호(북구)
두암181,두암181,중소기업진흥공단 호남연수원,중소기업진흥공단 호남연수원,중소기업진흥공단호남연수원
두암181,두암181,도선사,도선사,도선사
두암181,두암181,문흥지구입구(남),문흥지구입구(남),문흥지구입구(남)
두암181,두암181,농산물공판장,농산물공판장,농산물공판장
두암181,두암181,동광주진입로,동광주진입로,동광주진입로
두암181,두암181,광주병원,광주병원,광주병원
두암181,두암181,무등도서관,무등도서관,무등도서관
두암181,두암181,말바우시장(동),말바우시장(동),말바우시장(동)
두암181,두암181,말바우시장(남),말바우시장(남),말바우시장(남)
두암181,두암181,동강대,동강대,동강대
두암181,두암181,서방시장(북),서방시장(북),서방시장(북)
두암181,두암181,서방사거리육교,서방사거리육교,서방사거리육교
두암181,두암181,서방시장(남),서방시장(남),서방시장(남)
두암181,두암181,문흥지구입구(동),문흥지구입구(동),문흥지구입구(동)
두암181,두암181,도동고개,도동고개,도동고개
용전184,용전184,수북,수북,수북
용전184,용전184,포백,포백,포백
용전184,용전184,수북사거리,수북사거리,수북사거리
용전184,용전184,수북면사무소,수북면사무소,수북면사무소
용전184,용전184,고성리,고성리,고성리
용전184,용전184,월성(담양),월성(담양),월성(담양)
용전184,용전184,성산리,성산리,성산리
용전184,용전184,행정리,행정리,행정리
용전184,용전184,병풍리,병풍리,병풍리
용전184,용전184,원촌,원촌,원촌
용전184,용전184,한재초교,한재초교,한재초교
용전184,용전184,대전파출소(남),대전파출소(남),대전파출소(남)
용전184,용전184,한재중,한재중,한재중
용전184,용전184,신남마을,신남마을,신남마을
용전184,용전184,월인,월인,월인
용전184,용전184,갈전,갈전,갈전
용전184,용전184,강의리,강의리,강의리
용전184,용전184,태목,태목,태목
용전184,용전184,시목,시목,시목
용전184,용전184,응기,응기,응기
용전184,용전184,삼소동입구,삼소동입구,삼소동입구
용전184,용전184,용산교(북구),용산교(북구),용산교(북구)
용전184,용전184,용전사거리(남),용전사거리(남),용전사거리(남)
용전184,용전184,지산마을,지산마을,지산마을
용전184,용전184,생룡,생룡,생룡
용전184,용전184,우치공원,우치공원,우치공원
용전184,용전184,명상의집,명상의집,명상의집
용전184,용전184,유격훈련장,유격훈련장,유격훈련장
용전184,용전184,일곡현대3차아파트,일곡현대3차아파트,일곡현대3차아파트
용전184,용전184,일곡청솔4차아파트,일곡청솔4차아파트,일곡청솔4차아파트
용전184,용전184,월산(삼각동),월산(삼각동),월산(삼각동)
용전184,용전184,양일로입구,양일로입구,양일로입구
용전184,용전184,원삼각마을삼일아파트,원삼각마을삼일아파트,원삼각마을삼일아파트
용전184,용전184,31사단,31사단,31사단
용전184,용전184,오치1동행정복지센터,오치1동행정복지센터,오치1동행정복지센터
용전184,용전184,서산초교,서산초교,서산초교
용전184,용전184,오치한전,오치한전,오치한전
용전184,용전184,도로교통공단 대신파크,도로교통공단 대신파크,도로교통공단대신파크
용전184,용전184,전남대공과대학,전남대공과대학,전남대공과대학
용전184,용전184,전남대스포츠센터,전남대스포츠센터,전남대스포츠센터
용전184,용전184,효동초교입구,효동초교입구,효동초교입구
용전184,용전184,동부교육청,동부교육청,동부교육청
용전184,용전184,향토문화거리입구,향토문화거리입구,향토문화거리입구
용전184,용전184,서방시장(남),서방시장(남),서방시장(남)
용전184,용전184,서방사거리육교,서방사거리육교,서방사거리육교
용전184,용전184,광주고/419역사관,광주고/419역사관,광주고/419역사관
용전184,용전184,대인시장(동),대인시장(동),대인시장(동)
용전184,용전184,예술의거리입구,예술의거리입구,예술의거리입구
용전184,용전184,금남로4가역,금남로4가역,금남로4가역
용전184,용전184,금남로5가역,금남로5가역,금남로5가역
용전184,용전184,롯데백화점,롯데백화점,롯데백화점
용전184,용전184,동부소방서,동부소방서,동부소방서
용전184,용전184,서방시장(서),서방시장(서),서방시장(서)
용전184,용전184,북구차량등록민원실,북구차량등록민원실,북구차량등록민원실
용전184,용전184,성산맨션,성산맨션,성산맨션
용전184,용전184,갑향리,갑향리,갑향리
충효187,충효187,장등동,장등동,장등동
충효187,충효187,도선사,도선사,도선사
충효187,충효187,문흥지구입구(남),문흥지구입구(남),문흥지구입구(남)
충효187,충효187,농산물공판장,농산물공판장,농산물공판장
충효187,충효187,동광주진입로,동광주진입로,동광주진입로
충효187,충효187,광주병원,광주병원,광주병원
충효187,충효187,무등도서관,무등도서관,무등도서관
충효187,충효187,말바우시장(동),말바우시장(동),말바우시장(동)
충효187,충효187,말바우시장(남),말바우시장(남),말바우시장(남)
충효187,충효187,동강대,동강대,동강대
충효187,충효187,서방시장(북),서방시장(북),서방시장(북)
충효187,충효187,교육대,교육대,교육대
충효187,충효187,풍향삼거리,풍향삼거리,풍향삼거리
충효187,충효187,풍향시장,풍향시장,풍향시장
충효187,충효187,두암지구입구,두암지구입구,두암지구입구
충효187,충효187,산수오거리(연천),산수오거리(연천),산수오거리(연천)
충효187,충효187,장원초교(서),장원초교(서),장원초교(서)
충효187,충효187,산수무등파크,산수무등파크,산수무등파크
충효187,충효187,전망대,전망대,전망대
충효187,충효187,4수원지,4수원지,4수원지
충효187,충효187,4수원지위,4수원지위,4수원지위
충효187,충효187,화암,화암,화암
충효187,충효187,화암마을위,화암마을위,화암마을위
충효187,충효187,충장사(북),충장사(북),충장사(북)
충효187,충효187,금곡,금곡,금곡
충효187,충효187,석제,석제,석제
충효187,충효187,수리,수리,수리
충효187,충효187,광주호호수생태원,광주호호수생태원,광주호호수생태원
충효187,충효187,충효동환벽당,충효동환벽당,충효동환벽당
충효187,충효187,가사문학관,가사문학관,가사문학관
충효187,충효187,지실,지실,지실
충효187,충효187,유산교,유산교,유산교
충효187,충효187,닭뫼,닭뫼,닭뫼
충효187,충효187,평촌도요지,평촌도요지,평촌도요지
충효187,충효187,평촌,평촌,평촌
충효187,충효187,소쇄원,소쇄원,소쇄원
충효187,충효187,전남교육연수원,전남교육연수원,전남교육연수원
충효187,충효187,반석,반석,반석
충효187,충효187,연천,연천,연천
충효187,충효187,장원초교(동),장원초교(동),장원초교(동)
충효187,충효187,산수오거리,산수오거리,산수오거리
충효187,충효187,서방시장(남),서방시장(남),서방시장(남)
충효187,충효187,문흥지구입구(동),문흥지구입구(동),문흥지구입구(동)
충효187,충효187,도동고개,도동고개,도동고개
충효188,충효188,효령노인복지타운,효령노인복지타운,효령노인복지타운
충효188,충효188,북초교,북초교,북초교
충효188,충효188,수곡,수곡,수곡
충효188,충효188,두촌,두촌,두촌
충효188,충효188,단지삼거리,단지삼거리,단지삼거리
충효188,충효188,단지마을,단지마을,단지마을
충효188,충효188,시립공원묘지,시립공원묘지,시립공원묘지
충효188,충효188,공원묘지,공원묘지,공원묘지
충효188,충효188,국립5.18민주묘지,국립5.18민주묘지,국립518민주묘지
충효188,충효188,어운,어운,어운
충효188,충효188,주룡,주룡,주룡
충효188,충효188,복다우,복다우,복다우
충효188,충효188,석곡파출소,석곡파출소,석곡파출소
충효188,충효188,석곡동행정복지센터,석곡동행정복지센터,석곡동행정복지센터
충효188,충효188,월산(석곡),월산(석곡),월산(석곡)
충효188,충효188,동초교,동초교,동초교
충효188,충효188,죽곡(북),죽곡(북),죽곡(북)
충효188,충효188,죽곡(남),죽곡(남),죽곡(남)
충효188,충효188,분토(북구),분토(북구),분토(북구)
충효188,충효188,신촌(윗길),신촌(윗길),신촌(윗길)
충효188,충효188,신촌(아랫길),신촌(아랫길),신촌(아랫길)
충효188,충효188,등촌,등촌,등촌
충효188,충효188,청풍학생야영장,청풍학생야영장,청풍학생야영장
충효188,충효188,4수원지,4수원지,4수원지
충효188,충효188,4수원지위,4수원지위,4수원지위
충효188,충효188,화암,화암,화암
충효188,충효188,화암마을위,화암마을위,화암마을위
충효188,충효188,충장사(북),충장사(북),충장사(북)
충효188,충효188,금곡,금곡,금곡
충효188,충효188,석제,석제,석제
충효188,충효188,수리,수리,수리
충효188,충효188,광주호호수생태원,광주호호수생태원,광주호호수생태원
충효188,충효188,충효동환벽당,충효동환벽당,충효동환벽당
충효188,충효188,가사문학관,가사문학관,가사문학관
충효188,충효188,지실,지실,지실
충효188,충효188,유산교,유산교,유산교
충효188,충효188,닭뫼,닭뫼,닭뫼
충효188,충효188,평촌도요지,평촌도요지,평촌도요지
충효188,충효188,평촌,평촌,평촌
충효188,충효188,소쇄원,소쇄원,소쇄원
충효188,충효188,공원묘지입구,공원묘지입구,공원묘지입구
첨단192,첨단192,장성마산,장성마산,장성마산
첨단192,첨단192,녹진,녹진,녹진
첨단192,첨단192,덕성,덕성,덕성
첨단192,첨단192,자풍,자풍,자풍
첨단192,첨단192,선평선창마을입구,선평선창마을입구,선평선창마을입구
첨단192,첨단192,장성백운,장성백운,장성백운
첨단192,첨단192,평산리(장성),평산리(장성),평산리(장성)
첨단192,첨단192,승가마을,승가마을,승가마을
첨단192,첨단192,남면보건지소,남면보건지소,남면보건지소
첨단192,첨단192,장성남면농협,장성남면농협,장성남면농협
첨단192,첨단192,장성남중,장성남중,장성남중
첨단192,첨단192,장성월곡,장성월곡,장성월곡
첨단192,첨단192,월정(장성),월정(장성),월정(장성)
첨단192,첨단192,서태마을입구,서태마을입구,서태마을입구
첨단192,첨단192,신아산,신아산,신아산
첨단192,첨단192,비아1동,비아1동,비아1동
첨단192,첨단192,비아농협,비아농협,비아농협
첨단192,첨단192,동원촌,동원촌,동원촌
첨단192,첨단192,첨단대우아파트,첨단대우아파트,첨단대우아파트
첨단192,첨단192,첨단도서관,첨단도서관,첨단도서관
첨단192,첨단192,첨단라인8차아파트,첨단라인8차아파트,첨단라인8차아파트
첨단192,첨단192,산월초교입구,산월초교입구,산월초교입구
첨단192,첨단192,방송통신대,방송통신대,방송통신대
첨단192,첨단192,무양서원,무양서원,무양서원
첨단192,첨단192,남부대,남부대,남부대
첨단192,첨단192,신창용수마을,신창용수마을,신창용수마을
첨단192,첨단192,전남공고입구,전남공고입구,전남공고입구
첨단192,첨단192,보건대입구,보건대입구,보건대입구
첨단192,첨단192,반촌,반촌,반촌
첨단192,첨단192,산동교,산동교,산동교
첨단192,첨단192,동림푸른마을,동림푸른마을,동림푸른마을
첨단192,첨단192,시립장애인복지관,시립장애인복지관,시립장애인복지관
첨단192,첨단192,운암우미아파트,운암우미아파트,운암우미아파트
첨단192,첨단192,운암중,운암중,운암중
첨단192,첨단192,운암초교,운암초교,운암초교
첨단192,첨단192,서영대,서영대,서영대
첨단192,첨단192,광림초교입구,광림초교입구,광림초교입구
첨단192,첨단192,광암교입구,광암교입구,광암교입구
첨단192,첨단192,공구의거리,공구의거리,공구의거리
첨단192,첨단192,경신여고(일방로),경신여고(일방로),경신여고(일방로)
첨단192,첨단192,중앙여고,중앙여고,중앙여고
첨단192,첨단192,문화예술회관,문화예술회관,문화예술회관
첨단192,첨단192,동천마을6단지,동천마을6단지,동천마을6단지
첨단192,첨단192,비아사거리,비아사거리,비아사거리
첨단193,첨단193,살레시오고,살레시오고,살레시오고
첨단193,첨단193,살레시오고입구,살레시오고입구,살레시오고입구
첨단193,첨단193,일곡삼호아파트,일곡삼호아파트,일곡삼호아파트
첨단193,첨단193,서일초교,서일초교,서일초교
첨단193,첨단193,일신초교,일신초교,일신초교
첨단193,첨단193,일동초교,일동초교,일동초교
첨단193,첨단193,일동중,일동중,일동중
첨단193,첨단193,오비맥주,오비맥주,오비맥주
첨단193,첨단193,코카콜라,코카콜라,코카콜라
첨단193,첨단193,롯데칠성,롯데칠성,롯데칠성
첨단193,첨단193,KT&G광주공장,KT&G광주공장,KT&G광주공장
첨단193,첨단193,양산호수공원,양산호수공원,양산호수공원
첨단193,첨단193,양산초교입구,양산초교입구,양산초교입구
첨단193,첨단193,양산타운,양산타운,양산타운
첨단193,첨단193,용두주공,용두주공,용두주공
첨단193,첨단193,복룡입구,복룡입구,복룡입구
첨단193,첨단193,교통공원,교통공원,교통공원
첨단193,첨단193,우편집중국,우편집중국,우편집중국
첨단193,첨단193,농산물품질관리원,농산물품질관리원,농산물품질관리원
첨단193,첨단193,첨단우리은행,첨단우리은행,첨단우리은행
첨단193,첨단193,첨단1동행정복지센터,첨단1동행정복지센터,첨단1동행정복지센터
첨단193,첨단193,쌍암공원,쌍암공원,쌍암공원
첨단193,첨단193,과기원,과기원,과기원
첨단193,첨단193,한국전자통신연구원,한국전자통신연구원,한국전자통신연구원
첨단193,첨단193,한국생산기술연구원,한국생산기술연구원,한국생산기술연구원
첨단193,첨단193,국립광주과학관,국립광주과학관,국립광주과학관
첨단193,첨단193,앰코코리아,앰코코리아,앰코코리아
첨단193,첨단193,은혜학교,은혜학교,은혜학교
첨단193,첨단193,대촌마을,대촌마을,대촌마을
첨단193,첨단193,대촌마을입구,대촌마을입구,대촌마을입구
첨단193,첨단193,고내입구,고내입구,고내입구
첨단193,첨단193,월정,월정,월정
첨단193,첨단193,초동,초동,초동
첨단193,첨단193,진원동초교,진원동초교,진원동초교
첨단193,첨단193,학산,학산,학산
첨단193,첨단193,상림,상림,상림
첨단193,첨단193,작동,작동,작동
첨단193,첨단193,덕촌,덕촌,덕촌
첨단193,첨단193,평촌(장성),평촌(장성),평촌(장성)
첨단193,첨단193,진원면사무소,진원면사무소,진원면사무소
첨단193,첨단193,중앙교회,중앙교회,중앙교회
첨단193,첨단193,남계(장성),남계(장성),남계(장성)
첨단193,첨단193,매화동(장성),매화동(장성),매화동(장성)
첨단193,첨단193,진원초교,진원초교,진원초교
첨단193,첨단193,수촌(장성),수촌(장성),수촌(장성)
첨단193,첨단193,산정,산정,산정
첨단193,첨단193,남면사무소(장성),남면사무소(장성),남면사무소(장성)
진곡196,진곡196,진곡산단,진곡산단,진곡산단
진곡196,진곡196,진곡공원,진곡공원,진곡공원
진곡196,진곡196,선진알미늄,선진알미늄,선진알미늄
진곡196,진곡196,동명정공,동명정공,동명정공
진곡196,진곡196,무등스크린,무등스크린,무등스크린
진곡196,진곡196,명진하이테크,명진하이테크,명진하이테크
진곡196,진곡196,광주그린카진흥원입구,광주그린카진흥원입구,광주그린카진흥원입구
진곡196,진곡196,진곡화물공영차고지,진곡화물공영차고지,진곡화물공영차고지
진곡196,진곡196,한국알프스,한국알프스,한국알프스
진곡196,진곡196,호남샤니,호남샤니,호남샤니
진곡196,진곡196,화천기공,화천기공,화천기공
진곡196,진곡196,수완진흥더루벤스,수완진흥더루벤스,수완진흥더루벤스
진곡196,진곡196,장덕마을,장덕마을,장덕마을
진곡196,진곡196,수완새한포유,수완새한포유,수완새한포유
진곡196,진곡196,광주농수산물유통센터(서),광주농수산물유통센터(서),광주농수산물유통센터(서)
진곡196,진곡196,수완중흥S-클래스 1차,수완중흥S-클래스 1차,수완중흥S-클래스1차
진곡196,진곡196,목련마을6단지,목련마을6단지,목련마을6단지
진곡196,진곡196,운남삼성아파트,운남삼성아파트,운남삼성아파트
진곡196,진곡196,광산구노인복지회관,광산구노인복지회관,광산구노인복지회관
진곡196,진곡196,영천초교,영천초교,영천초교
진곡196,진곡196,월곡시장,월곡시장,월곡시장
진곡196,진곡196,월곡일신아파트,월곡일신아파트,월곡일신아파트
진곡196,진곡196,어등초교,어등초교,어등초교
진곡196,진곡196,광산중,광산중,광산중
진곡196,진곡196,소촌금호아파트,소촌금호아파트,소촌금호아파트
진곡196,진곡196,아리랑고개,아리랑고개,아리랑고개
진곡196,진곡196,송정I.C,송정I.C,송정IC
진곡196,진곡196,송정파출소(북),송정파출소(북),송정파출소(북)
진곡196,진곡196,송정공원역,송정공원역,송정공원역
진곡196,진곡196,영광통,영광통,영광통
진곡196,진곡196,광산구청,광산구청,광산구청
진곡196,진곡196,광주송정역(동),광주송정역(동),광주송정역(동)
진곡196,진곡196,금강1길,금강1길,금강1길
진곡196,진곡196,송정초교,송정초교,송정초교
진곡196,진곡196,도산동행정복지센터,도산동행정복지센터,도산동행정복지센터
진곡196,진곡196,송정호반아파트,송정호반아파트,송정호반아파트
진곡196,진곡196,공군부대후문,공군부대후문,공군부대후문
진곡196,진곡196,상선,상선,상선
진곡196,진곡196,하선,하선,하선
진곡196,진곡196,평호동,평호동,평호동
진곡196,진곡196,유림,유림,유림
진곡196,진곡196,동곡,동곡,동곡
진곡196,진곡196,호가정,호가정,호가정
진곡196,진곡196,창교,창교,창교
진곡196,진곡196,용봉입구,용봉입구,용봉입구
진곡196,진곡196,성산마을,성산마을,성산마을
진곡196,진곡196,노안남초교,노안남초교,노안남초교
진곡196,진곡196,동산마을,동산마을,동산마을
진곡196,진곡196,산정(나주),산정(나주),산정(나주)
진곡196,진곡196,천동입구,천동입구,천동입구
진곡196,진곡196,나주북초교,나주북초교,나주북초교
진곡196,진곡196,나주농협송현지점,나주농협송현지점,나주농협송현지점
진곡196,진곡196,나주동신대,나주동신대,나주동신대
진곡196,진곡196,싸이클경기장,싸이클경기장,싸이클경기장
진곡196,진곡196,정렬사,정렬사,정렬사
진곡196,진곡196,광주송정역,광주송정역,광주송정역
송정197,송정197,도산동,도산동,도산동
송정197,송정197,도산파출소,도산파출소,도산파출소
송정197,송정197,도산역,도산역,도산역
송정197,송정197,신동사거리,신동사거리,신동사거리
송정197,송정197,광주송정역,광주송정역,광주송정역
송정197,송정197,광산구청,광산구청,광산구청
송정197,송정197,금호타이어,금호타이어,금호타이어
송정197,송정197,송정한전,송정한전,송정한전
송정197,송정197,광산경찰서,광산경찰서,광산경찰서
송정197,송정197,보문고,보문고,보문고
송정197,송정197,매방골,매방골,매방골
송정197,송정197,선암,선암,선암
송정197,송정197,호남대,호남대,호남대
송정197,송정197,샛터마을,샛터마을,샛터마을
송정197,송정197,서봉마을,서봉마을,서봉마을
송정197,송정197,동명고입구,동명고입구,동명고입구
송정197,송정197,중방,중방,중방
송정197,송정197,운평,운평,운평
송정197,송정197,죽산,죽산,죽산
송정197,송정197,풍숙,풍숙,풍숙
송정197,송정197,본량삼거리,본량삼거리,본량삼거리
송정197,송정197,본량초교,본량초교,본량초교
송정197,송정197,황산,황산,황산
송정197,송정197,북성,북성,북성
송정197,송정197,가마,가마,가마
송정197,송정197,명도삼거리,명도삼거리,명도삼거리
송정197,송정197,예림,예림,예림
송정197,송정197,평림,평림,평림
송정197,송정197,동호,동호,동호
송정197,송정197,남동,남동,남동
송정197,송정197,용호(광산구),용호(광산구),용호(광산구)
송정197,송정197,수성,수성,수성
송정197,송정197,옥산,옥산,옥산
송정197,송정197,학동(본량),학동(본량),학동(본량)
송정197,송정197,화산(장성),화산(장성),화산(장성)
송정197,송정197,녹서,녹서,녹서
송정197,송정197,마령,마령,마령
송정197,송정197,패밀리농장,패밀리농장,패밀리농장
송정197,송정197,보강,보강,보강
송정197,송정197,보강입구,보강입구,보강입구
송정197,송정197,인지,인지,인지
송정197,송정197,송곡,송곡,송곡
송정197,송정197,삼서초교,삼서초교,삼서초교
송정197,송정197,대곡,대곡,대곡
송정197,송정197,삼서우체국,삼서우체국,삼서우체국
송정197,송정197,삼서면사무소,삼서면사무소,삼서면사무소
대촌270,대촌270,매월동(북),매월동(북),매월동(북)
대촌270,대촌270,대동고,대동고,대동고
대촌270,대촌270,화훼단지,화훼단지,화훼단지
대촌270,대촌270,공구단지,공구단지,공구단지
대촌270,대촌270,풍암사거리(동),풍암사거리(동),풍암사거리(동)
대촌270,대촌270,마재부영아파트,마재부영아파트,마재부영아파트
대촌270,대촌270,마재대주아파트,마재대주아파트,마재대주아파트
대촌270,대촌270,서구문화센터,서구문화센터,서구문화센터
대촌270,대촌270,금호한국아파트,금호한국아파트,금호한국아파트
대촌270,대촌270,금호시영아파트,금호시영아파트,금호시영아파트
대촌270,대촌270,CBS방송국,CBS방송국,CBS방송국
대촌270,대촌270,상무중,상무중,상무중
대촌270,대촌270,운천저수지,운천저수지,운천저수지
대촌270,대촌270,상무지구입구,상무지구입구,상무지구입구
대촌270,대촌270,상무역,상무역,상무역
대촌270,대촌270,전남고입구,전남고입구,전남고입구
대촌270,대촌270,김대중컨벤션센터(마륵)역,김대중컨벤션센터(마륵)역,김대중컨벤션센터(마륵)역
대촌270,대촌270,월암,월암,월암
대촌270,대촌270,서창사거리,서창사거리,서창사거리
대촌270,대촌270,서창농협벽진지점,서창농협벽진지점,서창농협벽진지점
대촌270,대촌270,마산(서창),마산(서창),마산(서창)
대촌270,대촌270,동하,동하,동하
대촌270,대촌270,서창동주민센터,서창동주민센터,서창동주민센터
대촌270,대촌270,절골입구(서),절골입구(서),절골입구(서)
대촌270,대촌270,중촌,중촌,중촌
대촌270,대촌270,서창치안센터,서창치안센터,서창치안센터
대촌270,대촌270,용두입구,용두입구,용두입구
대촌270,대촌270,봉학,봉학,봉학
대촌270,대촌270,신용,신용,신용
대촌270,대촌270,마현,마현,마현
대촌270,대촌270,구룡(대촌),구룡(대촌),구룡(대촌)
대촌270,대촌270,석교삼거리,석교삼거리,석교삼거리
대촌270,대촌270,석정,석정,석정
대촌270,대촌270,시산,시산,시산
대촌270,대촌270,농막,농막,농막
대촌270,대촌270,화장뒷길,화장뒷길,화장뒷길
대촌270,대촌270,화장앞길,화장앞길,화장앞길
대촌270,대촌270,지동,지동,지동
대촌270,대촌270,월성,월성,월성
대촌270,대촌270,학촌,학촌,학촌
대촌270,대촌270,도덕,도덕,도덕
대촌270,대촌270,구소,구소,구소
대촌270,대촌270,서창입구,서창입구,서창입구
대촌270,대촌270,금호초교,금호초교,금호초교
임곡290,임곡290,도산동,도산동,도산동
임곡290,임곡290,도산파출소,도산파출소,도산파출소
임곡290,임곡290,도산역,도산역,도산역
임곡290,임곡290,신동사거리,신동사거리,신동사거리
임곡290,임곡290,광주송정역,광주송정역,광주송정역
임곡290,임곡290,광산구청,광산구청,광산구청
임곡290,임곡290,영광통,영광통,영광통
임곡290,임곡290,송정공원역,송정공원역,송정공원역
임곡290,임곡290,송정파출소(북),송정파출소(북),송정파출소(북)
임곡290,임곡290,송정I.C,송정I.C,송정IC
임곡290,임곡290,아리랑고개,아리랑고개,아리랑고개
임곡290,임곡290,우산동중흥S클래스,우산동중흥S클래스,우산동중흥S클래스
임곡290,임곡290,광주자동화설비공업고,광주자동화설비공업고,광주자동화설비공업고
임곡290,임곡290,대덕아파트,대덕아파트,대덕아파트
임곡290,임곡290,서작,서작,서작
임곡290,임곡290,상수도광산사업소,상수도광산사업소,상수도광산사업소
임곡290,임곡290,우산리버힐아파트,우산리버힐아파트,우산리버힐아파트
임곡290,임곡290,우산시영2단지(동),우산시영2단지(동),우산시영2단지(동)
임곡290,임곡290,광주여대,광주여대,광주여대
임곡290,임곡290,역산공원입구,역산공원입구,역산공원입구
임곡290,임곡290,산정중입구,산정중입구,산정중입구
임곡290,임곡290,하남홈플러스,하남홈플러스,하남홈플러스
임곡290,임곡290,유애서원,유애서원,유애서원
임곡290,임곡290,신성화학,신성화학,신성화학
임곡290,임곡290,정우화학,정우화학,정우화학
임곡290,임곡290,광산소방서입구,광산소방서입구,광산소방서입구
임곡290,임곡290,하남3지구모아엘가,하남3지구모아엘가,하남3지구모아엘가
임곡290,임곡290,하남1교,하남1교,하남1교
임곡290,임곡290,지실마을,지실마을,지실마을
임곡290,임곡290,장수동,장수동,장수동
임곡290,임곡290,구강리,구강리,구강리
임곡290,임곡290,방혜,방혜,방혜
임곡290,임곡290,신등,신등,신등
임곡290,임곡290,신봉정,신봉정,신봉정
임곡290,임곡290,내등,내등,내등
임곡290,임곡290,외등,외등,외등
임곡290,임곡290,노동,노동,노동
임곡290,임곡290,박호1리,박호1리,박호1리
임곡290,임곡290,박뫼,박뫼,박뫼
임곡290,임곡290,박호동,박호동,박호동
임곡290,임곡290,송산유원지(종점),송산유원지(종점),송산유원지(종점)
임곡290,임곡290,산막,산막,산막
임곡290,임곡290,벽파정,벽파정,벽파정
임곡290,임곡290,연동 서길,연동 서길,연동서길
임곡290,임곡290,연동삼거리,연동삼거리,연동삼거리
임곡290,임곡290,창암,창암,창암
임곡290,임곡290,고룡정보산업학교,고룡정보산업학교,고룡정보산업학교
임곡290,임곡290,보화촌,보화촌,보화촌
임곡290,임곡290,천동(광산구),천동(광산구),천동(광산구)
임곡290,임곡290,비시동,비시동,비시동
임곡290,임곡290,가정,가정,가정
임곡290,임곡290,성내,성내,성내
임곡290,임곡290,임곡역,임곡역,임곡역
임곡290,임곡290,광일고,광일고,광일고
임곡290,임곡290,원임곡,원임곡,원임곡
임곡290,임곡290,삼화교,삼화교,삼화교
임곡290,임곡290,연계삼거리,연계삼거리,연계삼거리
임곡290,임곡290,임동교,임동교,임동교
임곡290,임곡290,상촌(임곡),상촌(임곡),상촌(임곡)
임곡290,임곡290,와산,와산,와산
임곡290,임곡290,연동서길,연동서길,연동서길
송정296,송정296,도산동,도산동,도산동
송정296,송정296,도산파출소,도산파출소,도산파출소
송정296,송정296,도산역,도산역,도산역
송정296,송정296,신동사거리,신동사거리,신동사거리
송정296,송정296,광주송정역,광주송정역,광주송정역
송정296,송정296,광산구청,광산구청,광산구청
송정296,송정296,금호타이어,금호타이어,금호타이어
송정296,송정296,송정한전,송정한전,송정한전
송정296,송정296,광산경찰서,광산경찰서,광산경찰서
송정296,송정296,보문고,보문고,보문고
송정296,송정296,매방골,매방골,매방골
송정296,송정296,선암,선암,선암
송정296,송정296,호남대,호남대,호남대
송정296,송정296,샛터마을,샛터마을,샛터마을
송정296,송정296,서봉마을,서봉마을,서봉마을
송정296,송정296,동명고입구,동명고입구,동명고입구
송정296,송정296,중방,중방,중방
송정296,송정296,운평,운평,운평
송정296,송정296,죽산,죽산,죽산
송정296,송정296,풍숙,풍숙,풍숙
송정296,송정296,본량삼거리,본량삼거리,본량삼거리
송정296,송정296,본량초교,본량초교,본량초교
송정296,송정296,황산,황산,황산
송정296,송정296,북성,북성,북성
송정296,송정296,가마,가마,가마
송정296,송정296,명도삼거리,명도삼거리,명도삼거리
송정296,송정296,예림,예림,예림
송정296,송정296,평림,평림,평림
송정296,송정296,남동,남동,남동
송정296,송정296,용호(광산구),용호(광산구),용호(광산구)
송정296,송정296,신촌(본량),신촌(본량),신촌(본량)
송정296,송정296,본량학생야영장,본량학생야영장,본량학생야영장
송정296,송정296,월산(본량),월산(본량),월산(본량)
송정296,송정296,양곡,양곡,양곡
송정296,송정296,구룡(본량),구룡(본량),구룡(본량)
송정296,송정296,동림마을,동림마을,동림마을
419,419,살레시오고,살레시오고,살레시오고
419,419,살레시오고입구,살레시오고입구,살레시오고입구
419,419,유격훈련장,유격훈련장,유격훈련장
419,419,일곡현대3차아파트,일곡현대3차아파트,일곡현대3차아파트
419,419,일곡대림2차아파트,일곡대림2차아파트,일곡대림2차아파트
419,419,일신초교,일신초교,일신초교
419,419,일동초교,일동초교,일동초교
419,419,일동중,일동중,일동중
419,419,향토음식박물관,향토음식박물관,향토음식박물관
419,419,국제고,국제고,국제고
419,419,삼각그린타운,삼각그린타운,삼각그린타운
419,419,고려고,고려고,고려고
419,419,광주공고입구,광주공고입구,광주공고입구
419,419,오치초교,오치초교,오치초교
419,419,비엔날레전시관,비엔날레전시관,비엔날레전시관
419,419,비엔날레전시관입구,비엔날레전시관입구,비엔날레전시관입구
419,419,용봉모아아파트,용봉모아아파트,용봉모아아파트
419,419,유창아파트,유창아파트,유창아파트
419,419,유창허니문,유창허니문,유창허니문
419,419,용봉우미아파트,용봉우미아파트,용봉우미아파트
419,419,삼원맨션,삼원맨션,삼원맨션
419,419,용봉한화꿈에그린,용봉한화꿈에그린,용봉한화꿈에그린
419,419,도로교통공단 대신파크,도로교통공단 대신파크,도로교통공단대신파크
419,419,전남대공과대학,전남대공과대학,전남대공과대학
419,419,전남대동문,전남대동문,전남대동문
419,419,북구보건소,북구보건소,북구보건소
419,419,중흥2동행정복지센터,중흥2동행정복지센터,중흥2동행정복지센터
419,419,동부교육청,동부교육청,동부교육청
419,419,향토문화거리입구,향토문화거리입구,향토문화거리입구
419,419,서방시장(남),서방시장(남),서방시장(남)
419,419,계림사거리,계림사거리,계림사거리
419,419,광주고/419역사관,광주고/419역사관,광주고/419역사관
419,419,대인시장(동),대인시장(동),대인시장(동)
419,419,전남여고,전남여고,전남여고
419,419,동구청,동구청,동구청
419,419,서남동행정복지센터,서남동행정복지센터,서남동행정복지센터
419,419,조선대병원입구,조선대병원입구,조선대병원입구
419,419,조선대대학원,조선대대학원,조선대대학원
419,419,조선대해오름관,조선대해오름관,조선대해오름관
419,419,조선대장미원,조선대장미원,조선대장미원
419,419,문화전당역,문화전당역,문화전당역
419,419,"국립아시아문화전당(구,도청)","국립아시아문화전당(구,도청)","국립아시아문화전당(구,도청)"
419,419,예술의거리입구,예술의거리입구,예술의거리입구
419,419,서방시장(서),서방시장(서),서방시장(서)
419,419,성산맨션,성산맨션,성산맨션
419,419,유창허니문입구,유창허니문입구,유창허니문입구
419,419,용주초교,용주초교,용주초교
518,518,효령노인복지타운,효령노인복지타운,효령노인복지타운
518,518,영락공원입구,영락공원입구,영락공원입구
518,518,효령동,효령동,효령동
518,518,영락공원2단지,영락공원2단지,영락공원2단지
518,518,영락공원,영락공원,영락공원
518,518,수곡,수곡,수곡
518,518,두촌,두촌,두촌
518,518,단지삼거리,단지삼거리,단지삼거리
518,518,단지마을,단지마을,단지마을
518,518,시립공원묘지,시립공원묘지,시립공원묘지
518,518,공원묘지,공원묘지,공원묘지
518,518,국립5.18민주묘지,국립5.18민주묘지,국립518민주묘지
518,518,어운,어운,어운
518,518,주룡,주룡,주룡
518,518,복다우,복다우,복다우
518,518,석곡파출소,석곡파출소,석곡파출소
518,518,용호(북구),용호(북구),용호(북구)
518,518,중소기업진흥공단 호남연수원,중소기업진흥공단 호남연수원,중소기업진흥공단호남연수원
518,518,도선사,도선사,도선사
518,518,문흥지구입구(남),문흥지구입구(남),문흥지구입구(남)
518,518,농산물공판장,농산물공판장,농산물공판장
518,518,동광주진입로,동광주진입로,동광주진입로
518,518,광주병원,광주병원,광주병원
518,518,무등도서관,무등도서관,무등도서관
518,518,말바우시장(동),말바우시장(동),말바우시장(동)
518,518,말바우시장(서),말바우시장(서),말바우시장(서)
518,518,평화맨션,평화맨션,평화맨션
518,518,북구청,북구청,북구청
518,518,북구보건소,북구보건소,북구보건소
518,518,전남대,전남대,전남대
518,518,신안사거리,신안사거리,신안사거리
518,518,광주역(동),광주역(동),광주역(동)
518,518,중흥초교,중흥초교,중흥초교
518,518,4.19기념관,4.19기념관,419기념관
518,518,광주고/419역사관,광주고/419역사관,광주고/419역사관
518,518,대인시장(동),대인시장(동),대인시장(동)
518,518,전남여고,전남여고,전남여고
518,518,동구청,동구청,동구청
518,518,문화전당역,문화전당역,문화전당역
518,518,"국립아시아문화전당(구,도청)","국립아시아문화전당(구,도청)","국립아시아문화전당(구,도청)"
518,518,금남로4가역,금남로4가역,금남로4가역
518,518,금남로5가역,금남로5가역,금남로5가역
518,518,광주일고/광주고용센터,광주일고/광주고용센터,광주일고/광주고용센터
518,518,북성중,북성중,북성중
518,518,임동오거리,임동오거리,임동오거리
518,518,전남방직,전남방직,전남방직
518,518,현대자동차,현대자동차,현대자동차
518,518,광주종합버스터미널,광주종합버스터미널,광주종합버스터미널
518,518,기아차중문,기아차중문,기아차중문
518,518,상무호반3차,상무호반3차,상무호반3차
518,518,모아제일아파트,모아제일아파트,모아제일아파트
518,518,5.18기념문화센터,5.18기념문화센터,518기념문화센터
518,518,시청,시청,시청
518,518,한국은행,한국은행,한국은행
518,518,한국국토정보공사,한국국토정보공사,한국국토정보공사
518,518,한국수자원공사,한국수자원공사,한국수자원공사
518,518,농협운천지점,농협운천지점,농협운천지점
518,518,상무라인대주,상무라인대주,상무라인대주
518,518,5.18자유공원,5.18자유공원,518자유공원
518,518,보훈회관/518민주화운동교육관,보훈회관/518민주화운동교육관,보훈회관/518민주화운동교육관
518,518,상무시민공원,상무시민공원,상무시민공원
518,518,상무지구,상무지구,상무지구
518,518,상무쌍용금호아파트,상무쌍용금호아파트,상무쌍용금호아파트
518,518,운천초교,운천초교,운천초교
518,518,상무대우아파트,상무대우아파트,상무대우아파트
518,518,광명하이츠후문,광명하이츠후문,광명하이츠후문
518,518,광주역,광주역,광주역
518,518,문흥지구입구(동),문흥지구입구(동),문흥지구입구(동)
518,518,도동고개,도동고개,도동고개
518,518,공원묘지입구,공원묘지입구,공원묘지입구
1187,1187,덕흥동,덕흥동,덕흥동
1187,1187,덕흥마을입구,덕흥마을입구,덕흥마을입구
1187,1187,덕흥삼거리,덕흥삼거리,덕흥삼거리
1187,1187,유덕2교차로,유덕2교차로,유덕2교차로
1187,1187,유덕동주민센터,유덕동주민센터,유덕동주민센터
1187,1187,유덕치안센터,유덕치안센터,유덕치안센터
1187,1187,극락초교,극락초교,극락초교
1187,1187,버들주공1단지,버들주공1단지,버들주공1단지
1187,1187,칠성마을,칠성마을,칠성마을
1187,1187,광천동,광천동,광천동
1187,1187,삼우아파트,삼우아파트,삼우아파트
1187,1187,진성아파트,진성아파트,진성아파트
1187,1187,광천E편한세상,광천E편한세상,광천E편한세상
1187,1187,기아차정문,기아차정문,기아차정문
1187,1187,광주종합버스터미널,광주종합버스터미널,광주종합버스터미널
1187,1187,신세계백화점,신세계백화점,신세계백화점
1187,1187,화정중흥파크,화정중흥파크,화정중흥파크
1187,1187,농성파출소,농성파출소,농성파출소
1187,1187,서구청,서구청,서구청
1187,1187,광주시립미술관하정웅미술관,광주시립미술관하정웅미술관,광주시립미술관하정웅미술관
1187,1187,담배인삼공사,담배인삼공사,담배인삼공사
1187,1187,그린파크,그린파크,그린파크
1187,1187,서림초교입구,서림초교입구,서림초교입구
1187,1187,북광주수협,북광주수협,북광주수협
1187,1187,신안사거리,신안사거리,신안사거리
1187,1187,광주역(동),광주역(동),광주역(동)
1187,1187,중흥초교,중흥초교,중흥초교
1187,1187,중흥1동행정복지센터,중흥1동행정복지센터,중흥1동행정복지센터
1187,1187,대인광장(동),대인광장(동),대인광장(동)
1187,1187,롯데백화점(북),롯데백화점(북),롯데백화점(북)
1187,1187,금남로5가역,금남로5가역,금남로5가역
1187,1187,금남로4가역,금남로4가역,금남로4가역
1187,1187,"국립아시아문화전당(구,도청)","국립아시아문화전당(구,도청)","국립아시아문화전당(구,도청)"
1187,1187,문화전당역,문화전당역,문화전당역
1187,1187,동구청,동구청,동구청
1187,1187,동구노인종합복지관,동구노인종합복지관,동구노인종합복지관
1187,1187,농장다리,농장다리,농장다리
1187,1187,법원입구,법원입구,법원입구
1187,1187,산수시장,산수시장,산수시장
1187,1187,장원초교(서),장원초교(서),장원초교(서)
1187,1187,산수무등파크,산수무등파크,산수무등파크
1187,1187,전망대,전망대,전망대
1187,1187,4수원지,4수원지,4수원지
1187,1187,4수원지위,4수원지위,4수원지위
1187,1187,화암,화암,화암
1187,1187,화암마을위,화암마을위,화암마을위
1187,1187,충장사(남),충장사(남),충장사(남)
1187,1187,풍암정,풍암정,풍암정
1187,1187,안양사,안양사,안양사
1187,1187,무등산국립공원(원효사),무등산국립공원(원효사),무등산국립공원(원효사)
1187,1187,장원초교(동),장원초교(동),장원초교(동)
1187,1187,롯데백화점,롯데백화점,롯데백화점
1187,1187,광주역,광주역,광주역
1187,1187,농성SK뷰,농성SK뷰,농성SK뷰
1187-1,1187-1,무등산국립공원(원효사),무등산국립공원(원효사),무등산국립공원(원효사)
1187-1,1187-1,안양사,안양사,안양사
1187-1,1187-1,풍암정,풍암정,풍암정
1187-1,1187-1,충장사(남),충장사(남),충장사(남)
1187-1,1187-1,화암마을위,화암마을위,화암마을위
1187-1,1187-1,화암,화암,화암
1187-1,1187-1,4수원지위,4수원지위,4수원지위
1187-1,1187-1,4수원지,4수원지,4수원지
1187-1,1187-1,전망대,전망대,전망대
1187-1,1187-1,산수무등파크,산수무등파크,산수무등파크
1187-1,1187-1,장원초교(동),장원초교(동),장원초교(동)
1187-1,1187-1,산수시장,산수시장,산수시장
1187-1,1187-1,법원입구,법원입구,법원입구
1187-1,1187-1,농장다리,농장다리,농장다리
1187-1,1187-1,동구노인종합복지관,동구노인종합복지관,동구노인종합복지관
1187-1,1187-1,전남여고,전남여고,전남여고
1187-1,1187-1,5.18민주화운동기록관,5.18민주화운동기록관,518민주화운동기록관
1187-1,1187-1,"국립아시아문화전당(구,도청)","국립아시아문화전당(구,도청)","국립아시아문화전당(구,도청)"
1187-1,1187-1,문화전당역,문화전당역,문화전당역
1187-1,1187-1,동구청,동구청,동구청
1187-1,1187-1,장원초교(서),장원초교(서),장원초교(서)
