aptNm,aptSeq,buildYear,contractTerm,contractType,dealDay,dealMonth,dealYear,deposit,excluUseAr,floor,jibun,monthlyRent,preDeposit,preMonthlyRent,roadnm,roadnmbcd,roadnmbonbun,roadnmbubun,roadnmcd,roadnmseq,roadnmsggcd,sggCd,umdNm,useRRRight,gu_name,lawd_cd,housing_type,transaction_type,query_ym,source_api,offiNm,sggNm,houseType,totalFloorAr,mhouseNm
용산지구모아엘가에듀파크,29110-359,2019,,,29,7,2025,"28,000",84.9024,3,663,0,,,용산3길 17,,00017,00000,4855763,0,12210,12210,용산동,,동구,12210,아파트,전월세,202507,아파트 전월세,,,,,
용산지구모아엘가에듀파크,29110-359,2019,,,29,7,2025,"28,000",84.9024,3,663,0,,,용산3길 17,,00017,00000,4855763,0,12210,12210,용산동,,동구,12210,아파트,전월세,202507,아파트 전월세,,,,,
광주선교지구1차우방아이유쉘아파트,29110-383,2023,,,1,7,2025,"17,000",59.9583,8,487,0,,,선교로 38-30,0,00038,00030,3159009,0,12210,12210,선교동,,동구,12210,아파트,전월세,202507,아파트 전월세,,,,,
광주선교지구1차우방아이유쉘아파트,29110-383,2023,,,1,7,2025,"17,000",59.9583,8,487,0,,,선교로 38-30,0,00038,00030,3159009,0,12210,12210,선교동,,동구,12210,아파트,전월세,202507,아파트 전월세,,,,,
내남지구진아리채1차,29110-362,2019,25.08~27.08,갱신,24,7,2025,"20,791",84.988,7,902,5,"20,265",5,육판서길 16,,00016,00000,4277158,1,12210,12210,내남동,,동구,12210,아파트,전월세,202507,아파트 전월세,,,,,
내남지구진아리채1차,29110-362,2019,25.08~27.08,갱신,24,7,2025,"20,791",84.988,9,902,5,"20,265",5,육판서길 16,,00016,00000,4277158,1,12210,12210,내남동,,동구,12210,아파트,전월세,202507,아파트 전월세,,,,,
내남지구진아리채1차,29110-362,2019,25.08~27.08,갱신,25,7,2025,"20,791",84.988,5,902,5,"20,265",5,육판서길 16,,00016,00000,4277158,1,12210,12210,내남동,,동구,12210,아파트,전월세,202507,아파트 전월세,,,,,
내남지구진아리채1차,29110-362,2019,25.08~27.08,갱신,23,7,2025,"20,791",84.988,6,902,5,"20,265",5,육판서길 16,,00016,00000,4277158,1,12210,12210,내남동,,동구,12210,아파트,전월세,202507,아파트 전월세,,,,,
내남지구진아리채1차,29110-362,2019,25.08~27.08,갱신,22,7,2025,"20,791",84.988,3,902,5,"20,265",5,육판서길 16,,00016,00000,4277158,1,12210,12210,내남동,,동구,12210,아파트,전월세,202507,아파트 전월세,,,,,
내남지구진아리채1차,29110-362,2019,25.08~27.08,갱신,22,7,2025,"20,791",84.988,15,902,5,"20,265",5,육판서길 16,,00016,00000,4277158,1,12210,12210,내남동,,동구,12210,아파트,전월세,202507,아파트 전월세,,,,,
내남지구진아리채1차,29110-362,2019,25.08~27.08,갱신,25,7,2025,"20,791",84.988,13,902,5,"20,265",5,육판서길 16,,00016,00000,4277158,1,12210,12210,내남동,,동구,12210,아파트,전월세,202507,아파트 전월세,,,,,
내남지구진아리채1차,29110-362,2019,25.08~27.08,갱신,22,7,2025,"20,791",84.988,9,902,5,"20,265",5,육판서길 16,,00016,00000,4277158,1,12210,12210,내남동,,동구,12210,아파트,전월세,202507,아파트 전월세,,,,,
내남지구진아리채1차,29110-362,2019,25.08~27.08,갱신,24,7,2025,"20,571",84.988,2,902,5,"20,050",5,육판서길 16,,00016,00000,4277158,1,12210,12210,내남동,,동구,12210,아파트,전월세,202507,아파트 전월세,,,,,
계림아이파크에스케이뷰,29110-381,2022,25.09~27.09,신규,23,7,2025,"42,000",76.9879,24,1869,0,,,필문대로 70,0,00070,00000,2009007,0,12210,12210,계림동,,동구,12210,아파트,전월세,202507,아파트 전월세,,,,,
무등산그린웰로제비앙,29110-361,2019,25.09~27.09,신규,20,7,2025,"28,000",84.8445,2,723,0,,,동계로 38,0,00038,00000,3159004,2,12210,12210,산수동,,동구,12210,아파트,전월세,202507,아파트 전월세,,,,,
내남지구진아리채1차,29110-362,2019,25.08~27.08,갱신,24,7,2025,"20,791",84.988,5,902,5,"20,265",5,육판서길 16,,00016,00000,4277158,1,12210,12210,내남동,,동구,12210,아파트,전월세,202507,아파트 전월세,,,,,
내남지구진아리채1차,29110-362,2019,25.08~27.08,갱신,24,7,2025,"20,791",84.988,14,902,5,"20,265",5,육판서길 16,,00016,00000,4277158,1,12210,12210,내남동,,동구,12210,아파트,전월세,202507,아파트 전월세,,,,,
내남지구진아리채1차,29110-362,2019,25.08~27.08,갱신,23,7,2025,"20,791",84.988,3,902,5,"20,265",5,육판서길 16,,00016,00000,4277158,1,12210,12210,내남동,,동구,12210,아파트,전월세,202507,아파트 전월세,,,,,
계림아이파크에스케이뷰,29110-381,2022,25.09~27.09,신규,23,7,2025,"42,000",76.9879,24,1869,0,,,필문대로 70,0,00070,00000,2009007,0,12210,12210,계림동,,동구,12210,아파트,전월세,202507,아파트 전월세,,,,,
내남지구진아리채1차,29110-362,2019,25.08~27.08,갱신,25,7,2025,"20,791",84.988,13,902,5,"20,265",5,육판서길 16,,00016,00000,4277158,1,12210,12210,내남동,,동구,12210,아파트,전월세,202507,아파트 전월세,,,,,
광주금남로한신더휴펜트하우스,29110-473,2024,25.10~27.10,신규,12,7,2025,"35,000",163.24,10,66-2,0,,,중앙로 202,0,00202,00000,3162073,0,12210,12210,궁동,,동구,12210,아파트,전월세,202507,아파트 전월세,,,,,
무등산그린웰로제비앙,29110-361,2019,25.09~27.09,신규,20,7,2025,"28,000",84.8445,2,723,0,,,동계로 38,0,00038,00000,3159004,2,12210,12210,산수동,,동구,12210,아파트,전월세,202507,아파트 전월세,,,,,
내남지구진아리채1차,29110-362,2019,25.08~27.08,갱신,24,7,2025,"20,791",84.988,8,902,5,"20,265",5,육판서길 16,,00016,00000,4277158,1,12210,12210,내남동,,동구,12210,아파트,전월세,202507,아파트 전월세,,,,,
아트리뷰스,29110-339,2016,25.08~27.08,신규,14,7,2025,"9,450",32.3909,3,43,0,,,독립로226번길 17,0,00017,00000,4277059,2,12210,12210,수기동,,동구,12210,아파트,전월세,202507,아파트 전월세,,,,,
내남지구진아리채1차,29110-362,2019,25.08~27.08,갱신,22,7,2025,"20,791",84.988,16,902,5,"20,265",5,육판서길 16,,00016,00000,4277158,1,12210,12210,내남동,,동구,12210,아파트,전월세,202507,아파트 전월세,,,,,
내남지구진아리채1차,29110-362,2019,25.08~27.08,갱신,25,7,2025,"20,791",84.988,10,902,5,"20,265",5,육판서길 16,,00016,00000,4277158,1,12210,12210,내남동,,동구,12210,아파트,전월세,202507,아파트 전월세,,,,,
내남지구진아리채1차,29110-362,2019,25.08~27.08,갱신,23,7,2025,"20,791",84.988,3,902,5,"20,265",5,육판서길 16,,00016,00000,4277158,1,12210,12210,내남동,,동구,12210,아파트,전월세,202507,아파트 전월세,,,,,
내남지구진아리채1차,29110-362,2019,25.08~27.08,갱신,22,7,2025,"20,791",84.988,15,902,5,"20,265",5,육판서길 16,,00016,00000,4277158,1,12210,12210,내남동,,동구,12210,아파트,전월세,202507,아파트 전월세,,,,,
내남지구진아리채1차,29110-362,2019,25.08~27.08,갱신,24,7,2025,"20,571",84.988,2,902,5,"20,050",5,육판서길 16,,00016,00000,4277158,1,12210,12210,내남동,,동구,12210,아파트,전월세,202507,아파트 전월세,,,,,
내남지구진아리채1차,29110-362,2019,25.08~27.08,갱신,23,7,2025,"20,791",84.988,4,902,5,"20,265",5,육판서길 16,,00016,00000,4277158,1,12210,12210,내남동,,동구,12210,아파트,전월세,202507,아파트 전월세,,,,,
내남지구진아리채1차,29110-362,2019,25.08~27.08,갱신,24,7,2025,"20,791",84.988,7,902,5,"20,265",5,육판서길 16,,00016,00000,4277158,1,12210,12210,내남동,,동구,12210,아파트,전월세,202507,아파트 전월세,,,,,
내남지구진아리채1차,29110-362,2019,25.08~27.08,갱신,23,7,2025,"20,571",84.988,2,902,5,"20,050",5,육판서길 16,,00016,00000,4277158,1,12210,12210,내남동,,동구,12210,아파트,전월세,202507,아파트 전월세,,,,,
내남지구진아리채1차,29110-362,2019,25.08~27.08,갱신,22,7,2025,"20,791",84.988,19,902,5,"20,265",5,육판서길 16,,00016,00000,4277158,1,12210,12210,내남동,,동구,12210,아파트,전월세,202507,아파트 전월세,,,,,
내남지구진아리채1차,29110-362,2019,25.08~27.08,갱신,24,7,2025,"20,571",84.988,2,902,5,"20,050",5,육판서길 16,,00016,00000,4277158,1,12210,12210,내남동,,동구,12210,아파트,전월세,202507,아파트 전월세,,,,,
내남지구진아리채1차,29110-362,2019,25.08~27.08,갱신,25,7,2025,"20,791",84.988,8,902,5,"20,265",5,육판서길 16,,00016,00000,4277158,1,12210,12210,내남동,,동구,12210,아파트,전월세,202507,아파트 전월세,,,,,
내남지구진아리채1차,29110-362,2019,25.08~27.08,갱신,22,7,2025,"20,791",84.988,7,902,5,"20,265",5,육판서길 16,,00016,00000,4277158,1,12210,12210,내남동,,동구,12210,아파트,전월세,202507,아파트 전월세,,,,,
내남지구진아리채1차,29110-362,2019,25.08~27.08,갱신,23,7,2025,"20,791",84.988,9,902,5,"20,265",5,육판서길 16,,00016,00000,4277158,1,12210,12210,내남동,,동구,12210,아파트,전월세,202507,아파트 전월세,,,,,
내남지구진아리채1차,29110-362,2019,25.08~27.08,갱신,22,7,2025,"20,791",84.988,6,902,5,"20,265",5,육판서길 16,,00016,00000,4277158,1,12210,12210,내남동,,동구,12210,아파트,전월세,202507,아파트 전월세,,,,,
무등산골드클래스,29110-355,2018,25.07~26.07,신규,14,7,2025,"7,004",39.9979,14,1103,15,,,학소로 109,0,00109,00000,3159017,0,12210,12210,소태동,,동구,12210,아파트,전월세,202507,아파트 전월세,,,,,
광주금남로한신더휴펜트하우스,29110-473,2024,25.08~27.08,신규,11,7,2025,"29,000",107.4174,4,66-2,0,,,중앙로 202,0,00202,00000,3162073,0,12210,12210,궁동,,동구,12210,아파트,전월세,202507,아파트 전월세,,,,,
내남지구진아리채1차,29110-362,2019,25.08~27.08,갱신,25,7,2025,"20,791",84.988,11,902,5,"20,265",5,육판서길 16,,00016,00000,4277158,1,12210,12210,내남동,,동구,12210,아파트,전월세,202507,아파트 전월세,,,,,
내남지구진아리채1차,29110-362,2019,25.08~27.08,갱신,24,7,2025,"20,791",84.988,15,902,5,"20,265",5,육판서길 16,,00016,00000,4277158,1,12210,12210,내남동,,동구,12210,아파트,전월세,202507,아파트 전월세,,,,,
아트리뷰스,29110-339,2016,25.08~27.08,신규,14,7,2025,"9,450",32.3909,3,43,0,,,독립로226번길 17,0,00017,00000,4277059,2,12210,12210,수기동,,동구,12210,아파트,전월세,202507,아파트 전월세,,,,,
내남지구진아리채1차,29110-362,2019,25.08~27.08,갱신,24,7,2025,"22,551",84.9897,15,902,5,"21,980",5,육판서길 16,,00016,00000,4277158,1,12210,12210,내남동,,동구,12210,아파트,전월세,202507,아파트 전월세,,,,,
내남지구진아리채1차,29110-362,2019,25.08~27.08,갱신,25,7,2025,"20,791",84.988,15,902,5,"20,265",5,육판서길 16,,00016,00000,4277158,1,12210,12210,내남동,,동구,12210,아파트,전월세,202507,아파트 전월세,,,,,
내남지구진아리채1차,29110-362,2019,25.08~27.08,갱신,24,7,2025,"22,551",84.9897,15,902,5,"21,980",5,육판서길 16,,00016,00000,4277158,1,12210,12210,내남동,,동구,12210,아파트,전월세,202507,아파트 전월세,,,,,
내남지구진아리채1차,29110-362,2019,25.08~27.08,갱신,25,7,2025,"20,791",84.988,8,902,5,"20,265",5,육판서길 16,,00016,00000,4277158,1,12210,12210,내남동,,동구,12210,아파트,전월세,202507,아파트 전월세,,,,,
내남지구진아리채1차,29110-362,2019,25.08~27.08,갱신,25,7,2025,"20,791",84.988,15,902,5,"20,265",5,육판서길 16,,00016,00000,4277158,1,12210,12210,내남동,,동구,12210,아파트,전월세,202507,아파트 전월세,,,,,
내남지구진아리채1차,29110-362,2019,25.08~27.08,갱신,25,7,2025,"20,791",84.988,10,902,5,"20,265",5,육판서길 16,,00016,00000,4277158,1,12210,12210,내남동,,동구,12210,아파트,전월세,202507,아파트 전월세,,,,,
내남지구진아리채1차,29110-362,2019,25.08~27.08,갱신,22,7,2025,"20,791",84.988,10,902,5,"20,265",5,육판서길 16,,00016,00000,4277158,1,12210,12210,내남동,,동구,12210,아파트,전월세,202507,아파트 전월세,,,,,
내남지구진아리채1차,29110-362,2019,25.08~27.08,갱신,25,7,2025,"20,791",84.988,5,902,5,"20,265",5,육판서길 16,,00016,00000,4277158,1,12210,12210,내남동,,동구,12210,아파트,전월세,202507,아파트 전월세,,,,,
내남지구진아리채1차,29110-362,2019,25.08~27.08,갱신,25,7,2025,"20,791",84.988,11,902,5,"20,265",5,육판서길 16,,00016,00000,4277158,1,12210,12210,내남동,,동구,12210,아파트,전월세,202507,아파트 전월세,,,,,
내남지구진아리채1차,29110-362,2019,25.08~27.08,갱신,25,7,2025,"20,791",84.988,11,902,5,"20,265",5,육판서길 16,,00016,00000,4277158,1,12210,12210,내남동,,동구,12210,아파트,전월세,202507,아파트 전월세,,,,,
내남지구진아리채1차,29110-362,2019,25.08~27.08,갱신,24,7,2025,"20,791",84.988,8,902,5,"20,265",5,육판서길 16,,00016,00000,4277158,1,12210,12210,내남동,,동구,12210,아파트,전월세,202507,아파트 전월세,,,,,
광주선교지구1차우방아이유쉘아파트,29110-383,2023,25.08~27.08,신규,21,7,2025,"14,000",47.1254,14,487,0,,,선교로 38-30,0,00038,00030,3159009,0,12210,12210,선교동,,동구,12210,아파트,전월세,202507,아파트 전월세,,,,,
내남지구진아리채1차,29110-362,2019,25.08~27.08,갱신,24,7,2025,"20,791",84.988,15,902,5,"20,265",5,육판서길 16,,00016,00000,4277158,1,12210,12210,내남동,,동구,12210,아파트,전월세,202507,아파트 전월세,,,,,
내남지구진아리채1차,29110-362,2019,25.08~27.08,갱신,24,7,2025,"20,791",84.988,5,902,5,"20,265",5,육판서길 16,,00016,00000,4277158,1,12210,12210,내남동,,동구,12210,아파트,전월세,202507,아파트 전월세,,,,,
내남지구진아리채1차,29110-362,2019,25.08~27.08,갱신,24,7,2025,"20,791",84.988,7,902,5,"20,265",5,육판서길 16,,00016,00000,4277158,1,12210,12210,내남동,,동구,12210,아파트,전월세,202507,아파트 전월세,,,,,
광주선교지구1차우방아이유쉘아파트,29110-383,2023,25.08~27.08,신규,21,7,2025,"14,000",47.1254,14,487,0,,,선교로 38-30,0,00038,00030,3159009,0,12210,12210,선교동,,동구,12210,아파트,전월세,202507,아파트 전월세,,,,,
내남지구진아리채1차,29110-362,2019,25.08~27.08,갱신,24,7,2025,"20,571",84.988,2,902,5,"20,050",5,육판서길 16,,00016,00000,4277158,1,12210,12210,내남동,,동구,12210,아파트,전월세,202507,아파트 전월세,,,,,
내남지구진아리채1차,29110-362,2019,25.08~27.08,갱신,24,7,2025,"20,791",84.988,13,902,5,"20,265",5,육판서길 16,,00016,00000,4277158,1,12210,12210,내남동,,동구,12210,아파트,전월세,202507,아파트 전월세,,,,,
내남지구진아리채1차,29110-362,2019,25.08~27.08,갱신,24,7,2025,"20,791",84.988,13,902,5,"20,265",5,육판서길 16,,00016,00000,4277158,1,12210,12210,내남동,,동구,12210,아파트,전월세,202507,아파트 전월세,,,,,
내남지구진아리채1차,29110-362,2019,25.08~27.08,갱신,24,7,2025,"20,791",84.988,9,902,5,"20,265",5,육판서길 16,,00016,00000,4277158,1,12210,12210,내남동,,동구,12210,아파트,전월세,202507,아파트 전월세,,,,,
내남지구진아리채1차,29110-362,2019,25.08~27.08,갱신,24,7,2025,"20,791",84.988,14,902,5,"20,265",5,육판서길 16,,00016,00000,4277158,1,12210,12210,내남동,,동구,12210,아파트,전월세,202507,아파트 전월세,,,,,
내남지구진아리채1차,29110-362,2019,25.08~27.08,갱신,24,7,2025,"20,791",84.988,9,902,5,"20,265",5,육판서길 16,,00016,00000,4277158,1,12210,12210,내남동,,동구,12210,아파트,전월세,202507,아파트 전월세,,,,,
내남지구진아리채1차,29110-362,2019,25.08~27.08,갱신,23,7,2025,"20,791",84.988,8,902,5,"20,265",5,육판서길 16,,00016,00000,4277158,1,12210,12210,내남동,,동구,12210,아파트,전월세,202507,아파트 전월세,,,,,
내남지구진아리채1차,29110-362,2019,25.08~27.08,갱신,23,7,2025,"20,791",84.988,3,902,5,"20,265",5,육판서길 16,,00016,00000,4277158,1,12210,12210,내남동,,동구,12210,아파트,전월세,202507,아파트 전월세,,,,,
내남지구진아리채1차,29110-362,2019,25.08~27.08,갱신,23,7,2025,"20,791",84.988,8,902,5,"20,265",5,육판서길 16,,00016,00000,4277158,1,12210,12210,내남동,,동구,12210,아파트,전월세,202507,아파트 전월세,,,,,
내남지구진아리채1차,29110-362,2019,25.08~27.08,갱신,23,7,2025,"20,791",84.988,9,902,5,"20,265",5,육판서길 16,,00016,00000,4277158,1,12210,12210,내남동,,동구,12210,아파트,전월세,202507,아파트 전월세,,,,,
내남지구진아리채1차,29110-362,2019,25.08~27.08,갱신,22,7,2025,"20,791",84.988,6,902,5,"20,265",5,육판서길 16,,00016,00000,4277158,1,12210,12210,내남동,,동구,12210,아파트,전월세,202507,아파트 전월세,,,,,
계림아이파크에스케이뷰,29110-381,2022,25.09~27.09,신규,23,7,2025,"42,000",76.9879,24,1869,0,,,필문대로 70,0,00070,00000,2009007,0,12210,12210,계림동,,동구,12210,아파트,전월세,202507,아파트 전월세,,,,,
내남지구진아리채1차,29110-362,2019,25.08~27.08,갱신,22,7,2025,"20,791",84.988,5,902,5,"20,265",5,육판서길 16,,00016,00000,4277158,1,12210,12210,내남동,,동구,12210,아파트,전월세,202507,아파트 전월세,,,,,
내남지구진아리채1차,29110-362,2019,25.08~27.08,갱신,23,7,2025,"20,791",84.988,4,902,5,"20,265",5,육판서길 16,,00016,00000,4277158,1,12210,12210,내남동,,동구,12210,아파트,전월세,202507,아파트 전월세,,,,,
내남지구진아리채1차,29110-362,2019,25.08~27.08,갱신,23,7,2025,"20,791",84.988,6,902,5,"20,265",5,육판서길 16,,00016,00000,4277158,1,12210,12210,내남동,,동구,12210,아파트,전월세,202507,아파트 전월세,,,,,
내남지구진아리채1차,29110-362,2019,25.08~27.08,갱신,23,7,2025,"20,791",84.988,7,902,5,"20,265",5,육판서길 16,,00016,00000,4277158,1,12210,12210,내남동,,동구,12210,아파트,전월세,202507,아파트 전월세,,,,,
내남지구진아리채1차,29110-362,2019,25.08~27.08,갱신,23,7,2025,"20,791",84.988,7,902,5,"20,265",5,육판서길 16,,00016,00000,4277158,1,12210,12210,내남동,,동구,12210,아파트,전월세,202507,아파트 전월세,,,,,
내남지구진아리채1차,29110-362,2019,25.08~27.08,갱신,23,7,2025,"20,791",84.988,3,902,5,"20,265",5,육판서길 16,,00016,00000,4277158,1,12210,12210,내남동,,동구,12210,아파트,전월세,202507,아파트 전월세,,,,,
내남지구진아리채1차,29110-362,2019,25.08~27.08,갱신,22,7,2025,"20,791",84.988,19,902,5,"20,265",5,육판서길 16,,00016,00000,4277158,1,12210,12210,내남동,,동구,12210,아파트,전월세,202507,아파트 전월세,,,,,
내남지구진아리채1차,29110-362,2019,25.08~27.08,갱신,22,7,2025,"20,791",84.988,16,902,5,"20,265",5,육판서길 16,,00016,00000,4277158,1,12210,12210,내남동,,동구,12210,아파트,전월세,202507,아파트 전월세,,,,,
내남지구진아리채1차,29110-362,2019,25.08~27.08,갱신,23,7,2025,"20,791",84.988,9,902,5,"20,265",5,육판서길 16,,00016,00000,4277158,1,12210,12210,내남동,,동구,12210,아파트,전월세,202507,아파트 전월세,,,,,
내남지구진아리채1차,29110-362,2019,25.08~27.08,갱신,23,7,2025,"20,571",84.988,2,902,5,"20,050",5,육판서길 16,,00016,00000,4277158,1,12210,12210,내남동,,동구,12210,아파트,전월세,202507,아파트 전월세,,,,,
내남지구진아리채1차,29110-362,2019,25.08~27.08,갱신,23,7,2025,"20,791",84.988,9,902,5,"20,265",5,육판서길 16,,00016,00000,4277158,1,12210,12210,내남동,,동구,12210,아파트,전월세,202507,아파트 전월세,,,,,
내남지구진아리채1차,29110-362,2019,25.08~27.08,갱신,23,7,2025,"20,791",84.988,6,902,5,"20,265",5,육판서길 16,,00016,00000,4277158,1,12210,12210,내남동,,동구,12210,아파트,전월세,202507,아파트 전월세,,,,,
광주금남로한신더휴펜트하우스,29110-473,2024,25.09~27.09,신규,4,7,2025,"26,000",84.869,18,66-2,0,,,중앙로 202,0,00202,00000,3162073,0,12210,12210,궁동,,동구,12210,아파트,전월세,202507,아파트 전월세,,,,,
광주금남로한신더휴펜트하우스,29110-473,2024,25.09~27.09,신규,4,7,2025,"26,000",84.869,18,66-2,0,,,중앙로 202,0,00202,00000,3162073,0,12210,12210,궁동,,동구,12210,아파트,전월세,202507,아파트 전월세,,,,,
내남지구진아리채1차,29110-362,2019,25.08~27.08,갱신,22,7,2025,"20,351",84.988,1,902,5,"19,836",5,육판서길 16,,00016,00000,4277158,1,12210,12210,내남동,,동구,12210,아파트,전월세,202507,아파트 전월세,,,,,
내남지구진아리채1차,29110-362,2019,25.08~27.08,갱신,22,7,2025,"20,791",84.988,15,902,5,"20,265",5,육판서길 16,,00016,00000,4277158,1,12210,12210,내남동,,동구,12210,아파트,전월세,202507,아파트 전월세,,,,,
광주선교지구1차우방아이유쉘아파트,29110-383,2023,25.08~27.08,신규,15,7,2025,"14,000",47.1254,13,487,0,,,선교로 38-30,0,00038,00030,3159009,0,12210,12210,선교동,,동구,12210,아파트,전월세,202507,아파트 전월세,,,,,
광주선교지구1차우방아이유쉘아파트,29110-383,2023,25.08~27.08,신규,15,7,2025,"14,000",47.1254,13,487,0,,,선교로 38-30,0,00038,00030,3159009,0,12210,12210,선교동,,동구,12210,아파트,전월세,202507,아파트 전월세,,,,,
내남지구진아리채1차,29110-362,2019,25.08~27.08,갱신,22,7,2025,"20,351",84.988,1,902,5,"19,836",5,육판서길 16,,00016,00000,4277158,1,12210,12210,내남동,,동구,12210,아파트,전월세,202507,아파트 전월세,,,,,
내남지구진아리채1차,29110-362,2019,25.08~27.08,갱신,22,7,2025,"20,791",84.988,3,902,5,"20,265",5,육판서길 16,,00016,00000,4277158,1,12210,12210,내남동,,동구,12210,아파트,전월세,202507,아파트 전월세,,,,,
내남지구진아리채1차,29110-362,2019,25.08~27.08,갱신,22,7,2025,"20,791",84.988,7,902,5,"20,265",5,육판서길 16,,00016,00000,4277158,1,12210,12210,내남동,,동구,12210,아파트,전월세,202507,아파트 전월세,,,,,
내남지구진아리채1차,29110-362,2019,25.08~27.08,갱신,22,7,2025,"20,791",84.988,7,902,5,"20,265",5,육판서길 16,,00016,00000,4277158,1,12210,12210,내남동,,동구,12210,아파트,전월세,202507,아파트 전월세,,,,,
내남지구진아리채1차,29110-362,2019,25.08~27.08,갱신,22,7,2025,"20,791",84.988,17,902,5,"20,265",5,육판서길 16,,00016,00000,4277158,1,12210,12210,내남동,,동구,12210,아파트,전월세,202507,아파트 전월세,,,,,
내남지구진아리채1차,29110-362,2019,25.08~27.08,갱신,22,7,2025,"20,791",84.988,15,902,5,"20,265",5,육판서길 16,,00016,00000,4277158,1,12210,12210,내남동,,동구,12210,아파트,전월세,202507,아파트 전월세,,,,,
내남지구진아리채1차,29110-362,2019,25.08~27.08,갱신,22,7,2025,"20,791",84.988,9,902,5,"20,265",5,육판서길 16,,00016,00000,4277158,1,12210,12210,내남동,,동구,12210,아파트,전월세,202507,아파트 전월세,,,,,
내남지구진아리채1차,29110-362,2019,25.08~27.08,갱신,22,7,2025,"20,791",84.988,15,902,5,"20,265",5,육판서길 16,,00016,00000,4277158,1,12210,12210,내남동,,동구,12210,아파트,전월세,202507,아파트 전월세,,,,,
내남지구진아리채1차,29110-362,2019,25.08~27.08,갱신,22,7,2025,"20,791",84.988,10,902,5,"20,265",5,육판서길 16,,00016,00000,4277158,1,12210,12210,내남동,,동구,12210,아파트,전월세,202507,아파트 전월세,,,,,
내남지구진아리채1차,29110-362,2019,25.08~27.08,갱신,22,7,2025,"20,791",84.988,17,902,5,"20,265",5,육판서길 16,,00016,00000,4277158,1,12210,12210,내남동,,동구,12210,아파트,전월세,202507,아파트 전월세,,,,,
내남지구진아리채1차,29110-362,2019,25.08~27.08,갱신,22,7,2025,"20,791",84.988,5,902,5,"20,265",5,육판서길 16,,00016,00000,4277158,1,12210,12210,내남동,,동구,12210,아파트,전월세,202507,아파트 전월세,,,,,
무등산골드클래스2차,29110-377,2022,25.08~27.08,신규,3,7,2025,"27,000",59.5439,24,747,0,,,남문로 589,0,00589,00000,3159003,6,12210,12210,용산동,,동구,12210,아파트,전월세,202507,아파트 전월세,,,,,
광주금남로한신더휴펜트하우스,29110-473,2024,25.10~27.10,신규,12,7,2025,"35,000",163.24,10,66-2,0,,,중앙로 202,0,00202,00000,3162073,0,12210,12210,궁동,,동구,12210,아파트,전월세,202507,아파트 전월세,,,,,
무등산골드클래스,29110-355,2018,25.07~26.07,신규,14,7,2025,"7,004",39.9979,14,1103,15,,,학소로 109,0,00109,00000,3159017,0,12210,12210,소태동,,동구,12210,아파트,전월세,202507,아파트 전월세,,,,,
광주금남로한신더휴펜트하우스,29110-473,2024,25.08~27.08,신규,11,7,2025,"29,000",107.4174,4,66-2,0,,,중앙로 202,0,00202,00000,3162073,0,12210,12210,궁동,,동구,12210,아파트,전월세,202507,아파트 전월세,,,,,
명지로드힐포레,29110-372,2021,25.08~27.08,신규,7,7,2025,"22,000",74.1309,10,730,0,,,밤실로90번길 20,0,00020,00000,4277117,1,12210,12210,산수동,,동구,12210,아파트,전월세,202507,아파트 전월세,,,,,
명지로드힐포레,29110-372,2021,25.08~27.08,신규,7,7,2025,"22,000",74.1309,10,730,0,,,밤실로90번길 20,0,00020,00000,4277117,1,12210,12210,산수동,,동구,12210,아파트,전월세,202507,아파트 전월세,,,,,
무등산골드클래스2차,29110-377,2022,25.08~27.08,신규,3,7,2025,"27,000",59.5439,24,747,0,,,남문로 589,0,00589,00000,3159003,6,12210,12210,용산동,,동구,12210,아파트,전월세,202507,아파트 전월세,,,,,
상무엘리체,29140-386,2018,25.08~27.08,신규,18,7,2025,"29,000",84.9977,19,1380,0,,,월드컵4강로197번길 12,0,00012,00000,4280335,1,12240,12240,쌍촌동,,서구,12240,아파트,전월세,202507,아파트 전월세,,,,,
상무광명메이루즈,29140-373,2016,25.08~27.08,신규,19,7,2025,"30,000",84.934,17,1249,0,,,시청로 27,0,00027,00000,3160029,0,12240,12240,치평동,,서구,12240,아파트,전월세,202507,아파트 전월세,,,,,
금호시영5단지,29140-110,1994,25.07~27.07,신규,2,7,2025,"1,000",59.82,6,742-2,60,,,운천로32번길 7,0,00007,00000,4280316,1,12240,12240,금호동,,서구,12240,아파트,전월세,202507,아파트 전월세,,,,,
호반베르디움,29140-310,2008,25.10~27.10,신규,9,7,2025,"45,000",119.5762,8,615,0,,,하남대로680번길 10,0,00010,00000,4280563,1,12240,12240,동천동,,서구,12240,아파트,전월세,202507,아파트 전월세,,,,,
호반리젠시빌3차,29140-156,2001,25.10~27.09,신규,26,7,2025,"3,000",84.7555,5,770-1,80,,,금화로149번길 11,0,00011,00000,4280063,2,12240,12240,금호동,,서구,12240,아파트,전월세,202507,아파트 전월세,,,,,
금호대우,29140-27,1998,25.09~27.09,신규,22,7,2025,"1,000",59.94,17,1166-2,66,,,치평로 107,0,00107,00000,3160042,1,12240,12240,치평동,,서구,12240,아파트,전월세,202507,아파트 전월세,,,,,
라인동산,29140-31,1999,25.08~27.08,신규,24,7,2025,"12,000",59.87,6,1174-3,20,,,상무평화로 64,0,00064,00000,3160024,2,12240,12240,치평동,,서구,12240,아파트,전월세,202507,아파트 전월세,,,,,
힐스테이트광천,29140-472,2023,25.08~27.08,신규,9,7,2025,"43,000",84.3359,18,899,0,,,천변좌로 56,0,00056,00000,3009007,0,12240,12240,광천동,,서구,12240,아파트,전월세,202507,아파트 전월세,,,,,
라인동산,29140-31,1999,25.08~27.08,신규,19,7,2025,"1,000",59.87,11,1174-3,70,,,상무평화로 64,0,00064,00000,3160024,2,12240,12240,치평동,,서구,12240,아파트,전월세,202507,아파트 전월세,,,,,
라인동산,29140-31,1999,25.08~27.08,신규,19,7,2025,"1,000",59.87,11,1174-3,70,,,상무평화로 64,0,00064,00000,3160024,2,12240,12240,치평동,,서구,12240,아파트,전월세,202507,아파트 전월세,,,,,
상무엘리체,29140-386,2018,25.08~27.08,신규,18,7,2025,"29,000",84.9977,19,1380,0,,,월드컵4강로197번길 12,0,00012,00000,4280335,1,12240,12240,쌍촌동,,서구,12240,아파트,전월세,202507,아파트 전월세,,,,,
호반리젠시빌3차,29140-156,2001,25.10~27.09,신규,26,7,2025,"3,000",84.7555,5,770-1,80,,,금화로149번길 11,0,00011,00000,4280063,2,12240,12240,금호동,,서구,12240,아파트,전월세,202507,아파트 전월세,,,,,
현대(859-1),29140-94,1987,25.08~27.08,신규,11,7,2025,"12,500",60,10,859-1,0,,,월드컵4강로 22,0,00022,00000,3160036,2,12240,12240,화정동,,서구,12240,아파트,전월세,202507,아파트 전월세,,,,,
금호시영5단지,29140-110,1994,25.07~27.07,신규,2,7,2025,"1,000",59.82,6,742-2,60,,,운천로32번길 7,0,00007,00000,4280316,1,12240,12240,금호동,,서구,12240,아파트,전월세,202507,아파트 전월세,,,,,
상무엘리체,29140-386,2018,25.09~27.09,신규,29,7,2025,"31,000",84.981,18,1380,0,,,월드컵4강로197번길 12,0,00012,00000,4280335,1,12240,12240,쌍촌동,,서구,12240,아파트,전월세,202507,아파트 전월세,,,,,
상무엘리체,29140-386,2018,25.09~27.09,신규,29,7,2025,"31,000",84.981,18,1380,0,,,월드컵4강로197번길 12,0,00012,00000,4280335,1,12240,12240,쌍촌동,,서구,12240,아파트,전월세,202507,아파트 전월세,,,,,
금호대우,29140-27,1998,25.09~27.09,신규,22,7,2025,"1,000",59.94,17,1166-2,66,,,치평로 107,0,00107,00000,3160042,1,12240,12240,치평동,,서구,12240,아파트,전월세,202507,아파트 전월세,,,,,
라인대주,29140-30,1997,25.08~27.08,신규,28,7,2025,"1,500",59.9,5,1171-6,75,,,치평로 15,0,00015,00000,3160042,1,12240,12240,치평동,,서구,12240,아파트,전월세,202507,아파트 전월세,,,,,
라인대주,29140-30,1997,25.08~27.08,신규,28,7,2025,"1,500",59.9,5,1171-6,75,,,치평로 15,0,00015,00000,3160042,1,12240,12240,치평동,,서구,12240,아파트,전월세,202507,아파트 전월세,,,,,
한국,29140-131,2000,25.09~27.09,신규,7,7,2025,"2,000",59.985,16,1059,60,,,풍암2로 84,0,00084,00000,3160048,1,12240,12240,풍암동,,서구,12240,아파트,전월세,202507,아파트 전월세,,,,,
라인동산,29140-31,1999,25.07~27.07,신규,3,7,2025,"1,000",59.87,18,1174-3,74,,,상무평화로 64,0,00064,00000,3160024,2,12240,12240,치평동,,서구,12240,아파트,전월세,202507,아파트 전월세,,,,,
라인동산,29140-31,1999,25.07~27.07,신규,3,7,2025,"1,000",59.87,18,1174-3,74,,,상무평화로 64,0,00064,00000,3160024,2,12240,12240,치평동,,서구,12240,아파트,전월세,202507,아파트 전월세,,,,,
라인동산,29140-31,1999,25.08~27.08,신규,24,7,2025,"12,000",59.87,6,1174-3,20,,,상무평화로 64,0,00064,00000,3160024,2,12240,12240,치평동,,서구,12240,아파트,전월세,202507,아파트 전월세,,,,,
한국,29140-131,2000,25.09~27.09,신규,7,7,2025,"2,000",59.985,16,1059,60,,,풍암2로 84,0,00084,00000,3160048,1,12240,12240,풍암동,,서구,12240,아파트,전월세,202507,아파트 전월세,,,,,
농성SKVIEWCentral,29140-393,2019,25.08~27.08,신규,20,7,2025,"34,000",84.9752,24,702,0,,,상무대로1147번길 16,0,00016,00000,4280171,0,12240,12240,농성동,,서구,12240,아파트,전월세,202507,아파트 전월세,,,,,
힐스테이트광천,29140-472,2023,25.08~27.08,신규,9,7,2025,"43,000",84.3359,18,899,0,,,천변좌로 56,0,00056,00000,3009007,0,12240,12240,광천동,,서구,12240,아파트,전월세,202507,아파트 전월세,,,,,
상무광명메이루즈,29140-373,2016,25.08~27.08,신규,19,7,2025,"30,000",84.934,17,1249,0,,,시청로 27,0,00027,00000,3160029,0,12240,12240,치평동,,서구,12240,아파트,전월세,202507,아파트 전월세,,,,,
농성SKVIEWCentral,29140-393,2019,25.08~27.08,신규,20,7,2025,"34,000",84.9752,24,702,0,,,상무대로1147번길 16,0,00016,00000,4280171,0,12240,12240,농성동,,서구,12240,아파트,전월세,202507,아파트 전월세,,,,,
상무광명메이루즈,29140-373,2016,25.08~27.08,신규,19,7,2025,"30,000",84.934,17,1249,0,,,시청로 27,0,00027,00000,3160029,0,12240,12240,치평동,,서구,12240,아파트,전월세,202507,아파트 전월세,,,,,
호반베르디움,29140-310,2008,25.10~27.10,신규,9,7,2025,"45,000",119.5762,8,615,0,,,하남대로680번길 10,0,00010,00000,4280563,1,12240,12240,동천동,,서구,12240,아파트,전월세,202507,아파트 전월세,,,,,
현대(859-1),29140-94,1987,25.08~27.08,신규,11,7,2025,"12,500",60,10,859-1,0,,,월드컵4강로 22,0,00022,00000,3160036,2,12240,12240,화정동,,서구,12240,아파트,전월세,202507,아파트 전월세,,,,,
힐스테이트광천,29140-472,2023,25.08~27.08,신규,9,7,2025,"43,000",84.3359,18,899,0,,,천변좌로 56,0,00056,00000,3009007,0,12240,12240,광천동,,서구,12240,아파트,전월세,202507,아파트 전월세,,,,,
무등파크3차(2단지),29155-41,1993,25.09~27.09,신규,15,7,2025,"1,000",59.76,13,21,50,,,용대로 92-1,0,00092,00001,3161028,2,12270,12270,봉선동,,남구,12270,아파트,전월세,202507,아파트 전월세,,,,,
효천2지구중흥S-클래스,29155-372,2015,25.10~27.10,신규,20,7,2025,"31,000",113.1205,4,530,0,,,효우로 332-11,0,00332,00011,3161021,2,12270,12270,행암동,,남구,12270,아파트,전월세,202507,아파트 전월세,,,,,
무등파크3차(2단지),29155-41,1993,25.09~27.09,신규,15,7,2025,"1,000",59.76,13,21,50,,,용대로 92-1,0,00092,00001,3161028,2,12270,12270,봉선동,,남구,12270,아파트,전월세,202507,아파트 전월세,,,,,
신우,29155-57,1978,25.08~27.08,신규,31,7,2025,"1,000",75.8,1,110-5,40,,,대남대로294번길 7,0,00007,00000,4283169,1,12270,12270,월산동,,남구,12270,아파트,전월세,202507,아파트 전월세,,,,,
효천1중흥에스-클래스에코시티,29155-398,2019,25.08~27.08,갱신,1,7,2025,"3,000",84.9772,1,881,95,"3,000",90,효천2로 12,,00012,00000,3351962,0,12270,12270,임암동,사용,남구,12270,아파트,전월세,202507,아파트 전월세,,,,,
초원,29155-121,2000,25.08~27.08,신규,2,7,2025,"1,000",49.666,10,714,40,,,군분로89번길 25,0,00025,00000,4283100,2,12270,12270,주월동,,남구,12270,아파트,전월세,202507,아파트 전월세,,,,,
더쉴2단지,29155-326,2010,25.08~27.08,갱신,26,7,2025,"74,000",155.4494,10,1078,0,"71,000",,제석로 70,0,00070,00000,3161015,2,12270,12270,봉선동,사용,남구,12270,아파트,전월세,202507,아파트 전월세,,,,,
신우,29155-57,1978,25.08~27.08,신규,31,7,2025,"1,000",75.8,1,110-5,40,,,대남대로294번길 7,0,00007,00000,4283169,1,12270,12270,월산동,,남구,12270,아파트,전월세,202507,아파트 전월세,,,,,
금호타운1,29155-28,1993,25.07~27.07,신규,19,7,2025,"3,000",125.58,7,469-5,130,,,봉선로133번길 4,0,00004,00000,4283303,1,12270,12270,봉선동,,남구,12270,아파트,전월세,202507,아파트 전월세,,,,,
금호타운1,29155-28,1993,25.07~27.07,신규,19,7,2025,"3,000",125.58,7,469-5,130,,,봉선로133번길 4,0,00004,00000,4283303,1,12270,12270,봉선동,,남구,12270,아파트,전월세,202507,아파트 전월세,,,,,
라인하이츠,29155-35,1987,25.08~27.08,신규,4,7,2025,"9,500",49.97,4,983,0,,,대남대로159번길 42,0,00042,00000,4283154,2,12270,12270,봉선동,,남구,12270,아파트,전월세,202507,아파트 전월세,,,,,
백운대라수어썸브릿지주상복합,29155-449,2023,25.08~31.12,신규,14,7,2025,"41,000",84.78,12,709,0,,,회재로 1284,0,01284,00000,3000074,0,12270,12270,백운동,,남구,12270,아파트,전월세,202507,아파트 전월세,,,,,
봉선동제일풍경채엘리트파크,29155-384,2016,25.08~27.08,신규,5,7,2025,"54,000",84.968,8,1092,0,,,제석로80번길 5,0,00005,00000,4283570,0,12270,12270,봉선동,,남구,12270,아파트,전월세,202507,아파트 전월세,,,,,
봉선동제일풍경채엘리트파크,29155-384,2016,25.08~27.08,신규,5,7,2025,"54,000",84.968,8,1092,0,,,제석로80번길 5,0,00005,00000,4283570,0,12270,12270,봉선동,,남구,12270,아파트,전월세,202507,아파트 전월세,,,,,
더쉴2단지,29155-326,2010,25.08~27.08,갱신,26,7,2025,"74,000",155.4494,10,1078,0,"71,000",,제석로 70,0,00070,00000,3161015,2,12270,12270,봉선동,사용,남구,12270,아파트,전월세,202507,아파트 전월세,,,,,
무등산센트럴파크,29155-323,2009,25.09~27.09,신규,26,7,2025,"26,500",84.9,10,562,0,,,방림로 31,0,00031,00000,3161004,1,12270,12270,방림동,,남구,12270,아파트,전월세,202507,아파트 전월세,,,,,
무등산센트럴파크,29155-323,2009,25.09~27.09,신규,26,7,2025,"26,500",84.9,10,562,0,,,방림로 31,0,00031,00000,3161004,1,12270,12270,방림동,,남구,12270,아파트,전월세,202507,아파트 전월세,,,,,
효천엘에이치천년나무7단지,29155-391,2017,25.07~27.08,신규,21,7,2025,"3,050",36.81,7,713,17,,,행암길 9,0,00009,00000,4283689,0,12270,12270,행암동,,남구,12270,아파트,전월세,202507,아파트 전월세,,,,,
효천2지구중흥S-클래스,29155-372,2015,25.10~27.10,신규,20,7,2025,"31,000",113.1205,4,530,0,,,효우로 332-11,0,00332,00011,3161021,2,12270,12270,행암동,,남구,12270,아파트,전월세,202507,아파트 전월세,,,,,
효천엘에이치천년나무7단지,29155-391,2017,25.07~27.08,신규,21,7,2025,"3,050",36.81,7,713,17,,,행암길 9,0,00009,00000,4283689,0,12270,12270,행암동,,남구,12270,아파트,전월세,202507,아파트 전월세,,,,,
백운대라수어썸브릿지주상복합,29155-449,2023,25.08~31.12,신규,14,7,2025,"41,000",84.78,12,709,0,,,회재로 1284,0,01284,00000,3000074,0,12270,12270,백운동,,남구,12270,아파트,전월세,202507,아파트 전월세,,,,,
라인하이츠,29155-35,1987,25.08~27.08,신규,4,7,2025,"9,500",49.97,4,983,0,,,대남대로159번길 42,0,00042,00000,4283154,2,12270,12270,봉선동,,남구,12270,아파트,전월세,202507,아파트 전월세,,,,,
한신2,29155-110,1997,25.08~27.08,신규,13,7,2025,"8,000",59.98,17,277,30,,,서문대로701번길 21,0,00021,00000,4283386,1,12270,12270,진월동,,남구,12270,아파트,전월세,202507,아파트 전월세,,,,,
초원,29155-121,2000,25.08~27.08,신규,2,7,2025,"1,000",49.666,10,714,40,,,군분로89번길 25,0,00025,00000,4283100,2,12270,12270,주월동,,남구,12270,아파트,전월세,202507,아파트 전월세,,,,,
한신2,29155-110,1997,25.08~27.08,신규,13,7,2025,"8,000",59.98,17,277,30,,,서문대로701번길 21,0,00021,00000,4283386,1,12270,12270,진월동,,남구,12270,아파트,전월세,202507,아파트 전월세,,,,,
힐스테이트지석,29155-459,2024,25.08~27.08,신규,11,7,2025,"25,000",84.9892,18,506,0,,,포충로 631-8,0,00631,00008,3161018,0,12270,12270,지석동,,남구,12270,아파트,전월세,202507,아파트 전월세,,,,,
힐스테이트지석,29155-459,2024,25.08~27.08,신규,11,7,2025,"25,000",84.9892,18,506,0,,,포충로 631-8,0,00631,00008,3161018,0,12270,12270,지석동,,남구,12270,아파트,전월세,202507,아파트 전월세,,,,,
더쉴1단지,29155-325,2009,25.08~27.12,신규,7,7,2025,"70,000",126.026,8,1077,0,,,제석로 72,0,00072,00000,3161015,2,12270,12270,봉선동,,남구,12270,아파트,전월세,202507,아파트 전월세,,,,,
더쉴1단지,29155-325,2009,25.08~27.12,신규,7,7,2025,"70,000",126.026,8,1077,0,,,제석로 72,0,00072,00000,3161015,2,12270,12270,봉선동,,남구,12270,아파트,전월세,202507,아파트 전월세,,,,,
모아1단지2차,29155-115,1987,25.08~27.08,신규,1,7,2025,"6,000",28.08,1,984,0,,,봉선중앙로 115,0,00115,00000,3161010,2,12270,12270,봉선동,,남구,12270,아파트,전월세,202507,아파트 전월세,,,,,
효천1중흥에스-클래스에코시티,29155-398,2019,25.08~27.08,갱신,1,7,2025,"3,000",84.9772,1,881,95,"3,000",90,효천2로 12,,00012,00000,3351962,0,12270,12270,임암동,사용,남구,12270,아파트,전월세,202507,아파트 전월세,,,,,
모아1단지2차,29155-115,1987,25.08~27.08,신규,1,7,2025,"6,000",28.08,1,984,0,,,봉선중앙로 115,0,00115,00000,3161010,2,12270,12270,봉선동,,남구,12270,아파트,전월세,202507,아파트 전월세,,,,,
벽산블루밍메가씨티3단지,29170-568,2008,25.09~27.09,신규,2,7,2025,"24,000",58.7079,22,69,0,,,북문대로 53,0,00053,00000,2009002,0,12300,12300,운암동,,북구,12300,아파트,전월세,202507,아파트 전월세,,,,,
산이고운신용PARK,29170-1368,2025,25.09~27.09,신규,6,7,2025,"24,000",84.8826,1,823,0,,,청계로 13,0,00013,00000,3162075,0,12300,12300,신안동,,북구,12300,아파트,전월세,202507,아파트 전월세,,,,,
첨단진아리채,29170-801,2020,25.09~27.09,신규,13,7,2025,"30,000",84.9821,17,1123,0,,,용두마을2길 12,0,00012,00000,4857961,0,12300,12300,용두동,,북구,12300,아파트,전월세,202507,아파트 전월세,,,,,
산이고운신용PARK,29170-1368,2025,25.09~27.09,신규,5,7,2025,"25,000",84.8619,2,823,0,,,청계로 13,0,00013,00000,3162075,0,12300,12300,신안동,,북구,12300,아파트,전월세,202507,아파트 전월세,,,,,
제일풍경채센트럴파크2단지,29170-842,2022,25.08~27.08,신규,29,7,2025,"18,700",39.99,4,847,0,,,서양로 125,,00125,00000,3162030,1,12300,12300,중흥동,,북구,12300,아파트,전월세,202507,아파트 전월세,,,,,
S-클래스더제니스,29170-887,2024,25.08~27.08,신규,28,7,2025,"29,000",59.9586,20,887,0,,,천변우로 227,,00227,00000,3009025,0,12300,12300,임동,,북구,12300,아파트,전월세,202507,아파트 전월세,,,,,
한양,29170-199,1991,25.08~27.08,신규,31,7,2025,"3,000",84.9,4,366-1,60,,,양산신촌길 1,0,00001,00000,4286475,1,12300,12300,양산동,,북구,12300,아파트,전월세,202507,아파트 전월세,,,,,
한양,29170-199,1991,25.08~27.08,신규,31,7,2025,"3,000",84.9,4,366-1,60,,,양산신촌길 1,0,00001,00000,4286475,1,12300,12300,양산동,,북구,12300,아파트,전월세,202507,아파트 전월세,,,,,
더샵광주포레스트,29170-881,2023,25.10~27.09,신규,19,7,2025,"33,000",84.9987,24,724,0,,,동문대로249번길 12,0,00012,00000,4286159,0,12300,12300,각화동,,북구,12300,아파트,전월세,202507,아파트 전월세,,,,,
동남맨션2,29170-193,1991,25.08~27.08,신규,30,7,2025,"8,800",59.7,2,209-17,0,,,상촌로15번길 2,0,00002,00000,4286333,1,12300,12300,양산동,,북구,12300,아파트,전월세,202507,아파트 전월세,,,,,
동남맨션2,29170-193,1991,25.08~27.08,신규,30,7,2025,"8,800",59.7,2,209-17,0,,,상촌로15번길 2,0,00002,00000,4286333,1,12300,12300,양산동,,북구,12300,아파트,전월세,202507,아파트 전월세,,,,,
오치동갤럭스하임,29170-650,2013,25.07~27.07,신규,4,7,2025,300,16.6579,8,857-10,30,,,서하로183번길 45-6,0,00045,00006,4286402,1,12300,12300,오치동,,북구,12300,아파트,전월세,202507,아파트 전월세,,,,,
제일풍경채센트럴파크2단지,29170-842,2022,25.08~27.08,신규,24,7,2025,"19,500",39.99,13,847,0,,,서양로 125,,00125,00000,3162030,1,12300,12300,중흥동,,북구,12300,아파트,전월세,202507,아파트 전월세,,,,,
산이고운신용PARK,29170-1368,2025,25.08~27.08,신규,28,7,2025,"27,000",84.6168,6,823,0,,,청계로 13,0,00013,00000,3162075,0,12300,12300,신안동,,북구,12300,아파트,전월세,202507,아파트 전월세,,,,,
제일풍경채센트럴파크2단지,29170-842,2022,25.08~27.08,신규,29,7,2025,"18,700",39.99,4,847,0,,,서양로 125,,00125,00000,3162030,1,12300,12300,중흥동,,북구,12300,아파트,전월세,202507,아파트 전월세,,,,,
제일풍경채센트럴파크2단지,29170-842,2022,25.08~27.08,신규,18,7,2025,"19,500",39.99,12,847,0,,,서양로 125,,00125,00000,3162030,1,12300,12300,중흥동,,북구,12300,아파트,전월세,202507,아파트 전월세,,,,,
각화골드클래스,29170-751,2017,25.07~26.07,신규,17,7,2025,"6,700",39.9756,6,587,11,,,각화대로69번길 16,0,00016,00000,4286003,0,12300,12300,각화동,,북구,12300,아파트,전월세,202507,아파트 전월세,,,,,
주공,29170-135,1990,25.08~27.08,신규,16,7,2025,"7,740",45.77,1,787-1,0,,,면앙로31번길 10,0,00010,00000,4286210,1,12300,12300,문흥동,,북구,12300,아파트,전월세,202507,아파트 전월세,,,,,
산이고운신용PARK,29170-1368,2025,25.08~27.08,신규,28,7,2025,"27,000",84.6168,6,823,0,,,청계로 13,0,00013,00000,3162075,0,12300,12300,신안동,,북구,12300,아파트,전월세,202507,아파트 전월세,,,,,
제일풍경채센트럴파크2단지,29170-842,2022,25.08~27.08,신규,29,7,2025,"18,700",39.99,4,847,0,,,서양로 125,,00125,00000,3162030,1,12300,12300,중흥동,,북구,12300,아파트,전월세,202507,아파트 전월세,,,,,
S-클래스더제니스,29170-887,2024,25.08~27.08,신규,28,7,2025,"29,000",59.9586,20,887,0,,,천변우로 227,,00227,00000,3009025,0,12300,12300,임동,,북구,12300,아파트,전월세,202507,아파트 전월세,,,,,
주공,29170-160,1992,25.07~27.07,신규,10,7,2025,"7,000",45,11,1005,0,,,서하로194번길 15,0,00015,00000,4286403,1,12300,12300,오치동,,북구,12300,아파트,전월세,202507,아파트 전월세,,,,,
무등산자이앤어울림1단지,29170-873,2025,25.07~29.07,신규,7,7,2025,"19,600",39.9687,2,835,0,,,서양로 155,0,00155,00000,3162030,3,12300,12300,우산동,,북구,12300,아파트,전월세,202507,아파트 전월세,,,,,
무등산자이앤어울림1단지,29170-873,2025,25.07~29.07,신규,7,7,2025,"19,600",39.9687,2,835,0,,,서양로 155,0,00155,00000,3162030,3,12300,12300,우산동,,북구,12300,아파트,전월세,202507,아파트 전월세,,,,,
산이고운신용PARK,29170-1368,2025,25.09~27.09,신규,5,7,2025,"25,000",84.8619,2,823,0,,,청계로 13,0,00013,00000,3162075,0,12300,12300,신안동,,북구,12300,아파트,전월세,202507,아파트 전월세,,,,,
제일풍경채센트럴파크2단지,29170-842,2022,25.08~27.08,신규,24,7,2025,"19,500",39.99,13,847,0,,,서양로 125,,00125,00000,3162030,1,12300,12300,중흥동,,북구,12300,아파트,전월세,202507,아파트 전월세,,,,,
더샵광주포레스트,29170-881,2023,25.10~27.09,신규,19,7,2025,"33,000",84.9987,24,724,0,,,동문대로249번길 12,0,00012,00000,4286159,0,12300,12300,각화동,,북구,12300,아파트,전월세,202507,아파트 전월세,,,,,
산이고운신용PARK,29170-1368,2025,25.09~27.09,신규,5,7,2025,"25,000",84.8619,2,823,0,,,청계로 13,0,00013,00000,3162075,0,12300,12300,신안동,,북구,12300,아파트,전월세,202507,아파트 전월세,,,,,
제일풍경채센트럴파크2단지,29170-842,2022,25.08~27.08,신규,18,7,2025,"19,500",39.99,12,847,0,,,서양로 125,,00125,00000,3162030,1,12300,12300,중흥동,,북구,12300,아파트,전월세,202507,아파트 전월세,,,,,
각화골드클래스,29170-751,2017,25.07~26.07,신규,17,7,2025,"6,700",39.9756,6,587,11,,,각화대로69번길 16,0,00016,00000,4286003,0,12300,12300,각화동,,북구,12300,아파트,전월세,202507,아파트 전월세,,,,,
제일풍경채센트럴파크2단지,29170-842,2022,25.08~27.08,신규,14,7,2025,"19,500",39.99,10,847,0,,,서양로 125,,00125,00000,3162030,1,12300,12300,중흥동,,북구,12300,아파트,전월세,202507,아파트 전월세,,,,,
주공,29170-135,1990,25.08~27.08,신규,16,7,2025,"7,740",45.77,1,787-1,0,,,면앙로31번길 10,0,00010,00000,4286210,1,12300,12300,문흥동,,북구,12300,아파트,전월세,202507,아파트 전월세,,,,,
산이고운신용PARK,29170-1368,2025,25.08~27.08,신규,3,7,2025,"25,000",84.6821,2,823,0,,,청계로 13,0,00013,00000,3162075,0,12300,12300,신안동,,북구,12300,아파트,전월세,202507,아파트 전월세,,,,,
청솔3차,29170-253,2000,25.07~27.07,갱신,10,7,2025,"9,000",48.45,15,817-5,0,"8,925",,일곡마을로 225,0,00225,00000,3162061,1,12300,12300,일곡동,,북구,12300,아파트,전월세,202507,아파트 전월세,,,,,
청솔3차,29170-253,2000,25.07~27.07,갱신,10,7,2025,"9,000",48.45,15,817-5,0,"8,925",,일곡마을로 225,0,00225,00000,3162061,1,12300,12300,일곡동,,북구,12300,아파트,전월세,202507,아파트 전월세,,,,,
주공,29170-160,1992,25.07~27.07,신규,10,7,2025,"7,000",45,11,1005,0,,,서하로194번길 15,0,00015,00000,4286403,1,12300,12300,오치동,,북구,12300,아파트,전월세,202507,아파트 전월세,,,,,
제일풍경채센트럴파크2단지,29170-842,2022,25.08~27.08,신규,14,7,2025,"19,500",39.99,10,847,0,,,서양로 125,,00125,00000,3162030,1,12300,12300,중흥동,,북구,12300,아파트,전월세,202507,아파트 전월세,,,,,
부강아트빌,29170-221,2002,25.07~27.07,신규,11,7,2025,"3,300",27.75,7,125-1,0,,,자미로10번길 33,0,00033,00000,4286627,1,12300,12300,신안동,,북구,12300,아파트,전월세,202507,아파트 전월세,,,,,
첨단진아리채,29170-801,2020,25.09~27.09,신규,13,7,2025,"30,000",84.9821,17,1123,0,,,용두마을2길 12,0,00012,00000,4857961,0,12300,12300,용두동,,북구,12300,아파트,전월세,202507,아파트 전월세,,,,,
부강아트빌,29170-221,2002,25.07~27.07,신규,11,7,2025,"3,300",27.75,7,125-1,0,,,자미로10번길 33,0,00033,00000,4286627,1,12300,12300,신안동,,북구,12300,아파트,전월세,202507,아파트 전월세,,,,,
임동중흥에스클래스센텀파크,29170-838,2021,25.08~27.08,갱신,12,7,2025,"31,500",84.9506,3,637,0,"29,000",,임동로 7,0,00007,00000,3162063,0,12300,12300,임동,,북구,12300,아파트,전월세,202507,아파트 전월세,,,,,
임동중흥에스클래스센텀파크,29170-838,2021,25.08~27.08,갱신,12,7,2025,"31,500",84.9506,3,637,0,"29,000",,임동로 7,0,00007,00000,3162063,0,12300,12300,임동,,북구,12300,아파트,전월세,202507,아파트 전월세,,,,,
부강아트빌,29170-221,2002,25.07~27.07,신규,11,7,2025,"3,300",27.75,7,125-1,0,,,자미로10번길 33,0,00033,00000,4286627,1,12300,12300,신안동,,북구,12300,아파트,전월세,202507,아파트 전월세,,,,,
산이고운신용PARK,29170-1368,2025,25.09~27.09,신규,6,7,2025,"24,000",84.8826,1,823,0,,,청계로 13,0,00013,00000,3162075,0,12300,12300,신안동,,북구,12300,아파트,전월세,202507,아파트 전월세,,,,,
오치동갤럭스하임,29170-650,2013,25.07~27.07,신규,4,7,2025,300,16.6579,8,857-10,30,,,서하로183번길 45-6,0,00045,00006,4286402,1,12300,12300,오치동,,북구,12300,아파트,전월세,202507,아파트 전월세,,,,,
산이고운신용PARK,29170-1368,2025,25.08~27.08,신규,3,7,2025,"25,000",84.6821,2,823,0,,,청계로 13,0,00013,00000,3162075,0,12300,12300,신안동,,북구,12300,아파트,전월세,202507,아파트 전월세,,,,,
벽산블루밍메가씨티3단지,29170-568,2008,25.09~27.09,신규,2,7,2025,"24,000",58.7079,22,69,0,,,북문대로 53,0,00053,00000,2009002,0,12300,12300,운암동,,북구,12300,아파트,전월세,202507,아파트 전월세,,,,,
모아엘가,29200-243,2009,25.09~27.09,신규,4,7,2025,"47,000",84.9331,18,1486,0,,,수완로33번길 76,0,00076,00000,4289339,1,12330,12330,수완동,,광산구,12330,아파트,전월세,202507,아파트 전월세,,,,,
성덕마을대방노블랜드5차,29200-270,2011,25.10~27.10,신규,5,7,2025,"50,000",129.084,7,1690,0,,,풍영로170번길 39-26,0,00039,00026,4289673,1,12330,12330,장덕동,,광산구,12330,아파트,전월세,202507,아파트 전월세,,,,,
호반2차,29200-119,1997,25.09~27.09,신규,26,7,2025,"13,000",59.82,4,763-6,0,,,월계로 59,0,00059,00000,3163039,1,12330,12330,월계동,,광산구,12330,아파트,전월세,202507,아파트 전월세,,,,,
서라,29200-70,1995,25.09~27.09,신규,28,7,2025,"1,000",59.93,1,764-2,55,,,첨단내촌로 102,0,00102,00000,3163048,1,12330,12330,월계동,,광산구,12330,아파트,전월세,202507,아파트 전월세,,,,,
광주수완6차대방노블랜드,29200-316,2013,25.09~27.09,신규,12,7,2025,"51,000",115.9435,22,926,0,,,왕버들로132번길 35,0,00035,00000,4289442,1,12330,12330,수완동,,광산구,12330,아파트,전월세,202507,아파트 전월세,,,,,
첨단센트럴파크2차,29200-399,2018,25.07~27.07,신규,16,7,2025,"15,000",41.83,8,676-3,0,,,첨단중앙로170번길 87,0,00087,00000,4289614,1,12330,12330,쌍암동,,광산구,12330,아파트,전월세,202507,아파트 전월세,,,,,
한성1차,29200-83,1988,25.08~27.08,신규,28,7,2025,500,49.32,5,614-1,42,,,월곡산정로 108,0,00108,00000,3163042,3,12330,12330,월곡동,,광산구,12330,아파트,전월세,202507,아파트 전월세,,,,,
수완루아채,29200-234,2008,25.07~27.07,갱신,25,7,2025,"21,000",84.2801,20,1115,14,"21,000",,풍영로 294-8,0,00294,00008,3163061,1,12330,12330,장덕동,사용,광산구,12330,아파트,전월세,202507,아파트 전월세,,,,,
수완루아채,29200-234,2008,25.07~27.07,갱신,25,7,2025,"21,000",84.2801,20,1115,14,"21,000",,풍영로 294-8,0,00294,00008,3163061,1,12330,12330,장덕동,사용,광산구,12330,아파트,전월세,202507,아파트 전월세,,,,,
하남주공(2단지),29200-39,1991,25.08~27.08,신규,5,7,2025,500,44.52,4,1571-1,40,,,월곡산정로 12,0,00012,00000,3163042,1,12330,12330,우산동,,광산구,12330,아파트,전월세,202507,아파트 전월세,,,,,
한성1차,29200-83,1988,25.08~27.08,신규,28,7,2025,500,49.32,5,614-1,42,,,월곡산정로 108,0,00108,00000,3163042,3,12330,12330,월곡동,,광산구,12330,아파트,전월세,202507,아파트 전월세,,,,,
서라,29200-70,1995,25.09~27.09,신규,28,7,2025,"1,000",59.93,1,764-2,55,,,첨단내촌로 102,0,00102,00000,3163048,1,12330,12330,월계동,,광산구,12330,아파트,전월세,202507,아파트 전월세,,,,,
호반2차,29200-119,1997,25.09~27.09,신규,26,7,2025,"13,000",59.82,4,763-6,0,,,월계로 59,0,00059,00000,3163039,1,12330,12330,월계동,,광산구,12330,아파트,전월세,202507,아파트 전월세,,,,,
성덕마을대방노블랜드3차,29200-266,2011,25.10~27.10,신규,18,7,2025,"60,000",156.5054,5,1693,0,,,풍영로170번길 39-10,0,00039,00010,4289673,1,12330,12330,장덕동,,광산구,12330,아파트,전월세,202507,아파트 전월세,,,,,
모아미래도,29200-118,2001,25.09~27.09,신규,14,7,2025,"15,000",59.9451,3,763-5,0,,,월계로 77,0,00077,00000,3163039,1,12330,12330,월계동,,광산구,12330,아파트,전월세,202507,아파트 전월세,,,,,
첨단센트럴파크2차,29200-399,2018,25.07~27.07,신규,16,7,2025,"15,000",41.83,8,676-3,0,,,첨단중앙로170번길 87,0,00087,00000,4289614,1,12330,12330,쌍암동,,광산구,12330,아파트,전월세,202507,아파트 전월세,,,,,
운남주공3단지,29200-76,1996,25.07~27.07,신규,7,7,2025,"1,000",58.14,9,777-1,50,,,목련로 307-11,0,00307,00011,3163009,2,12330,12330,운남동,,광산구,12330,아파트,전월세,202507,아파트 전월세,,,,,
성덕마을대방노블랜드3차,29200-266,2011,25.10~27.10,신규,18,7,2025,"60,000",156.5054,5,1693,0,,,풍영로170번길 39-10,0,00039,00010,4289673,1,12330,12330,장덕동,,광산구,12330,아파트,전월세,202507,아파트 전월세,,,,,
무진로더브이벨라코트,29200-488,2023,25.08~27.08,신규,17,7,2025,"27,900",59.7041,20,1607-1,0,,,무진대로212번길 13-9,0,00013,00009,4289118,0,12330,12330,우산동,,광산구,12330,아파트,전월세,202507,아파트 전월세,,,,,
무진로더브이벨라코트,29200-488,2023,25.08~27.08,신규,17,7,2025,"27,900",59.7041,20,1607-1,0,,,무진대로212번길 13-9,0,00013,00009,4289118,0,12330,12330,우산동,,광산구,12330,아파트,전월세,202507,아파트 전월세,,,,,
해솔마을대방노블랜드2차,29200-265,2011,25.08~27.08,신규,12,7,2025,"45,000",84.9382,2,970,0,,,임방울대로358번길 21,0,00021,00000,4289549,1,12330,12330,수완동,,광산구,12330,아파트,전월세,202507,아파트 전월세,,,,,
모아미래도,29200-118,2001,25.09~27.09,신규,14,7,2025,"15,000",59.9451,3,763-5,0,,,월계로 77,0,00077,00000,3163039,1,12330,12330,월계동,,광산구,12330,아파트,전월세,202507,아파트 전월세,,,,,
호반리젠시빌2차,29200-130,2001,25.08~27.08,신규,9,7,2025,"20,000",84.0624,18,961-1,0,,,수등로 205,0,00205,00000,3163025,2,12330,12330,신가동,,광산구,12330,아파트,전월세,202507,아파트 전월세,,,,,
해솔마을대방노블랜드2차,29200-265,2011,25.08~27.08,신규,12,7,2025,"45,000",84.9382,2,970,0,,,임방울대로358번길 21,0,00021,00000,4289549,1,12330,12330,수완동,,광산구,12330,아파트,전월세,202507,아파트 전월세,,,,,
호반리젠시빌2차,29200-130,2001,25.08~27.08,신규,9,7,2025,"20,000",84.0624,18,961-1,0,,,수등로 205,0,00205,00000,3163025,2,12330,12330,신가동,,광산구,12330,아파트,전월세,202507,아파트 전월세,,,,,
광주수완6차대방노블랜드,29200-316,2013,25.09~27.09,신규,12,7,2025,"51,000",115.9435,22,926,0,,,왕버들로132번길 35,0,00035,00000,4289442,1,12330,12330,수완동,,광산구,12330,아파트,전월세,202507,아파트 전월세,,,,,
리버힐,29200-36,1992,25.08~27.08,신규,6,7,2025,500,49.86,5,1602-2,50,,,우산로 47,0,00047,00000,3163037,1,12330,12330,우산동,,광산구,12330,아파트,전월세,202507,아파트 전월세,,,,,
운남주공3단지,29200-76,1996,25.07~27.07,신규,7,7,2025,"1,000",58.14,9,777-1,50,,,목련로 307-11,0,00307,00011,3163009,2,12330,12330,운남동,,광산구,12330,아파트,전월세,202507,아파트 전월세,,,,,
어등산진아리채리버필드,29200-1055,2025,25.08~27.08,신규,5,7,2025,"28,000",79.0078,12,869,0,,,선운중앙로 82,0,00082,00000,3163082,0,12330,12330,선암동,,광산구,12330,아파트,전월세,202507,아파트 전월세,,,,,
하남주공(2단지),29200-39,1991,25.08~27.08,신규,5,7,2025,500,44.52,4,1571-1,40,,,월곡산정로 12,0,00012,00000,3163042,1,12330,12330,우산동,,광산구,12330,아파트,전월세,202507,아파트 전월세,,,,,
리버힐,29200-36,1992,25.08~27.08,신규,6,7,2025,500,49.86,5,1602-2,50,,,우산로 47,0,00047,00000,3163037,1,12330,12330,우산동,,광산구,12330,아파트,전월세,202507,아파트 전월세,,,,,
어등산진아리채리버필드,29200-1055,2025,25.08~27.08,신규,5,7,2025,"28,000",79.0078,12,869,0,,,선운중앙로 82,0,00082,00000,3163082,0,12330,12330,선암동,,광산구,12330,아파트,전월세,202507,아파트 전월세,,,,,
성덕마을대방노블랜드5차,29200-270,2011,25.10~27.10,신규,5,7,2025,"50,000",129.084,7,1690,0,,,풍영로170번길 39-26,0,00039,00026,4289673,1,12330,12330,장덕동,,광산구,12330,아파트,전월세,202507,아파트 전월세,,,,,
모아엘가,29200-243,2009,25.09~27.09,신규,4,7,2025,"47,000",84.9331,18,1486,0,,,수완로33번길 76,0,00076,00000,4289339,1,12330,12330,수완동,,광산구,12330,아파트,전월세,202507,아파트 전월세,,,,,
두산위브,29110-286,2007,25.11~27.11,신규,17,8,2025,"35,000",113.8106,6,52,0,,,무등로 374,0,00374,00000,3009021,1,12210,12210,계림동,,동구,12210,아파트,전월세,202508,아파트 전월세,,,,,
용산지구대성베르힐,29110-360,2019,25.11~27.11,신규,22,8,2025,"20,200",59.606,16,668,10,,,용산2길 8,,00008,00000,4855762,0,12210,12210,용산동,,동구,12210,아파트,전월세,202508,아파트 전월세,,,,,
무등산그린웰로제비앙,29110-361,2019,25.11~27.11,신규,18,8,2025,"40,000",114.924,3,723,0,,,동계로 38,0,00038,00000,3159004,2,12210,12210,산수동,,동구,12210,아파트,전월세,202508,아파트 전월세,,,,,
두산위브,29110-286,2007,25.11~27.11,신규,17,8,2025,"35,000",113.8106,6,52,0,,,무등로 374,0,00374,00000,3009021,1,12210,12210,계림동,,동구,12210,아파트,전월세,202508,아파트 전월세,,,,,
무등산그린웰로제비앙,29110-361,2019,25.10~27.10,신규,14,8,2025,"25,000",64.5262,2,723,0,,,동계로 38,0,00038,00000,3159004,2,12210,12210,산수동,,동구,12210,아파트,전월세,202508,아파트 전월세,,,,,
광주금남로한신더휴펜트하우스,29110-473,2024,25.11~27.11,신규,14,8,2025,"36,000",163.7143,6,66-2,0,,,중앙로 202,0,00202,00000,3162073,0,12210,12210,궁동,,동구,12210,아파트,전월세,202508,아파트 전월세,,,,,
무등산그린웰로제비앙,29110-361,2019,25.10~27.10,신규,1,8,2025,"30,000",84.9676,2,723,0,,,동계로 38,0,00038,00000,3159004,2,12210,12210,산수동,,동구,12210,아파트,전월세,202508,아파트 전월세,,,,,
월남호반베르디움1차,29110-332,2015,25.10~27.10,신규,27,8,2025,"12,146",59.9552,13,620,28,,,남문로 377,0,00377,00000,3159003,3,12210,12210,월남동,,동구,12210,아파트,전월세,202508,아파트 전월세,,,,,
용산지구모아엘가에듀파크,29110-359,2019,25.10~27.10,신규,22,8,2025,"32,000",84.9272,2,663,0,,,용산3길 17,,00017,00000,4855763,0,12210,12210,용산동,,동구,12210,아파트,전월세,202508,아파트 전월세,,,,,
아르티엠더퍼플,29110-652,2025,25.08~27.08,신규,13,8,2025,"44,500",84.5021,6,33,0,,,구성로 147,0,00147,00000,3009001,0,12210,12210,수기동,,동구,12210,아파트,전월세,202508,아파트 전월세,,,,,
고운하이츠(21-3),29110-297,2009,25.08~27.10,신규,15,8,2025,"12,000",55.976,4,21-3,0,,,천변우로 329-5,0,00329,00005,3009025,1,12210,12210,수기동,,동구,12210,아파트,전월세,202508,아파트 전월세,,,,,
월남호반베르디움1차,29110-332,2015,25.10~27.10,신규,27,8,2025,"12,146",59.9552,13,620,28,,,남문로 377,0,00377,00000,3159003,3,12210,12210,월남동,,동구,12210,아파트,전월세,202508,아파트 전월세,,,,,
아르티엠더퍼플,29110-652,2025,25.08~27.08,신규,13,8,2025,"44,500",84.5021,6,33,0,,,구성로 147,0,00147,00000,3009001,0,12210,12210,수기동,,동구,12210,아파트,전월세,202508,아파트 전월세,,,,,
용산지구모아엘가에듀파크,29110-359,2019,25.10~27.10,신규,22,8,2025,"32,000",84.9272,2,663,0,,,용산3길 17,,00017,00000,4855763,0,12210,12210,용산동,,동구,12210,아파트,전월세,202508,아파트 전월세,,,,,
용산지구대성베르힐,29110-360,2019,25.11~27.11,신규,22,8,2025,"20,200",59.606,16,668,10,,,용산2길 8,,00008,00000,4855762,0,12210,12210,용산동,,동구,12210,아파트,전월세,202508,아파트 전월세,,,,,
고운하이츠(21-3),29110-297,2009,25.08~27.10,신규,15,8,2025,"12,000",55.976,4,21-3,0,,,천변우로 329-5,0,00329,00005,3009025,1,12210,12210,수기동,,동구,12210,아파트,전월세,202508,아파트 전월세,,,,,
무등산그린웰로제비앙,29110-361,2019,25.11~27.11,신규,18,8,2025,"40,000",114.924,3,723,0,,,동계로 38,0,00038,00000,3159004,2,12210,12210,산수동,,동구,12210,아파트,전월세,202508,아파트 전월세,,,,,
광주선교지구1차우방아이유쉘아파트,29110-383,2023,25.09~27.09,신규,1,8,2025,"14,000",47.1254,5,487,0,,,선교로 38-30,0,00038,00030,3159009,0,12210,12210,선교동,,동구,12210,아파트,전월세,202508,아파트 전월세,,,,,
무등산그린웰로제비앙,29110-361,2019,25.10~27.10,신규,14,8,2025,"25,000",64.5262,2,723,0,,,동계로 38,0,00038,00000,3159004,2,12210,12210,산수동,,동구,12210,아파트,전월세,202508,아파트 전월세,,,,,
그랜드센트럴,29110-371,2020,25.09~27.09,신규,7,8,2025,"36,000",84.949,27,1827,0,,,경양로 234,0,00234,00000,3009017,2,12210,12210,계림동,,동구,12210,아파트,전월세,202508,아파트 전월세,,,,,
두산위브3차(두산위브더파크),29110-376,2021,25.09~27.09,신규,12,8,2025,"36,000",84.9738,8,1845,0,,,중앙로290번길 16,0,00016,00000,4277198,1,12210,12210,계림동,,동구,12210,아파트,전월세,202508,아파트 전월세,,,,,
광주금남로한신더휴펜트하우스,29110-473,2024,25.11~27.11,신규,14,8,2025,"36,000",163.7143,6,66-2,0,,,중앙로 202,0,00202,00000,3162073,0,12210,12210,궁동,,동구,12210,아파트,전월세,202508,아파트 전월세,,,,,
두산위브3차(두산위브더파크),29110-376,2021,25.09~27.09,신규,12,8,2025,"36,000",84.9738,8,1845,0,,,중앙로290번길 16,0,00016,00000,4277198,1,12210,12210,계림동,,동구,12210,아파트,전월세,202508,아파트 전월세,,,,,
그랜드센트럴,29110-371,2020,25.09~27.09,신규,7,8,2025,"36,000",84.949,27,1827,0,,,경양로 234,0,00234,00000,3009017,2,12210,12210,계림동,,동구,12210,아파트,전월세,202508,아파트 전월세,,,,,
광주용산지구2BL계룡리슈빌더포레스트아파트,29110-358,2019,25.08~27.08,신규,6,8,2025,"31,000",84.9717,1,662,0,,,용산1길 2,0,00002,00000,4855761,0,12210,12210,용산동,,동구,12210,아파트,전월세,202508,아파트 전월세,,,,,
무등산그린웰로제비앙,29110-361,2019,25.10~27.10,신규,1,8,2025,"30,000",84.9676,2,723,0,,,동계로 38,0,00038,00000,3159004,2,12210,12210,산수동,,동구,12210,아파트,전월세,202508,아파트 전월세,,,,,
무등산골드클래스,29110-355,2018,25.09~27.09,신규,4,8,2025,"30,000",73.8853,12,1103,0,,,학소로 109,0,00109,00000,3159017,0,12210,12210,소태동,,동구,12210,아파트,전월세,202508,아파트 전월세,,,,,
계림아이파크에스케이뷰,29110-381,2022,25.09~27.09,신규,1,8,2025,"19,800",39.911,15,1869,0,,,필문대로 70,0,00070,00000,2009007,0,12210,12210,계림동,,동구,12210,아파트,전월세,202508,아파트 전월세,,,,,
광주용산지구2BL계룡리슈빌더포레스트아파트,29110-358,2019,25.08~27.08,신규,6,8,2025,"31,000",84.9717,1,662,0,,,용산1길 2,0,00002,00000,4855761,0,12210,12210,용산동,,동구,12210,아파트,전월세,202508,아파트 전월세,,,,,
무등산골드클래스,29110-355,2018,25.09~27.09,신규,4,8,2025,"30,000",73.8853,12,1103,0,,,학소로 109,0,00109,00000,3159017,0,12210,12210,소태동,,동구,12210,아파트,전월세,202508,아파트 전월세,,,,,
계림아이파크에스케이뷰,29110-381,2022,25.09~27.09,신규,1,8,2025,"19,800",39.911,15,1869,0,,,필문대로 70,0,00070,00000,2009007,0,12210,12210,계림동,,동구,12210,아파트,전월세,202508,아파트 전월세,,,,,
광주선교지구1차우방아이유쉘아파트,29110-383,2023,25.09~27.09,신규,1,8,2025,"14,000",47.1254,5,487,0,,,선교로 38-30,0,00038,00030,3159009,0,12210,12210,선교동,,동구,12210,아파트,전월세,202508,아파트 전월세,,,,,
광명하이츠,29140-42,1992,25.09~27.09,신규,15,8,2025,"15,000",84.96,19,96,0,,,내방로251번길 10,0,00010,00000,4280081,1,12240,12240,쌍촌동,,서구,12240,아파트,전월세,202508,아파트 전월세,,,,,
삼익,29140-81,1979,25.08~27.08,신규,15,8,2025,"1,000",59.33,2,131-4,45,,,죽봉대로 31,0,00031,00000,2009006,3,12240,12240,화정동,,서구,12240,아파트,전월세,202508,아파트 전월세,,,,,
상무에스케이뷰,29140-374,2016,25.10~27.10,신규,29,8,2025,"20,000",39.342,16,1331,0,,,마륵복개로 140,0,00140,00000,3160006,0,12240,12240,치평동,,서구,12240,아파트,전월세,202508,아파트 전월세,,,,,
상무에스케이뷰,29140-374,2016,25.10~27.10,신규,29,8,2025,"20,000",39.342,16,1331,0,,,마륵복개로 140,0,00140,00000,3160006,0,12240,12240,치평동,,서구,12240,아파트,전월세,202508,아파트 전월세,,,,,
금호시영1단지,29140-109,1993,25.10~27.09,신규,22,8,2025,"1,000",49.86,9,741-1,49,,,운천로 41,0,00041,00000,3160035,3,12240,12240,금호동,,서구,12240,아파트,전월세,202508,아파트 전월세,,,,,
화정엘리체퍼스티지,29140-392,2019,25.10~27.10,갱신,20,8,2025,"31,500",84.8709,18,1706,0,"30,000",,염화로 20,0,00020,00000,3160034,0,12240,12240,화정동,사용,서구,12240,아파트,전월세,202508,아파트 전월세,,,,,
우미광장,29140-132,2000,25.09~27.09,신규,4,8,2025,"14,500",59.79,16,1132,0,,,풍암순환로 183,0,00183,00000,3160050,1,12240,12240,풍암동,,서구,12240,아파트,전월세,202508,아파트 전월세,,,,,
삼익,29140-81,1979,25.09~27.09,신규,23,8,2025,"1,500",82.62,3,131-4,53,,,죽봉대로 31,0,00031,00000,2009006,3,12240,12240,화정동,,서구,12240,아파트,전월세,202508,아파트 전월세,,,,,
한신,29140-148,2000,25.09~27.09,신규,11,8,2025,"7,000",59.79,11,1053,25,,,풍암순환로 38,0,00038,00000,3160050,1,12240,12240,풍암동,,서구,12240,아파트,전월세,202508,아파트 전월세,,,,,
한신휴플러스,29140-340,2013,25.09~27.09,갱신,21,8,2025,"35,000",84.8109,9,803,0,"30,000",,마륵복개로 98,0,00098,00000,3160006,3,12240,12240,마륵동,,서구,12240,아파트,전월세,202508,아파트 전월세,,,,,
현대(740-6),29140-93,1986,25.09~27.09,신규,13,8,2025,"1,500",80.07,10,740-6,70,,,화운로175번길 15,0,00015,00000,4280502,0,12240,12240,화정동,,서구,12240,아파트,전월세,202508,아파트 전월세,,,,,
금호시영1단지,29140-109,1993,25.09~27.09,신규,22,8,2025,"1,000",49.86,13,741-1,42,,,운천로 41,0,00041,00000,3160035,3,12240,12240,금호동,,서구,12240,아파트,전월세,202508,아파트 전월세,,,,,
금호시영1단지,29140-109,1993,25.09~27.09,신규,22,8,2025,"1,000",49.86,13,741-1,42,,,운천로 41,0,00041,00000,3160035,3,12240,12240,금호동,,서구,12240,아파트,전월세,202508,아파트 전월세,,,,,
상무에스케이뷰,29140-374,2016,25.10~27.10,신규,29,8,2025,"20,000",39.342,16,1331,0,,,마륵복개로 140,0,00140,00000,3160006,0,12240,12240,치평동,,서구,12240,아파트,전월세,202508,아파트 전월세,,,,,
한신,29140-148,2000,25.09~27.09,신규,11,8,2025,"7,000",59.79,11,1053,25,,,풍암순환로 38,0,00038,00000,3160050,1,12240,12240,풍암동,,서구,12240,아파트,전월세,202508,아파트 전월세,,,,,
우미광장,29140-132,2000,25.10~27.10,신규,26,8,2025,"15,000",59.79,17,1132,0,,,풍암순환로 183,0,00183,00000,3160050,1,12240,12240,풍암동,,서구,12240,아파트,전월세,202508,아파트 전월세,,,,,
우미광장,29140-132,2000,25.09~27.09,신규,23,8,2025,"3,000",59.955,12,1132,60,,,풍암순환로 183,0,00183,00000,3160050,1,12240,12240,풍암동,,서구,12240,아파트,전월세,202508,아파트 전월세,,,,,
우미광장,29140-132,2000,25.09~27.09,신규,23,8,2025,"3,000",59.955,12,1132,60,,,풍암순환로 183,0,00183,00000,3160050,1,12240,12240,풍암동,,서구,12240,아파트,전월세,202508,아파트 전월세,,,,,
금호대우,29140-27,1998,25.09~26.09,신규,11,8,2025,"18,000",59.94,19,1166-2,0,,,치평로 107,0,00107,00000,3160042,1,12240,12240,치평동,,서구,12240,아파트,전월세,202508,아파트 전월세,,,,,
금호대우,29140-27,1998,25.09~26.09,신규,11,8,2025,"18,000",59.94,19,1166-2,0,,,치평로 107,0,00107,00000,3160042,1,12240,12240,치평동,,서구,12240,아파트,전월세,202508,아파트 전월세,,,,,
중흥(1168-1),29140-33,1997,25.08~27.08,신규,27,8,2025,"27,000",84.93,8,1168-1,0,,,치평로 77,,00077,00000,3160042,0,12240,12240,치평동,,서구,12240,아파트,전월세,202508,아파트 전월세,,,,,
중흥(1168-1),29140-33,1997,25.08~27.08,신규,27,8,2025,"27,000",84.93,8,1168-1,0,,,치평로 77,,00077,00000,3160042,0,12240,12240,치평동,,서구,12240,아파트,전월세,202508,아파트 전월세,,,,,
우미,29140-86,1990,25.09~27.08,신규,7,8,2025,"2,000",84.96,8,859-2,75,,,월드컵4강로28번길 14,0,00014,00000,4280340,1,12240,12240,화정동,,서구,12240,아파트,전월세,202508,아파트 전월세,,,,,
광명하이츠,29140-42,1992,25.09~27.09,신규,15,8,2025,"15,000",84.96,19,96,0,,,내방로251번길 10,0,00010,00000,4280081,1,12240,12240,쌍촌동,,서구,12240,아파트,전월세,202508,아파트 전월세,,,,,
우미광장,29140-132,2000,25.10~27.10,신규,26,8,2025,"15,000",59.79,17,1132,0,,,풍암순환로 183,0,00183,00000,3160050,1,12240,12240,풍암동,,서구,12240,아파트,전월세,202508,아파트 전월세,,,,,
삼익,29140-81,1979,25.09~27.09,신규,23,8,2025,"1,500",82.62,3,131-4,53,,,죽봉대로 31,0,00031,00000,2009006,3,12240,12240,화정동,,서구,12240,아파트,전월세,202508,아파트 전월세,,,,,
화정엘리체퍼스티지,29140-392,2019,25.10~27.10,갱신,20,8,2025,"31,500",84.8709,18,1706,0,"30,000",,염화로 20,0,00020,00000,3160034,0,12240,12240,화정동,사용,서구,12240,아파트,전월세,202508,아파트 전월세,,,,,
금호대우,29140-27,1998,25.09~27.09,신규,23,8,2025,"15,000",59.94,7,1166-2,0,,,치평로 107,0,00107,00000,3160042,1,12240,12240,치평동,,서구,12240,아파트,전월세,202508,아파트 전월세,,,,,
금호시영1단지,29140-109,1993,25.10~27.09,신규,22,8,2025,"1,000",49.86,9,741-1,49,,,운천로 41,0,00041,00000,3160035,3,12240,12240,금호동,,서구,12240,아파트,전월세,202508,아파트 전월세,,,,,
금호대우,29140-27,1998,25.09~27.09,신규,23,8,2025,"15,000",59.94,7,1166-2,0,,,치평로 107,0,00107,00000,3160042,1,12240,12240,치평동,,서구,12240,아파트,전월세,202508,아파트 전월세,,,,,
우미,29140-86,1990,25.09~27.08,신규,7,8,2025,"2,000",84.96,8,859-2,75,,,월드컵4강로28번길 14,0,00014,00000,4280340,1,12240,12240,화정동,,서구,12240,아파트,전월세,202508,아파트 전월세,,,,,
삼익,29140-81,1979,25.08~27.08,신규,15,8,2025,"1,000",59.33,2,131-4,45,,,죽봉대로 31,0,00031,00000,2009006,3,12240,12240,화정동,,서구,12240,아파트,전월세,202508,아파트 전월세,,,,,
한신휴플러스,29140-340,2013,25.09~27.09,갱신,21,8,2025,"35,000",84.8109,9,803,0,"30,000",,마륵복개로 98,0,00098,00000,3160006,3,12240,12240,마륵동,,서구,12240,아파트,전월세,202508,아파트 전월세,,,,,
현대(740-6),29140-93,1986,25.09~27.09,신규,13,8,2025,"1,500",80.07,10,740-6,70,,,화운로175번길 15,0,00015,00000,4280502,0,12240,12240,화정동,,서구,12240,아파트,전월세,202508,아파트 전월세,,,,,
우미광장,29140-132,2000,25.09~27.09,신규,4,8,2025,"14,500",59.79,16,1132,0,,,풍암순환로 183,0,00183,00000,3160050,1,12240,12240,풍암동,,서구,12240,아파트,전월세,202508,아파트 전월세,,,,,
효천1중흥에스-클래스에코시티,29155-398,2019,25.09~27.09,신규,2,8,2025,"31,000",84.9772,8,881,0,,,효천2로 12,,00012,00000,3351962,0,12270,12270,임암동,,남구,12270,아파트,전월세,202508,아파트 전월세,,,,,
진아리채5차2단지,29155-327,2010,25.10~27.10,신규,29,8,2025,"22,000",84.9969,4,126-2,0,,,원효천1길 5,0,00005,00000,4283512,1,12270,12270,송하동,,남구,12270,아파트,전월세,202508,아파트 전월세,,,,,
송화마을휴먼시아(진월3블럭주공),29155-304,2007,25.08~27.09,신규,26,8,2025,"2,698",46.9,2,731,14,,,효우로60번길 10,0,00010,00000,4283741,1,12270,12270,노대동,,남구,12270,아파트,전월세,202508,아파트 전월세,,,,,
효천1중흥에스-클래스에코파크,29155-397,2019,25.09~27.09,신규,25,8,2025,"28,000",84.9772,17,855,0,,,효천3로 110,,00110,00000,3351964,0,12270,12270,임암동,,남구,12270,아파트,전월세,202508,아파트 전월세,,,,,
송화마을휴먼시아(진월3블럭주공),29155-304,2007,25.08~27.09,신규,26,8,2025,"2,698",46.9,2,731,14,,,효우로60번길 10,0,00010,00000,4283741,1,12270,12270,노대동,,남구,12270,아파트,전월세,202508,아파트 전월세,,,,,
효천1중흥에스-클래스에코파크,29155-397,2019,25.09~27.09,신규,25,8,2025,"28,000",84.9772,17,855,0,,,효천3로 110,,00110,00000,3351964,0,12270,12270,임암동,,남구,12270,아파트,전월세,202508,아파트 전월세,,,,,
효천남해오네뜨2단지,29155-359,2014,25.09~27.09,신규,22,8,2025,"23,000",84.98,2,598,0,,,효우2로 45,0,00045,00000,3162075,1,12270,12270,행암동,,남구,12270,아파트,전월세,202508,아파트 전월세,,,,,
금호타운1,29155-28,1993,25.10~27.10,신규,27,8,2025,"28,000",84.52,15,469-5,0,,,봉선로133번길 4,0,00004,00000,4283303,1,12270,12270,봉선동,,남구,12270,아파트,전월세,202508,아파트 전월세,,,,,
진아리채5차2단지,29155-327,2010,25.10~27.10,신규,29,8,2025,"22,000",84.9969,4,126-2,0,,,원효천1길 5,0,00005,00000,4283512,1,12270,12270,송하동,,남구,12270,아파트,전월세,202508,아파트 전월세,,,,,
금호타운1,29155-28,1993,25.10~27.10,신규,27,8,2025,"28,000",84.52,15,469-5,0,,,봉선로133번길 4,0,00004,00000,4283303,1,12270,12270,봉선동,,남구,12270,아파트,전월세,202508,아파트 전월세,,,,,
효천남해오네뜨2단지,29155-359,2014,25.09~27.09,신규,22,8,2025,"23,000",84.98,2,598,0,,,효우2로 45,0,00045,00000,3162075,1,12270,12270,행암동,,남구,12270,아파트,전월세,202508,아파트 전월세,,,,,
봉선로남해오네뜨,29155-392,2018,25.08~27.08,갱신,9,8,2025,"24,000",75.0659,21,1312,0,"23,000",,봉선로 42,,00042,00000,3161009,0,12270,12270,주월동,,남구,12270,아파트,전월세,202508,아파트 전월세,,,,,
봉선로남해오네뜨,29155-392,2018,25.08~27.08,갱신,9,8,2025,"24,000",75.0659,21,1312,0,"23,000",,봉선로 42,,00042,00000,3161009,0,12270,12270,주월동,,남구,12270,아파트,전월세,202508,아파트 전월세,,,,,
금광하늘연가,29155-287,2005,25.08~27.08,신규,1,8,2025,"50,000",162.0841,15,392,0,,,서문대로663번안길 12,0,00012,00000,4283383,1,12270,12270,진월동,,남구,12270,아파트,전월세,202508,아파트 전월세,,,,,
효천1중흥에스-클래스에코시티,29155-398,2019,25.09~27.09,신규,2,8,2025,"31,000",84.9772,8,881,0,,,효천2로 12,,00012,00000,3351962,0,12270,12270,임암동,,남구,12270,아파트,전월세,202508,아파트 전월세,,,,,
금광하늘연가,29155-287,2005,25.08~27.08,신규,1,8,2025,"50,000",162.0841,15,392,0,,,서문대로663번안길 12,0,00012,00000,4283383,1,12270,12270,진월동,,남구,12270,아파트,전월세,202508,아파트 전월세,,,,,
신안동고운하이플러스,29170-783,2019,,,13,8,2025,"23,460",84.3311,2,818,0,,,서암대로 95,0,00095,00000,2009011,0,12300,12300,신안동,,북구,12300,아파트,전월세,202508,아파트 전월세,,,,,
신안동고운하이플러스,29170-783,2019,,,13,8,2025,"23,460",84.3311,2,818,0,,,서암대로 95,0,00095,00000,2009011,0,12300,12300,신안동,,북구,12300,아파트,전월세,202508,아파트 전월세,,,,,
벽산블루밍메가씨티3단지,29170-568,2008,25.10~27.09,신규,13,8,2025,"30,000",84.9957,5,69,0,,,대자로 55,0,00055,00000,3162007,1,12300,12300,운암동,,북구,12300,아파트,전월세,202508,아파트 전월세,,,,,
현대3,29170-190,1998,25.10~27.10,신규,28,8,2025,"3,000",84.985,12,819-1,80,,,일곡로 120,0,00120,00000,3162060,1,12300,12300,일곡동,,북구,12300,아파트,전월세,202508,아파트 전월세,,,,,
산이고운신용PARK,29170-1368,2025,25.10~27.10,신규,30,8,2025,"29,800",84.8826,20,823,0,,,청계로 13,0,00013,00000,3162075,0,12300,12300,신안동,,북구,12300,아파트,전월세,202508,아파트 전월세,,,,,
현대3,29170-190,1998,25.10~27.10,신규,28,8,2025,"3,000",84.985,12,819-1,80,,,일곡로 120,0,00120,00000,3162060,1,12300,12300,일곡동,,북구,12300,아파트,전월세,202508,아파트 전월세,,,,,
휴먼시아,29170-571,2009,25.10~27.10,신규,30,8,2025,"5,000",84.93,5,1470,70,,,설죽로148번길 10,0,00010,00000,4286420,1,12300,12300,용봉동,,북구,12300,아파트,전월세,202508,아파트 전월세,,,,,
광명2차,29170-259,1998,25.09~27.09,신규,22,8,2025,"2,000",59.97,12,2-7,50,,,효열로 13,0,00013,00000,3162087,2,12300,12300,연제동,,북구,12300,아파트,전월세,202508,아파트 전월세,,,,,
대림2,29170-180,1998,25.10~27.10,신규,15,8,2025,"19,000",84.64,4,817-4,0,,,일곡마을로 245,0,00245,00000,3162061,1,12300,12300,일곡동,,북구,12300,아파트,전월세,202508,아파트 전월세,,,,,
산이고운신용PARK,29170-1368,2025,25.10~27.10,신규,27,8,2025,"29,800",84.8826,18,823,0,,,청계로 13,0,00013,00000,3162075,0,12300,12300,신안동,,북구,12300,아파트,전월세,202508,아파트 전월세,,,,,
대림2,29170-180,1998,25.10~27.10,신규,15,8,2025,"19,000",84.64,4,817-4,0,,,일곡마을로 245,0,00245,00000,3162061,1,12300,12300,일곡동,,북구,12300,아파트,전월세,202508,아파트 전월세,,,,,
용봉동지에이그린웰아파트,29170-804,2020,25.10~26.10,신규,1,8,2025,"26,820",84.378,12,1488,0,,,서하로94번길 19,0,00019,00000,4286415,0,12300,12300,용봉동,,북구,12300,아파트,전월세,202508,아파트 전월세,,,,,
매곡대광로제비앙,29170-743,2017,25.10~27.10,신규,28,8,2025,"24,000",80.3123,3,494,0,,,하백로6번길 12,0,00012,00000,4851693,0,12300,12300,매곡동,,북구,12300,아파트,전월세,202508,아파트 전월세,,,,,
교대금호어울림,29170-742,2017,25.10~27.10,신규,29,8,2025,"33,000",84.9833,19,808,0,,,군왕로 17,0,00017,00000,3162002,1,12300,12300,풍향동,,북구,12300,아파트,전월세,202508,아파트 전월세,,,,,
양산타운,29170-214,1998,25.10~26.10,신규,29,8,2025,"4,500",59.94,12,330,45,,,하서로423번길 33,0,00033,00000,4286785,1,12300,12300,용두동,,북구,12300,아파트,전월세,202508,아파트 전월세,,,,,
첨단진아리채,29170-801,2020,25.09~27.09,신규,22,8,2025,"3,000",84.9821,7,1123,110,,,용두마을2길 12,0,00012,00000,4857961,0,12300,12300,용두동,,북구,12300,아파트,전월세,202508,아파트 전월세,,,,,
산이고운신용PARK,29170-1368,2025,25.10~27.10,신규,30,8,2025,"29,800",84.8826,20,823,0,,,청계로 13,0,00013,00000,3162075,0,12300,12300,신안동,,북구,12300,아파트,전월세,202508,아파트 전월세,,,,,
매곡대광로제비앙,29170-743,2017,25.10~27.10,신규,28,8,2025,"24,000",80.3123,3,494,0,,,하백로6번길 12,0,00012,00000,4851693,0,12300,12300,매곡동,,북구,12300,아파트,전월세,202508,아파트 전월세,,,,,
첨단자이1단지,29170-574,2010,25.09~27.09,신규,21,8,2025,"5,000",84.9798,9,549,85,,,임방울대로1042번길 14-1,0,00014,00001,4286610,1,12300,12300,신용동,,북구,12300,아파트,전월세,202508,아파트 전월세,,,,,
힐스테이트신용더리버,29170-885,2024,25.10~27.10,신규,24,8,2025,"39,000",84.99,19,869,0,,,빛고을대로 615,0,00615,00000,2009010,0,12300,12300,신용동,,북구,12300,아파트,전월세,202508,아파트 전월세,,,,,
산이고운신용PARK,29170-1368,2025,25.09~27.09,신규,7,8,2025,"29,800",84.8826,15,823,0,,,청계로 13,0,00013,00000,3162075,0,12300,12300,신안동,,북구,12300,아파트,전월세,202508,아파트 전월세,,,,,
교대금호어울림,29170-742,2017,25.10~27.10,신규,29,8,2025,"33,000",84.9833,19,808,0,,,군왕로 17,0,00017,00000,3162002,1,12300,12300,풍향동,,북구,12300,아파트,전월세,202508,아파트 전월세,,,,,
벽산블루밍메가씨티3단지,29170-568,2008,25.10~27.09,신규,13,8,2025,"30,000",84.9957,5,69,0,,,대자로 55,0,00055,00000,3162007,1,12300,12300,운암동,,북구,12300,아파트,전월세,202508,아파트 전월세,,,,,
프라임시티서희스타힐스,29170-890,2024,25.09~27.09,신규,7,8,2025,"2,000",84.9385,13,1135,130,,,거진길 46,0,00046,00000,4286011,0,12300,12300,용두동,,북구,12300,아파트,전월세,202508,아파트 전월세,,,,,
첨단자이1단지,29170-574,2010,25.09~27.09,신규,21,8,2025,"5,000",84.9798,9,549,85,,,임방울대로1042번길 14-1,0,00014,00001,4286610,1,12300,12300,신용동,,북구,12300,아파트,전월세,202508,아파트 전월세,,,,,
휴먼시아,29170-571,2009,25.10~27.10,신규,30,8,2025,"5,000",84.93,5,1470,70,,,설죽로148번길 10,0,00010,00000,4286420,1,12300,12300,용봉동,,북구,12300,아파트,전월세,202508,아파트 전월세,,,,,
산이고운신용PARK,29170-1368,2025,25.09~27.09,신규,4,8,2025,"30,000",84.8619,22,823,0,,,청계로 13,0,00013,00000,3162075,0,12300,12300,신안동,,북구,12300,아파트,전월세,202508,아파트 전월세,,,,,
산이고운신용PARK,29170-1368,2025,25.09~27.09,신규,25,8,2025,"30,000",84.6929,22,823,0,,,청계로 13,0,00013,00000,3162075,0,12300,12300,신안동,,북구,12300,아파트,전월세,202508,아파트 전월세,,,,,
양산타운,29170-214,1998,25.10~26.10,신규,29,8,2025,"4,500",59.94,12,330,45,,,하서로423번길 33,0,00033,00000,4286785,1,12300,12300,용두동,,북구,12300,아파트,전월세,202508,아파트 전월세,,,,,
광명2차,29170-259,1998,25.09~27.09,신규,22,8,2025,"2,000",59.97,12,2-7,50,,,효열로 13,0,00013,00000,3162087,2,12300,12300,연제동,,북구,12300,아파트,전월세,202508,아파트 전월세,,,,,
산이고운신용PARK,29170-1368,2025,25.10~27.10,신규,27,8,2025,"29,800",84.8826,18,823,0,,,청계로 13,0,00013,00000,3162075,0,12300,12300,신안동,,북구,12300,아파트,전월세,202508,아파트 전월세,,,,,
첨단진아리채,29170-801,2020,25.09~27.09,신규,22,8,2025,"3,000",84.9821,7,1123,110,,,용두마을2길 12,0,00012,00000,4857961,0,12300,12300,용두동,,북구,12300,아파트,전월세,202508,아파트 전월세,,,,,
산이고운신용PARK,29170-1368,2025,25.09~27.09,신규,25,8,2025,"30,000",84.6929,22,823,0,,,청계로 13,0,00013,00000,3162075,0,12300,12300,신안동,,북구,12300,아파트,전월세,202508,아파트 전월세,,,,,
힐스테이트신용더리버,29170-885,2024,25.10~27.10,신규,24,8,2025,"39,000",84.99,19,869,0,,,빛고을대로 615,0,00615,00000,2009010,0,12300,12300,신용동,,북구,12300,아파트,전월세,202508,아파트 전월세,,,,,
용봉동지에이그린웰아파트,29170-804,2020,25.10~26.10,신규,1,8,2025,"26,820",84.378,12,1488,0,,,서하로94번길 19,0,00019,00000,4286415,0,12300,12300,용봉동,,북구,12300,아파트,전월세,202508,아파트 전월세,,,,,
힐스테이트각화,29170-767,2018,25.09~27.09,갱신,22,8,2025,"22,000",59.9891,10,594,0,"20,000",,군왕로 295,0,00295,00000,3162002,0,12300,12300,각화동,,북구,12300,아파트,전월세,202508,아파트 전월세,,,,,
힐스테이트각화,29170-767,2018,25.09~27.09,갱신,22,8,2025,"22,000",59.9891,10,594,0,"20,000",,군왕로 295,0,00295,00000,3162002,0,12300,12300,각화동,,북구,12300,아파트,전월세,202508,아파트 전월세,,,,,
청솔4차,29170-254,2001,25.08~27.11,신규,5,8,2025,"9,000",48.45,14,819-3,0,,,일곡마을로 10,0,00010,00000,3162061,1,12300,12300,일곡동,,북구,12300,아파트,전월세,202508,아파트 전월세,,,,,
프라임시티서희스타힐스,29170-890,2024,25.09~27.09,신규,7,8,2025,"2,000",84.9385,13,1135,130,,,거진길 46,0,00046,00000,4286011,0,12300,12300,용두동,,북구,12300,아파트,전월세,202508,아파트 전월세,,,,,
한양수자인리버뷰,29170-687,2014,25.10~27.10,신규,11,8,2025,"5,000",65.6043,14,651,80,,,첨단연신로 184,0,00184,00000,3162094,2,12300,12300,신용동,,북구,12300,아파트,전월세,202508,아파트 전월세,,,,,
한양수자인리버뷰,29170-687,2014,25.10~27.10,신규,11,8,2025,"5,000",65.6043,14,651,80,,,첨단연신로 184,0,00184,00000,3162094,2,12300,12300,신용동,,북구,12300,아파트,전월세,202508,아파트 전월세,,,,,
산이고운신용PARK,29170-1368,2025,25.09~27.09,신규,7,8,2025,"29,800",84.8826,15,823,0,,,청계로 13,0,00013,00000,3162075,0,12300,12300,신안동,,북구,12300,아파트,전월세,202508,아파트 전월세,,,,,
청솔4차,29170-254,2001,25.08~27.11,신규,5,8,2025,"9,000",48.45,14,819-3,0,,,일곡마을로 10,0,00010,00000,3162061,1,12300,12300,일곡동,,북구,12300,아파트,전월세,202508,아파트 전월세,,,,,
산이고운신용PARK,29170-1368,2025,25.09~27.09,신규,4,8,2025,"30,000",84.8619,22,823,0,,,청계로 13,0,00013,00000,3162075,0,12300,12300,신안동,,북구,12300,아파트,전월세,202508,아파트 전월세,,,,,
아크로시티,29200-360,2016,25.10~27.10,신규,27,8,2025,"9,000",43.8815,7,893-2,0,,,임방울대로826번길 60-3,0,00060,00003,4289555,1,12330,12330,월계동,,광산구,12330,아파트,전월세,202508,아파트 전월세,,,,,
운남주공9단지,29200-85,2003,25.09~27.09,신규,29,8,2025,"14,000",84.03,1,681-1,25,,,풍영로 63,0,00063,00000,3163061,3,12330,12330,월곡동,,광산구,12330,아파트,전월세,202508,아파트 전월세,,,,,
금호,29200-42,1996,25.11~27.11,신규,11,8,2025,"3,000",92.39,7,756-5,70,,,첨단중앙로181번길 42-5,0,00042,00005,4289615,1,12330,12330,월계동,,광산구,12330,아파트,전월세,202508,아파트 전월세,,,,,
첨단라인6,29200-63,1997,25.11~27.11,신규,14,8,2025,"12,000",84.83,5,761-3,0,,,임방울대로 673-21,0,00673,00021,2009005,4,12330,12330,월계동,,광산구,12330,아파트,전월세,202508,아파트 전월세,,,,,
무진로더브이벨라코트,29200-488,2023,25.10~27.10,신규,27,8,2025,"29,800",84.8642,9,1607-1,0,,,무진대로212번길 13-9,0,00013,00009,4289118,0,12330,12330,우산동,,광산구,12330,아파트,전월세,202508,아파트 전월세,,,,,
신창6차호반베르디움,29200-212,2005,25.10~27.10,신규,11,8,2025,"25,000",70.9346,15,1048,0,,,신창로35번길 80,0,00080,00000,4289391,1,12330,12330,신가동,,광산구,12330,아파트,전월세,202508,아파트 전월세,,,,,
무진로더브이벨라코트,29200-488,2023,25.10~27.10,신규,27,8,2025,"29,800",84.8642,9,1607-1,0,,,무진대로212번길 13-9,0,00013,00009,4289118,0,12330,12330,우산동,,광산구,12330,아파트,전월세,202508,아파트 전월세,,,,,
소촌3차국제미소래,29200-464,2021,25.10~27.10,갱신,21,8,2025,"17,280",59.9832,8,179-1,0,"17,280",,소촌로42번길 195,0,00195,00000,4289281,1,12330,12330,소촌동,,광산구,12330,아파트,전월세,202508,아파트 전월세,,,,,
소촌3차국제미소래,29200-464,2021,25.10~27.10,갱신,22,8,2025,"17,280",59.9832,14,179-1,0,"17,280",,소촌로42번길 195,0,00195,00000,4289281,1,12330,12330,소촌동,,광산구,12330,아파트,전월세,202508,아파트 전월세,,,,,
아크로시티,29200-360,2016,25.10~27.10,신규,27,8,2025,"9,000",43.8815,7,893-2,0,,,임방울대로826번길 60-3,0,00060,00003,4289555,1,12330,12330,월계동,,광산구,12330,아파트,전월세,202508,아파트 전월세,,,,,
첨단라인1,29200-59,1995,25.09~26.12,신규,1,8,2025,"1,000",60,4,765-2,65,,,월계로 117-32,0,00117,00032,3163039,1,12330,12330,월계동,,광산구,12330,아파트,전월세,202508,아파트 전월세,,,,,
소촌3차국제미소래,29200-464,2021,25.10~27.10,갱신,22,8,2025,"16,880",59.9832,2,179-1,0,"16,880",,소촌로42번길 195,0,00195,00000,4289281,1,12330,12330,소촌동,,광산구,12330,아파트,전월세,202508,아파트 전월세,,,,,
소촌3차국제미소래,29200-464,2021,25.10~27.10,갱신,20,8,2025,"17,280",59.9832,8,179-1,0,"17,280",,소촌로42번길 195,0,00195,00000,4289281,1,12330,12330,소촌동,,광산구,12330,아파트,전월세,202508,아파트 전월세,,,,,
운남주공7단지,29200-138,2001,25.10~27.10,신규,27,8,2025,"12,700",49.83,10,794-3,0,,,목련로153번길 56,0,00056,00000,4289101,1,12330,12330,운남동,,광산구,12330,아파트,전월세,202508,아파트 전월세,,,,,
운남주공7단지,29200-138,2001,25.10~27.10,신규,27,8,2025,"12,700",49.83,10,794-3,0,,,목련로153번길 56,0,00056,00000,4289101,1,12330,12330,운남동,,광산구,12330,아파트,전월세,202508,아파트 전월세,,,,,
소촌3차국제미소래,29200-464,2021,25.10~27.10,갱신,20,8,2025,"17,280",59.9832,5,179-1,0,"17,280",,소촌로42번길 195,0,00195,00000,4289281,1,12330,12330,소촌동,,광산구,12330,아파트,전월세,202508,아파트 전월세,,,,,
하남주공(2단지),29200-39,1991,25.09~27.09,신규,30,8,2025,300,44.52,13,1571-1,34,,,월곡산정로 12,0,00012,00000,3163042,1,12330,12330,우산동,,광산구,12330,아파트,전월세,202508,아파트 전월세,,,,,
호반2차,29200-119,1997,25.09~27.09,신규,14,8,2025,"10,000",59.82,5,763-6,0,,,월계로 59,0,00059,00000,3163039,1,12330,12330,월계동,,광산구,12330,아파트,전월세,202508,아파트 전월세,,,,,
하남주공(2단지),29200-39,1991,25.08~27.08,신규,6,8,2025,300,44.52,13,1571-1,35,,,월곡산정로 12,0,00012,00000,3163042,1,12330,12330,우산동,,광산구,12330,아파트,전월세,202508,아파트 전월세,,,,,
소촌3차국제미소래,29200-464,2021,25.10~27.10,갱신,22,8,2025,"24,480",84.9807,10,179-1,0,"24,480",,소촌로42번길 195,0,00195,00000,4289281,1,12330,12330,소촌동,,광산구,12330,아파트,전월세,202508,아파트 전월세,,,,,
진흥더루벤스,29200-250,2009,25.09~27.09,신규,29,8,2025,"10,000",84.953,11,1306,70,,,장덕로6번길 35,0,00035,00000,4289563,1,12330,12330,장덕동,,광산구,12330,아파트,전월세,202508,아파트 전월세,,,,,
소촌3차국제미소래,29200-464,2021,25.10~27.10,갱신,21,8,2025,"17,280",59.9832,8,179-1,0,"17,280",,소촌로42번길 195,0,00195,00000,4289281,1,12330,12330,소촌동,,광산구,12330,아파트,전월세,202508,아파트 전월세,,,,,
소촌3차국제미소래,29200-464,2021,25.10~27.10,신규,21,8,2025,"16,880",59.9832,4,179-1,0,,,소촌로42번길 195,0,00195,00000,4289281,1,12330,12330,소촌동,,광산구,12330,아파트,전월세,202508,아파트 전월세,,,,,
소촌3차국제미소래,29200-464,2021,25.10~27.10,갱신,21,8,2025,"17,280",59.9832,5,179-1,0,"17,280",,소촌로42번길 195,0,00195,00000,4289281,1,12330,12330,소촌동,,광산구,12330,아파트,전월세,202508,아파트 전월세,,,,,
하남주공(2단지),29200-39,1991,25.09~27.09,신규,30,8,2025,300,44.52,13,1571-1,34,,,월곡산정로 12,0,00012,00000,3163042,1,12330,12330,우산동,,광산구,12330,아파트,전월세,202508,아파트 전월세,,,,,
토담휴로스,29200-305,2013,25.08~26.08,신규,11,8,2025,300,19.9163,8,1576-4,35,,,무진대로231번길 13-5,0,00013,00005,4289119,1,12330,12330,우산동,,광산구,12330,아파트,전월세,202508,아파트 전월세,,,,,
소촌3차국제미소래,29200-464,2021,25.10~27.10,갱신,20,8,2025,"17,280",59.9832,15,179-1,0,"17,280",,소촌로42번길 195,0,00195,00000,4289281,1,12330,12330,소촌동,,광산구,12330,아파트,전월세,202508,아파트 전월세,,,,,
진흥더루벤스,29200-250,2009,25.09~27.09,신규,29,8,2025,"10,000",84.953,11,1306,70,,,장덕로6번길 35,0,00035,00000,4289563,1,12330,12330,장덕동,,광산구,12330,아파트,전월세,202508,아파트 전월세,,,,,
소촌3차국제미소래,29200-464,2021,25.10~27.10,갱신,22,8,2025,"16,880",59.9832,2,179-1,0,"16,880",,소촌로42번길 195,0,00195,00000,4289281,1,12330,12330,소촌동,,광산구,12330,아파트,전월세,202508,아파트 전월세,,,,,
소촌3차국제미소래,29200-464,2021,25.10~27.10,갱신,20,8,2025,"17,280",59.9832,11,179-1,0,"17,280",,소촌로42번길 195,0,00195,00000,4289281,1,12330,12330,소촌동,,광산구,12330,아파트,전월세,202508,아파트 전월세,,,,,
운남주공9단지,29200-85,2003,25.09~27.09,신규,29,8,2025,"14,000",84.03,1,681-1,25,,,풍영로 63,0,00063,00000,3163061,3,12330,12330,월곡동,,광산구,12330,아파트,전월세,202508,아파트 전월세,,,,,
평동역광신프로그레스,29200-471,2022,25.09~30.08,신규,21,8,2025,"20,248",84.8993,13,1265,0,,,평동로752번길 8,0,00008,00000,4861435,0,12330,12330,옥동,,광산구,12330,아파트,전월세,202508,아파트 전월세,,,,,
소촌3차국제미소래,29200-464,2021,25.10~27.10,갱신,20,8,2025,"17,280",59.9832,13,179-1,0,"17,280",,소촌로42번길 195,0,00195,00000,4289281,1,12330,12330,소촌동,,광산구,12330,아파트,전월세,202508,아파트 전월세,,,,,
소촌3차국제미소래,29200-464,2021,25.10~27.10,갱신,22,8,2025,"24,480",84.9807,10,179-1,0,"24,480",,소촌로42번길 195,0,00195,00000,4289281,1,12330,12330,소촌동,,광산구,12330,아파트,전월세,202508,아파트 전월세,,,,,
소촌3차국제미소래,29200-464,2021,25.10~27.10,갱신,21,8,2025,"24,480",84.9807,7,179-1,0,"24,480",,소촌로42번길 195,0,00195,00000,4289281,1,12330,12330,소촌동,,광산구,12330,아파트,전월세,202508,아파트 전월세,,,,,
더뷰,29200-366,2016,25.09~27.09,갱신,4,8,2025,"7,000",18.8397,7,185-7,0,"7,000",,용아로 145,0,00145,00000,3163035,0,12330,12330,소촌동,,광산구,12330,아파트,전월세,202508,아파트 전월세,,,,,
아크로시티,29200-360,2016,25.10~27.10,신규,27,8,2025,"9,000",43.8815,7,893-2,0,,,임방울대로826번길 60-3,0,00060,00003,4289555,1,12330,12330,월계동,,광산구,12330,아파트,전월세,202508,아파트 전월세,,,,,
소촌3차국제미소래,29200-464,2021,25.10~27.10,갱신,20,8,2025,"24,480",84.9807,9,179-1,0,"24,480",,소촌로42번길 195,0,00195,00000,4289281,1,12330,12330,소촌동,,광산구,12330,아파트,전월세,202508,아파트 전월세,,,,,
소촌3차국제미소래,29200-464,2021,25.10~27.10,신규,21,8,2025,"16,880",59.9832,4,179-1,0,,,소촌로42번길 195,0,00195,00000,4289281,1,12330,12330,소촌동,,광산구,12330,아파트,전월세,202508,아파트 전월세,,,,,
소촌3차국제미소래,29200-464,2021,25.10~27.10,갱신,22,8,2025,"17,280",59.9832,8,179-1,0,"17,280",,소촌로42번길 195,0,00195,00000,4289281,1,12330,12330,소촌동,,광산구,12330,아파트,전월세,202508,아파트 전월세,,,,,
선운지구다사로움,29200-339,2015,25.09~27.09,신규,15,8,2025,"5,000",49.7426,4,586,60,,,선운로 34,0,00034,00000,3163081,0,12330,12330,선암동,,광산구,12330,아파트,전월세,202508,아파트 전월세,,,,,
소촌3차국제미소래,29200-464,2021,25.10~27.10,갱신,20,8,2025,"17,280",59.9832,5,179-1,0,"17,280",,소촌로42번길 195,0,00195,00000,4289281,1,12330,12330,소촌동,,광산구,12330,아파트,전월세,202508,아파트 전월세,,,,,
부영애시앙1차,29200-236,2008,25.10~27.10,신규,11,8,2025,"24,000",84.2801,9,1309,0,,,장덕로6번길 59,0,00059,00000,4289563,1,12330,12330,장덕동,,광산구,12330,아파트,전월세,202508,아파트 전월세,,,,,
소촌3차국제미소래,29200-464,2021,25.10~27.10,갱신,20,8,2025,"24,480",84.9807,14,179-1,0,"24,480",,소촌로42번길 195,0,00195,00000,4289281,1,12330,12330,소촌동,,광산구,12330,아파트,전월세,202508,아파트 전월세,,,,,
소촌3차국제미소래,29200-464,2021,25.10~27.10,갱신,20,8,2025,"17,280",59.9832,13,179-1,0,"17,280",,소촌로42번길 195,0,00195,00000,4289281,1,12330,12330,소촌동,,광산구,12330,아파트,전월세,202508,아파트 전월세,,,,,
소촌3차국제미소래,29200-464,2021,25.10~27.10,갱신,22,8,2025,"17,280",59.9832,15,179-1,0,"17,280",,소촌로42번길 195,0,00195,00000,4289281,1,12330,12330,소촌동,,광산구,12330,아파트,전월세,202508,아파트 전월세,,,,,
소촌3차국제미소래,29200-464,2021,25.10~27.10,갱신,21,8,2025,"17,280",59.9832,9,179-1,0,"17,280",,소촌로42번길 195,0,00195,00000,4289281,1,12330,12330,소촌동,,광산구,12330,아파트,전월세,202508,아파트 전월세,,,,,
소촌3차국제미소래,29200-464,2021,25.10~27.10,갱신,21,8,2025,"17,280",59.9832,6,179-1,0,"17,280",,소촌로42번길 195,0,00195,00000,4289281,1,12330,12330,소촌동,,광산구,12330,아파트,전월세,202508,아파트 전월세,,,,,
소촌3차국제미소래,29200-464,2021,25.10~27.10,갱신,20,8,2025,"17,280",59.9832,14,179-1,0,"17,280",,소촌로42번길 195,0,00195,00000,4289281,1,12330,12330,소촌동,,광산구,12330,아파트,전월세,202508,아파트 전월세,,,,,
소촌3차국제미소래,29200-464,2021,25.10~27.10,갱신,20,8,2025,"24,480",84.9807,9,179-1,0,"24,480",,소촌로42번길 195,0,00195,00000,4289281,1,12330,12330,소촌동,,광산구,12330,아파트,전월세,202508,아파트 전월세,,,,,
소촌3차국제미소래,29200-464,2021,25.10~27.10,갱신,22,8,2025,"17,280",59.9832,14,179-1,0,"17,280",,소촌로42번길 195,0,00195,00000,4289281,1,12330,12330,소촌동,,광산구,12330,아파트,전월세,202508,아파트 전월세,,,,,
소촌3차국제미소래,29200-464,2021,25.10~27.10,갱신,22,8,2025,"17,280",59.9832,14,179-1,0,"17,280",,소촌로42번길 195,0,00195,00000,4289281,1,12330,12330,소촌동,,광산구,12330,아파트,전월세,202508,아파트 전월세,,,,,
소촌3차국제미소래,29200-464,2021,25.10~27.10,갱신,22,8,2025,"17,280",59.9832,15,179-1,0,"17,280",,소촌로42번길 195,0,00195,00000,4289281,1,12330,12330,소촌동,,광산구,12330,아파트,전월세,202508,아파트 전월세,,,,,
소촌3차국제미소래,29200-464,2021,25.10~27.10,갱신,22,8,2025,"17,280",59.9832,13,179-1,0,"17,280",,소촌로42번길 195,0,00195,00000,4289281,1,12330,12330,소촌동,,광산구,12330,아파트,전월세,202508,아파트 전월세,,,,,
하남주공(2단지),29200-39,1991,25.08~27.08,신규,6,8,2025,300,44.52,13,1571-1,35,,,월곡산정로 12,0,00012,00000,3163042,1,12330,12330,우산동,,광산구,12330,아파트,전월세,202508,아파트 전월세,,,,,
소촌3차국제미소래,29200-464,2021,25.10~27.10,갱신,22,8,2025,"17,280",59.9832,14,179-1,0,"17,280",,소촌로42번길 195,0,00195,00000,4289281,1,12330,12330,소촌동,,광산구,12330,아파트,전월세,202508,아파트 전월세,,,,,
소촌3차국제미소래,29200-464,2021,25.10~27.10,갱신,22,8,2025,"17,280",59.9832,13,179-1,0,"17,280",,소촌로42번길 195,0,00195,00000,4289281,1,12330,12330,소촌동,,광산구,12330,아파트,전월세,202508,아파트 전월세,,,,,
소촌3차국제미소래,29200-464,2021,25.10~27.10,갱신,22,8,2025,"17,280",59.9832,8,179-1,0,"17,280",,소촌로42번길 195,0,00195,00000,4289281,1,12330,12330,소촌동,,광산구,12330,아파트,전월세,202508,아파트 전월세,,,,,
소촌3차국제미소래,29200-464,2021,25.10~27.10,갱신,20,8,2025,"17,280",59.9832,8,179-1,0,"17,280",,소촌로42번길 195,0,00195,00000,4289281,1,12330,12330,소촌동,,광산구,12330,아파트,전월세,202508,아파트 전월세,,,,,
쌍용더플래티넘광산,29200-447,2021,25.09~27.09,신규,20,8,2025,"33,000",84.9784,17,1625,0,,,우산로107번길 67,0,00067,00000,4289471,1,12330,12330,우산동,,광산구,12330,아파트,전월세,202508,아파트 전월세,,,,,
소촌3차국제미소래,29200-464,2021,25.10~27.10,갱신,21,8,2025,"17,280",59.9832,6,179-1,0,"17,280",,소촌로42번길 195,0,00195,00000,4289281,1,12330,12330,소촌동,,광산구,12330,아파트,전월세,202508,아파트 전월세,,,,,
소촌3차국제미소래,29200-464,2021,25.10~27.10,갱신,21,8,2025,"17,280",59.9832,6,179-1,0,"17,280",,소촌로42번길 195,0,00195,00000,4289281,1,12330,12330,소촌동,,광산구,12330,아파트,전월세,202508,아파트 전월세,,,,,
토담휴로스,29200-305,2013,25.08~26.08,신규,11,8,2025,300,19.9163,8,1576-4,35,,,무진대로231번길 13-5,0,00013,00005,4289119,1,12330,12330,우산동,,광산구,12330,아파트,전월세,202508,아파트 전월세,,,,,
소촌3차국제미소래,29200-464,2021,25.10~27.10,갱신,21,8,2025,"24,080",84.9807,4,179-1,0,"24,080",,소촌로42번길 195,0,00195,00000,4289281,1,12330,12330,소촌동,,광산구,12330,아파트,전월세,202508,아파트 전월세,,,,,
소촌3차국제미소래,29200-464,2021,25.10~27.10,갱신,21,8,2025,"24,480",84.9807,7,179-1,0,"24,480",,소촌로42번길 195,0,00195,00000,4289281,1,12330,12330,소촌동,,광산구,12330,아파트,전월세,202508,아파트 전월세,,,,,
소촌3차국제미소래,29200-464,2021,25.10~27.10,갱신,21,8,2025,"16,880",59.9832,3,179-1,0,"16,880",,소촌로42번길 195,0,00195,00000,4289281,1,12330,12330,소촌동,,광산구,12330,아파트,전월세,202508,아파트 전월세,,,,,
소촌3차국제미소래,29200-464,2021,25.10~27.10,갱신,21,8,2025,"24,080",84.9807,4,179-1,0,"24,080",,소촌로42번길 195,0,00195,00000,4289281,1,12330,12330,소촌동,,광산구,12330,아파트,전월세,202508,아파트 전월세,,,,,
평동역광신프로그레스,29200-471,2022,25.09~30.08,신규,21,8,2025,"20,248",84.8993,13,1265,0,,,평동로752번길 8,0,00008,00000,4861435,0,12330,12330,옥동,,광산구,12330,아파트,전월세,202508,아파트 전월세,,,,,
쌍용더플래티넘광산,29200-447,2021,25.09~27.09,신규,20,8,2025,"33,000",84.9784,17,1625,0,,,우산로107번길 67,0,00067,00000,4289471,1,12330,12330,우산동,,광산구,12330,아파트,전월세,202508,아파트 전월세,,,,,
소촌3차국제미소래,29200-464,2021,25.10~27.10,갱신,21,8,2025,"17,280",59.9832,7,179-1,0,"17,280",,소촌로42번길 195,0,00195,00000,4289281,1,12330,12330,소촌동,,광산구,12330,아파트,전월세,202508,아파트 전월세,,,,,
소촌3차국제미소래,29200-464,2021,25.10~27.10,갱신,20,8,2025,"17,280",59.9832,15,179-1,0,"17,280",,소촌로42번길 195,0,00195,00000,4289281,1,12330,12330,소촌동,,광산구,12330,아파트,전월세,202508,아파트 전월세,,,,,
소촌3차국제미소래,29200-464,2021,25.10~27.10,갱신,21,8,2025,"16,880",59.9832,3,179-1,0,"16,880",,소촌로42번길 195,0,00195,00000,4289281,1,12330,12330,소촌동,,광산구,12330,아파트,전월세,202508,아파트 전월세,,,,,
소촌3차국제미소래,29200-464,2021,25.10~27.10,갱신,21,8,2025,"17,280",59.9832,15,179-1,0,"17,280",,소촌로42번길 195,0,00195,00000,4289281,1,12330,12330,소촌동,,광산구,12330,아파트,전월세,202508,아파트 전월세,,,,,
소촌3차국제미소래,29200-464,2021,25.10~27.10,갱신,21,8,2025,"17,280",59.9832,7,179-1,0,"17,280",,소촌로42번길 195,0,00195,00000,4289281,1,12330,12330,소촌동,,광산구,12330,아파트,전월세,202508,아파트 전월세,,,,,
소촌3차국제미소래,29200-464,2021,25.10~27.10,갱신,21,8,2025,"17,280",59.9832,5,179-1,0,"17,280",,소촌로42번길 195,0,00195,00000,4289281,1,12330,12330,소촌동,,광산구,12330,아파트,전월세,202508,아파트 전월세,,,,,
소촌3차국제미소래,29200-464,2021,25.10~27.10,갱신,20,8,2025,"24,480",84.9807,14,179-1,0,"24,480",,소촌로42번길 195,0,00195,00000,4289281,1,12330,12330,소촌동,,광산구,12330,아파트,전월세,202508,아파트 전월세,,,,,
소촌3차국제미소래,29200-464,2021,25.10~27.10,갱신,21,8,2025,"17,280",59.9832,9,179-1,0,"17,280",,소촌로42번길 195,0,00195,00000,4289281,1,12330,12330,소촌동,,광산구,12330,아파트,전월세,202508,아파트 전월세,,,,,
소촌3차국제미소래,29200-464,2021,25.10~27.10,갱신,21,8,2025,"17,280",59.9832,15,179-1,0,"17,280",,소촌로42번길 195,0,00195,00000,4289281,1,12330,12330,소촌동,,광산구,12330,아파트,전월세,202508,아파트 전월세,,,,,
소촌3차국제미소래,29200-464,2021,25.10~27.10,갱신,20,8,2025,"17,280",59.9832,13,179-1,0,"17,280",,소촌로42번길 195,0,00195,00000,4289281,1,12330,12330,소촌동,,광산구,12330,아파트,전월세,202508,아파트 전월세,,,,,
금호,29200-42,1996,25.11~27.11,신규,11,8,2025,"3,000",92.39,7,756-5,70,,,첨단중앙로181번길 42-5,0,00042,00005,4289615,1,12330,12330,월계동,,광산구,12330,아파트,전월세,202508,아파트 전월세,,,,,
선운지구다사로움,29200-339,2015,25.09~27.09,신규,15,8,2025,"5,000",49.7426,4,586,60,,,선운로 34,0,00034,00000,3163081,0,12330,12330,선암동,,광산구,12330,아파트,전월세,202508,아파트 전월세,,,,,
소촌3차국제미소래,29200-464,2021,25.10~27.10,갱신,20,8,2025,"24,480",84.9807,14,179-1,0,"24,480",,소촌로42번길 195,0,00195,00000,4289281,1,12330,12330,소촌동,,광산구,12330,아파트,전월세,202508,아파트 전월세,,,,,
소촌3차국제미소래,29200-464,2021,25.10~27.10,갱신,20,8,2025,"16,880",59.9832,4,179-1,0,"16,880",,소촌로42번길 195,0,00195,00000,4289281,1,12330,12330,소촌동,,광산구,12330,아파트,전월세,202508,아파트 전월세,,,,,
소촌3차국제미소래,29200-464,2021,25.10~27.10,갱신,20,8,2025,"17,280",59.9832,9,179-1,0,"17,280",,소촌로42번길 195,0,00195,00000,4289281,1,12330,12330,소촌동,,광산구,12330,아파트,전월세,202508,아파트 전월세,,,,,
소촌3차국제미소래,29200-464,2021,25.10~27.10,갱신,20,8,2025,"17,280",59.9832,7,179-1,0,"17,280",,소촌로42번길 195,0,00195,00000,4289281,1,12330,12330,소촌동,,광산구,12330,아파트,전월세,202508,아파트 전월세,,,,,
소촌3차국제미소래,29200-464,2021,25.10~27.10,갱신,20,8,2025,"16,880",59.9832,4,179-1,0,"16,880",,소촌로42번길 195,0,00195,00000,4289281,1,12330,12330,소촌동,,광산구,12330,아파트,전월세,202508,아파트 전월세,,,,,
소촌3차국제미소래,29200-464,2021,25.10~27.10,갱신,20,8,2025,"17,280",59.9832,11,179-1,0,"17,280",,소촌로42번길 195,0,00195,00000,4289281,1,12330,12330,소촌동,,광산구,12330,아파트,전월세,202508,아파트 전월세,,,,,
소촌3차국제미소래,29200-464,2021,25.10~27.10,갱신,20,8,2025,"16,880",59.9832,4,179-1,0,"16,880",,소촌로42번길 195,0,00195,00000,4289281,1,12330,12330,소촌동,,광산구,12330,아파트,전월세,202508,아파트 전월세,,,,,
소촌3차국제미소래,29200-464,2021,25.10~27.10,갱신,20,8,2025,"24,480",84.9807,11,179-1,0,"24,480",,소촌로42번길 195,0,00195,00000,4289281,1,12330,12330,소촌동,,광산구,12330,아파트,전월세,202508,아파트 전월세,,,,,
소촌3차국제미소래,29200-464,2021,25.10~27.10,갱신,20,8,2025,"24,480",84.9807,11,179-1,0,"24,480",,소촌로42번길 195,0,00195,00000,4289281,1,12330,12330,소촌동,,광산구,12330,아파트,전월세,202508,아파트 전월세,,,,,
소촌3차국제미소래,29200-464,2021,25.10~27.10,갱신,20,8,2025,"16,880",59.9832,2,179-1,0,"16,880",,소촌로42번길 195,0,00195,00000,4289281,1,12330,12330,소촌동,,광산구,12330,아파트,전월세,202508,아파트 전월세,,,,,
소촌3차국제미소래,29200-464,2021,25.10~27.10,갱신,20,8,2025,"17,280",59.9832,6,179-1,0,"17,280",,소촌로42번길 195,0,00195,00000,4289281,1,12330,12330,소촌동,,광산구,12330,아파트,전월세,202508,아파트 전월세,,,,,
소촌3차국제미소래,29200-464,2021,25.10~27.10,갱신,20,8,2025,"17,280",59.9832,6,179-1,0,"17,280",,소촌로42번길 195,0,00195,00000,4289281,1,12330,12330,소촌동,,광산구,12330,아파트,전월세,202508,아파트 전월세,,,,,
소촌3차국제미소래,29200-464,2021,25.10~27.10,갱신,20,8,2025,"17,280",59.9832,5,179-1,0,"17,280",,소촌로42번길 195,0,00195,00000,4289281,1,12330,12330,소촌동,,광산구,12330,아파트,전월세,202508,아파트 전월세,,,,,
소촌3차국제미소래,29200-464,2021,25.10~27.10,갱신,20,8,2025,"17,280",59.9832,9,179-1,0,"17,280",,소촌로42번길 195,0,00195,00000,4289281,1,12330,12330,소촌동,,광산구,12330,아파트,전월세,202508,아파트 전월세,,,,,
소촌3차국제미소래,29200-464,2021,25.10~27.10,갱신,20,8,2025,"16,880",59.9832,2,179-1,0,"16,880",,소촌로42번길 195,0,00195,00000,4289281,1,12330,12330,소촌동,,광산구,12330,아파트,전월세,202508,아파트 전월세,,,,,
소촌3차국제미소래,29200-464,2021,25.10~27.10,갱신,20,8,2025,"17,280",59.9832,7,179-1,0,"17,280",,소촌로42번길 195,0,00195,00000,4289281,1,12330,12330,소촌동,,광산구,12330,아파트,전월세,202508,아파트 전월세,,,,,
소촌3차국제미소래,29200-464,2021,25.10~27.10,갱신,20,8,2025,"17,280",59.9832,7,179-1,0,"17,280",,소촌로42번길 195,0,00195,00000,4289281,1,12330,12330,소촌동,,광산구,12330,아파트,전월세,202508,아파트 전월세,,,,,
소촌3차국제미소래,29200-464,2021,25.10~27.10,갱신,20,8,2025,"17,280",59.9832,7,179-1,0,"17,280",,소촌로42번길 195,0,00195,00000,4289281,1,12330,12330,소촌동,,광산구,12330,아파트,전월세,202508,아파트 전월세,,,,,
소촌3차국제미소래,29200-464,2021,25.10~27.10,갱신,20,8,2025,"17,280",59.9832,7,179-1,0,"17,280",,소촌로42번길 195,0,00195,00000,4289281,1,12330,12330,소촌동,,광산구,12330,아파트,전월세,202508,아파트 전월세,,,,,
소촌3차국제미소래,29200-464,2021,25.10~27.10,갱신,20,8,2025,"17,280",59.9832,13,179-1,0,"17,280",,소촌로42번길 195,0,00195,00000,4289281,1,12330,12330,소촌동,,광산구,12330,아파트,전월세,202508,아파트 전월세,,,,,
소촌3차국제미소래,29200-464,2021,25.10~27.10,갱신,20,8,2025,"17,280",59.9832,14,179-1,0,"17,280",,소촌로42번길 195,0,00195,00000,4289281,1,12330,12330,소촌동,,광산구,12330,아파트,전월세,202508,아파트 전월세,,,,,
소촌3차국제미소래,29200-464,2021,25.10~27.10,갱신,20,8,2025,"24,480",84.9807,11,179-1,0,"24,480",,소촌로42번길 195,0,00195,00000,4289281,1,12330,12330,소촌동,,광산구,12330,아파트,전월세,202508,아파트 전월세,,,,,
어등산대방노블랜드,29200-301,2013,25.11~27.11,신규,12,8,2025,"45,000",116.139,13,1125,0,,,용아로297번길 17,0,00017,00000,4289699,1,12330,12330,산정동,,광산구,12330,아파트,전월세,202508,아파트 전월세,,,,,
첨단라인6,29200-63,1997,25.11~27.11,신규,14,8,2025,"12,000",84.83,5,761-3,0,,,임방울대로 673-21,0,00673,00021,2009005,4,12330,12330,월계동,,광산구,12330,아파트,전월세,202508,아파트 전월세,,,,,
신창6차호반베르디움,29200-212,2005,25.10~27.10,신규,11,8,2025,"25,000",70.9346,15,1048,0,,,신창로35번길 80,0,00080,00000,4289391,1,12330,12330,신가동,,광산구,12330,아파트,전월세,202508,아파트 전월세,,,,,
첨단라인1,29200-59,1995,25.09~26.12,신규,1,8,2025,"1,000",60,4,765-2,65,,,월계로 117-32,0,00117,00032,3163039,1,12330,12330,월계동,,광산구,12330,아파트,전월세,202508,아파트 전월세,,,,,
호반2차,29200-119,1997,25.09~27.09,신규,14,8,2025,"10,000",59.82,5,763-6,0,,,월계로 59,0,00059,00000,3163039,1,12330,12330,월계동,,광산구,12330,아파트,전월세,202508,아파트 전월세,,,,,
에이엠시티5차,29200-307,2013,25.09~26.09,신규,9,8,2025,"3,000",33.1446,5,682-1,20,,,임방울대로825번길 19,0,00019,00000,4289554,1,12330,12330,쌍암동,,광산구,12330,아파트,전월세,202508,아파트 전월세,,,,,
어등산대방노블랜드,29200-301,2013,25.11~27.11,신규,12,8,2025,"45,000",116.139,13,1125,0,,,용아로297번길 17,0,00017,00000,4289699,1,12330,12330,산정동,,광산구,12330,아파트,전월세,202508,아파트 전월세,,,,,
에이엠시티5차,29200-307,2013,25.09~26.09,신규,9,8,2025,"3,000",33.1446,5,682-1,20,,,임방울대로825번길 19,0,00019,00000,4289554,1,12330,12330,쌍암동,,광산구,12330,아파트,전월세,202508,아파트 전월세,,,,,
부영애시앙1차,29200-236,2008,25.10~27.10,신규,11,8,2025,"24,000",84.2801,9,1309,0,,,장덕로6번길 59,0,00059,00000,4289563,1,12330,12330,장덕동,,광산구,12330,아파트,전월세,202508,아파트 전월세,,,,,
호반리젠시빌4,29200-122,2003,25.09~27.09,신규,5,8,2025,"23,000",83.7154,2,883-1,0,,,첨단중앙로68번길 99,0,00099,00000,4289619,1,12330,12330,산월동,,광산구,12330,아파트,전월세,202508,아파트 전월세,,,,,
호반리젠시빌4,29200-122,2003,25.09~27.09,신규,5,8,2025,"23,000",83.7154,2,883-1,0,,,첨단중앙로68번길 99,0,00099,00000,4289619,1,12330,12330,산월동,,광산구,12330,아파트,전월세,202508,아파트 전월세,,,,,
호반리젠시빌4,29200-122,2003,25.09~27.09,신규,5,8,2025,"23,000",83.7154,2,883-1,0,,,첨단중앙로68번길 99,0,00099,00000,4289619,1,12330,12330,산월동,,광산구,12330,아파트,전월세,202508,아파트 전월세,,,,,
호반리젠시빌4,29200-122,2003,25.09~27.09,신규,5,8,2025,"23,000",83.7154,2,883-1,0,,,첨단중앙로68번길 99,0,00099,00000,4289619,1,12330,12330,산월동,,광산구,12330,아파트,전월세,202508,아파트 전월세,,,,,
삼성,29200-48,1996,25.08~27.08,갱신,5,8,2025,"18,000",84.93,3,758-7,0,"18,000",,임방울대로 743,0,00743,00000,2009005,4,12330,12330,월계동,,광산구,12330,아파트,전월세,202508,아파트 전월세,,,,,
삼성,29200-48,1996,25.08~27.08,갱신,5,8,2025,"18,000",84.93,3,758-7,0,"18,000",,임방울대로 743,0,00743,00000,2009005,4,12330,12330,월계동,,광산구,12330,아파트,전월세,202508,아파트 전월세,,,,,
모아엘가,29200-243,2009,25.08~27.08,신규,5,8,2025,"45,000",84.9331,2,1486,0,,,수완로33번길 76,0,00076,00000,4289339,1,12330,12330,수완동,,광산구,12330,아파트,전월세,202508,아파트 전월세,,,,,
더뷰,29200-366,2016,25.09~27.09,갱신,4,8,2025,"7,000",18.8397,7,185-7,0,"7,000",,용아로 145,0,00145,00000,3163035,0,12330,12330,소촌동,,광산구,12330,아파트,전월세,202508,아파트 전월세,,,,,
모아엘가,29200-243,2009,25.08~27.08,신규,5,8,2025,"45,000",84.9331,2,1486,0,,,수완로33번길 76,0,00076,00000,4289339,1,12330,12330,수완동,,광산구,12330,아파트,전월세,202508,아파트 전월세,,,,,
월남호반베르디움1차,29110-332,2015,25.11~27.11,신규,24,9,2025,"15,248",78.2705,2,620,33,,,남문로 377,0,00377,00000,3159003,3,12210,12210,월남동,,동구,12210,아파트,전월세,202509,아파트 전월세,,,,,
명지로드힐포레,29110-372,2021,25.12~27.12,신규,18,9,2025,"25,000",74.1309,7,730,0,,,밤실로90번길 20,0,00020,00000,4277117,1,12210,12210,산수동,,동구,12210,아파트,전월세,202509,아파트 전월세,,,,,
광주선교지구1차우방아이유쉘아파트,29110-383,2023,25.10~27.10,신규,24,9,2025,"14,000",49.0667,12,487,0,,,선교로 38-30,0,00038,00030,3159009,0,12210,12210,선교동,,동구,12210,아파트,전월세,202509,아파트 전월세,,,,,
광주선교지구1차우방아이유쉘아파트,29110-383,2023,25.10~27.10,신규,26,9,2025,"14,000",49.0667,20,487,0,,,선교로 38-30,0,00038,00030,3159009,0,12210,12210,선교동,,동구,12210,아파트,전월세,202509,아파트 전월세,,,,,
광주선교지구1차우방아이유쉘아파트,29110-383,2023,25.10~27.10,신규,26,9,2025,"14,000",49.0667,20,487,0,,,선교로 38-30,0,00038,00030,3159009,0,12210,12210,선교동,,동구,12210,아파트,전월세,202509,아파트 전월세,,,,,
광주선교지구1차우방아이유쉘아파트,29110-383,2023,25.10~27.10,신규,24,9,2025,"14,000",49.0667,12,487,0,,,선교로 38-30,0,00038,00030,3159009,0,12210,12210,선교동,,동구,12210,아파트,전월세,202509,아파트 전월세,,,,,
월남호반베르디움1차,29110-332,2015,25.11~27.11,신규,24,9,2025,"15,248",78.2705,2,620,33,,,남문로 377,0,00377,00000,3159003,3,12210,12210,월남동,,동구,12210,아파트,전월세,202509,아파트 전월세,,,,,
명지로드힐포레,29110-372,2021,25.12~27.12,신규,18,9,2025,"25,000",74.1309,7,730,0,,,밤실로90번길 20,0,00020,00000,4277117,1,12210,12210,산수동,,동구,12210,아파트,전월세,202509,아파트 전월세,,,,,
아르티엠더퍼플,29110-652,2025,25.09~27.09,신규,5,9,2025,"45,500",84.5021,21,33,0,,,구성로 147,0,00147,00000,3009001,0,12210,12210,수기동,,동구,12210,아파트,전월세,202509,아파트 전월세,,,,,
아르티엠더퍼플,29110-652,2025,25.09~27.09,신규,5,9,2025,"45,500",84.5021,21,33,0,,,구성로 147,0,00147,00000,3009001,0,12210,12210,수기동,,동구,12210,아파트,전월세,202509,아파트 전월세,,,,,
월남호반베르디움1차,29110-332,2015,25.10~27.10,신규,1,9,2025,"12,146",59.9552,17,620,28,,,남문로 377,0,00377,00000,3159003,3,12210,12210,월남동,,동구,12210,아파트,전월세,202509,아파트 전월세,,,,,
내남지구진아리채1차,29110-362,2019,25.09~27.09,신규,5,9,2025,"20,791",84.988,7,902,5,,,육판서길 16,,00016,00000,4277158,1,12210,12210,내남동,,동구,12210,아파트,전월세,202509,아파트 전월세,,,,,
내남지구진아리채1차,29110-362,2019,25.09~27.09,신규,5,9,2025,"20,791",84.988,7,902,5,,,육판서길 16,,00016,00000,4277158,1,12210,12210,내남동,,동구,12210,아파트,전월세,202509,아파트 전월세,,,,,
월남호반베르디움1차,29110-332,2015,25.10~27.10,신규,1,9,2025,"12,146",59.9552,17,620,28,,,남문로 377,0,00377,00000,3159003,3,12210,12210,월남동,,동구,12210,아파트,전월세,202509,아파트 전월세,,,,,
호반베르디움,29140-310,2008,25.11~27.11,신규,20,9,2025,"38,000",84.858,9,615,0,,,하남대로680번길 10,0,00010,00000,4280563,1,12240,12240,동천동,,서구,12240,아파트,전월세,202509,아파트 전월세,,,,,
e편한세상,29140-316,2010,25.12~27.12,신규,30,9,2025,"35,000",113.7384,6,895,0,,,화운로 278,0,00278,00000,3160065,1,12240,12240,광천동,,서구,12240,아파트,전월세,202509,아파트 전월세,,,,,
호반베르디움,29140-310,2008,25.11~27.11,신규,20,9,2025,"38,000",84.858,9,615,0,,,하남대로680번길 10,0,00010,00000,4280563,1,12240,12240,동천동,,서구,12240,아파트,전월세,202509,아파트 전월세,,,,,
한국,29140-113,1994,25.10~27.10,신규,25,9,2025,"16,500",69.59,7,739-2,0,,,운천로56번길 7,0,00007,00000,4280318,1,12240,12240,금호동,,서구,12240,아파트,전월세,202509,아파트 전월세,,,,,
내방마을주공,29140-146,2002,25.10~27.10,신규,9,9,2025,500,39.93,2,848,45,,,화운로193번길 25,0,00025,00000,4280504,2,12240,12240,내방동,,서구,12240,아파트,전월세,202509,아파트 전월세,,,,,
호반써밋광주,29140-398,2019,25.11~27.11,신규,20,9,2025,"43,000",84.9405,37,896,0,,,무진대로 919,0,00919,00000,2009009,0,12240,12240,광천동,,서구,12240,아파트,전월세,202509,아파트 전월세,,,,,
주은모아,29140-130,2000,25.11~27.11,신규,30,9,2025,"2,000",59.7,12,1127,60,,,풍암2로 36,0,00036,00000,3160048,1,12240,12240,풍암동,,서구,12240,아파트,전월세,202509,아파트 전월세,,,,,
상무양우내안애,29140-402,2020,25.11~27.11,신규,2,9,2025,"32,000",84.2343,4,812,0,,,백석길 22-14,0,00022,00014,4280145,1,12240,12240,마륵동,,서구,12240,아파트,전월세,202509,아파트 전월세,,,,,
상무리채2,29140-357,2014,25.10~26.12,신규,27,9,2025,500,22.9649,8,1258-5,43,,,시청로 13,0,00013,00000,3160029,1,12240,12240,치평동,,서구,12240,아파트,전월세,202509,아파트 전월세,,,,,
호반리젠시빌5차,29140-158,2002,25.10~27.10,신규,13,9,2025,"29,000",84.891,5,809,0,,,화개1로78번길 8,0,00008,00000,4280480,1,12240,12240,금호동,,서구,12240,아파트,전월세,202509,아파트 전월세,,,,,
대주,29140-29,1998,25.12~27.12,신규,19,9,2025,"20,000",59.955,10,1168-11,0,,,상무공원로 94,0,00094,00000,3160015,1,12240,12240,치평동,,서구,12240,아파트,전월세,202509,아파트 전월세,,,,,
명지,29140-47,1997,25.10~27.10,신규,23,9,2025,"1,000",59.97,8,879,60,,,운천로154번길 12,0,00012,00000,4280308,1,12240,12240,쌍촌동,,서구,12240,아파트,전월세,202509,아파트 전월세,,,,,
한국,29140-113,1994,25.10~27.10,신규,25,9,2025,"16,500",69.59,7,739-2,0,,,운천로56번길 7,0,00007,00000,4280318,1,12240,12240,금호동,,서구,12240,아파트,전월세,202509,아파트 전월세,,,,,
주은모아,29140-130,2000,25.11~27.11,신규,30,9,2025,"2,000",59.7,12,1127,60,,,풍암2로 36,0,00036,00000,3160048,1,12240,12240,풍암동,,서구,12240,아파트,전월세,202509,아파트 전월세,,,,,
상무리채2,29140-357,2014,25.10~26.12,신규,27,9,2025,500,22.9649,8,1258-5,43,,,시청로 13,0,00013,00000,3160029,1,12240,12240,치평동,,서구,12240,아파트,전월세,202509,아파트 전월세,,,,,
삼능남양,29140-150,2000,25.09~27.09,신규,12,9,2025,"1,000",60,15,1058,70,,,풍암순환로 86,0,00086,00000,3160050,1,12240,12240,풍암동,,서구,12240,아파트,전월세,202509,아파트 전월세,,,,,
삼능남양,29140-150,2000,25.09~27.09,신규,12,9,2025,"1,000",60,15,1058,70,,,풍암순환로 86,0,00086,00000,3160050,1,12240,12240,풍암동,,서구,12240,아파트,전월세,202509,아파트 전월세,,,,,
우미광장,29140-132,2000,25.10~27.10,신규,23,9,2025,"15,300",59.79,20,1132,0,,,풍암순환로 183,0,00183,00000,3160050,1,12240,12240,풍암동,,서구,12240,아파트,전월세,202509,아파트 전월세,,,,,
금호시영5단지,29140-110,1994,25.10~26.09,신규,20,9,2025,500,59.82,6,742-2,50,,,운천로32번길 7,0,00007,00000,4280316,1,12240,12240,금호동,,서구,12240,아파트,전월세,202509,아파트 전월세,,,,,
금호시영5단지,29140-110,1994,25.10~26.09,신규,20,9,2025,500,59.82,6,742-2,50,,,운천로32번길 7,0,00007,00000,4280316,1,12240,12240,금호동,,서구,12240,아파트,전월세,202509,아파트 전월세,,,,,
호반리젠시빌2차,29140-160,2000,25.10~27.10,신규,15,9,2025,"20,000",84.994,10,815,0,,,화개1로 33,0,00033,00000,3160055,1,12240,12240,금호동,,서구,12240,아파트,전월세,202509,아파트 전월세,,,,,
로렌시아,29140-299,2007,25.11~27.11,신규,25,9,2025,"27,000",84.9078,11,240-10,0,,,화개중앙로 148,0,00148,00000,3160057,1,12240,12240,금호동,,서구,12240,아파트,전월세,202509,아파트 전월세,,,,,
명지,29140-47,1997,25.10~27.10,신규,23,9,2025,"1,000",59.97,8,879,60,,,운천로154번길 12,0,00012,00000,4280308,1,12240,12240,쌍촌동,,서구,12240,아파트,전월세,202509,아파트 전월세,,,,,
호반써밋광주,29140-398,2019,25.11~27.11,신규,20,9,2025,"43,000",84.9405,37,896,0,,,무진대로 919,0,00919,00000,2009009,0,12240,12240,광천동,,서구,12240,아파트,전월세,202509,아파트 전월세,,,,,
e편한세상,29140-316,2010,25.12~27.12,신규,30,9,2025,"35,000",113.7384,6,895,0,,,화운로 278,0,00278,00000,3160065,1,12240,12240,광천동,,서구,12240,아파트,전월세,202509,아파트 전월세,,,,,
우미광장,29140-132,2000,25.10~27.10,신규,23,9,2025,"15,300",59.79,20,1132,0,,,풍암순환로 183,0,00183,00000,3160050,1,12240,12240,풍암동,,서구,12240,아파트,전월세,202509,아파트 전월세,,,,,
로렌시아,29140-299,2007,25.11~27.11,신규,25,9,2025,"27,000",84.9078,11,240-10,0,,,화개중앙로 148,0,00148,00000,3160057,1,12240,12240,금호동,,서구,12240,아파트,전월세,202509,아파트 전월세,,,,,
중흥,29140-112,2000,25.11~27.11,신규,4,9,2025,"15,500",59.46,16,787,0,,,마재로 21,0,00021,00000,3160007,1,12240,12240,금호동,,서구,12240,아파트,전월세,202509,아파트 전월세,,,,,
로렌시아,29140-299,2007,25.11~27.11,신규,25,9,2025,"27,000",84.9078,11,240-10,0,,,화개중앙로 148,0,00148,00000,3160057,1,12240,12240,금호동,,서구,12240,아파트,전월세,202509,아파트 전월세,,,,,
현대,29140-121,2000,25.10~27.10,신규,15,9,2025,"13,860",59.95,7,1057,0,,,풍암순환로 70,0,00070,00000,3160050,1,12240,12240,풍암동,,서구,12240,아파트,전월세,202509,아파트 전월세,,,,,
우미광장,29140-132,2000,25.10~27.10,신규,23,9,2025,"15,300",59.79,20,1132,0,,,풍암순환로 183,0,00183,00000,3160050,1,12240,12240,풍암동,,서구,12240,아파트,전월세,202509,아파트 전월세,,,,,
우미광장,29140-132,2000,25.10~27.10,신규,23,9,2025,"15,300",59.79,20,1132,0,,,풍암순환로 183,0,00183,00000,3160050,1,12240,12240,풍암동,,서구,12240,아파트,전월세,202509,아파트 전월세,,,,,
중흥,29140-112,2000,25.11~27.11,신규,4,9,2025,"15,500",59.46,16,787,0,,,마재로 21,0,00021,00000,3160007,1,12240,12240,금호동,,서구,12240,아파트,전월세,202509,아파트 전월세,,,,,
상무양우내안애,29140-402,2020,25.11~27.11,신규,2,9,2025,"32,000",84.2343,4,812,0,,,백석길 22-14,0,00022,00014,4280145,1,12240,12240,마륵동,,서구,12240,아파트,전월세,202509,아파트 전월세,,,,,
호반베르디움,29140-310,2008,25.11~27.11,신규,20,9,2025,"38,000",84.858,9,615,0,,,하남대로680번길 10,0,00010,00000,4280563,1,12240,12240,동천동,,서구,12240,아파트,전월세,202509,아파트 전월세,,,,,
성우,29140-136,2003,25.10~27.10,신규,17,9,2025,"20,000",84.8314,8,891-2,0,,,마륵복개로 164,0,00164,00000,3160006,1,12240,12240,쌍촌동,,서구,12240,아파트,전월세,202509,아파트 전월세,,,,,
대주,29140-29,1998,25.12~27.12,신규,19,9,2025,"20,000",59.955,10,1168-11,0,,,상무공원로 94,0,00094,00000,3160015,1,12240,12240,치평동,,서구,12240,아파트,전월세,202509,아파트 전월세,,,,,
대주,29140-29,1998,25.12~27.12,신규,19,9,2025,"20,000",59.955,10,1168-11,0,,,상무공원로 94,0,00094,00000,3160015,1,12240,12240,치평동,,서구,12240,아파트,전월세,202509,아파트 전월세,,,,,
성우,29140-136,2003,25.10~27.10,신규,17,9,2025,"20,000",84.8314,8,891-2,0,,,마륵복개로 164,0,00164,00000,3160006,1,12240,12240,쌍촌동,,서구,12240,아파트,전월세,202509,아파트 전월세,,,,,
호반리젠시빌2차,29140-160,2000,25.10~27.10,신규,15,9,2025,"20,000",84.994,10,815,0,,,화개1로 33,0,00033,00000,3160055,1,12240,12240,금호동,,서구,12240,아파트,전월세,202509,아파트 전월세,,,,,
현대,29140-121,2000,25.10~27.10,신규,15,9,2025,"13,860",59.95,7,1057,0,,,풍암순환로 70,0,00070,00000,3160050,1,12240,12240,풍암동,,서구,12240,아파트,전월세,202509,아파트 전월세,,,,,
호반리젠시빌5차,29140-158,2002,25.10~27.10,신규,13,9,2025,"29,000",84.891,5,809,0,,,화개1로78번길 8,0,00008,00000,4280480,1,12240,12240,금호동,,서구,12240,아파트,전월세,202509,아파트 전월세,,,,,
상무엘리체,29140-386,2018,25.10~27.10,신규,2,9,2025,"31,000",84.981,10,1380,0,,,월드컵4강로197번길 12,0,00012,00000,4280335,1,12240,12240,쌍촌동,,서구,12240,아파트,전월세,202509,아파트 전월세,,,,,
내방마을주공,29140-146,2002,25.10~27.10,신규,9,9,2025,500,39.93,2,848,45,,,화운로193번길 25,0,00025,00000,4280504,2,12240,12240,내방동,,서구,12240,아파트,전월세,202509,아파트 전월세,,,,,
상무1차우미,29140-129,1998,25.09~27.09,신규,8,9,2025,"14,000",59.88,12,1159,0,,,상무공원로 35,0,00035,00000,3160015,1,12240,12240,치평동,,서구,12240,아파트,전월세,202509,아파트 전월세,,,,,
상무1차우미,29140-129,1998,25.09~27.09,신규,8,9,2025,"14,000",59.88,12,1159,0,,,상무공원로 35,0,00035,00000,3160015,1,12240,12240,치평동,,서구,12240,아파트,전월세,202509,아파트 전월세,,,,,
상무엘리체,29140-386,2018,25.10~27.10,신규,2,9,2025,"31,000",84.981,10,1380,0,,,월드컵4강로197번길 12,0,00012,00000,4280335,1,12240,12240,쌍촌동,,서구,12240,아파트,전월세,202509,아파트 전월세,,,,,
한신2,29155-110,1997,25.11~27.11,신규,20,9,2025,"22,000",84.87,18,277,0,,,서문대로701번길 21,0,00021,00000,4283386,1,12270,12270,진월동,,남구,12270,아파트,전월세,202509,아파트 전월세,,,,,
포스코더샵,29155-131,2004,25.12~27.12,신규,26,9,2025,"25,000",59.89,21,1076,0,,,효사랑길 14,0,00014,00000,4283737,1,12270,12270,봉선동,,남구,12270,아파트,전월세,202509,아파트 전월세,,,,,
포스코더샵,29155-131,2004,25.12~27.12,신규,26,9,2025,"25,000",59.89,21,1076,0,,,효사랑길 14,0,00014,00000,4283737,1,12270,12270,봉선동,,남구,12270,아파트,전월세,202509,아파트 전월세,,,,,
라인효친2,29155-119,1989,25.11~27.11,신규,23,9,2025,"3,000",84.96,10,556-1,60,,,용대로 131,0,00131,00000,3161028,1,12270,12270,방림동,,남구,12270,아파트,전월세,202509,아파트 전월세,,,,,
삼익1,29155-42,1990,25.12~27.12,신규,29,9,2025,"36,000",131.04,2,470,0,,,봉선중앙로 46,0,00046,00000,3161010,2,12270,12270,봉선동,,남구,12270,아파트,전월세,202509,아파트 전월세,,,,,
명지,29155-70,1995,25.11~27.11,신규,4,9,2025,"11,000",59.79,5,700,0,,,금화로376번길 34,0,00034,00000,4283113,1,12270,12270,주월동,,남구,12270,아파트,전월세,202509,아파트 전월세,,,,,
라인광장1,29155-34,1987,25.10~27.10,신규,2,9,2025,"12,000",59.9,7,985,0,,,봉선중앙로 103,0,00103,00000,3161010,2,12270,12270,봉선동,,남구,12270,아파트,전월세,202509,아파트 전월세,,,,,
효천1지구중흥에스클래스리버티,29155-402,2019,25.11~27.11,갱신,25,9,2025,"8,290",59.6137,8,730,23,"8,290",23,효천중앙로 21,0,00021,00000,3351961,0,12270,12270,임암동,,남구,12270,아파트,전월세,202509,아파트 전월세,,,,,
모아2단지1차,29155-38,1988,25.10~27.10,신규,9,9,2025,"11,000",59.92,3,1043,0,,,봉선1로 86,0,00086,00000,3161007,3,12270,12270,봉선동,,남구,12270,아파트,전월세,202509,아파트 전월세,,,,,
효천1중흥에스-클래스에코파크,29155-397,2019,25.10~27.10,신규,13,9,2025,"30,000",84.9772,9,855,0,,,효천3로 110,,00110,00000,3351964,0,12270,12270,임암동,,남구,12270,아파트,전월세,202509,아파트 전월세,,,,,
효천시티프라디움,29155-401,2019,25.11~27.11,신규,13,9,2025,"30,000",84.9948,20,728,0,,,효천2로 1,0,00001,00000,3351962,0,12270,12270,임암동,,남구,12270,아파트,전월세,202509,아파트 전월세,,,,,
진월3차삼익세라믹아파트,29155-95,2000,25.10~27.10,신규,18,9,2025,"15,000",84.92,18,484,0,,,화산로31번길 17,0,00017,00000,4283692,1,12270,12270,진월동,,남구,12270,아파트,전월세,202509,아파트 전월세,,,,,
삼익1,29155-42,1990,25.10~27.10,신규,3,9,2025,"3,000",84.96,7,470,70,,,봉선중앙로 46,0,00046,00000,3161010,2,12270,12270,봉선동,,남구,12270,아파트,전월세,202509,아파트 전월세,,,,,
무등파크2,29155-40,1992,25.09~27.09,신규,18,9,2025,"3,000",84.73,11,127-15,75,,,봉선2로 96-14,0,00096,00014,3161008,1,12270,12270,봉선동,,남구,12270,아파트,전월세,202509,아파트 전월세,,,,,
라인효친2,29155-119,1989,25.11~27.11,신규,23,9,2025,"3,000",84.96,10,556-1,60,,,용대로 131,0,00131,00000,3161028,1,12270,12270,방림동,,남구,12270,아파트,전월세,202509,아파트 전월세,,,,,
효천1지구중흥에스클래스리버티,29155-402,2019,25.11~27.11,갱신,25,9,2025,"8,290",59.6137,8,730,23,"8,290",23,효천중앙로 21,0,00021,00000,3351961,0,12270,12270,임암동,,남구,12270,아파트,전월세,202509,아파트 전월세,,,,,
효천1지구중흥에스클래스리버티,29155-402,2019,25.11~27.11,갱신,22,9,2025,"8,290",59.6137,14,730,24,"8,290",24,효천중앙로 21,0,00021,00000,3351961,0,12270,12270,임암동,,남구,12270,아파트,전월세,202509,아파트 전월세,,,,,
효천시티프라디움,29155-401,2019,25.10~27.10,신규,16,9,2025,"29,000",84.9984,8,728,0,,,효천2로 1,0,00001,00000,3351962,0,12270,12270,임암동,,남구,12270,아파트,전월세,202509,아파트 전월세,,,,,
효천1중흥에스-클래스에코파크,29155-397,2019,25.10~27.10,신규,28,9,2025,"29,500",84.9772,14,855,0,,,효천3로 110,,00110,00000,3351964,0,12270,12270,임암동,,남구,12270,아파트,전월세,202509,아파트 전월세,,,,,
무등파크2,29155-40,1992,25.09~27.09,신규,18,9,2025,"3,000",84.73,11,127-15,75,,,봉선2로 96-14,0,00096,00014,3161008,1,12270,12270,봉선동,,남구,12270,아파트,전월세,202509,아파트 전월세,,,,,
삼익1,29155-42,1990,25.12~27.12,신규,29,9,2025,"36,000",131.04,2,470,0,,,봉선중앙로 46,0,00046,00000,3161010,2,12270,12270,봉선동,,남구,12270,아파트,전월세,202509,아파트 전월세,,,,,
효천1중흥에스-클래스에코파크,29155-397,2019,25.10~27.10,신규,28,9,2025,"29,500",84.9772,14,855,0,,,효천3로 110,,00110,00000,3351964,0,12270,12270,임암동,,남구,12270,아파트,전월세,202509,아파트 전월세,,,,,
삼익세라믹,29155-96,1994,25.10~27.10,신규,15,9,2025,"19,000",84.96,11,250-8,0,,,서문대로 660,0,00660,00000,2161001,2,12270,12270,진월동,,남구,12270,아파트,전월세,202509,아파트 전월세,,,,,
한신2,29155-110,1997,25.11~27.11,신규,20,9,2025,"22,000",84.87,18,277,0,,,서문대로701번길 21,0,00021,00000,4283386,1,12270,12270,진월동,,남구,12270,아파트,전월세,202509,아파트 전월세,,,,,
효천1지구중흥에스클래스리버티,29155-402,2019,25.11~27.11,갱신,22,9,2025,"8,290",59.6137,14,730,24,"8,290",24,효천중앙로 21,0,00021,00000,3351961,0,12270,12270,임암동,,남구,12270,아파트,전월세,202509,아파트 전월세,,,,,
효천1지구중흥에스클래스리버티,29155-402,2019,25.11~27.11,갱신,22,9,2025,"8,290",59.6137,14,730,24,"8,290",24,효천중앙로 21,0,00021,00000,3351961,0,12270,12270,임암동,,남구,12270,아파트,전월세,202509,아파트 전월세,,,,,
효천1지구중흥에스클래스리버티,29155-402,2019,25.11~27.11,갱신,22,9,2025,"8,290",59.6137,14,730,24,"8,290",24,효천중앙로 21,0,00021,00000,3351961,0,12270,12270,임암동,,남구,12270,아파트,전월세,202509,아파트 전월세,,,,,
진월3차삼익세라믹아파트,29155-95,2000,25.10~27.10,신규,18,9,2025,"15,000",84.92,18,484,0,,,화산로31번길 17,0,00017,00000,4283692,1,12270,12270,진월동,,남구,12270,아파트,전월세,202509,아파트 전월세,,,,,
금광하늘연가,29155-287,2005,25.09~29.09,신규,3,9,2025,"38,000",130.8746,11,392,0,,,서문대로663번안길 12,0,00012,00000,4283383,1,12270,12270,진월동,,남구,12270,아파트,전월세,202509,아파트 전월세,,,,,
효천시티프라디움,29155-401,2019,25.10~27.10,신규,16,9,2025,"29,000",84.9984,8,728,0,,,효천2로 1,0,00001,00000,3351962,0,12270,12270,임암동,,남구,12270,아파트,전월세,202509,아파트 전월세,,,,,
라인광장1,29155-34,1987,25.10~27.10,신규,2,9,2025,"12,000",59.9,7,985,0,,,봉선중앙로 103,0,00103,00000,3161010,2,12270,12270,봉선동,,남구,12270,아파트,전월세,202509,아파트 전월세,,,,,
삼익세라믹,29155-96,1994,25.10~27.10,신규,15,9,2025,"19,000",84.96,11,250-8,0,,,서문대로 660,0,00660,00000,2161001,2,12270,12270,진월동,,남구,12270,아파트,전월세,202509,아파트 전월세,,,,,
효천시티프라디움,29155-401,2019,25.11~27.11,신규,13,9,2025,"30,000",84.9948,20,728,0,,,효천2로 1,0,00001,00000,3351962,0,12270,12270,임암동,,남구,12270,아파트,전월세,202509,아파트 전월세,,,,,
효천1중흥에스-클래스에코파크,29155-397,2019,25.10~27.10,신규,13,9,2025,"30,000",84.9772,9,855,0,,,효천3로 110,,00110,00000,3351964,0,12270,12270,임암동,,남구,12270,아파트,전월세,202509,아파트 전월세,,,,,
라인2,29155-32,1997,25.12~26.12,신규,12,9,2025,"3,000",84.99,4,518,90,,,제석로80번길 22-10,0,00022,00010,4283570,1,12270,12270,봉선동,,남구,12270,아파트,전월세,202509,아파트 전월세,,,,,
라인2,29155-32,1997,25.12~26.12,신규,12,9,2025,"3,000",84.99,4,518,90,,,제석로80번길 22-10,0,00022,00010,4283570,1,12270,12270,봉선동,,남구,12270,아파트,전월세,202509,아파트 전월세,,,,,
모아2단지1차,29155-38,1988,25.10~27.10,신규,9,9,2025,"11,000",59.92,3,1043,0,,,봉선1로 86,0,00086,00000,3161007,3,12270,12270,봉선동,,남구,12270,아파트,전월세,202509,아파트 전월세,,,,,
진월동풍림아파트,29155-108,2000,25.09~27.09,신규,8,9,2025,"12,000",59.92,3,499-68,0,,,화산로31번안길 2,0,00002,00000,4283693,1,12270,12270,진월동,,남구,12270,아파트,전월세,202509,아파트 전월세,,,,,
진월동풍림아파트,29155-108,2000,25.09~27.09,신규,8,9,2025,"12,000",59.92,3,499-68,0,,,화산로31번안길 2,0,00002,00000,4283693,1,12270,12270,진월동,,남구,12270,아파트,전월세,202509,아파트 전월세,,,,,
삼익2,29155-43,1991,25.09~27.09,신규,8,9,2025,"18,000",84.96,1,128,0,,,봉선로175번길 6,0,00006,00000,4283305,1,12270,12270,봉선동,,남구,12270,아파트,전월세,202509,아파트 전월세,,,,,
명지,29155-70,1995,25.11~27.11,신규,4,9,2025,"11,000",59.79,5,700,0,,,금화로376번길 34,0,00034,00000,4283113,1,12270,12270,주월동,,남구,12270,아파트,전월세,202509,아파트 전월세,,,,,
명지,29155-70,1995,25.11~27.11,신규,4,9,2025,"11,000",59.79,5,700,0,,,금화로376번길 34,0,00034,00000,4283113,1,12270,12270,주월동,,남구,12270,아파트,전월세,202509,아파트 전월세,,,,,
삼익2,29155-43,1991,25.09~27.09,신규,8,9,2025,"18,000",84.96,1,128,0,,,봉선로175번길 6,0,00006,00000,4283305,1,12270,12270,봉선동,,남구,12270,아파트,전월세,202509,아파트 전월세,,,,,
모아2단지1차,29155-38,1988,25.09~27.09,신규,2,9,2025,"10,000",59.92,1,1043,0,,,봉선1로 86,0,00086,00000,3161007,3,12270,12270,봉선동,,남구,12270,아파트,전월세,202509,아파트 전월세,,,,,
삼익1,29155-42,1990,25.10~27.10,신규,3,9,2025,"3,000",84.96,7,470,70,,,봉선중앙로 46,0,00046,00000,3161010,2,12270,12270,봉선동,,남구,12270,아파트,전월세,202509,아파트 전월세,,,,,
금광하늘연가,29155-287,2005,25.09~29.09,신규,3,9,2025,"38,000",130.8746,11,392,0,,,서문대로663번안길 12,0,00012,00000,4283383,1,12270,12270,진월동,,남구,12270,아파트,전월세,202509,아파트 전월세,,,,,
모아2단지1차,29155-38,1988,25.09~27.09,신규,2,9,2025,"10,000",59.92,1,1043,0,,,봉선1로 86,0,00086,00000,3161007,3,12270,12270,봉선동,,남구,12270,아파트,전월세,202509,아파트 전월세,,,,,
중흥파크맨션1,29170-137,1994,25.11~27.11,신규,19,9,2025,"3,000",84.99,13,995-3,60,,,서하로 417,0,00417,00000,3162031,2,12300,12300,문흥동,,북구,12300,아파트,전월세,202509,아파트 전월세,,,,,
금남로대광로제비앙,29170-835,2022,25.10~27.10,신규,11,9,2025,"34,000",84.7468,16,141,0,,,서림로 153,0,00153,00000,3162028,0,12300,12300,유동,,북구,12300,아파트,전월세,202509,아파트 전월세,,,,,
용봉동지에이그린웰아파트,29170-804,2020,25.10~26.10,갱신,25,9,2025,"26,520",84.378,3,1488,0,"26,520",,서하로94번길 19,0,00019,00000,4286415,0,12300,12300,용봉동,,북구,12300,아파트,전월세,202509,아파트 전월세,,,,,
삼익,29170-65,1996,25.09~27.09,신규,13,9,2025,"4,000",84.87,2,645,30,,,유림로 175,0,00175,00000,3160062,1,12300,12300,동림동,,북구,12300,아파트,전월세,202509,아파트 전월세,,,,,
중흥파크맨션1,29170-137,1994,25.11~27.11,신규,19,9,2025,"3,000",84.99,13,995-3,60,,,서하로 417,0,00417,00000,3162031,2,12300,12300,문흥동,,북구,12300,아파트,전월세,202509,아파트 전월세,,,,,
호반,29170-258,1997,25.11~27.11,신규,4,9,2025,"13,500",59.95,4,288-15,0,,,양산제로137번길 7,0,00007,00000,4286477,1,12300,12300,양산동,,북구,12300,아파트,전월세,202509,아파트 전월세,,,,,
국제미소래,29170-692,2014,25.11~26.11,신규,26,9,2025,"8,730",49.5254,9,14-2,0,,,중가로3번길 25,0,00025,00000,4286669,1,12300,12300,임동,,북구,12300,아파트,전월세,202509,아파트 전월세,,,,,
예향,29170-102,1987,25.11~27.10,신규,17,9,2025,"1,000",65.76,1,456-1,40,,,월동로 5,0,00005,00000,3162059,2,12300,12300,두암동,,북구,12300,아파트,전월세,202509,아파트 전월세,,,,,
이안광주첨단아파트,29170-749,2017,25.10~27.10,신규,17,9,2025,"30,000",84.7,6,1111,0,,,용두마을길 13,0,00013,00000,4286522,0,12300,12300,용두동,,북구,12300,아파트,전월세,202509,아파트 전월세,,,,,
한일,29170-189,1997,25.10~27.10,신규,12,9,2025,"2,000",59.915,17,849-1,60,,,일곡택지로 60,0,00060,00000,3162062,2,12300,12300,일곡동,,북구,12300,아파트,전월세,202509,아파트 전월세,,,,,
용봉동지에이그린웰아파트,29170-804,2020,25.10~26.10,갱신,25,9,2025,"26,820",84.378,11,1488,0,"26,820",,서하로94번길 19,0,00019,00000,4286415,0,12300,12300,용봉동,,북구,12300,아파트,전월세,202509,아파트 전월세,,,,,
용봉동지에이그린웰아파트,29170-804,2020,25.10~26.10,갱신,25,9,2025,"26,820",84.378,10,1488,0,"26,820",,서하로94번길 19,0,00019,00000,4286415,0,12300,12300,용봉동,,북구,12300,아파트,전월세,202509,아파트 전월세,,,,,
용봉동지에이그린웰아파트,29170-804,2020,25.10~26.10,갱신,25,9,2025,"26,820",84.378,17,1488,0,"26,820",,서하로94번길 19,0,00019,00000,4286415,0,12300,12300,용봉동,,북구,12300,아파트,전월세,202509,아파트 전월세,,,,,
용두주공,29170-202,1998,25.10~27.10,신규,16,9,2025,"2,000",59.99,5,643-1,60,,,임방울대로1041번길 15,0,00015,00000,4286609,1,12300,12300,신용동,,북구,12300,아파트,전월세,202509,아파트 전월세,,,,,
예향,29170-102,1987,25.11~27.10,신규,17,9,2025,"1,000",65.76,1,456-1,40,,,월동로 5,0,00005,00000,3162059,2,12300,12300,두암동,,북구,12300,아파트,전월세,202509,아파트 전월세,,,,,
운암산코오롱하늘채,29170-765,2018,25.09~27.09,신규,30,9,2025,"28,000",84.6815,13,1330,0,,,동배마을길 29,,00029,00000,4286173,0,12300,12300,동림동,,북구,12300,아파트,전월세,202509,아파트 전월세,,,,,
주공1,29170-136,1989,25.11~27.11,신규,27,9,2025,"5,500",39.3,5,787-8,0,,,면앙로31번길 7,0,00007,00000,4286210,1,12300,12300,문흥동,,북구,12300,아파트,전월세,202509,아파트 전월세,,,,,
용봉동지에이그린웰아파트,29170-804,2020,25.10~26.10,갱신,27,9,2025,"26,820",84.378,12,1488,0,"26,820",,서하로94번길 19,0,00019,00000,4286415,0,12300,12300,용봉동,,북구,12300,아파트,전월세,202509,아파트 전월세,,,,,
S-클래스더제니스,29170-887,2024,25.12~27.12,신규,6,9,2025,"48,000",84.9366,12,887,0,,,천변우로 227,,00227,00000,3009025,0,12300,12300,임동,,북구,12300,아파트,전월세,202509,아파트 전월세,,,,,
용봉동지에이그린웰아파트,29170-804,2020,25.10~26.10,갱신,25,9,2025,"19,620",59.5276,9,1488,0,"19,620",,서하로94번길 19,0,00019,00000,4286415,0,12300,12300,용봉동,,북구,12300,아파트,전월세,202509,아파트 전월세,,,,,
주공1,29170-136,1989,25.11~27.11,신규,27,9,2025,"5,500",39.3,5,787-8,0,,,면앙로31번길 7,0,00007,00000,4286210,1,12300,12300,문흥동,,북구,12300,아파트,전월세,202509,아파트 전월세,,,,,
현대2,29170-142,1995,25.09~27.09,갱신,7,9,2025,"18,000",84.97,8,971-1,0,"18,000",,대천로 195,0,00195,00000,3162009,1,12300,12300,문흥동,,북구,12300,아파트,전월세,202509,아파트 전월세,,,,,
용봉동지에이그린웰아파트,29170-804,2020,25.10~26.10,갱신,25,9,2025,"26,520",84.378,3,1488,0,"26,520",,서하로94번길 19,0,00019,00000,4286415,0,12300,12300,용봉동,,북구,12300,아파트,전월세,202509,아파트 전월세,,,,,
임동리버파크,29170-511,2005,25.10~27.10,갱신,16,9,2025,"14,000",59.91,11,340,0,"14,000",,천변우로 11,0,00011,00000,3009025,3,12300,12300,임동,사용,북구,12300,아파트,전월세,202509,아파트 전월세,,,,,
용봉동지에이그린웰아파트,29170-804,2020,25.10~26.10,갱신,25,9,2025,"26,820",84.378,18,1488,0,"26,820",,서하로94번길 19,0,00019,00000,4286415,0,12300,12300,용봉동,,북구,12300,아파트,전월세,202509,아파트 전월세,,,,,
용봉동지에이그린웰아파트,29170-804,2020,25.10~26.10,갱신,25,9,2025,"26,820",84.378,10,1488,0,"26,820",,서하로94번길 19,0,00019,00000,4286415,0,12300,12300,용봉동,,북구,12300,아파트,전월세,202509,아파트 전월세,,,,,
용봉동지에이그린웰아파트,29170-804,2020,25.10~26.10,갱신,26,9,2025,"19,620",59.5276,13,1488,0,"19,620",,서하로94번길 19,0,00019,00000,4286415,0,12300,12300,용봉동,,북구,12300,아파트,전월세,202509,아파트 전월세,,,,,
용봉동지에이그린웰아파트,29170-804,2020,25.10~26.10,갱신,26,9,2025,"19,620",59.5276,13,1488,0,"19,620",,서하로94번길 19,0,00019,00000,4286415,0,12300,12300,용봉동,,북구,12300,아파트,전월세,202509,아파트 전월세,,,,,
휴먼파크서희스타힐스,29170-753,2017,25.09~26.05,갱신,13,9,2025,"20,850",76.7843,30,591,0,"22,000",,군왕로 311,0,00311,00000,3162002,0,12300,12300,각화동,,북구,12300,아파트,전월세,202509,아파트 전월세,,,,,
용봉동지에이그린웰아파트,29170-804,2020,25.10~26.10,갱신,26,9,2025,"19,620",59.5276,18,1488,0,"19,620",,서하로94번길 19,0,00019,00000,4286415,0,12300,12300,용봉동,,북구,12300,아파트,전월세,202509,아파트 전월세,,,,,
운암산코오롱하늘채,29170-765,2018,25.09~27.09,신규,30,9,2025,"28,000",84.6815,13,1330,0,,,동배마을길 29,,00029,00000,4286173,0,12300,12300,동림동,,북구,12300,아파트,전월세,202509,아파트 전월세,,,,,
용봉동지에이그린웰아파트,29170-804,2020,25.10~26.10,갱신,27,9,2025,"26,820",84.378,12,1488,0,"26,820",,서하로94번길 19,0,00019,00000,4286415,0,12300,12300,용봉동,,북구,12300,아파트,전월세,202509,아파트 전월세,,,,,
힐스테이트신용더리버,29170-885,2024,25.10~27.09,신규,6,9,2025,"35,000",84.99,22,869,0,,,빛고을대로 615,0,00615,00000,2009010,0,12300,12300,신용동,,북구,12300,아파트,전월세,202509,아파트 전월세,,,,,
용봉동지에이그린웰아파트,29170-804,2020,25.10~26.10,갱신,25,9,2025,"26,820",84.378,18,1488,0,"26,820",,서하로94번길 19,0,00019,00000,4286415,0,12300,12300,용봉동,,북구,12300,아파트,전월세,202509,아파트 전월세,,,,,
국제미소래,29170-692,2014,25.11~26.11,신규,26,9,2025,"8,730",49.5254,9,14-2,0,,,중가로3번길 25,0,00025,00000,4286669,1,12300,12300,임동,,북구,12300,아파트,전월세,202509,아파트 전월세,,,,,
주공,29170-135,1990,25.10~27.10,신규,24,9,2025,"8,500",45.77,6,787-1,0,,,면앙로31번길 10,0,00010,00000,4286210,1,12300,12300,문흥동,,북구,12300,아파트,전월세,202509,아파트 전월세,,,,,
용봉동지에이그린웰아파트,29170-804,2020,25.10~26.10,갱신,25,9,2025,"19,620",59.5276,10,1488,0,"19,620",,서하로94번길 19,0,00019,00000,4286415,0,12300,12300,용봉동,,북구,12300,아파트,전월세,202509,아파트 전월세,,,,,
용봉동지에이그린웰아파트,29170-804,2020,25.10~26.10,갱신,26,9,2025,"19,620",59.5276,18,1488,0,"19,620",,서하로94번길 19,0,00019,00000,4286415,0,12300,12300,용봉동,,북구,12300,아파트,전월세,202509,아파트 전월세,,,,,
용봉동지에이그린웰아파트,29170-804,2020,25.10~26.10,갱신,25,9,2025,"26,820",84.378,20,1488,0,"26,820",,서하로94번길 19,0,00019,00000,4286415,0,12300,12300,용봉동,,북구,12300,아파트,전월세,202509,아파트 전월세,,,,,
용봉동지에이그린웰아파트,29170-804,2020,25.10~26.10,갱신,25,9,2025,"26,820",84.378,7,1488,0,"26,820",,서하로94번길 19,0,00019,00000,4286415,0,12300,12300,용봉동,,북구,12300,아파트,전월세,202509,아파트 전월세,,,,,
용봉동지에이그린웰아파트,29170-804,2020,25.10~26.10,갱신,25,9,2025,"26,520",84.378,3,1488,0,"26,520",,서하로94번길 19,0,00019,00000,4286415,0,12300,12300,용봉동,,북구,12300,아파트,전월세,202509,아파트 전월세,,,,,
용봉동지에이그린웰아파트,29170-804,2020,25.10~26.10,갱신,25,9,2025,"26,820",84.378,17,1488,0,"26,820",,서하로94번길 19,0,00019,00000,4286415,0,12300,12300,용봉동,,북구,12300,아파트,전월세,202509,아파트 전월세,,,,,
용봉동지에이그린웰아파트,29170-804,2020,25.10~26.10,갱신,25,9,2025,"26,820",84.378,7,1488,0,"26,820",,서하로94번길 19,0,00019,00000,4286415,0,12300,12300,용봉동,,북구,12300,아파트,전월세,202509,아파트 전월세,,,,,
용봉동지에이그린웰아파트,29170-804,2020,25.10~26.10,갱신,25,9,2025,"26,820",84.378,9,1488,0,"26,820",,서하로94번길 19,0,00019,00000,4286415,0,12300,12300,용봉동,,북구,12300,아파트,전월세,202509,아파트 전월세,,,,,
용봉동지에이그린웰아파트,29170-804,2020,25.10~26.10,갱신,25,9,2025,"26,520",84.378,3,1488,0,"26,520",,서하로94번길 19,0,00019,00000,4286415,0,12300,12300,용봉동,,북구,12300,아파트,전월세,202509,아파트 전월세,,,,,
용봉동지에이그린웰아파트,29170-804,2020,25.10~26.10,갱신,25,9,2025,"26,820",84.378,15,1488,0,"26,820",,서하로94번길 19,0,00019,00000,4286415,0,12300,12300,용봉동,,북구,12300,아파트,전월세,202509,아파트 전월세,,,,,
용봉동지에이그린웰아파트,29170-804,2020,25.10~26.10,갱신,25,9,2025,"26,820",84.378,20,1488,0,"26,820",,서하로94번길 19,0,00019,00000,4286415,0,12300,12300,용봉동,,북구,12300,아파트,전월세,202509,아파트 전월세,,,,,
용봉동지에이그린웰아파트,29170-804,2020,25.10~26.10,갱신,25,9,2025,"19,620",59.5276,9,1488,0,"19,620",,서하로94번길 19,0,00019,00000,4286415,0,12300,12300,용봉동,,북구,12300,아파트,전월세,202509,아파트 전월세,,,,,
용봉동지에이그린웰아파트,29170-804,2020,25.10~26.10,갱신,25,9,2025,"26,820",84.378,9,1488,0,"26,820",,서하로94번길 19,0,00019,00000,4286415,0,12300,12300,용봉동,,북구,12300,아파트,전월세,202509,아파트 전월세,,,,,
용봉동지에이그린웰아파트,29170-804,2020,25.10~26.10,갱신,25,9,2025,"26,820",84.378,18,1488,0,"26,820",,서하로94번길 19,0,00019,00000,4286415,0,12300,12300,용봉동,,북구,12300,아파트,전월세,202509,아파트 전월세,,,,,
용봉동지에이그린웰아파트,29170-804,2020,25.10~26.10,갱신,25,9,2025,"19,620",59.5276,10,1488,0,"19,620",,서하로94번길 19,0,00019,00000,4286415,0,12300,12300,용봉동,,북구,12300,아파트,전월세,202509,아파트 전월세,,,,,
용봉동지에이그린웰아파트,29170-804,2020,25.10~26.10,갱신,25,9,2025,"26,820",84.378,11,1488,0,"26,820",,서하로94번길 19,0,00019,00000,4286415,0,12300,12300,용봉동,,북구,12300,아파트,전월세,202509,아파트 전월세,,,,,
용봉동지에이그린웰아파트,29170-804,2020,25.10~26.10,갱신,25,9,2025,"26,820",84.378,15,1488,0,"26,820",,서하로94번길 19,0,00019,00000,4286415,0,12300,12300,용봉동,,북구,12300,아파트,전월세,202509,아파트 전월세,,,,,
용봉동지에이그린웰아파트,29170-804,2020,25.10~26.10,갱신,25,9,2025,"26,820",84.378,9,1488,0,"26,820",,서하로94번길 19,0,00019,00000,4286415,0,12300,12300,용봉동,,북구,12300,아파트,전월세,202509,아파트 전월세,,,,,
주공,29170-135,1990,25.10~27.10,신규,24,9,2025,"8,500",45.77,6,787-1,0,,,면앙로31번길 10,0,00010,00000,4286210,1,12300,12300,문흥동,,북구,12300,아파트,전월세,202509,아파트 전월세,,,,,
산이고운신용PARK,29170-1368,2025,25.11~27.11,신규,8,9,2025,"26,000",84.8826,5,823,0,,,청계로 13,0,00013,00000,3162075,0,12300,12300,신안동,,북구,12300,아파트,전월세,202509,아파트 전월세,,,,,
한일,29170-189,1997,25.10~27.10,신규,12,9,2025,"2,000",59.915,17,849-1,60,,,일곡택지로 60,0,00060,00000,3162062,2,12300,12300,일곡동,,북구,12300,아파트,전월세,202509,아파트 전월세,,,,,
프라임로하스,29170-711,2015,25.10~26.10,신규,12,9,2025,"13,000",49.9045,6,147-4,0,,,경양로97번길 7-8,0,00007,00008,4286025,1,12300,12300,신안동,,북구,12300,아파트,전월세,202509,아파트 전월세,,,,,
프라임로하스,29170-711,2015,25.10~26.10,신규,12,9,2025,"13,000",49.9045,6,147-4,0,,,경양로97번길 7-8,0,00007,00008,4286025,1,12300,12300,신안동,,북구,12300,아파트,전월세,202509,아파트 전월세,,,,,
임동리버파크,29170-511,2005,25.10~27.10,갱신,16,9,2025,"14,000",59.91,11,340,0,"14,000",,천변우로 11,0,00011,00000,3009025,3,12300,12300,임동,사용,북구,12300,아파트,전월세,202509,아파트 전월세,,,,,
삼익,29170-65,1996,25.09~27.09,신규,13,9,2025,"4,000",84.87,2,645,30,,,유림로 175,0,00175,00000,3160062,1,12300,12300,동림동,,북구,12300,아파트,전월세,202509,아파트 전월세,,,,,
이안광주첨단아파트,29170-749,2017,25.10~27.10,신규,17,9,2025,"30,000",84.7,6,1111,0,,,용두마을길 13,0,00013,00000,4286522,0,12300,12300,용두동,,북구,12300,아파트,전월세,202509,아파트 전월세,,,,,
용두주공,29170-202,1998,25.10~27.10,신규,16,9,2025,"2,000",59.99,5,643-1,60,,,임방울대로1041번길 15,0,00015,00000,4286609,1,12300,12300,신용동,,북구,12300,아파트,전월세,202509,아파트 전월세,,,,,
현대2,29170-142,1995,25.09~27.09,갱신,7,9,2025,"18,000",84.97,8,971-1,0,"18,000",,대천로 195,0,00195,00000,3162009,1,12300,12300,문흥동,,북구,12300,아파트,전월세,202509,아파트 전월세,,,,,
휴먼파크서희스타힐스,29170-753,2017,25.09~26.05,갱신,13,9,2025,"20,850",76.7843,30,591,0,"22,000",,군왕로 311,0,00311,00000,3162002,0,12300,12300,각화동,,북구,12300,아파트,전월세,202509,아파트 전월세,,,,,
금남로대광로제비앙,29170-835,2022,25.10~27.10,신규,11,9,2025,"34,000",84.7468,16,141,0,,,서림로 153,0,00153,00000,3162028,0,12300,12300,유동,,북구,12300,아파트,전월세,202509,아파트 전월세,,,,,
각화골드클래스,29170-751,2017,25.09~27.09,신규,10,9,2025,"24,000",84.9701,23,587,0,,,각화대로69번길 16,0,00016,00000,4286003,0,12300,12300,각화동,,북구,12300,아파트,전월세,202509,아파트 전월세,,,,,
각화골드클래스,29170-751,2017,25.09~27.09,신규,10,9,2025,"24,000",84.9701,23,587,0,,,각화대로69번길 16,0,00016,00000,4286003,0,12300,12300,각화동,,북구,12300,아파트,전월세,202509,아파트 전월세,,,,,
산이고운신용PARK,29170-1368,2025,25.11~27.11,신규,8,9,2025,"26,000",84.8826,5,823,0,,,청계로 13,0,00013,00000,3162075,0,12300,12300,신안동,,북구,12300,아파트,전월세,202509,아파트 전월세,,,,,
S-클래스더제니스,29170-887,2024,25.12~27.12,신규,6,9,2025,"48,000",84.9366,12,887,0,,,천변우로 227,,00227,00000,3009025,0,12300,12300,임동,,북구,12300,아파트,전월세,202509,아파트 전월세,,,,,
힐스테이트신용더리버,29170-885,2024,25.10~27.09,신규,6,9,2025,"35,000",84.99,22,869,0,,,빛고을대로 615,0,00615,00000,2009010,0,12300,12300,신용동,,북구,12300,아파트,전월세,202509,아파트 전월세,,,,,
호반,29170-258,1997,25.11~27.11,신규,4,9,2025,"13,500",59.95,4,288-15,0,,,양산제로137번길 7,0,00007,00000,4286477,1,12300,12300,양산동,,북구,12300,아파트,전월세,202509,아파트 전월세,,,,,
운남주공8단지,29200-136,2000,25.11~27.11,신규,22,9,2025,"3,000",59.42,9,781-1,65,,,목련로153번길 143,0,00143,00000,4289101,1,12330,12330,운남동,,광산구,12330,아파트,전월세,202509,아파트 전월세,,,,,
신창5차호반베르디움,29200-206,2005,25.10~26.10,신규,23,9,2025,"3,000",84.9429,6,1111,120,,,왕버들로251번길 27,0,00027,00000,4289444,1,12330,12330,신창동,,광산구,12330,아파트,전월세,202509,아파트 전월세,,,,,
운남주공3단지,29200-76,1996,25.11~27.11,신규,13,9,2025,"12,000",59.76,7,777-1,0,,,목련로 307-11,0,00307,00011,3163009,2,12330,12330,운남동,,광산구,12330,아파트,전월세,202509,아파트 전월세,,,,,
코오롱하늘채,29200-232,2008,25.12~27.12,신규,25,9,2025,"43,000",103.71,5,913,0,,,장덕로137번길 39,0,00039,00000,4289556,1,12330,12330,수완동,,광산구,12330,아파트,전월세,202509,아파트 전월세,,,,,
국제미소래,29200-384,2017,25.12~27.12,신규,29,9,2025,"15,410",59.4918,11,1620,0,,,용아로 175,0,00175,00000,3163035,2,12330,12330,우산동,,광산구,12330,아파트,전월세,202509,아파트 전월세,,,,,
운남주공8단지,29200-136,2000,25.11~27.11,신규,22,9,2025,"3,000",59.42,9,781-1,65,,,목련로153번길 143,0,00143,00000,4289101,1,12330,12330,운남동,,광산구,12330,아파트,전월세,202509,아파트 전월세,,,,,
국제미소래,29200-384,2017,25.12~27.12,신규,29,9,2025,"15,410",59.4918,11,1620,0,,,용아로 175,0,00175,00000,3163035,2,12330,12330,우산동,,광산구,12330,아파트,전월세,202509,아파트 전월세,,,,,
운남주공3단지,29200-76,1996,25.11~27.11,신규,13,9,2025,"12,000",59.76,7,777-1,0,,,목련로 307-11,0,00307,00011,3163009,2,12330,12330,운남동,,광산구,12330,아파트,전월세,202509,아파트 전월세,,,,,
코오롱하늘채,29200-232,2008,25.12~27.12,신규,25,9,2025,"43,000",103.71,5,913,0,,,장덕로137번길 39,0,00039,00000,4289556,1,12330,12330,수완동,,광산구,12330,아파트,전월세,202509,아파트 전월세,,,,,
부영1차,29200-121,2003,25.10~27.10,신규,1,9,2025,"3,000",84.9763,11,882-1,90,,,월계로 170,0,00170,00000,3163039,3,12330,12330,산월동,,광산구,12330,아파트,전월세,202509,아파트 전월세,,,,,
대광로제비앙,29200-222,2007,25.11~27.11,신규,27,9,2025,"25,000",84.699,1,1311-1,0,,,우산로95번길 60,0,00060,00000,4289475,1,12330,12330,우산동,,광산구,12330,아파트,전월세,202509,아파트 전월세,,,,,
호반1,29200-15,1995,25.10~27.10,신규,27,9,2025,"1,000",59.95,6,1136-1,50,,,도산로9번길 35,0,00035,00000,4289072,1,12330,12330,도산동,,광산구,12330,아파트,전월세,202509,아파트 전월세,,,,,
호반1,29200-15,1995,25.10~27.10,신규,27,9,2025,"1,000",59.95,6,1136-1,50,,,도산로9번길 35,0,00035,00000,4289072,1,12330,12330,도산동,,광산구,12330,아파트,전월세,202509,아파트 전월세,,,,,
첨단두산2,29200-58,1996,25.10~27.10,신규,16,9,2025,"1,000",59.997,4,765-8,55,,,월계로 117-22,0,00117,00022,3163039,1,12330,12330,월계동,,광산구,12330,아파트,전월세,202509,아파트 전월세,,,,,
호반,29200-116,1998,25.09~27.09,신규,19,9,2025,500,37.83,7,152-5,40,,,비아로 185,0,00185,00000,3163012,1,12330,12330,비아동,,광산구,12330,아파트,전월세,202509,아파트 전월세,,,,,
호반,29200-116,1998,25.09~27.09,신규,19,9,2025,500,37.83,7,152-5,40,,,비아로 185,0,00185,00000,3163012,1,12330,12330,비아동,,광산구,12330,아파트,전월세,202509,아파트 전월세,,,,,
세계수영선수촌 중흥에스-클래스 센트럴,29200-432,2020,25.10~27.10,신규,15,9,2025,"12,594",59.9323,17,1621,10,,,금봉로 106,,00106,00000,3163003,0,12330,12330,우산동,,광산구,12330,아파트,전월세,202509,아파트 전월세,,,,,
세계수영선수촌 중흥에스-클래스 센트럴,29200-432,2020,25.10~27.10,신규,15,9,2025,"12,594",59.9323,17,1621,10,,,금봉로 106,,00106,00000,3163003,0,12330,12330,우산동,,광산구,12330,아파트,전월세,202509,아파트 전월세,,,,,
하남부영,29200-139,1992,25.11~26.10,갱신,23,9,2025,"7,596",60,11,538-2,0,"7,433",,사암로 251,0,00251,00000,3163014,10,12330,12330,월곡동,,광산구,12330,아파트,전월세,202509,아파트 전월세,,,,,
첨단남양파크,29200-87,1996,25.09~27.09,신규,19,9,2025,"1,000",59.92,3,765-6,55,,,월계로 137,0,00137,00000,3163039,1,12330,12330,월계동,,광산구,12330,아파트,전월세,202509,아파트 전월세,,,,,
신창5차호반베르디움,29200-206,2005,25.10~26.10,신규,23,9,2025,"3,000",84.9429,6,1111,120,,,왕버들로251번길 27,0,00027,00000,4289444,1,12330,12330,신창동,,광산구,12330,아파트,전월세,202509,아파트 전월세,,,,,
운남주공6단지,29200-137,2001,25.10~27.10,신규,9,9,2025,"25,000",84.28,14,782-1,0,,,목련로153번길 134,0,00134,00000,4289101,1,12330,12330,운남동,,광산구,12330,아파트,전월세,202509,아파트 전월세,,,,,
첨단남양파크,29200-87,1996,25.09~27.09,신규,19,9,2025,"1,000",59.92,3,765-6,55,,,월계로 137,0,00137,00000,3163039,1,12330,12330,월계동,,광산구,12330,아파트,전월세,202509,아파트 전월세,,,,,
대광로제비앙,29200-222,2007,25.11~27.11,신규,27,9,2025,"25,000",84.699,1,1311-1,0,,,우산로95번길 60,0,00060,00000,4289475,1,12330,12330,우산동,,광산구,12330,아파트,전월세,202509,아파트 전월세,,,,,
에이엠시티5차,29200-307,2013,25.09~26.09,신규,8,9,2025,300,19.1284,4,682-1,38,,,임방울대로825번길 19,0,00019,00000,4289554,1,12330,12330,쌍암동,,광산구,12330,아파트,전월세,202509,아파트 전월세,,,,,
에이엠시티5차,29200-307,2013,25.09~26.09,신규,8,9,2025,300,19.1284,4,682-1,38,,,임방울대로825번길 19,0,00019,00000,4289554,1,12330,12330,쌍암동,,광산구,12330,아파트,전월세,202509,아파트 전월세,,,,,
하남부영,29200-139,1992,25.11~26.10,갱신,23,9,2025,"7,596",60,11,538-2,0,"7,433",,사암로 251,0,00251,00000,3163014,10,12330,12330,월곡동,,광산구,12330,아파트,전월세,202509,아파트 전월세,,,,,
운남주공6단지,29200-137,2001,25.10~27.10,신규,9,9,2025,"25,000",84.28,14,782-1,0,,,목련로153번길 134,0,00134,00000,4289101,1,12330,12330,운남동,,광산구,12330,아파트,전월세,202509,아파트 전월세,,,,,
모아미래도,29200-118,2001,25.10~27.12,신규,21,9,2025,"13,500",59.9451,1,763-5,0,,,월계로 77,0,00077,00000,3163039,1,12330,12330,월계동,,광산구,12330,아파트,전월세,202509,아파트 전월세,,,,,
우방아이유쉘,29200-354,2015,25.11~27.11,신규,16,9,2025,"23,000",59.7699,11,800,0,,,임방울대로 154-24,0,00154,00024,2009005,7,12330,12330,운남동,,광산구,12330,아파트,전월세,202509,아파트 전월세,,,,,
부영1차,29200-121,2003,25.10~27.10,신규,1,9,2025,"3,000",84.9763,11,882-1,90,,,월계로 170,0,00170,00000,3163039,3,12330,12330,산월동,,광산구,12330,아파트,전월세,202509,아파트 전월세,,,,,
모아미래도,29200-118,2001,25.10~27.12,신규,21,9,2025,"13,500",59.9451,1,763-5,0,,,월계로 77,0,00077,00000,3163039,1,12330,12330,월계동,,광산구,12330,아파트,전월세,202509,아파트 전월세,,,,,
세계수영선수촌 중흥에스-클래스 센트럴,29200-432,2020,25.10~27.10,신규,15,9,2025,"12,594",59.9323,17,1621,10,,,금봉로 106,,00106,00000,3163003,0,12330,12330,우산동,,광산구,12330,아파트,전월세,202509,아파트 전월세,,,,,
동산아파트,29200-32,1991,25.11~27.11,신규,3,9,2025,"10,000",59.61,14,1572-5,0,,,월곡산정로 20-49,0,00020,00049,3163042,1,12330,12330,우산동,,광산구,12330,아파트,전월세,202509,아파트 전월세,,,,,
우방아이유쉘,29200-354,2015,25.11~27.11,신규,16,9,2025,"23,000",59.7699,11,800,0,,,임방울대로 154-24,0,00154,00024,2009005,7,12330,12330,운남동,,광산구,12330,아파트,전월세,202509,아파트 전월세,,,,,
첨단두산2,29200-58,1996,25.10~27.10,신규,16,9,2025,"1,000",59.997,4,765-8,55,,,월계로 117-22,0,00117,00022,3163039,1,12330,12330,월계동,,광산구,12330,아파트,전월세,202509,아파트 전월세,,,,,
동산아파트,29200-32,1991,25.11~27.11,신규,3,9,2025,"10,000",59.61,14,1572-5,0,,,월곡산정로 20-49,0,00020,00049,3163042,1,12330,12330,우산동,,광산구,12330,아파트,전월세,202509,아파트 전월세,,,,,
무등산골드클래스,29110-355,2018,25.12~27.12,신규,23,10,2025,"26,000",73.906,3,1103,0,,,학소로 109,0,00109,00000,3159017,0,12210,12210,소태동,,동구,12210,아파트,전월세,202510,아파트 전월세,,,,,
무등산아이파크,29110-346,2017,25.11~27.11,신규,18,10,2025,"54,000",101.8981,3,1022,0,,,남문로753번길 20,0,00020,00000,4277055,0,12210,12210,학동,,동구,12210,아파트,전월세,202510,아파트 전월세,,,,,
용산지구대성베르힐,29110-360,2019,25.11~27.11,신규,16,10,2025,"16,500",59.606,1,668,10,,,용산2길 8,,00008,00000,4855762,0,12210,12210,용산동,,동구,12210,아파트,전월세,202510,아파트 전월세,,,,,
광주선교지구1차우방아이유쉘아파트,29110-383,2023,26.01~28.01,신규,22,10,2025,"14,000",47.1254,11,487,0,,,선교로 38-30,0,00038,00030,3159009,0,12210,12210,선교동,,동구,12210,아파트,전월세,202510,아파트 전월세,,,,,
광주선교지구1차우방아이유쉘아파트,29110-383,2023,26.01~28.01,신규,22,10,2025,"14,000",47.1254,11,487,0,,,선교로 38-30,0,00038,00030,3159009,0,12210,12210,선교동,,동구,12210,아파트,전월세,202510,아파트 전월세,,,,,
무등산골드클래스,29110-355,2018,25.12~27.12,신규,23,10,2025,"26,000",73.906,3,1103,0,,,학소로 109,0,00109,00000,3159017,0,12210,12210,소태동,,동구,12210,아파트,전월세,202510,아파트 전월세,,,,,
삼성,29110-17,1991,25.11~27.11,신규,28,10,2025,"13,000",84.945,10,315-1,0,,,밤실로30번길 11,0,00011,00000,4277108,1,12210,12210,지산동,,동구,12210,아파트,전월세,202510,아파트 전월세,,,,,
영무파라드주상복합,29110-366,2019,25.11~27.11,신규,31,10,2025,"7,673",21.3622,5,148-1,0,,,구성로194번길 15-10,,00015,00010,4277031,0,12210,12210,대인동,,동구,12210,아파트,전월세,202510,아파트 전월세,,,,,
무등산아이파크,29110-346,2017,25.11~27.11,신규,18,10,2025,"54,000",101.8981,3,1022,0,,,남문로753번길 20,0,00020,00000,4277055,0,12210,12210,학동,,동구,12210,아파트,전월세,202510,아파트 전월세,,,,,
영무파라드주상복합,29110-366,2019,25.11~27.11,신규,31,10,2025,"7,673",21.3622,5,148-1,0,,,구성로194번길 15-10,,00015,00010,4277031,0,12210,12210,대인동,,동구,12210,아파트,전월세,202510,아파트 전월세,,,,,
삼성,29110-17,1991,25.11~27.11,신규,28,10,2025,"13,000",84.945,10,315-1,0,,,밤실로30번길 11,0,00011,00000,4277108,1,12210,12210,지산동,,동구,12210,아파트,전월세,202510,아파트 전월세,,,,,
그랜드센트럴,29110-371,2020,25.11~27.11,갱신,30,10,2025,"1,050",75.9867,17,1827,95,"1,000",90,경양로 234,0,00234,00000,3009017,2,12210,12210,계림동,사용,동구,12210,아파트,전월세,202510,아파트 전월세,,,,,
그랜드센트럴,29110-371,2020,25.11~27.11,갱신,30,10,2025,"1,050",75.9867,17,1827,95,"1,000",90,경양로 234,0,00234,00000,3009017,2,12210,12210,계림동,사용,동구,12210,아파트,전월세,202510,아파트 전월세,,,,,
용산지구대성베르힐,29110-360,2019,25.12~27.12,신규,1,10,2025,"16,500",59.606,1,668,10,,,용산2길 8,,00008,00000,4855762,0,12210,12210,용산동,,동구,12210,아파트,전월세,202510,아파트 전월세,,,,,
용산지구대성베르힐,29110-360,2019,25.12~27.12,신규,17,10,2025,"20,200",59.606,16,668,10,,,용산2길 8,,00008,00000,4855762,0,12210,12210,용산동,,동구,12210,아파트,전월세,202510,아파트 전월세,,,,,
용산지구대성베르힐,29110-360,2019,25.12~27.12,신규,17,10,2025,"20,200",59.606,16,668,10,,,용산2길 8,,00008,00000,4855762,0,12210,12210,용산동,,동구,12210,아파트,전월세,202510,아파트 전월세,,,,,
용산지구대성베르힐,29110-360,2019,25.11~27.11,신규,16,10,2025,"16,500",59.606,1,668,10,,,용산2길 8,,00008,00000,4855762,0,12210,12210,용산동,,동구,12210,아파트,전월세,202510,아파트 전월세,,,,,
광주선교지구1차우방아이유쉘아파트,29110-383,2023,25.11~27.10,신규,10,10,2025,"14,000",47.1254,20,487,0,,,선교로 38-30,0,00038,00030,3159009,0,12210,12210,선교동,,동구,12210,아파트,전월세,202510,아파트 전월세,,,,,
광주선교지구1차우방아이유쉘아파트,29110-383,2023,25.11~27.10,신규,10,10,2025,"14,000",47.1254,20,487,0,,,선교로 38-30,0,00038,00030,3159009,0,12210,12210,선교동,,동구,12210,아파트,전월세,202510,아파트 전월세,,,,,
용산지구대성베르힐,29110-360,2019,25.12~27.12,신규,1,10,2025,"16,500",59.606,1,668,10,,,용산2길 8,,00008,00000,4855762,0,12210,12210,용산동,,동구,12210,아파트,전월세,202510,아파트 전월세,,,,,
상무광명메이루즈,29140-373,2016,25.11~27.11,신규,19,10,2025,"2,000",84.9476,18,1249,140,,,시청로 27,0,00027,00000,3160029,0,12240,12240,치평동,,서구,12240,아파트,전월세,202510,아파트 전월세,,,,,
더샵염주센트럴파크,29140-414,2022,25.12~27.12,갱신,23,10,2025,"37,500",76.9612,28,1712,0,"36,500",,월드컵4강로 27,,00027,00000,3160036,0,12240,12240,화정동,사용,서구,12240,아파트,전월세,202510,아파트 전월세,,,,,
금호2지구도개공1단지,29140-155,1998,25.12~27.12,신규,18,10,2025,"1,000",49.92,1,770,47,,,금화로115번길 12,0,00012,00000,4280062,1,12240,12240,금호동,,서구,12240,아파트,전월세,202510,아파트 전월세,,,,,
현대(859-1),29140-94,1987,26.01~28.01,신규,24,10,2025,"13,000",60,11,859-1,0,,,월드컵4강로 22,0,00022,00000,3160036,2,12240,12240,화정동,,서구,12240,아파트,전월세,202510,아파트 전월세,,,,,
상무광명메이루즈,29140-373,2016,25.11~27.11,신규,19,10,2025,"5,000",84.9476,18,1249,110,,,시청로 27,0,00027,00000,3160029,0,12240,12240,치평동,,서구,12240,아파트,전월세,202510,아파트 전월세,,,,,
중흥아파트,29140-120,2000,25.12~27.12,신규,21,10,2025,"22,000",84.99,7,1063,0,,,풍암순환로 112,0,00112,00000,3160050,1,12240,12240,풍암동,,서구,12240,아파트,전월세,202510,아파트 전월세,,,,,
금호2지구도개공1단지,29140-155,1998,25.12~27.12,신규,18,10,2025,"1,000",49.92,1,770,47,,,금화로115번길 12,0,00012,00000,4280062,1,12240,12240,금호동,,서구,12240,아파트,전월세,202510,아파트 전월세,,,,,
상무광명메이루즈,29140-373,2016,25.11~27.11,신규,19,10,2025,"2,000",84.9476,18,1249,140,,,시청로 27,0,00027,00000,3160029,0,12240,12240,치평동,,서구,12240,아파트,전월세,202510,아파트 전월세,,,,,
광명하이츠,29140-42,1992,25.11~27.11,신규,17,10,2025,"2,000",84.96,15,96,70,,,내방로251번길 10,0,00010,00000,4280081,1,12240,12240,쌍촌동,,서구,12240,아파트,전월세,202510,아파트 전월세,,,,,
효성해링턴플레이스상무역,29140-473,2024,25.11~27.11,신규,24,10,2025,"45,000",119.9945,13,820,0,,,신기길 10,0,00010,00000,4280260,0,12240,12240,마륵동,,서구,12240,아파트,전월세,202510,아파트 전월세,,,,,
광명하이츠,29140-42,1992,25.11~27.11,신규,17,10,2025,"2,000",84.96,15,96,70,,,내방로251번길 10,0,00010,00000,4280081,1,12240,12240,쌍촌동,,서구,12240,아파트,전월세,202510,아파트 전월세,,,,,
더샵염주센트럴파크,29140-414,2022,25.12~27.12,갱신,23,10,2025,"37,500",76.9612,28,1712,0,"36,500",,월드컵4강로 27,,00027,00000,3160036,0,12240,12240,화정동,사용,서구,12240,아파트,전월세,202510,아파트 전월세,,,,,
태영,29140-91,1989,25.11~27.11,신규,26,10,2025,"1,000",59.93,11,858-3,45,,,염화로40번길 20-1,0,00020,00001,4280294,1,12240,12240,화정동,,서구,12240,아파트,전월세,202510,아파트 전월세,,,,,
태영,29140-91,1989,25.11~27.11,신규,26,10,2025,"1,000",59.93,11,858-3,45,,,염화로40번길 20-1,0,00020,00001,4280294,1,12240,12240,화정동,,서구,12240,아파트,전월세,202510,아파트 전월세,,,,,
현대(859-1),29140-94,1987,26.01~28.01,신규,24,10,2025,"13,000",60,11,859-1,0,,,월드컵4강로 22,0,00022,00000,3160036,2,12240,12240,화정동,,서구,12240,아파트,전월세,202510,아파트 전월세,,,,,
효성해링턴플레이스상무역,29140-473,2024,25.11~27.11,신규,24,10,2025,"45,000",119.9945,13,820,0,,,신기길 10,0,00010,00000,4280260,0,12240,12240,마륵동,,서구,12240,아파트,전월세,202510,아파트 전월세,,,,,
상무광명메이루즈,29140-373,2016,25.11~27.11,신규,19,10,2025,"5,000",84.9476,18,1249,110,,,시청로 27,0,00027,00000,3160029,0,12240,12240,치평동,,서구,12240,아파트,전월세,202510,아파트 전월세,,,,,
상무광명메이루즈,29140-373,2016,25.11~27.11,신규,19,10,2025,"5,000",84.9476,18,1249,110,,,시청로 27,0,00027,00000,3160029,0,12240,12240,치평동,,서구,12240,아파트,전월세,202510,아파트 전월세,,,,,
중흥아파트,29140-120,2000,25.12~27.12,신규,21,10,2025,"22,000",84.99,7,1063,0,,,풍암순환로 112,0,00112,00000,3160050,1,12240,12240,풍암동,,서구,12240,아파트,전월세,202510,아파트 전월세,,,,,
빛고을파크,29140-52,1991,25.10~27.10,갱신,17,10,2025,"12,500",59.82,2,1228-1,0,"12,500",,화정로 105,0,00105,00000,3160058,2,12240,12240,쌍촌동,사용,서구,12240,아파트,전월세,202510,아파트 전월세,,,,,
빛고을파크,29140-52,1991,25.10~27.10,갱신,17,10,2025,"12,500",59.82,2,1228-1,0,"12,500",,화정로 105,0,00105,00000,3160058,2,12240,12240,쌍촌동,사용,서구,12240,아파트,전월세,202510,아파트 전월세,,,,,
화정동영무예다음,29140-143,2003,25.10~27.10,신규,3,10,2025,"12,000",59.6134,9,1295,0,,,화운로23번길 7-31,0,00007,00031,4280509,1,12240,12240,화정동,,서구,12240,아파트,전월세,202510,아파트 전월세,,,,,
화정동영무예다음,29140-143,2003,25.10~27.10,신규,3,10,2025,"12,000",59.6134,9,1295,0,,,화운로23번길 7-31,0,00007,00031,4280509,1,12240,12240,화정동,,서구,12240,아파트,전월세,202510,아파트 전월세,,,,,
효천남해오네뜨2단지,29155-359,2014,25.12~27.12,갱신,5,10,2025,"3,000",74.97,16,598,70,"3,000",70,효우2로 45,0,00045,00000,3162075,1,12270,12270,행암동,,남구,12270,아파트,전월세,202510,아파트 전월세,,,,,
남구주월골드클래스어반시티,29155-417,2021,26.01~29.01,신규,30,10,2025,"39,000",84.9717,10,1328,0,,,서문대로812번길 4-8,,00004,00008,4283402,0,12270,12270,주월동,,남구,12270,아파트,전월세,202510,아파트 전월세,,,,,
진월동풍림아파트,29155-108,2000,26.02~28.02,신규,23,10,2025,"16,500",74.25,20,499-68,0,,,화산로31번안길 2,0,00002,00000,4283693,1,12270,12270,진월동,,남구,12270,아파트,전월세,202510,아파트 전월세,,,,,
포스코더샵,29155-131,2004,25.12~27.12,신규,11,10,2025,"27,000",59.89,4,1076,0,,,효사랑길 14,0,00014,00000,4283737,1,12270,12270,봉선동,,남구,12270,아파트,전월세,202510,아파트 전월세,,,,,
효천1중흥에스-클래스에코파크,29155-397,2019,26.01~28.01,신규,25,10,2025,"30,000",84.9772,15,855,0,,,효천3로 110,,00110,00000,3351964,0,12270,12270,임암동,,남구,12270,아파트,전월세,202510,아파트 전월세,,,,,
모아1단지2차,29155-115,1987,25.12~27.12,신규,24,10,2025,"1,000",46.8,6,984,40,,,봉선중앙로 115,0,00115,00000,3161010,2,12270,12270,봉선동,,남구,12270,아파트,전월세,202510,아파트 전월세,,,,,
금호타운,29155-48,1996,25.12~26.12,신규,13,10,2025,"2,000",84.895,10,43-28,70,,,효덕로 291,0,00291,00000,3161020,4,12270,12270,송하동,,남구,12270,아파트,전월세,202510,아파트 전월세,,,,,
금호타운,29155-48,1996,25.12~26.12,신규,13,10,2025,"2,000",84.895,10,43-28,70,,,효덕로 291,0,00291,00000,3161020,4,12270,12270,송하동,,남구,12270,아파트,전월세,202510,아파트 전월세,,,,,
금호타운,29155-48,1996,25.12~26.12,신규,13,10,2025,"2,000",84.895,10,43-28,70,,,효덕로 291,0,00291,00000,3161020,4,12270,12270,송하동,,남구,12270,아파트,전월세,202510,아파트 전월세,,,,,
한신1,29155-109,1996,26.01~28.01,신규,29,10,2025,"18,000",84.87,13,267,0,,,광복마을4길 9-1,0,00009,00001,4283023,1,12270,12270,진월동,,남구,12270,아파트,전월세,202510,아파트 전월세,,,,,
효천1중흥에스-클래스에코파크,29155-397,2019,26.01~28.01,신규,25,10,2025,"30,000",84.9772,15,855,0,,,효천3로 110,,00110,00000,3351964,0,12270,12270,임암동,,남구,12270,아파트,전월세,202510,아파트 전월세,,,,,
모아,29155-8,1989,25.11~27.11,신규,10,10,2025,"14,500",83.91,14,556,0,,,봉선1로 87,0,00087,00000,3161007,2,12270,12270,방림동,,남구,12270,아파트,전월세,202510,아파트 전월세,,,,,
반도유보라더퍼스트,29155-430,2022,25.10~27.10,신규,2,10,2025,"14,400",35.4784,10,1065,18,,,구성로8번길 6,0,00006,00000,4283051,0,12270,12270,월산동,,남구,12270,아파트,전월세,202510,아파트 전월세,,,,,
남구주월골드클래스어반시티,29155-417,2021,26.01~29.01,신규,30,10,2025,"39,000",84.9717,10,1328,0,,,서문대로812번길 4-8,,00004,00008,4283402,0,12270,12270,주월동,,남구,12270,아파트,전월세,202510,아파트 전월세,,,,,
한신2,29155-110,1997,25.12~27.12,신규,24,10,2025,"21,000",84.87,14,277,0,,,서문대로701번길 21,0,00021,00000,4283386,1,12270,12270,진월동,,남구,12270,아파트,전월세,202510,아파트 전월세,,,,,
한신2,29155-110,1997,25.12~27.12,신규,24,10,2025,"21,000",84.87,14,277,0,,,서문대로701번길 21,0,00021,00000,4283386,1,12270,12270,진월동,,남구,12270,아파트,전월세,202510,아파트 전월세,,,,,
한신1,29155-109,1996,26.01~28.01,신규,29,10,2025,"18,000",84.87,13,267,0,,,광복마을4길 9-1,0,00009,00001,4283023,1,12270,12270,진월동,,남구,12270,아파트,전월세,202510,아파트 전월세,,,,,
반도유보라더퍼스트,29155-430,2022,25.10~27.10,신규,2,10,2025,"14,400",35.4784,10,1065,18,,,구성로8번길 6,0,00006,00000,4283051,0,12270,12270,월산동,,남구,12270,아파트,전월세,202510,아파트 전월세,,,,,
라인3,29155-33,1997,25.12~27.12,신규,23,10,2025,"26,000",84.99,15,533-5,0,,,제석로80번길 22-3,0,00022,00003,4283570,1,12270,12270,봉선동,,남구,12270,아파트,전월세,202510,아파트 전월세,,,,,
효천1중흥에스-클래스에코파크,29155-397,2019,26.01~28.01,신규,25,10,2025,"30,000",84.9772,15,855,0,,,효천3로 110,,00110,00000,3351964,0,12270,12270,임암동,,남구,12270,아파트,전월세,202510,아파트 전월세,,,,,
라인3,29155-33,1997,25.12~27.12,신규,23,10,2025,"26,000",84.99,15,533-5,0,,,제석로80번길 22-3,0,00022,00003,4283570,1,12270,12270,봉선동,,남구,12270,아파트,전월세,202510,아파트 전월세,,,,,
한신2,29155-110,1997,25.12~27.12,신규,24,10,2025,"21,000",84.87,14,277,0,,,서문대로701번길 21,0,00021,00000,4283386,1,12270,12270,진월동,,남구,12270,아파트,전월세,202510,아파트 전월세,,,,,
모아1단지2차,29155-115,1987,25.12~27.12,신규,24,10,2025,"1,000",46.8,6,984,40,,,봉선중앙로 115,0,00115,00000,3161010,2,12270,12270,봉선동,,남구,12270,아파트,전월세,202510,아파트 전월세,,,,,
진월동풍림아파트,29155-108,2000,26.02~28.02,신규,23,10,2025,"16,500",74.25,20,499-68,0,,,화산로31번안길 2,0,00002,00000,4283693,1,12270,12270,진월동,,남구,12270,아파트,전월세,202510,아파트 전월세,,,,,
포스코더샵,29155-131,2004,25.12~27.12,신규,11,10,2025,"27,000",59.89,4,1076,0,,,효사랑길 14,0,00014,00000,4283737,1,12270,12270,봉선동,,남구,12270,아파트,전월세,202510,아파트 전월세,,,,,
금호타운,29155-48,1996,25.12~26.12,신규,13,10,2025,"2,000",84.895,10,43-28,70,,,효덕로 291,0,00291,00000,3161020,4,12270,12270,송하동,,남구,12270,아파트,전월세,202510,아파트 전월세,,,,,
모아,29155-8,1989,25.11~27.11,신규,10,10,2025,"14,500",83.91,14,556,0,,,봉선1로 87,0,00087,00000,3161007,2,12270,12270,방림동,,남구,12270,아파트,전월세,202510,아파트 전월세,,,,,
효천남해오네뜨2단지,29155-359,2014,25.12~27.12,갱신,5,10,2025,"3,000",74.97,16,598,70,"3,000",70,효우2로 45,0,00045,00000,3162075,1,12270,12270,행암동,,남구,12270,아파트,전월세,202510,아파트 전월세,,,,,
힐스테이트신용더리버,29170-885,2024,25.11~27.11,신규,3,10,2025,"5,000",104.51,18,869,150,,,빛고을대로 615,0,00615,00000,2009010,0,12300,12300,신용동,,북구,12300,아파트,전월세,202510,아파트 전월세,,,,,
쌍용,29170-186,1997,26.01~28.01,신규,16,10,2025,"22,500",96.87,1,814-4,0,,,설죽로 585,0,00585,00000,3162033,6,12300,12300,일곡동,,북구,12300,아파트,전월세,202510,아파트 전월세,,,,,
한국,29170-60,1994,25.11~27.11,신규,25,10,2025,"1,000",59.88,12,110-80,60,,,금호로40번길 33,0,00033,00000,4286094,2,12300,12300,운암동,,북구,12300,아파트,전월세,202510,아파트 전월세,,,,,
한국,29170-60,1994,25.11~27.11,신규,25,10,2025,"1,000",59.88,12,110-80,60,,,금호로40번길 33,0,00033,00000,4286094,2,12300,12300,운암동,,북구,12300,아파트,전월세,202510,아파트 전월세,,,,,
힐스테이트신용더리버,29170-885,2024,25.11~27.11,신규,3,10,2025,"5,000",104.51,18,869,150,,,빛고을대로 615,0,00615,00000,2009010,0,12300,12300,신용동,,북구,12300,아파트,전월세,202510,아파트 전월세,,,,,
제일풍경채센트럴파크1단지,29170-841,2022,25.12~27.12,신규,25,10,2025,"5,000",84.92,24,836,130,,,우치로40번길 25,,00025,00000,4286577,1,12300,12300,중흥동,,북구,12300,아파트,전월세,202510,아파트 전월세,,,,,
주공,29170-160,1992,25.12~27.05,신규,31,10,2025,500,44.52,7,1005,37,,,서하로194번길 15,0,00015,00000,4286403,1,12300,12300,오치동,,북구,12300,아파트,전월세,202510,아파트 전월세,,,,,
동성노블리,29170-641,2013,25.10~26.10,신규,16,10,2025,300,17.3698,4,1348-4,35,,,설죽로251번길 26-7,0,00026,00007,4286428,1,12300,12300,용봉동,,북구,12300,아파트,전월세,202510,아파트 전월세,,,,,
일신,29170-134,1994,26.01~28.01,신규,27,10,2025,"11,200",59.99,13,1010-2,10,,,대천로 124-4,0,00124,00004,3162009,1,12300,12300,문흥동,,북구,12300,아파트,전월세,202510,아파트 전월세,,,,,
프라임로하스,29170-711,2015,25.11~27.11,신규,23,10,2025,"13,000",49.6235,4,147-4,0,,,경양로97번길 7-8,0,00007,00008,4286025,1,12300,12300,신안동,,북구,12300,아파트,전월세,202510,아파트 전월세,,,,,
유탑하늘세움,29170-286,2005,25.12~27.12,신규,21,10,2025,"21,500",84.9951,10,184-7,0,,,하서로 71,0,00071,00000,3162082,1,12300,12300,운암동,,북구,12300,아파트,전월세,202510,아파트 전월세,,,,,
산이고운신용PARK,29170-1368,2025,25.12~27.12,신규,29,10,2025,"33,000",84.8826,17,823,0,,,청계로 13,0,00013,00000,3162075,0,12300,12300,신안동,,북구,12300,아파트,전월세,202510,아파트 전월세,,,,,
주공,29170-160,1992,25.12~27.05,신규,31,10,2025,500,44.52,7,1005,37,,,서하로194번길 15,0,00015,00000,4286403,1,12300,12300,오치동,,북구,12300,아파트,전월세,202510,아파트 전월세,,,,,
유탑하늘세움,29170-286,2005,25.12~27.12,신규,21,10,2025,"21,500",84.9951,10,184-7,0,,,하서로 71,0,00071,00000,3162082,1,12300,12300,운암동,,북구,12300,아파트,전월세,202510,아파트 전월세,,,,,
제일풍경채센트럴파크1단지,29170-841,2022,25.12~27.12,신규,25,10,2025,"5,000",84.92,24,836,130,,,우치로40번길 25,,00025,00000,4286577,1,12300,12300,중흥동,,북구,12300,아파트,전월세,202510,아파트 전월세,,,,,
정한파인시티,29170-733,2017,25.11~27.11,신규,28,10,2025,"14,000",47.3,8,59,0,,,금재로36번길 41,0,00041,00000,4286086,0,12300,12300,북동,,북구,12300,아파트,전월세,202510,아파트 전월세,,,,,
정한파인시티,29170-733,2017,25.11~27.11,신규,28,10,2025,"14,000",47.3,8,59,0,,,금재로36번길 41,0,00041,00000,4286086,0,12300,12300,북동,,북구,12300,아파트,전월세,202510,아파트 전월세,,,,,
산이고운신용PARK,29170-1368,2025,25.12~27.12,신규,29,10,2025,"33,000",84.8826,17,823,0,,,청계로 13,0,00013,00000,3162075,0,12300,12300,신안동,,북구,12300,아파트,전월세,202510,아파트 전월세,,,,,
일신,29170-134,1994,26.01~28.01,신규,27,10,2025,"11,200",59.99,13,1010-2,10,,,대천로 124-4,0,00124,00004,3162009,1,12300,12300,문흥동,,북구,12300,아파트,전월세,202510,아파트 전월세,,,,,
정한파인시티,29170-733,2017,25.10~27.10,신규,10,10,2025,"14,000",47.3,7,59,0,,,금재로36번길 41,0,00041,00000,4286086,0,12300,12300,북동,,북구,12300,아파트,전월세,202510,아파트 전월세,,,,,
정한파인시티,29170-733,2017,25.10~27.10,신규,10,10,2025,"14,000",47.3,7,59,0,,,금재로36번길 41,0,00041,00000,4286086,0,12300,12300,북동,,북구,12300,아파트,전월세,202510,아파트 전월세,,,,,
동성노블리,29170-641,2013,25.10~26.10,신규,16,10,2025,300,17.3698,4,1348-4,35,,,설죽로251번길 26-7,0,00026,00007,4286428,1,12300,12300,용봉동,,북구,12300,아파트,전월세,202510,아파트 전월세,,,,,
프라임로하스,29170-711,2015,25.11~27.11,신규,23,10,2025,"13,000",49.6235,4,147-4,0,,,경양로97번길 7-8,0,00007,00008,4286025,1,12300,12300,신안동,,북구,12300,아파트,전월세,202510,아파트 전월세,,,,,
유탑하늘세움,29170-286,2005,25.12~27.12,신규,21,10,2025,"21,500",84.9951,10,184-7,0,,,하서로 71,0,00071,00000,3162082,1,12300,12300,운암동,,북구,12300,아파트,전월세,202510,아파트 전월세,,,,,
쌍용,29170-186,1997,26.01~28.01,신규,16,10,2025,"22,500",96.87,1,814-4,0,,,설죽로 585,0,00585,00000,3162033,6,12300,12300,일곡동,,북구,12300,아파트,전월세,202510,아파트 전월세,,,,,
광주첨단2지구사랑으로부영,29170-646,2013,25.11~27.11,신규,14,10,2025,"21,000",60.4624,10,737,0,,,첨단연신로 166,0,00166,00000,3162094,2,12300,12300,신용동,,북구,12300,아파트,전월세,202510,아파트 전월세,,,,,
광주첨단2지구사랑으로부영,29170-646,2013,25.11~27.11,신규,14,10,2025,"21,000",60.4624,10,737,0,,,첨단연신로 166,0,00166,00000,3162094,2,12300,12300,신용동,,북구,12300,아파트,전월세,202510,아파트 전월세,,,,,
해솔마을대방노블랜드2차,29200-265,2011,26.01~28.01,신규,17,10,2025,"46,000",84.9382,16,970,0,,,임방울대로358번길 21,0,00021,00000,4289549,1,12330,12330,수완동,,광산구,12330,아파트,전월세,202510,아파트 전월세,,,,,
국제미소래,29200-384,2017,25.12~27.12,신규,31,10,2025,"17,450",70.7212,3,1620,0,,,용아로 175,0,00175,00000,3163035,2,12330,12330,우산동,,광산구,12330,아파트,전월세,202510,아파트 전월세,,,,,
우미린2차,29200-231,2008,25.12~27.12,신규,2,10,2025,"36,000",84.9547,15,908,0,,,왕버들로132번길 22,0,00022,00000,4289442,1,12330,12330,수완동,,광산구,12330,아파트,전월세,202510,아파트 전월세,,,,,
삼능,29200-47,1996,25.12~26.11,신규,24,10,2025,"2,000",78.02,3,759-2,70,,,임방울대로 727-19,0,00727,00019,2009005,4,12330,12330,월계동,,광산구,12330,아파트,전월세,202510,아파트 전월세,,,,,
수완GS자이,29200-235,2008,26.01~28.01,신규,14,10,2025,"50,000",121.5193,8,1116,0,,,장덕로95번길 45,0,00045,00000,4289564,1,12330,12330,장덕동,,광산구,12330,아파트,전월세,202510,아파트 전월세,,,,,
운남주공9단지,29200-85,2003,25.12~27.12,신규,25,10,2025,"20,000",84.75,2,681-1,0,,,풍영로 63,0,00063,00000,3163061,3,12330,12330,월곡동,,광산구,12330,아파트,전월세,202510,아파트 전월세,,,,,
우방아이유쉘,29200-354,2015,25.12~27.12,신규,18,10,2025,"3,000",59.7699,8,800,70,,,임방울대로 154-24,0,00154,00024,2009005,7,12330,12330,운남동,,광산구,12330,아파트,전월세,202510,아파트 전월세,,,,,
우방아이유쉘,29200-354,2015,25.12~27.12,신규,18,10,2025,"3,000",59.7699,8,800,70,,,임방울대로 154-24,0,00154,00024,2009005,7,12330,12330,운남동,,광산구,12330,아파트,전월세,202510,아파트 전월세,,,,,
운남주공9단지,29200-85,2003,25.12~27.12,신규,25,10,2025,"20,000",84.75,2,681-1,0,,,풍영로 63,0,00063,00000,3163061,3,12330,12330,월곡동,,광산구,12330,아파트,전월세,202510,아파트 전월세,,,,,
운남주공7단지,29200-138,2001,25.11~27.11,신규,17,10,2025,"1,000",49.83,9,794-3,55,,,목련로153번길 56,0,00056,00000,4289101,1,12330,12330,운남동,,광산구,12330,아파트,전월세,202510,아파트 전월세,,,,,
중흥에스-클래스3단지,29200-238,2008,25.12~27.12,신규,17,10,2025,"36,000",84.9684,12,503,0,,,풍영로145번길 18,0,00018,00000,4289671,1,12330,12330,흑석동,,광산구,12330,아파트,전월세,202510,아파트 전월세,,,,,
대광로제비앙,29200-222,2007,25.12~27.12,신규,25,10,2025,"25,000",84.8724,2,1311-1,0,,,우산로95번길 60,0,00060,00000,4289475,1,12330,12330,우산동,,광산구,12330,아파트,전월세,202510,아파트 전월세,,,,,
대광로제비앙,29200-222,2007,25.12~27.12,신규,25,10,2025,"25,000",84.8724,2,1311-1,0,,,우산로95번길 60,0,00060,00000,4289475,1,12330,12330,우산동,,광산구,12330,아파트,전월세,202510,아파트 전월세,,,,,
삼능,29200-47,1996,25.12~26.11,신규,24,10,2025,"2,000",78.02,3,759-2,70,,,임방울대로 727-19,0,00727,00019,2009005,4,12330,12330,월계동,,광산구,12330,아파트,전월세,202510,아파트 전월세,,,,,
대방노블랜드,29200-254,2009,25.10~27.10,신규,10,10,2025,"33,000",84.9366,17,1304,0,,,수등로76번길 40,0,00040,00000,4289330,1,12330,12330,신가동,,광산구,12330,아파트,전월세,202510,아파트 전월세,,,,,
해솔마을대방노블랜드2차,29200-265,2011,26.01~28.01,신규,17,10,2025,"46,000",84.9382,16,970,0,,,임방울대로358번길 21,0,00021,00000,4289549,1,12330,12330,수완동,,광산구,12330,아파트,전월세,202510,아파트 전월세,,,,,
국제미소래,29200-384,2017,25.12~27.12,신규,31,10,2025,"17,450",70.7212,3,1620,0,,,용아로 175,0,00175,00000,3163035,2,12330,12330,우산동,,광산구,12330,아파트,전월세,202510,아파트 전월세,,,,,
대방노블랜드,29200-254,2009,25.10~27.10,신규,10,10,2025,"33,000",84.9366,17,1304,0,,,수등로76번길 40,0,00040,00000,4289330,1,12330,12330,신가동,,광산구,12330,아파트,전월세,202510,아파트 전월세,,,,,
운남주공4단지,29200-77,1996,25.10~27.10,신규,3,10,2025,"3,000",59.76,11,771-1,45,,,목련로273번안길 30,0,00030,00000,4289109,1,12330,12330,운남동,,광산구,12330,아파트,전월세,202510,아파트 전월세,,,,,
부영사랑으로7차,29200-223,2007,25.12~27.12,신규,25,10,2025,"25,000",84.9931,12,886-2,0,,,산월로 80,0,00080,00000,3163015,2,12330,12330,산월동,,광산구,12330,아파트,전월세,202510,아파트 전월세,,,,,
첨단남양파크,29200-87,1996,25.11~27.11,신규,23,10,2025,"10,000",59.92,5,765-6,0,,,월계로 137,0,00137,00000,3163039,1,12330,12330,월계동,,광산구,12330,아파트,전월세,202510,아파트 전월세,,,,,
부영사랑으로7차,29200-223,2007,25.12~27.12,신규,25,10,2025,"25,000",84.9931,12,886-2,0,,,산월로 80,0,00080,00000,3163015,2,12330,12330,산월동,,광산구,12330,아파트,전월세,202510,아파트 전월세,,,,,
첨단남양파크,29200-87,1996,25.11~27.11,신규,23,10,2025,"10,000",59.92,5,765-6,0,,,월계로 137,0,00137,00000,3163039,1,12330,12330,월계동,,광산구,12330,아파트,전월세,202510,아파트 전월세,,,,,
운남주공7단지,29200-138,2001,25.11~27.11,신규,17,10,2025,"1,000",49.83,9,794-3,55,,,목련로153번길 56,0,00056,00000,4289101,1,12330,12330,운남동,,광산구,12330,아파트,전월세,202510,아파트 전월세,,,,,
운남주공7단지,29200-138,2001,25.11~27.11,신규,17,10,2025,"1,000",49.83,9,794-3,55,,,목련로153번길 56,0,00056,00000,4289101,1,12330,12330,운남동,,광산구,12330,아파트,전월세,202510,아파트 전월세,,,,,
첨단라인1,29200-59,1995,25.10~27.10,신규,2,10,2025,"13,500",60,4,765-2,0,,,월계로 117-32,0,00117,00032,3163039,1,12330,12330,월계동,,광산구,12330,아파트,전월세,202510,아파트 전월세,,,,,
중흥에스-클래스3단지,29200-238,2008,25.12~27.12,신규,17,10,2025,"36,000",84.9684,12,503,0,,,풍영로145번길 18,0,00018,00000,4289671,1,12330,12330,흑석동,,광산구,12330,아파트,전월세,202510,아파트 전월세,,,,,
하남주공(2단지),29200-39,1991,25.11~27.11,신규,15,10,2025,"7,000",44.52,14,1571-1,0,,,월곡산정로 12,0,00012,00000,3163042,1,12330,12330,우산동,,광산구,12330,아파트,전월세,202510,아파트 전월세,,,,,
수완GS자이,29200-235,2008,26.01~28.01,신규,14,10,2025,"50,000",121.5193,8,1116,0,,,장덕로95번길 45,0,00045,00000,4289564,1,12330,12330,장덕동,,광산구,12330,아파트,전월세,202510,아파트 전월세,,,,,
하남주공(2단지),29200-39,1991,25.11~27.11,신규,15,10,2025,"7,000",44.52,14,1571-1,0,,,월곡산정로 12,0,00012,00000,3163042,1,12330,12330,우산동,,광산구,12330,아파트,전월세,202510,아파트 전월세,,,,,
운남주공4단지,29200-77,1996,25.10~27.10,신규,3,10,2025,"3,000",59.76,11,771-1,45,,,목련로273번안길 30,0,00030,00000,4289109,1,12330,12330,운남동,,광산구,12330,아파트,전월세,202510,아파트 전월세,,,,,
서라,29200-70,1995,25.10~27.10,신규,13,10,2025,"1,000",59.93,2,764-2,45,,,첨단내촌로 102,0,00102,00000,3163048,1,12330,12330,월계동,,광산구,12330,아파트,전월세,202510,아파트 전월세,,,,,
서라,29200-70,1995,25.10~27.10,신규,13,10,2025,"1,000",59.93,2,764-2,45,,,첨단내촌로 102,0,00102,00000,3163048,1,12330,12330,월계동,,광산구,12330,아파트,전월세,202510,아파트 전월세,,,,,
우미린2차,29200-231,2008,25.12~27.12,신규,2,10,2025,"36,000",84.9547,15,908,0,,,왕버들로132번길 22,0,00022,00000,4289442,1,12330,12330,수완동,,광산구,12330,아파트,전월세,202510,아파트 전월세,,,,,
첨단라인1,29200-59,1995,25.10~27.10,신규,2,10,2025,"13,500",60,4,765-2,0,,,월계로 117-32,0,00117,00032,3163039,1,12330,12330,월계동,,광산구,12330,아파트,전월세,202510,아파트 전월세,,,,,
운남주공7단지,29200-138,2001,25.10~27.09,갱신,1,10,2025,500,39.99,16,794-3,43,500,41,목련로153번길 56,0,00056,00000,4289101,1,12330,12330,운남동,,광산구,12330,아파트,전월세,202510,아파트 전월세,,,,,
운남주공7단지,29200-138,2001,25.10~27.09,갱신,1,10,2025,500,39.99,16,794-3,43,500,41,목련로153번길 56,0,00056,00000,4289101,1,12330,12330,운남동,,광산구,12330,아파트,전월세,202510,아파트 전월세,,,,,
용산지구대성베르힐,29110-360,2019,,,14,11,2025,"20,200",59.606,5,668,10,,,용산2길 8,,00008,00000,4855762,0,12210,12210,용산동,,동구,12210,아파트,전월세,202511,아파트 전월세,,,,,
용산지구대성베르힐,29110-360,2019,,,14,11,2025,"20,200",59.606,5,668,10,,,용산2길 8,,00008,00000,4855762,0,12210,12210,용산동,,동구,12210,아파트,전월세,202511,아파트 전월세,,,,,
충장아트원,29110-325,2014,25.11~26.11,신규,5,11,2025,500,18,15,14,35,,,중앙로 179,0,00179,00000,3162073,9,12210,12210,충장로4가,,동구,12210,아파트,전월세,202511,아파트 전월세,,,,,
광주용산지구2BL계룡리슈빌더포레스트아파트,29110-358,2019,26.02~28.02,신규,14,11,2025,"5,000",106.6583,10,662,145,,,용산1길 2,0,00002,00000,4855761,0,12210,12210,용산동,,동구,12210,아파트,전월세,202511,아파트 전월세,,,,,
무등산그린웰로제비앙,29110-361,2019,26.02~28.02,신규,21,11,2025,"34,000",84.8445,19,723,0,,,동계로 38,0,00038,00000,3159004,2,12210,12210,산수동,,동구,12210,아파트,전월세,202511,아파트 전월세,,,,,
선교2차우방아이유쉘리포레,29110-471,2023,26.01~28.01,신규,19,11,2025,"15,000",59.9702,15,488,0,,,선교로 38-33,0,00038,00033,3159009,0,12210,12210,선교동,,동구,12210,아파트,전월세,202511,아파트 전월세,,,,,
무등산광신프로그레스,29110-350,2018,25.12~27.12,갱신,20,11,2025,"26,250",84.9193,11,716,0,"26,250",,밤실로 100,0,00100,00000,3162072,0,12210,12210,산수동,,동구,12210,아파트,전월세,202511,아파트 전월세,,,,,
무등산광신프로그레스,29110-350,2018,25.12~27.12,갱신,20,11,2025,"26,250",84.9193,11,716,0,"26,250",,밤실로 100,0,00100,00000,3162072,0,12210,12210,산수동,,동구,12210,아파트,전월세,202511,아파트 전월세,,,,,
용산지구대성베르힐,29110-360,2019,26.01~28.01,신규,28,11,2025,"20,200",59.606,3,668,10,,,용산2길 8,,00008,00000,4855762,0,12210,12210,용산동,,동구,12210,아파트,전월세,202511,아파트 전월세,,,,,
AM-City하이클래스,29110-324,2014,25.12~26.12,신규,18,11,2025,300,15.1697,7,154-1,35,,,금남로 185,0,00185,00000,3009019,1,12210,12210,금남로5가,,동구,12210,아파트,전월세,202511,아파트 전월세,,,,,
충장아트원,29110-325,2014,25.11~26.11,신규,5,11,2025,500,18,15,14,35,,,중앙로 179,0,00179,00000,3162073,9,12210,12210,충장로4가,,동구,12210,아파트,전월세,202511,아파트 전월세,,,,,
그랜드센트럴,29110-371,2020,25.12~27.12,신규,30,11,2025,"26,000",59.9055,5,1827,0,,,경양로 234,0,00234,00000,3009017,2,12210,12210,계림동,,동구,12210,아파트,전월세,202511,아파트 전월세,,,,,
광주선교지구1차우방아이유쉘아파트,29110-383,2023,25.12~27.12,신규,11,11,2025,"14,000",47.1254,16,487,0,,,선교로 38-30,0,00038,00030,3159009,0,12210,12210,선교동,,동구,12210,아파트,전월세,202511,아파트 전월세,,,,,
광주선교지구1차우방아이유쉘아파트,29110-383,2023,25.12~27.12,신규,11,11,2025,"14,000",47.1254,16,487,0,,,선교로 38-30,0,00038,00030,3159009,0,12210,12210,선교동,,동구,12210,아파트,전월세,202511,아파트 전월세,,,,,
광주선교지구1차우방아이유쉘아파트,29110-383,2023,25.12~27.12,신규,27,11,2025,"14,000",49.0667,13,487,0,,,선교로 38-30,0,00038,00030,3159009,0,12210,12210,선교동,,동구,12210,아파트,전월세,202511,아파트 전월세,,,,,
AM-City하이클래스,29110-324,2014,25.12~26.12,신규,18,11,2025,300,15.1697,7,154-1,35,,,금남로 185,0,00185,00000,3009019,1,12210,12210,금남로5가,,동구,12210,아파트,전월세,202511,아파트 전월세,,,,,
그랜드센트럴,29110-371,2020,25.12~27.12,신규,30,11,2025,"26,000",59.9055,5,1827,0,,,경양로 234,0,00234,00000,3009017,2,12210,12210,계림동,,동구,12210,아파트,전월세,202511,아파트 전월세,,,,,
용산지구대성베르힐,29110-360,2019,26.01~28.01,신규,28,11,2025,"20,200",59.606,3,668,10,,,용산2길 8,,00008,00000,4855762,0,12210,12210,용산동,,동구,12210,아파트,전월세,202511,아파트 전월세,,,,,
광주선교지구1차우방아이유쉘아파트,29110-383,2023,25.12~27.12,신규,27,11,2025,"14,000",49.0667,13,487,0,,,선교로 38-30,0,00038,00030,3159009,0,12210,12210,선교동,,동구,12210,아파트,전월세,202511,아파트 전월세,,,,,
무등산그린웰로제비앙,29110-361,2019,26.02~28.02,신규,21,11,2025,"34,000",84.8445,19,723,0,,,동계로 38,0,00038,00000,3159004,2,12210,12210,산수동,,동구,12210,아파트,전월세,202511,아파트 전월세,,,,,
선교2차우방아이유쉘리포레,29110-471,2023,26.01~28.01,신규,19,11,2025,"15,000",59.9702,15,488,0,,,선교로 38-33,0,00038,00033,3159009,0,12210,12210,선교동,,동구,12210,아파트,전월세,202511,아파트 전월세,,,,,
광주용산지구2BL계룡리슈빌더포레스트아파트,29110-358,2019,26.02~28.02,신규,14,11,2025,"5,000",106.6583,10,662,145,,,용산1길 2,0,00002,00000,4855761,0,12210,12210,용산동,,동구,12210,아파트,전월세,202511,아파트 전월세,,,,,
화정엘리체퍼스티지,29140-392,2019,26.02~28.02,신규,21,11,2025,"45,000",110.2243,19,1706,0,,,염화로 20,0,00020,00000,3160034,0,12240,12240,화정동,,서구,12240,아파트,전월세,202511,아파트 전월세,,,,,
호반리젠시빌3차,29140-156,2001,26.02~28.02,신규,4,11,2025,"26,000",84.7555,7,770-1,0,,,금화로149번길 11,0,00011,00000,4280063,2,12240,12240,금호동,,서구,12240,아파트,전월세,202511,아파트 전월세,,,,,
대우금호,29140-125,1998,26.01~28.01,신규,5,11,2025,"17,000",59.94,7,1166-2,0,,,치평로 107,0,00107,00000,3160042,1,12240,12240,치평동,,서구,12240,아파트,전월세,202511,아파트 전월세,,,,,
한신,29140-148,2000,26.01~28.01,신규,24,11,2025,"13,270",59.79,13,1053,0,,,풍암순환로 38,0,00038,00000,3160050,1,12240,12240,풍암동,,서구,12240,아파트,전월세,202511,아파트 전월세,,,,,
더샵염주센트럴파크,29140-414,2022,26.02~27.02,신규,17,11,2025,"39,500",76.9341,27,1712,0,,,월드컵4강로 27,,00027,00000,3160036,0,12240,12240,화정동,,서구,12240,아파트,전월세,202511,아파트 전월세,,,,,
더샵염주센트럴파크,29140-414,2022,26.02~27.02,신규,17,11,2025,"39,500",76.9341,27,1712,0,,,월드컵4강로 27,,00027,00000,3160036,0,12240,12240,화정동,,서구,12240,아파트,전월세,202511,아파트 전월세,,,,,
대주,29140-29,1998,25.12~27.12,신규,25,11,2025,"2,000",59.955,2,1168-11,60,,,상무공원로 94,0,00094,00000,3160015,1,12240,12240,치평동,,서구,12240,아파트,전월세,202511,아파트 전월세,,,,,
e편한세상,29140-316,2010,26.01~28.01,신규,14,11,2025,"5,000",134.5698,7,895,130,,,화운로 278,0,00278,00000,3160065,1,12240,12240,광천동,,서구,12240,아파트,전월세,202511,아파트 전월세,,,,,
e편한세상,29140-316,2010,26.01~28.01,신규,14,11,2025,"5,000",134.5698,7,895,130,,,화운로 278,0,00278,00000,3160065,1,12240,12240,광천동,,서구,12240,아파트,전월세,202511,아파트 전월세,,,,,
라인동산,29140-74,1992,26.01~28.01,신규,27,11,2025,"12,000",59.85,8,930-1,0,,,염화로45번길 17,0,00017,00000,4280295,1,12240,12240,화정동,,서구,12240,아파트,전월세,202511,아파트 전월세,,,,,
상무버들마을주공2,29140-24,1999,26.01~28.01,신규,28,11,2025,"14,500",59.92,20,871,0,,,상무버들로 15,0,00015,00000,3160061,1,12240,12240,유촌동,,서구,12240,아파트,전월세,202511,아파트 전월세,,,,,
중흥(1168-1),29140-33,1997,26.03~28.03,신규,27,11,2025,"25,000",84.93,1,1168-1,0,,,치평로 77,,00077,00000,3160042,0,12240,12240,치평동,,서구,12240,아파트,전월세,202511,아파트 전월세,,,,,
대우금호,29140-125,1998,25.12~27.11,신규,11,11,2025,"2,000",59.94,15,1166-2,70,,,치평로 107,0,00107,00000,3160042,1,12240,12240,치평동,,서구,12240,아파트,전월세,202511,아파트 전월세,,,,,
대우금호,29140-125,1998,25.12~27.11,신규,11,11,2025,"2,000",59.94,15,1166-2,70,,,치평로 107,0,00107,00000,3160042,1,12240,12240,치평동,,서구,12240,아파트,전월세,202511,아파트 전월세,,,,,
상무광명메이루즈,29140-373,2016,26.01~28.01,신규,17,11,2025,"30,000",84.9599,19,1249,0,,,시청로 27,0,00027,00000,3160029,0,12240,12240,치평동,,서구,12240,아파트,전월세,202511,아파트 전월세,,,,,
한신,29140-148,2000,26.01~28.01,신규,24,11,2025,"13,270",59.79,13,1053,0,,,풍암순환로 38,0,00038,00000,3160050,1,12240,12240,풍암동,,서구,12240,아파트,전월세,202511,아파트 전월세,,,,,
현대(859-1),29140-94,1987,25.12~27.12,신규,28,11,2025,"9,000",53.46,13,859-1,0,,,월드컵4강로 22,0,00022,00000,3160036,2,12240,12240,화정동,,서구,12240,아파트,전월세,202511,아파트 전월세,,,,,
동천 리버팰리스,29140-307,2008,25.12~27.12,신규,15,11,2025,"25,000",75.72,15,515,0,,,동천로18번길 19,0,00019,00000,4280559,1,12240,12240,동천동,,서구,12240,아파트,전월세,202511,아파트 전월세,,,,,
라인동산,29140-74,1992,26.01~28.01,신규,27,11,2025,"12,000",59.85,8,930-1,0,,,염화로45번길 17,0,00017,00000,4280295,1,12240,12240,화정동,,서구,12240,아파트,전월세,202511,아파트 전월세,,,,,
금호대우,29140-27,1998,25.12~27.12,신규,12,11,2025,"15,000",59.94,14,1166-2,0,,,치평로 107,0,00107,00000,3160042,1,12240,12240,치평동,,서구,12240,아파트,전월세,202511,아파트 전월세,,,,,
현대(859-1),29140-94,1987,25.12~27.12,신규,28,11,2025,"9,000",53.46,13,859-1,0,,,월드컵4강로 22,0,00022,00000,3160036,2,12240,12240,화정동,,서구,12240,아파트,전월세,202511,아파트 전월세,,,,,
대주,29140-29,1998,25.12~27.12,신규,25,11,2025,"2,000",59.955,2,1168-11,60,,,상무공원로 94,0,00094,00000,3160015,1,12240,12240,치평동,,서구,12240,아파트,전월세,202511,아파트 전월세,,,,,
상무버들마을주공2,29140-24,1999,26.01~28.01,신규,28,11,2025,"14,500",59.92,20,871,0,,,상무버들로 15,0,00015,00000,3160061,1,12240,12240,유촌동,,서구,12240,아파트,전월세,202511,아파트 전월세,,,,,
중흥(1168-1),29140-33,1997,26.03~28.03,신규,27,11,2025,"25,000",84.93,1,1168-1,0,,,치평로 77,,00077,00000,3160042,0,12240,12240,치평동,,서구,12240,아파트,전월세,202511,아파트 전월세,,,,,
한신,29140-148,2000,26.01~28.01,신규,24,11,2025,"13,270",59.79,13,1053,0,,,풍암순환로 38,0,00038,00000,3160050,1,12240,12240,풍암동,,서구,12240,아파트,전월세,202511,아파트 전월세,,,,,
화정엘리체퍼스티지,29140-392,2019,26.02~28.02,신규,21,11,2025,"45,000",110.2243,19,1706,0,,,염화로 20,0,00020,00000,3160034,0,12240,12240,화정동,,서구,12240,아파트,전월세,202511,아파트 전월세,,,,,
상무광명메이루즈,29140-373,2016,26.01~28.01,신규,17,11,2025,"30,000",84.9599,19,1249,0,,,시청로 27,0,00027,00000,3160029,0,12240,12240,치평동,,서구,12240,아파트,전월세,202511,아파트 전월세,,,,,
부영APT(신암마을),29140-152,2000,26.01~28.01,신규,17,11,2025,"18,000",80.1864,1,1099,0,,,풍암1로 42,0,00042,00000,3160047,1,12240,12240,풍암동,,서구,12240,아파트,전월세,202511,아파트 전월세,,,,,
동천 리버팰리스,29140-307,2008,25.12~27.12,신규,15,11,2025,"25,000",75.72,15,515,0,,,동천로18번길 19,0,00019,00000,4280559,1,12240,12240,동천동,,서구,12240,아파트,전월세,202511,아파트 전월세,,,,,
금호타운1,29140-124,1996,25.12~26.03,신규,17,11,2025,"12,000",59.94,9,1072,0,,,화운로23번길 7-8,0,00007,00008,4280509,1,12240,12240,화정동,,서구,12240,아파트,전월세,202511,아파트 전월세,,,,,
호반리젠시빌3차,29140-156,2001,26.02~28.02,신규,4,11,2025,"26,000",84.7555,7,770-1,0,,,금화로149번길 11,0,00011,00000,4280063,2,12240,12240,금호동,,서구,12240,아파트,전월세,202511,아파트 전월세,,,,,
금호타운1,29140-124,1996,25.12~26.03,신규,17,11,2025,"12,000",59.94,9,1072,0,,,화운로23번길 7-8,0,00007,00008,4280509,1,12240,12240,화정동,,서구,12240,아파트,전월세,202511,아파트 전월세,,,,,
부영APT(신암마을),29140-152,2000,26.01~28.01,신규,17,11,2025,"18,000",80.1864,1,1099,0,,,풍암1로 42,0,00042,00000,3160047,1,12240,12240,풍암동,,서구,12240,아파트,전월세,202511,아파트 전월세,,,,,
에스케이뷰,29140-298,2006,25.12~27.12,갱신,13,11,2025,"43,000",128.295,3,777,0,"41,000",,송풍로 30,0,00030,00000,3160028,1,12240,12240,풍암동,사용,서구,12240,아파트,전월세,202511,아파트 전월세,,,,,
에스케이뷰,29140-298,2006,25.12~27.12,갱신,13,11,2025,"43,000",128.295,3,777,0,"41,000",,송풍로 30,0,00030,00000,3160028,1,12240,12240,풍암동,사용,서구,12240,아파트,전월세,202511,아파트 전월세,,,,,
금호대우,29140-27,1998,25.12~27.12,신규,12,11,2025,"15,000",59.94,14,1166-2,0,,,치평로 107,0,00107,00000,3160042,1,12240,12240,치평동,,서구,12240,아파트,전월세,202511,아파트 전월세,,,,,
광주화정동골드클래스주상복합,29140-417,2022,25.11~27.11,신규,5,11,2025,"35,000",84.9319,28,1709,0,,,죽봉대로 17,0,00017,00000,2009006,0,12240,12240,화정동,,서구,12240,아파트,전월세,202511,아파트 전월세,,,,,
중흥호반,29140-147,2000,25.12~27.12,신규,7,11,2025,"15,000",59.88,16,1048,0,,,풍암순환로 14,,00014,00000,3160050,0,12240,12240,풍암동,,서구,12240,아파트,전월세,202511,아파트 전월세,,,,,
중흥호반,29140-147,2000,25.12~27.12,신규,7,11,2025,"15,000",59.88,16,1048,0,,,풍암순환로 14,,00014,00000,3160050,0,12240,12240,풍암동,,서구,12240,아파트,전월세,202511,아파트 전월세,,,,,
금호2지구도시공사,29140-99,1999,25.12~27.12,신규,3,11,2025,"13,900",59.94,10,767,0,,,금화로115번길 23,0,00023,00000,4280062,1,12240,12240,금호동,,서구,12240,아파트,전월세,202511,아파트 전월세,,,,,
광주화정동골드클래스주상복합,29140-417,2022,25.11~27.11,신규,5,11,2025,"35,000",84.9319,28,1709,0,,,죽봉대로 17,0,00017,00000,2009006,0,12240,12240,화정동,,서구,12240,아파트,전월세,202511,아파트 전월세,,,,,
대우금호,29140-125,1998,26.01~28.01,신규,5,11,2025,"17,000",59.94,7,1166-2,0,,,치평로 107,0,00107,00000,3160042,1,12240,12240,치평동,,서구,12240,아파트,전월세,202511,아파트 전월세,,,,,
금호2지구도시공사,29140-99,1999,25.12~27.12,신규,3,11,2025,"13,900",59.94,10,767,0,,,금화로115번길 23,0,00023,00000,4280062,1,12240,12240,금호동,,서구,12240,아파트,전월세,202511,아파트 전월세,,,,,
봉선동제일풍경채엘리트파크,29155-384,2016,26.02~28.02,신규,25,11,2025,"56,000",84.968,3,1092,0,,,제석로80번길 5,0,00005,00000,4283570,0,12270,12270,봉선동,,남구,12270,아파트,전월세,202511,아파트 전월세,,,,,
봉선2차남양휴튼,29155-332,2011,26.02~28.02,신규,25,11,2025,"80,000",114.7477,8,1080,0,,,봉선로 115,0,00115,00000,3161009,2,12270,12270,봉선동,,남구,12270,아파트,전월세,202511,아파트 전월세,,,,,
더퍼스트데시앙,29155-855,2025,25.12~27.12,신규,8,11,2025,"5,000",59.9908,1,1078,75,,,덕림중앙3길 8,0,00008,00000,4865160,0,12270,12270,월산동,,남구,12270,아파트,전월세,202511,아파트 전월세,,,,,
삼익1,29155-42,1990,25.12~27.12,신규,7,11,2025,"20,000",84.96,2,470,0,,,봉선중앙로 46,0,00046,00000,3161010,2,12270,12270,봉선동,,남구,12270,아파트,전월세,202511,아파트 전월세,,,,,
더퍼스트데시앙,29155-855,2025,25.12~27.12,신규,8,11,2025,"5,000",59.9908,1,1078,75,,,덕림중앙3길 8,0,00008,00000,4865160,0,12270,12270,월산동,,남구,12270,아파트,전월세,202511,아파트 전월세,,,,,
포스코더샵,29155-131,2004,25.12~27.12,신규,14,11,2025,"30,000",59.89,18,1076,0,,,효사랑길 14,0,00014,00000,4283737,1,12270,12270,봉선동,,남구,12270,아파트,전월세,202511,아파트 전월세,,,,,
효천1중흥에스-클래스에코파크,29155-397,2019,26.01~28.01,신규,2,11,2025,"25,000",84.9772,6,855,0,,,효천3로 110,,00110,00000,3351964,0,12270,12270,임암동,,남구,12270,아파트,전월세,202511,아파트 전월세,,,,,
엘에이치송화마을8단지,29155-395,2018,25.11~27.12,신규,26,11,2025,"2,988",36.72,2,825,17,,,노대실로 9,0,00009,00000,3161003,0,12270,12270,노대동,,남구,12270,아파트,전월세,202511,아파트 전월세,,,,,
제일풍경채에듀파크1단지,29155-371,2015,26.01~28.01,신규,8,11,2025,"29,000",84.3565,5,526,0,,,효우로 332-10,0,00332,00010,3161021,0,12270,12270,행암동,,남구,12270,아파트,전월세,202511,아파트 전월세,,,,,
봉선2차남양휴튼,29155-332,2011,26.01~28.01,신규,27,11,2025,"102,000",167.366,2,1080,0,,,봉선로 115,0,00115,00000,3161009,2,12270,12270,봉선동,,남구,12270,아파트,전월세,202511,아파트 전월세,,,,,
효천1중흥에스-클래스에코파크,29155-397,2019,26.01~28.01,신규,2,11,2025,"25,000",84.9772,6,855,0,,,효천3로 110,,00110,00000,3351964,0,12270,12270,임암동,,남구,12270,아파트,전월세,202511,아파트 전월세,,,,,
봉선2차남양휴튼,29155-332,2011,26.01~28.01,신규,27,11,2025,"102,000",167.366,2,1080,0,,,봉선로 115,0,00115,00000,3161009,2,12270,12270,봉선동,,남구,12270,아파트,전월세,202511,아파트 전월세,,,,,
포스코더샵,29155-131,2004,25.12~27.12,신규,14,11,2025,"30,000",59.89,18,1076,0,,,효사랑길 14,0,00014,00000,4283737,1,12270,12270,봉선동,,남구,12270,아파트,전월세,202511,아파트 전월세,,,,,
금호2,29155-27,1995,25.12~27.12,갱신,8,11,2025,"28,350",84.83,4,490-1,0,"27,000",,봉선로 134,0,00134,00000,3161009,2,12270,12270,봉선동,사용,남구,12270,아파트,전월세,202511,아파트 전월세,,,,,
삼익1,29155-42,1990,25.12~27.12,신규,7,11,2025,"20,000",84.96,2,470,0,,,봉선중앙로 46,0,00046,00000,3161010,2,12270,12270,봉선동,,남구,12270,아파트,전월세,202511,아파트 전월세,,,,,
봉선동제일풍경채엘리트파크,29155-384,2016,26.02~28.02,신규,25,11,2025,"56,000",84.968,3,1092,0,,,제석로80번길 5,0,00005,00000,4283570,0,12270,12270,봉선동,,남구,12270,아파트,전월세,202511,아파트 전월세,,,,,
봉선2차남양휴튼,29155-332,2011,26.02~28.02,신규,25,11,2025,"80,000",114.7477,8,1080,0,,,봉선로 115,0,00115,00000,3161009,2,12270,12270,봉선동,,남구,12270,아파트,전월세,202511,아파트 전월세,,,,,
엘에이치송화마을8단지,29155-395,2018,25.11~27.12,신규,26,11,2025,"2,988",36.72,2,825,17,,,노대실로 9,0,00009,00000,3161003,0,12270,12270,노대동,,남구,12270,아파트,전월세,202511,아파트 전월세,,,,,
제일풍경채에듀파크1단지,29155-371,2015,26.01~28.01,신규,8,11,2025,"29,000",84.3565,5,526,0,,,효우로 332-10,0,00332,00010,3161021,0,12270,12270,행암동,,남구,12270,아파트,전월세,202511,아파트 전월세,,,,,
금호2,29155-27,1995,25.12~27.12,갱신,8,11,2025,"28,350",84.83,4,490-1,0,"27,000",,봉선로 134,0,00134,00000,3161009,2,12270,12270,봉선동,사용,남구,12270,아파트,전월세,202511,아파트 전월세,,,,,
더퍼스트데시앙,29155-855,2025,25.12~27.12,신규,8,11,2025,"5,000",59.9908,1,1078,75,,,덕림중앙3길 8,0,00008,00000,4865160,0,12270,12270,월산동,,남구,12270,아파트,전월세,202511,아파트 전월세,,,,,
남양휴튼1차,29155-319,2009,26.01~28.01,신규,4,11,2025,"75,000",129.3502,1,606,0,,,제석로 99,0,00099,00000,3161015,2,12270,12270,봉선동,,남구,12270,아파트,전월세,202511,아파트 전월세,,,,,
진월동한국아델리움아파트,29155-288,2005,25.12~27.12,신규,3,11,2025,"61,000",166.1508,12,514-22,0,,,서문대로627번길 19,0,00019,00000,4283378,1,12270,12270,진월동,,남구,12270,아파트,전월세,202511,아파트 전월세,,,,,
진월동한국아델리움아파트,29155-288,2005,25.12~27.12,신규,3,11,2025,"61,000",166.1508,12,514-22,0,,,서문대로627번길 19,0,00019,00000,4283378,1,12270,12270,진월동,,남구,12270,아파트,전월세,202511,아파트 전월세,,,,,
남양휴튼1차,29155-319,2009,26.01~28.01,신규,4,11,2025,"75,000",129.3502,1,606,0,,,제석로 99,0,00099,00000,3161015,2,12270,12270,봉선동,,남구,12270,아파트,전월세,202511,아파트 전월세,,,,,
부림1,29170-174,1995,,,7,11,2025,"8,150",59.79,13,280-1,0,,,하백로46번길 9,0,00009,00000,4286773,1,12300,12300,매곡동,,북구,12300,아파트,전월세,202511,아파트 전월세,,,,,
부림1,29170-174,1995,,,7,11,2025,"8,150",59.79,13,280-1,0,,,하백로46번길 9,0,00009,00000,4286773,1,12300,12300,매곡동,,북구,12300,아파트,전월세,202511,아파트 전월세,,,,,
대화,29170-172,1991,26.01~28.01,신규,22,11,2025,"1,000",59.31,9,214-1,45,,,매곡로86번길 2,0,00002,00000,4286199,1,12300,12300,매곡동,,북구,12300,아파트,전월세,202511,아파트 전월세,,,,,
공간,29170-117,1994,25.11~27.11,신규,20,11,2025,"1,000",59.97,9,996-2,50,,,문산로 65,0,00065,00000,3162017,1,12300,12300,문흥동,,북구,12300,아파트,전월세,202511,아파트 전월세,,,,,
용봉엘리체,29170-671,2013,26.03~28.03,신규,15,11,2025,"25,200",59.5783,15,1474,0,,,서하로94번길 60,0,00060,00000,4286415,1,12300,12300,용봉동,,북구,12300,아파트,전월세,202511,아파트 전월세,,,,,
운암2차남양휴튼,29170-768,2019,26.04~28.04,신규,2,11,2025,"25,000",84.8088,5,1781,0,,,북문대로 88,0,00088,00000,2009002,0,12300,12300,운암동,,북구,12300,아파트,전월세,202511,아파트 전월세,,,,,
교대금호어울림,29170-742,2017,26.02~28.02,신규,29,11,2025,"35,000",84.983,7,808,0,,,군왕로 17,0,00017,00000,3162002,1,12300,12300,풍향동,,북구,12300,아파트,전월세,202511,아파트 전월세,,,,,
청솔4차,29170-254,2001,25.12~27.12,갱신,29,11,2025,"8,700",48.45,12,819-3,0,"9,400",,일곡마을로 10,0,00010,00000,3162061,1,12300,12300,일곡동,사용,북구,12300,아파트,전월세,202511,아파트 전월세,,,,,
호반2,29170-252,1995,26.01~28.01,신규,26,11,2025,"9,900",59.95,12,214-10,0,,,매곡로 64,0,00064,00000,3162014,2,12300,12300,매곡동,,북구,12300,아파트,전월세,202511,아파트 전월세,,,,,
휴먼시아,29170-571,2009,26.06~27.12,신규,5,11,2025,"22,000",84.93,4,1470,0,,,설죽로148번길 10,0,00010,00000,4286420,1,12300,12300,용봉동,,북구,12300,아파트,전월세,202511,아파트 전월세,,,,,
광주첨단2지구사랑으로부영,29170-646,2013,26.01~28.01,신규,11,11,2025,"10,000",60.4624,18,737,35,,,첨단연신로 166,0,00166,00000,3162094,2,12300,12300,신용동,,북구,12300,아파트,전월세,202511,아파트 전월세,,,,,
각화센트럴파크서희스타힐스,29170-818,2020,26.01~28.01,신규,13,11,2025,"28,500",84.9796,21,608,0,,,동문대로249번길 19,0,00019,00000,4286159,0,12300,12300,각화동,,북구,12300,아파트,전월세,202511,아파트 전월세,,,,,
용두주공,29170-202,1998,26.01~28.01,신규,26,11,2025,"10,500",49.29,13,643-1,0,,,임방울대로1041번길 15,0,00015,00000,4286609,1,12300,12300,신용동,,북구,12300,아파트,전월세,202511,아파트 전월세,,,,,
무등산자이앤어울림1단지,29170-873,2025,26.01~28.01,신규,29,11,2025,"20,000",130.8654,29,835,250,,,서양로 155,0,00155,00000,3162030,3,12300,12300,우산동,,북구,12300,아파트,전월세,202511,아파트 전월세,,,,,
무등산자이앤어울림1단지,29170-873,2025,26.01~28.01,신규,29,11,2025,"20,000",130.8654,29,835,250,,,서양로 155,0,00155,00000,3162030,3,12300,12300,우산동,,북구,12300,아파트,전월세,202511,아파트 전월세,,,,,
청솔4차,29170-254,2001,25.12~27.12,갱신,29,11,2025,"8,700",48.45,12,819-3,0,"9,400",,일곡마을로 10,0,00010,00000,3162061,1,12300,12300,일곡동,사용,북구,12300,아파트,전월세,202511,아파트 전월세,,,,,
대화,29170-172,1991,26.01~28.01,신규,22,11,2025,"1,000",59.31,9,214-1,45,,,매곡로86번길 2,0,00002,00000,4286199,1,12300,12300,매곡동,,북구,12300,아파트,전월세,202511,아파트 전월세,,,,,
전남대모아미래도에듀파크,29170-884,2023,25.12~27.12,신규,16,11,2025,"5,000",84.7647,18,262-1,100,,,호동로46번길 16,0,00016,00000,4286803,0,12300,12300,중흥동,,북구,12300,아파트,전월세,202511,아파트 전월세,,,,,
일신2,29170-55,1991,25.12~27.12,신규,12,11,2025,"1,000",59.82,4,1038-1,50,,,북문대로159번길 39,0,00039,00000,4286290,1,12300,12300,운암동,,북구,12300,아파트,전월세,202511,아파트 전월세,,,,,
무등산자이앤어울림2단지,29170-872,2025,26.01~28.01,신규,2,11,2025,"28,000",59.9883,16,831,0,,,동문대로65번길 20,0,00020,00000,4286166,1,12300,12300,우산동,,북구,12300,아파트,전월세,202511,아파트 전월세,,,,,
무등산자이앤어울림2단지,29170-872,2025,26.01~28.01,신규,2,11,2025,"28,000",59.9883,16,831,0,,,동문대로65번길 20,0,00020,00000,4286166,1,12300,12300,우산동,,북구,12300,아파트,전월세,202511,아파트 전월세,,,,,
용봉동한국아델리움비엔날레2차,29170-823,2021,26.01~28.01,신규,29,11,2025,"22,000",65.4333,6,1491,0,,,저불로69번길 24-3,0,00024,00003,4286651,1,12300,12300,용봉동,,북구,12300,아파트,전월세,202511,아파트 전월세,,,,,
S-클래스더제니스,29170-887,2024,25.12~27.12,신규,27,11,2025,"33,000",59.787,22,887,0,,,천변우로 227,,00227,00000,3009025,0,12300,12300,임동,,북구,12300,아파트,전월세,202511,아파트 전월세,,,,,
각화센트럴파크서희스타힐스,29170-818,2020,26.02~28.02,신규,27,11,2025,"30,000",84.9796,10,608,0,,,동문대로249번길 19,0,00019,00000,4286159,0,12300,12300,각화동,,북구,12300,아파트,전월세,202511,아파트 전월세,,,,,
용봉동한국아델리움비엔날레2차,29170-823,2021,26.01~28.01,신규,29,11,2025,"22,000",65.4333,6,1491,0,,,저불로69번길 24-3,0,00024,00003,4286651,1,12300,12300,용봉동,,북구,12300,아파트,전월세,202511,아파트 전월세,,,,,
교대금호어울림,29170-742,2017,26.02~28.02,신규,29,11,2025,"35,000",84.983,7,808,0,,,군왕로 17,0,00017,00000,3162002,1,12300,12300,풍향동,,북구,12300,아파트,전월세,202511,아파트 전월세,,,,,
용봉엘리체,29170-671,2013,26.03~28.03,신규,15,11,2025,"25,200",59.5783,15,1474,0,,,서하로94번길 60,0,00060,00000,4286415,1,12300,12300,용봉동,,북구,12300,아파트,전월세,202511,아파트 전월세,,,,,
힐스테이트각화,29170-767,2018,25.12~27.12,신규,20,11,2025,"24,000",59.9891,27,594,0,,,군왕로 295,0,00295,00000,3162002,0,12300,12300,각화동,,북구,12300,아파트,전월세,202511,아파트 전월세,,,,,
호반2,29170-252,1995,26.01~28.01,신규,26,11,2025,"9,900",59.95,12,214-10,0,,,매곡로 64,0,00064,00000,3162014,2,12300,12300,매곡동,,북구,12300,아파트,전월세,202511,아파트 전월세,,,,,
용두주공,29170-202,1998,26.01~28.01,신규,26,11,2025,"10,500",49.29,13,643-1,0,,,임방울대로1041번길 15,0,00015,00000,4286609,1,12300,12300,신용동,,북구,12300,아파트,전월세,202511,아파트 전월세,,,,,
S-클래스더제니스,29170-887,2024,25.12~27.12,신규,27,11,2025,"33,000",59.787,22,887,0,,,천변우로 227,,00227,00000,3009025,0,12300,12300,임동,,북구,12300,아파트,전월세,202511,아파트 전월세,,,,,
각화센트럴파크서희스타힐스,29170-818,2020,26.02~28.02,신규,27,11,2025,"30,000",84.9796,10,608,0,,,동문대로249번길 19,0,00019,00000,4286159,0,12300,12300,각화동,,북구,12300,아파트,전월세,202511,아파트 전월세,,,,,
공간,29170-117,1994,25.11~27.11,신규,20,11,2025,"1,000",59.97,9,996-2,50,,,문산로 65,0,00065,00000,3162017,1,12300,12300,문흥동,,북구,12300,아파트,전월세,202511,아파트 전월세,,,,,
청솔3차,29170-253,2000,25.11~27.11,갱신,7,11,2025,"8,550",48.45,12,817-5,20,"10,000",,일곡마을로 225,0,00225,00000,3162061,1,12300,12300,일곡동,,북구,12300,아파트,전월세,202511,아파트 전월세,,,,,
청솔3차,29170-253,2000,25.11~27.11,갱신,7,11,2025,"8,550",48.45,12,817-5,20,"10,000",,일곡마을로 225,0,00225,00000,3162061,1,12300,12300,일곡동,,북구,12300,아파트,전월세,202511,아파트 전월세,,,,,
대주2,29170-121,1988,25.11~27.11,신규,5,11,2025,"7,500",59.99,15,920,5,,,평교로 45,0,00045,00000,3162080,2,12300,12300,문흥동,,북구,12300,아파트,전월세,202511,아파트 전월세,,,,,
일신2,29170-55,1991,25.12~27.12,신규,12,11,2025,"1,000",59.82,4,1038-1,50,,,북문대로159번길 39,0,00039,00000,4286290,1,12300,12300,운암동,,북구,12300,아파트,전월세,202511,아파트 전월세,,,,,
힐스테이트각화,29170-767,2018,25.12~27.12,신규,20,11,2025,"24,000",59.9891,27,594,0,,,군왕로 295,0,00295,00000,3162002,0,12300,12300,각화동,,북구,12300,아파트,전월세,202511,아파트 전월세,,,,,
전남대모아미래도에듀파크,29170-884,2023,25.12~27.12,신규,16,11,2025,"5,000",84.7647,18,262-1,100,,,호동로46번길 16,0,00016,00000,4286803,0,12300,12300,중흥동,,북구,12300,아파트,전월세,202511,아파트 전월세,,,,,
각화센트럴파크서희스타힐스,29170-818,2020,26.01~28.01,신규,13,11,2025,"28,500",84.9796,21,608,0,,,동문대로249번길 19,0,00019,00000,4286159,0,12300,12300,각화동,,북구,12300,아파트,전월세,202511,아파트 전월세,,,,,
광주첨단2지구사랑으로부영,29170-646,2013,26.01~28.01,신규,11,11,2025,"10,000",60.4624,18,737,35,,,첨단연신로 166,0,00166,00000,3162094,2,12300,12300,신용동,,북구,12300,아파트,전월세,202511,아파트 전월세,,,,,
운암2차남양휴튼,29170-768,2019,26.04~28.04,신규,2,11,2025,"25,000",84.8088,5,1781,0,,,북문대로 88,0,00088,00000,2009002,0,12300,12300,운암동,,북구,12300,아파트,전월세,202511,아파트 전월세,,,,,
무등산자이앤어울림1단지,29170-873,2025,25.12~27.12,신규,8,11,2025,"5,000",84.9713,21,835,130,,,서양로 155,0,00155,00000,3162030,3,12300,12300,우산동,,북구,12300,아파트,전월세,202511,아파트 전월세,,,,,
무등산자이앤어울림1단지,29170-873,2025,25.12~27.12,신규,8,11,2025,"5,000",84.9713,21,835,130,,,서양로 155,0,00155,00000,3162030,3,12300,12300,우산동,,북구,12300,아파트,전월세,202511,아파트 전월세,,,,,
휴먼시아,29170-571,2009,26.06~27.12,신규,5,11,2025,"22,000",84.93,4,1470,0,,,설죽로148번길 10,0,00010,00000,4286420,1,12300,12300,용봉동,,북구,12300,아파트,전월세,202511,아파트 전월세,,,,,
S-클래스더제니스,29170-887,2024,26.01~28.01,신규,6,11,2025,"34,000",76.4432,3,887,0,,,천변우로 227,,00227,00000,3009025,0,12300,12300,임동,,북구,12300,아파트,전월세,202511,아파트 전월세,,,,,
S-클래스더제니스,29170-887,2024,26.01~28.01,신규,6,11,2025,"34,000",76.4432,3,887,0,,,천변우로 227,,00227,00000,3009025,0,12300,12300,임동,,북구,12300,아파트,전월세,202511,아파트 전월세,,,,,
대주2,29170-121,1988,25.11~27.11,신규,5,11,2025,"7,500",59.99,15,920,5,,,평교로 45,0,00045,00000,3162080,2,12300,12300,문흥동,,북구,12300,아파트,전월세,202511,아파트 전월세,,,,,
무등산자이앤어울림2단지,29170-872,2025,26.01~28.01,신규,2,11,2025,"28,000",59.9883,16,831,0,,,동문대로65번길 20,0,00020,00000,4286166,1,12300,12300,우산동,,북구,12300,아파트,전월세,202511,아파트 전월세,,,,,
운남주공4단지,29200-77,1996,26.02~28.02,신규,22,11,2025,"1,000",49.69,12,771-1,50,,,목련로273번안길 30,0,00030,00000,4289109,1,12330,12330,운남동,,광산구,12330,아파트,전월세,202511,아파트 전월세,,,,,
송정우방아이유쉘아파트,29200-413,2019,26.02~28.02,신규,15,11,2025,"2,000",80.199,1,1317,85,,,평동로1100번길 71,0,00071,00000,4289631,1,12330,12330,도산동,,광산구,12330,아파트,전월세,202511,아파트 전월세,,,,,
송정우방아이유쉘아파트,29200-413,2019,26.02~28.02,신규,15,11,2025,"2,000",80.199,1,1317,85,,,평동로1100번길 71,0,00071,00000,4289631,1,12330,12330,도산동,,광산구,12330,아파트,전월세,202511,아파트 전월세,,,,,
송정역모아엘가아파트,29200-404,2018,26.02~28.02,갱신,25,11,2025,"21,000",62.557,6,1516,0,"21,000",,평동로1101번길 40,0,00040,00000,4289632,0,12330,12330,송정동,,광산구,12330,아파트,전월세,202511,아파트 전월세,,,,,
대방노블랜드,29200-254,2009,26.01~28.01,신규,22,11,2025,"37,000",84.9366,10,1304,0,,,수등로76번길 40,0,00040,00000,4289330,1,12330,12330,신가동,,광산구,12330,아파트,전월세,202511,아파트 전월세,,,,,
송정우방아이유쉘아파트,29200-413,2019,26.01~28.01,신규,30,11,2025,"26,000",70.8633,12,1317,0,,,평동로1100번길 71,0,00071,00000,4289631,1,12330,12330,도산동,,광산구,12330,아파트,전월세,202511,아파트 전월세,,,,,
첨단대라수3차주상복합,29200-419,2019,26.01~27.12,신규,28,11,2025,"24,380",84.4289,19,687-5,0,,,임방울대로825번길 22-77,,00022,00077,4289554,0,12330,12330,쌍암동,,광산구,12330,아파트,전월세,202511,아파트 전월세,,,,,
신창유탑유블레스리버뷰,29200-427,2020,26.02~28.02,신규,29,11,2025,"29,900",84.9882,12,1292,0,,,장신로 306-37,,00306,00037,3163047,0,12330,12330,신창동,,광산구,12330,아파트,전월세,202511,아파트 전월세,,,,,
광주수완6차대방노블랜드,29200-316,2013,26.01~28.01,신규,23,11,2025,"55,000",115.9435,4,926,0,,,왕버들로132번길 35,0,00035,00000,4289442,1,12330,12330,수완동,,광산구,12330,아파트,전월세,202511,아파트 전월세,,,,,
펠릭스골드,29200-378,2017,26.01~27.01,신규,10,11,2025,300,21.1955,10,763-12,37,,,광산로 61,0,00061,00000,3163002,0,12330,12330,송정동,,광산구,12330,아파트,전월세,202511,아파트 전월세,,,,,
펠릭스골드,29200-378,2017,26.01~27.01,신규,10,11,2025,300,21.1955,10,763-12,37,,,광산로 61,0,00061,00000,3163002,0,12330,12330,송정동,,광산구,12330,아파트,전월세,202511,아파트 전월세,,,,,
송정역모아엘가아파트,29200-404,2018,26.02~28.02,갱신,25,11,2025,"21,000",62.557,6,1516,0,"21,000",,평동로1101번길 40,0,00040,00000,4289632,0,12330,12330,송정동,,광산구,12330,아파트,전월세,202511,아파트 전월세,,,,,
무진로더브이벨라코트,29200-488,2023,26.01~28.01,신규,24,11,2025,"19,400",59.2255,8,1607-1,0,,,무진대로212번길 13-9,0,00013,00009,4289118,0,12330,12330,우산동,,광산구,12330,아파트,전월세,202511,아파트 전월세,,,,,
운남주공4단지,29200-77,1996,26.02~28.02,신규,22,11,2025,"1,000",49.69,12,771-1,50,,,목련로273번안길 30,0,00030,00000,4289109,1,12330,12330,운남동,,광산구,12330,아파트,전월세,202511,아파트 전월세,,,,,
소촌3차국제미소래,29200-464,2021,25.12~27.12,신규,13,11,2025,"17,280",59.9832,10,179-1,0,,,소촌로42번길 195,0,00195,00000,4289281,1,12330,12330,소촌동,,광산구,12330,아파트,전월세,202511,아파트 전월세,,,,,
첨단라인8,29200-65,1997,25.12~27.12,신규,19,11,2025,"14,000",59.9,3,763-2,0,,,첨단내촌로 101,0,00101,00000,3163048,1,12330,12330,월계동,,광산구,12330,아파트,전월세,202511,아파트 전월세,,,,,
송정우방아이유쉘아파트,29200-413,2019,26.01~28.01,신규,30,11,2025,"26,000",70.8633,12,1317,0,,,평동로1100번길 71,0,00071,00000,4289631,1,12330,12330,도산동,,광산구,12330,아파트,전월세,202511,아파트 전월세,,,,,
무진로더브이벨라코트,29200-488,2023,26.01~28.01,신규,24,11,2025,"19,400",59.2255,8,1607-1,0,,,무진대로212번길 13-9,0,00013,00009,4289118,0,12330,12330,우산동,,광산구,12330,아파트,전월세,202511,아파트 전월세,,,,,
신창6차호반베르디움,29200-212,2005,26.01~28.01,신규,21,11,2025,"23,000",70.9346,1,1048,0,,,신창로35번길 80,0,00080,00000,4289391,1,12330,12330,신가동,,광산구,12330,아파트,전월세,202511,아파트 전월세,,,,,
첨단대라수3차주상복합,29200-419,2019,26.01~27.12,신규,28,11,2025,"24,380",84.4289,19,687-5,0,,,임방울대로825번길 22-77,,00022,00077,4289554,0,12330,12330,쌍암동,,광산구,12330,아파트,전월세,202511,아파트 전월세,,,,,
호반리젠시빌3,29200-124,2003,26.01~27.02,신규,4,11,2025,"3,000",84.3979,10,884-2,100,,,첨단중앙로68번길 134,0,00134,00000,4289619,1,12330,12330,산월동,,광산구,12330,아파트,전월세,202511,아파트 전월세,,,,,
서라,29200-70,1995,25.11~26.05,신규,3,11,2025,"1,000",59.93,3,764-2,60,,,첨단내촌로 102,0,00102,00000,3163048,1,12330,12330,월계동,,광산구,12330,아파트,전월세,202511,아파트 전월세,,,,,
송정우방아이유쉘아파트,29200-413,2019,26.01~28.01,신규,30,11,2025,"26,000",70.8633,12,1317,0,,,평동로1100번길 71,0,00071,00000,4289631,1,12330,12330,도산동,,광산구,12330,아파트,전월세,202511,아파트 전월세,,,,,
삼성,29200-74,1996,25.12~27.12,신규,21,11,2025,"16,500",70.97,19,387-22,0,,,임방울대로 142-12,0,00142,00012,2009005,7,12330,12330,운남동,,광산구,12330,아파트,전월세,202511,아파트 전월세,,,,,
호반,29200-116,1998,25.12~27.12,신규,20,11,2025,"6,500",39.68,12,152-5,0,,,비아로 185,0,00185,00000,3163012,1,12330,12330,비아동,,광산구,12330,아파트,전월세,202511,아파트 전월세,,,,,
신창유탑유블레스리버뷰,29200-427,2020,26.02~28.02,신규,29,11,2025,"29,900",84.9882,12,1292,0,,,장신로 306-37,,00306,00037,3163047,0,12330,12330,신창동,,광산구,12330,아파트,전월세,202511,아파트 전월세,,,,,
호반,29200-116,1998,25.11~27.11,신규,5,11,2025,"6,500",37.83,6,152-5,0,,,비아로 185,0,00185,00000,3163012,1,12330,12330,비아동,,광산구,12330,아파트,전월세,202511,아파트 전월세,,,,,
호반,29200-116,1998,25.12~27.12,신규,20,11,2025,"6,500",39.68,12,152-5,0,,,비아로 185,0,00185,00000,3163012,1,12330,12330,비아동,,광산구,12330,아파트,전월세,202511,아파트 전월세,,,,,
케이에스타운,29200-294,2013,25.11~26.11,신규,24,11,2025,500,24.596,5,882-8,34,,,임방울대로826번길 60-14,0,00060,00014,4289555,1,12330,12330,월계동,,광산구,12330,아파트,전월세,202511,아파트 전월세,,,,,
케이에스타운,29200-294,2013,25.11~26.11,신규,24,11,2025,500,24.596,5,882-8,34,,,임방울대로826번길 60-14,0,00060,00014,4289555,1,12330,12330,월계동,,광산구,12330,아파트,전월세,202511,아파트 전월세,,,,,
쌍용더플래티넘광산,29200-447,2021,26.01~28.01,신규,7,11,2025,"32,000",84.9784,12,1625,0,,,우산로107번길 67,0,00067,00000,4289471,1,12330,12330,우산동,,광산구,12330,아파트,전월세,202511,아파트 전월세,,,,,
신창6차호반베르디움,29200-212,2005,26.01~28.01,신규,21,11,2025,"23,000",70.9346,1,1048,0,,,신창로35번길 80,0,00080,00000,4289391,1,12330,12330,신가동,,광산구,12330,아파트,전월세,202511,아파트 전월세,,,,,
광주수완6차대방노블랜드,29200-316,2013,26.01~28.01,신규,23,11,2025,"55,000",115.9435,4,926,0,,,왕버들로132번길 35,0,00035,00000,4289442,1,12330,12330,수완동,,광산구,12330,아파트,전월세,202511,아파트 전월세,,,,,
삼성,29200-74,1996,25.12~27.12,신규,21,11,2025,"16,500",70.97,19,387-22,0,,,임방울대로 142-12,0,00142,00012,2009005,7,12330,12330,운남동,,광산구,12330,아파트,전월세,202511,아파트 전월세,,,,,
대방노블랜드,29200-254,2009,26.01~28.01,신규,22,11,2025,"37,000",84.9366,10,1304,0,,,수등로76번길 40,0,00040,00000,4289330,1,12330,12330,신가동,,광산구,12330,아파트,전월세,202511,아파트 전월세,,,,,
첨단라인8,29200-65,1997,25.12~27.12,신규,19,11,2025,"14,000",59.9,3,763-2,0,,,첨단내촌로 101,0,00101,00000,3163048,1,12330,12330,월계동,,광산구,12330,아파트,전월세,202511,아파트 전월세,,,,,
소촌3차국제미소래,29200-464,2021,25.12~27.12,신규,13,11,2025,"17,280",59.9832,10,179-1,0,,,소촌로42번길 195,0,00195,00000,4289281,1,12330,12330,소촌동,,광산구,12330,아파트,전월세,202511,아파트 전월세,,,,,
호반,29200-116,1998,25.11~27.11,신규,5,11,2025,"6,500",37.83,6,152-5,0,,,비아로 185,0,00185,00000,3163012,1,12330,12330,비아동,,광산구,12330,아파트,전월세,202511,아파트 전월세,,,,,
쌍용더플래티넘광산,29200-447,2021,26.01~28.01,신규,7,11,2025,"32,000",84.9784,12,1625,0,,,우산로107번길 67,0,00067,00000,4289471,1,12330,12330,우산동,,광산구,12330,아파트,전월세,202511,아파트 전월세,,,,,
서라,29200-70,1995,25.11~26.05,신규,3,11,2025,"1,000",59.93,3,764-2,60,,,첨단내촌로 102,0,00102,00000,3163048,1,12330,12330,월계동,,광산구,12330,아파트,전월세,202511,아파트 전월세,,,,,
호반리젠시빌3,29200-124,2003,26.01~27.02,신규,4,11,2025,"3,000",84.3979,10,884-2,100,,,첨단중앙로68번길 134,0,00134,00000,4289619,1,12330,12330,산월동,,광산구,12330,아파트,전월세,202511,아파트 전월세,,,,,
광주선교지구1차우방아이유쉘아파트,29110-383,2023,26.02~28.02,신규,27,12,2025,"14,000",49.0667,16,487,0,,,선교로 38-30,0,00038,00030,3159009,0,12210,12210,선교동,,동구,12210,아파트,전월세,202512,아파트 전월세,,,,,
선교2차우방아이유쉘리포레,29110-471,2023,26.01~28.01,신규,28,12,2025,"25,000",84.879,14,488,0,,,선교로 38-33,0,00038,00033,3159009,0,12210,12210,선교동,,동구,12210,아파트,전월세,202512,아파트 전월세,,,,,
대주빌라,29110-44,1990,26.01~28.01,신규,4,12,2025,"10,000",107,4,698-23,0,,,학소로86번안길 10-14,0,00010,00014,4277274,1,12210,12210,소태동,,동구,12210,아파트,전월세,202512,아파트 전월세,,,,,
선교2차우방아이유쉘리포레,29110-471,2023,26.01~28.01,신규,28,12,2025,"25,000",84.879,14,488,0,,,선교로 38-33,0,00038,00033,3159009,0,12210,12210,선교동,,동구,12210,아파트,전월세,202512,아파트 전월세,,,,,
대주빌라,29110-44,1990,26.01~28.01,신규,4,12,2025,"10,000",107,4,698-23,0,,,학소로86번안길 10-14,0,00010,00014,4277274,1,12210,12210,소태동,,동구,12210,아파트,전월세,202512,아파트 전월세,,,,,
백조맨션,29110-45,1983,26.01~28.01,신규,12,12,2025,"7,600",55.31,4,618,0,,,학소로76번길 2,0,00002,00000,4277272,1,12210,12210,소태동,,동구,12210,아파트,전월세,202512,아파트 전월세,,,,,
광주선교지구1차우방아이유쉘아파트,29110-383,2023,26.01~28.01,신규,20,12,2025,"13,000",49.0667,3,487,0,,,선교로 38-30,0,00038,00030,3159009,0,12210,12210,선교동,,동구,12210,아파트,전월세,202512,아파트 전월세,,,,,
두산위브2차,29110-352,2018,26.01~28.01,신규,6,12,2025,"27,000",59.8997,10,1815,0,,,계림로30번길 15,0,00015,00000,4277025,0,12210,12210,계림동,,동구,12210,아파트,전월세,202512,아파트 전월세,,,,,
광주선교지구1차우방아이유쉘아파트,29110-383,2023,26.02~28.02,신규,27,12,2025,"14,000",49.0667,16,487,0,,,선교로 38-30,0,00038,00030,3159009,0,12210,12210,선교동,,동구,12210,아파트,전월세,202512,아파트 전월세,,,,,
광주선교지구1차우방아이유쉘아파트,29110-383,2023,26.01~28.01,신규,20,12,2025,"13,000",49.0667,3,487,0,,,선교로 38-30,0,00038,00030,3159009,0,12210,12210,선교동,,동구,12210,아파트,전월세,202512,아파트 전월세,,,,,
백조맨션,29110-45,1983,26.01~28.01,신규,12,12,2025,"7,600",55.31,4,618,0,,,학소로76번길 2,0,00002,00000,4277272,1,12210,12210,소태동,,동구,12210,아파트,전월세,202512,아파트 전월세,,,,,
두산위브2차,29110-352,2018,26.01~28.01,신규,6,12,2025,"27,000",59.8997,10,1815,0,,,계림로30번길 15,0,00015,00000,4277025,0,12210,12210,계림동,,동구,12210,아파트,전월세,202512,아파트 전월세,,,,,
대주빌라,29110-44,1990,26.01~28.01,신규,4,12,2025,"10,000",107,4,698-23,0,,,학소로86번안길 10-14,0,00010,00014,4277274,1,12210,12210,소태동,,동구,12210,아파트,전월세,202512,아파트 전월세,,,,,
우미아트빌2,29140-63,2002,26.02~28.02,신규,13,12,2025,"29,000",84.6985,4,1337,0,,,상무민주로 120,0,00120,00000,3160017,1,12240,12240,쌍촌동,,서구,12240,아파트,전월세,202512,아파트 전월세,,,,,
중흥(1168-1),29140-33,1997,26.03~28.03,신규,22,12,2025,"28,000",84.93,10,1168-1,0,,,치평로 77,,00077,00000,3160042,0,12240,12240,치평동,,서구,12240,아파트,전월세,202512,아파트 전월세,,,,,
금호지구대광로제비앙,29140-413,2022,26.03~28.03,신규,26,12,2025,"33,000",84.8726,2,1112,0,,,금호심곡길 21,0,00021,00000,4280059,0,12240,12240,금호동,,서구,12240,아파트,전월세,202512,아파트 전월세,,,,,
라인동산,29140-31,1999,26.02~28.02,신규,24,12,2025,"19,000",59.87,18,1174-3,0,,,상무평화로 64,0,00064,00000,3160024,2,12240,12240,치평동,,서구,12240,아파트,전월세,202512,아파트 전월세,,,,,
라인동산,29140-31,1999,26.03~28.03,신규,21,12,2025,"17,000",59.87,3,1174-3,0,,,상무평화로 64,0,00064,00000,3160024,2,12240,12240,치평동,,서구,12240,아파트,전월세,202512,아파트 전월세,,,,,
상무버들마을주공2,29140-24,1999,26.02~28.02,신규,31,12,2025,"13,000",59.92,1,871,0,,,상무버들로 15,0,00015,00000,3160061,1,12240,12240,유촌동,,서구,12240,아파트,전월세,202512,아파트 전월세,,,,,
빛고을파크,29140-52,1991,26.02~28.02,신규,19,12,2025,"9,600",50.22,4,1228-1,0,,,화정로 105,0,00105,00000,3160058,2,12240,12240,쌍촌동,,서구,12240,아파트,전월세,202512,아파트 전월세,,,,,
갤러리303,29140-318,2010,26.02~28.02,신규,21,12,2025,"35,000",175.44,8,1330,0,,,상무누리로 33,0,00033,00000,3160016,1,12240,12240,치평동,,서구,12240,아파트,전월세,202512,아파트 전월세,,,,,
우미아트빌2,29140-63,2002,26.02~28.02,신규,13,12,2025,"29,000",84.6985,4,1337,0,,,상무민주로 120,0,00120,00000,3160017,1,12240,12240,쌍촌동,,서구,12240,아파트,전월세,202512,아파트 전월세,,,,,
중흥호반,29140-147,2000,26.02~28.02,신규,19,12,2025,"15,000",59.88,16,1048,0,,,풍암순환로 14,,00014,00000,3160050,0,12240,12240,풍암동,,서구,12240,아파트,전월세,202512,아파트 전월세,,,,,
위파크마륵공원,29140-898,2025,26.02~28.02,신규,12,12,2025,"40,000",84.9087,1,1117,0,,,서광주로106번길 39,0,00039,00000,4865599,0,12240,12240,금호동,,서구,12240,아파트,전월세,202512,아파트 전월세,,,,,
위파크마륵공원,29140-898,2025,26.02~28.02,신규,12,12,2025,"40,000",84.9087,1,1117,0,,,서광주로106번길 39,0,00039,00000,4865599,0,12240,12240,금호동,,서구,12240,아파트,전월세,202512,아파트 전월세,,,,,
힐스테이트광천,29140-472,2023,26.01~28.01,신규,13,12,2025,"5,000",84.9041,23,899,135,,,천변좌로 56,0,00056,00000,3009007,0,12240,12240,광천동,,서구,12240,아파트,전월세,202512,아파트 전월세,,,,,
금호지구대광로제비앙,29140-413,2022,26.03~28.03,신규,26,12,2025,"33,000",84.8726,2,1112,0,,,금호심곡길 21,0,00021,00000,4280059,0,12240,12240,금호동,,서구,12240,아파트,전월세,202512,아파트 전월세,,,,,
금호쌍용,29140-32,1998,26.01~28.01,신규,27,12,2025,"40,000",84.816,3,1171-4,0,,,치평로 35,0,00035,00000,3160042,1,12240,12240,치평동,,서구,12240,아파트,전월세,202512,아파트 전월세,,,,,
한국아델리움,29140-313,2009,26.01~28.01,신규,12,12,2025,"38,000",114.2904,5,127-1,0,,,풍암순환로 135-1,0,00135,00001,3160050,1,12240,12240,풍암동,,서구,12240,아파트,전월세,202512,아파트 전월세,,,,,
위파크마륵공원,29140-898,2025,26.02~28.02,신규,12,12,2025,"40,000",84.9087,1,1117,0,,,서광주로106번길 39,0,00039,00000,4865599,0,12240,12240,금호동,,서구,12240,아파트,전월세,202512,아파트 전월세,,,,,
상무버들마을주공2,29140-24,1999,26.02~28.02,신규,31,12,2025,"13,000",59.92,1,871,0,,,상무버들로 15,0,00015,00000,3160061,1,12240,12240,유촌동,,서구,12240,아파트,전월세,202512,아파트 전월세,,,,,
상무버들마을주공2,29140-24,1999,26.02~28.02,신규,20,12,2025,"15,500",59.92,17,871,0,,,상무버들로 15,0,00015,00000,3160061,1,12240,12240,유촌동,,서구,12240,아파트,전월세,202512,아파트 전월세,,,,,
e-편한세상,29140-284,2006,26.01~28.01,신규,19,12,2025,"45,000",147.64,6,400-16,0,,,금화로 293,0,00293,00000,3009011,2,12240,12240,화정동,,서구,12240,아파트,전월세,202512,아파트 전월세,,,,,
금호쌍용,29140-32,1998,26.01~28.01,신규,27,12,2025,"40,000",84.816,3,1171-4,0,,,치평로 35,0,00035,00000,3160042,1,12240,12240,치평동,,서구,12240,아파트,전월세,202512,아파트 전월세,,,,,
삼익맨션,29140-5,1978,26.01~28.01,신규,18,12,2025,"8,000",60.58,3,61-3,0,,,천변좌로 282,0,00282,00000,3009007,1,12240,12240,양동,,서구,12240,아파트,전월세,202512,아파트 전월세,,,,,
라인동산,29140-31,1999,26.03~28.03,신규,21,12,2025,"17,000",59.87,3,1174-3,0,,,상무평화로 64,0,00064,00000,3160024,2,12240,12240,치평동,,서구,12240,아파트,전월세,202512,아파트 전월세,,,,,
라인동산,29140-74,1992,25.12~27.12,신규,18,12,2025,"2,000",84.97,15,930-1,62,,,염화로45번길 17,0,00017,00000,4280295,1,12240,12240,화정동,,서구,12240,아파트,전월세,202512,아파트 전월세,,,,,
라인동산,29140-74,1992,25.12~27.12,신규,18,12,2025,"2,000",84.97,15,930-1,62,,,염화로45번길 17,0,00017,00000,4280295,1,12240,12240,화정동,,서구,12240,아파트,전월세,202512,아파트 전월세,,,,,
상무지구리채시티,29140-353,2014,25.12~26.12,신규,10,12,2025,300,20.0778,8,1218,42,,,시청로 71,0,00071,00000,3160029,1,12240,12240,치평동,,서구,12240,아파트,전월세,202512,아파트 전월세,,,,,
상무지구리채시티,29140-353,2014,25.12~26.12,신규,10,12,2025,300,20.0778,8,1218,42,,,시청로 71,0,00071,00000,3160029,1,12240,12240,치평동,,서구,12240,아파트,전월세,202512,아파트 전월세,,,,,
라인동산,29140-31,1999,26.02~28.02,신규,24,12,2025,"19,000",59.87,18,1174-3,0,,,상무평화로 64,0,00064,00000,3160024,2,12240,12240,치평동,,서구,12240,아파트,전월세,202512,아파트 전월세,,,,,
삼익맨션,29140-5,1978,26.01~28.01,신규,18,12,2025,"8,000",60.58,3,61-3,0,,,천변좌로 282,0,00282,00000,3009007,1,12240,12240,양동,,서구,12240,아파트,전월세,202512,아파트 전월세,,,,,
중흥(1168-1),29140-33,1997,26.03~28.03,신규,22,12,2025,"28,000",84.93,10,1168-1,0,,,치평로 77,,00077,00000,3160042,0,12240,12240,치평동,,서구,12240,아파트,전월세,202512,아파트 전월세,,,,,
갤러리303,29140-318,2010,26.02~28.02,신규,21,12,2025,"35,000",175.44,8,1330,0,,,상무누리로 33,0,00033,00000,3160016,1,12240,12240,치평동,,서구,12240,아파트,전월세,202512,아파트 전월세,,,,,
빛고을파크,29140-52,1991,26.02~28.02,신규,19,12,2025,"9,600",50.22,4,1228-1,0,,,화정로 105,0,00105,00000,3160058,2,12240,12240,쌍촌동,,서구,12240,아파트,전월세,202512,아파트 전월세,,,,,
상무버들마을주공2,29140-24,1999,26.02~28.02,신규,20,12,2025,"15,500",59.92,17,871,0,,,상무버들로 15,0,00015,00000,3160061,1,12240,12240,유촌동,,서구,12240,아파트,전월세,202512,아파트 전월세,,,,,
중흥호반,29140-147,2000,26.02~28.02,신규,19,12,2025,"15,000",59.88,16,1048,0,,,풍암순환로 14,,00014,00000,3160050,0,12240,12240,풍암동,,서구,12240,아파트,전월세,202512,아파트 전월세,,,,,
e-편한세상,29140-284,2006,26.01~28.01,신규,19,12,2025,"45,000",147.64,6,400-16,0,,,금화로 293,0,00293,00000,3009011,2,12240,12240,화정동,,서구,12240,아파트,전월세,202512,아파트 전월세,,,,,
한국아델리움,29140-313,2009,26.01~28.01,신규,12,12,2025,"38,000",114.2904,5,127-1,0,,,풍암순환로 135-1,0,00135,00001,3160050,1,12240,12240,풍암동,,서구,12240,아파트,전월세,202512,아파트 전월세,,,,,
대주,29140-29,1998,25.12~27.12,신규,19,12,2025,"1,000",59.955,7,1168-11,70,,,상무공원로 94,0,00094,00000,3160015,1,12240,12240,치평동,,서구,12240,아파트,전월세,202512,아파트 전월세,,,,,
대주,29140-29,1998,25.12~27.12,신규,19,12,2025,"1,000",59.955,7,1168-11,70,,,상무공원로 94,0,00094,00000,3160015,1,12240,12240,치평동,,서구,12240,아파트,전월세,202512,아파트 전월세,,,,,
힐스테이트광천,29140-472,2023,26.01~28.01,갱신,11,12,2025,"28,350",70.7285,11,899,0,"27,000",,천변좌로 56,0,00056,00000,3009007,0,12240,12240,광천동,사용,서구,12240,아파트,전월세,202512,아파트 전월세,,,,,
힐스테이트광천,29140-472,2023,26.01~28.01,갱신,11,12,2025,"28,350",70.7285,11,899,0,"27,000",,천변좌로 56,0,00056,00000,3009007,0,12240,12240,광천동,사용,서구,12240,아파트,전월세,202512,아파트 전월세,,,,,
힐스테이트광천,29140-472,2023,26.01~28.01,신규,13,12,2025,"5,000",84.9041,23,899,135,,,천변좌로 56,0,00056,00000,3009007,0,12240,12240,광천동,,서구,12240,아파트,전월세,202512,아파트 전월세,,,,,
라인효친2,29155-119,1989,25.12~27.12,신규,11,12,2025,"10,300",84.96,10,556-1,19,,,용대로 131,0,00131,00000,3161028,1,12270,12270,방림동,,남구,12270,아파트,전월세,202512,아파트 전월세,,,,,
양우내안애프레스티지,29155-415,2021,26.02~28.02,신규,13,12,2025,"3,000",77.7273,13,1320,120,,,대남대로223번길 10,0,00010,00000,4283160,1,12270,12270,주월동,,남구,12270,아파트,전월세,202512,아파트 전월세,,,,,
삼익1,29155-42,1990,26.02~28.02,신규,27,12,2025,"38,000",131.04,2,470,0,,,봉선중앙로 46,0,00046,00000,3161010,2,12270,12270,봉선동,,남구,12270,아파트,전월세,202512,아파트 전월세,,,,,
신우,29155-57,1978,26.02~28.02,신규,29,12,2025,"8,000",77.68,4,110-5,0,,,대남대로294번길 7,0,00007,00000,4283169,1,12270,12270,월산동,,남구,12270,아파트,전월세,202512,아파트 전월세,,,,,
진아리채5차2단지,29155-327,2010,26.02~28.02,신규,18,12,2025,"20,000",84.9969,9,126-2,0,,,원효천1길 5,0,00005,00000,4283512,1,12270,12270,송하동,,남구,12270,아파트,전월세,202512,아파트 전월세,,,,,
라인효친2,29155-119,1989,25.12~27.12,신규,11,12,2025,"10,300",84.96,10,556-1,19,,,용대로 131,0,00131,00000,3161028,1,12270,12270,방림동,,남구,12270,아파트,전월세,202512,아파트 전월세,,,,,
신흥타운3,29155-99,1987,26.01~28.01,신규,30,12,2025,"1,500",49.95,10,508-5,40,,,서문대로 614,0,00614,00000,2161001,2,12270,12270,진월동,,남구,12270,아파트,전월세,202512,아파트 전월세,,,,,
힐스테이트백운,29155-382,2016,26.01~28.01,신규,6,12,2025,"27,000",84.977,10,699,0,,,회재로1293번길 7,0,00007,00000,4283731,0,12270,12270,백운동,,남구,12270,아파트,전월세,202512,아파트 전월세,,,,,
남구주월골드클래스어반시티,29155-417,2021,26.01~28.01,신규,1,12,2025,"3,000",84.9589,25,1328,125,,,서문대로812번길 4-8,,00004,00008,4283402,0,12270,12270,주월동,,남구,12270,아파트,전월세,202512,아파트 전월세,,,,,
효천1중흥에스-클래스에코파크,29155-397,2019,26.02~28.02,신규,24,12,2025,"31,000",84.9772,12,855,0,,,효천3로 110,,00110,00000,3351964,0,12270,12270,임암동,,남구,12270,아파트,전월세,202512,아파트 전월세,,,,,
효천코오롱하늘채,29155-411,2020,26.02~28.02,신규,28,12,2025,"28,000",84.7954,9,594,0,,,원효천2길 13,0,00013,00000,4283513,0,12270,12270,송하동,,남구,12270,아파트,전월세,202512,아파트 전월세,,,,,
효천시티프라디움,29155-401,2019,26.02~28.02,신규,10,12,2025,"30,500",84.9984,9,728,0,,,효천2로 1,0,00001,00000,3351962,0,12270,12270,임암동,,남구,12270,아파트,전월세,202512,아파트 전월세,,,,,
라인3,29155-33,1997,26.02~28.02,신규,13,12,2025,"31,000",84.99,14,533-5,0,,,제석로80번길 22-3,0,00022,00003,4283570,1,12270,12270,봉선동,,남구,12270,아파트,전월세,202512,아파트 전월세,,,,,
효천1중흥에스-클래스에코파크,29155-397,2019,26.02~28.02,신규,24,12,2025,"31,000",84.9772,12,855,0,,,효천3로 110,,00110,00000,3351964,0,12270,12270,임암동,,남구,12270,아파트,전월세,202512,아파트 전월세,,,,,
신흥타운3,29155-99,1987,26.01~28.01,신규,30,12,2025,"1,500",49.95,10,508-5,40,,,서문대로 614,0,00614,00000,2161001,2,12270,12270,진월동,,남구,12270,아파트,전월세,202512,아파트 전월세,,,,,
진월동한국아델리움아파트,29155-288,2005,26.01~28.01,신규,22,12,2025,"61,000",166.1508,5,514-22,0,,,서문대로627번길 19,0,00019,00000,4283378,1,12270,12270,진월동,,남구,12270,아파트,전월세,202512,아파트 전월세,,,,,
신우,29155-57,1978,26.02~28.02,신규,29,12,2025,"8,000",77.68,4,110-5,0,,,대남대로294번길 7,0,00007,00000,4283169,1,12270,12270,월산동,,남구,12270,아파트,전월세,202512,아파트 전월세,,,,,
삼익1,29155-42,1990,26.02~28.02,신규,27,12,2025,"38,000",131.04,2,470,0,,,봉선중앙로 46,0,00046,00000,3161010,2,12270,12270,봉선동,,남구,12270,아파트,전월세,202512,아파트 전월세,,,,,
효천코오롱하늘채,29155-411,2020,26.02~28.02,신규,28,12,2025,"28,000",84.7954,9,594,0,,,원효천2길 13,0,00013,00000,4283513,0,12270,12270,송하동,,남구,12270,아파트,전월세,202512,아파트 전월세,,,,,
효천1중흥에스-클래스에코파크,29155-397,2019,26.02~28.02,신규,24,12,2025,"31,000",84.9772,12,855,0,,,효천3로 110,,00110,00000,3351964,0,12270,12270,임암동,,남구,12270,아파트,전월세,202512,아파트 전월세,,,,,
라인3,29155-33,1997,26.02~28.02,신규,13,12,2025,"31,000",84.99,14,533-5,0,,,제석로80번길 22-3,0,00022,00003,4283570,1,12270,12270,봉선동,,남구,12270,아파트,전월세,202512,아파트 전월세,,,,,
진월동한국아델리움아파트,29155-288,2005,26.01~28.01,신규,22,12,2025,"61,000",166.1508,5,514-22,0,,,서문대로627번길 19,0,00019,00000,4283378,1,12270,12270,진월동,,남구,12270,아파트,전월세,202512,아파트 전월세,,,,,
힐스테이트백운,29155-382,2016,26.01~28.01,신규,6,12,2025,"27,000",84.977,10,699,0,,,회재로1293번길 7,0,00007,00000,4283731,0,12270,12270,백운동,,남구,12270,아파트,전월세,202512,아파트 전월세,,,,,
남구주월골드클래스어반시티,29155-417,2021,26.01~28.01,신규,1,12,2025,"3,000",84.9589,25,1328,125,,,서문대로812번길 4-8,,00004,00008,4283402,0,12270,12270,주월동,,남구,12270,아파트,전월세,202512,아파트 전월세,,,,,
진아리채5차2단지,29155-327,2010,26.02~28.02,신규,18,12,2025,"20,000",84.9969,9,126-2,0,,,원효천1길 5,0,00005,00000,4283512,1,12270,12270,송하동,,남구,12270,아파트,전월세,202512,아파트 전월세,,,,,
금호2,29155-27,1995,26.01~29.01,신규,5,12,2025,"35,000",84.83,7,490-1,0,,,봉선로 134,0,00134,00000,3161009,2,12270,12270,봉선동,,남구,12270,아파트,전월세,202512,아파트 전월세,,,,,
양우내안애프레스티지,29155-415,2021,26.02~28.02,신규,13,12,2025,"3,000",77.7273,13,1320,120,,,대남대로223번길 10,0,00010,00000,4283160,1,12270,12270,주월동,,남구,12270,아파트,전월세,202512,아파트 전월세,,,,,
효천시티프라디움,29155-401,2019,26.02~28.02,신규,10,12,2025,"30,500",84.9984,9,728,0,,,효천2로 1,0,00001,00000,3351962,0,12270,12270,임암동,,남구,12270,아파트,전월세,202512,아파트 전월세,,,,,
금호2,29155-27,1995,26.01~29.01,신규,5,12,2025,"35,000",84.83,7,490-1,0,,,봉선로 134,0,00134,00000,3161009,2,12270,12270,봉선동,,남구,12270,아파트,전월세,202512,아파트 전월세,,,,,
신일곡골드클래스,29170-758,2018,26.03~28.03,신규,19,12,2025,"30,000",75.9006,6,839,0,,,설죽로 416,0,00416,00000,3162033,0,12300,12300,삼각동,,북구,12300,아파트,전월세,202512,아파트 전월세,,,,,
용봉엘리체,29170-671,2013,26.02~28.02,신규,18,12,2025,"29,000",84.5816,5,1474,0,,,서하로94번길 60,0,00060,00000,4286415,1,12300,12300,용봉동,,북구,12300,아파트,전월세,202512,아파트 전월세,,,,,
첨단진아리채,29170-801,2020,26.02~28.02,신규,23,12,2025,"28,000",84.9821,13,1123,0,,,용두마을2길 12,0,00012,00000,4857961,0,12300,12300,용두동,,북구,12300,아파트,전월세,202512,아파트 전월세,,,,,
첨단용두산이고운아파트,29170-757,2018,26.02~28.02,신규,23,12,2025,"37,000",84.9607,15,1116,0,,,임방울대로1042번길 17,0,00017,00000,4286610,0,12300,12300,용두동,,북구,12300,아파트,전월세,202512,아파트 전월세,,,,,
용봉엘리체,29170-671,2013,26.02~28.02,신규,18,12,2025,"29,000",84.5816,5,1474,0,,,서하로94번길 60,0,00060,00000,4286415,1,12300,12300,용봉동,,북구,12300,아파트,전월세,202512,아파트 전월세,,,,,
한일,29170-189,1997,26.02~28.02,신규,6,12,2025,"2,800",59.915,3,849-1,48,,,일곡택지로 60,0,00060,00000,3162062,2,12300,12300,일곡동,,북구,12300,아파트,전월세,202512,아파트 전월세,,,,,
한일,29170-189,1997,26.02~28.02,신규,6,12,2025,"2,800",59.915,3,849-1,48,,,일곡택지로 60,0,00060,00000,3162062,2,12300,12300,일곡동,,북구,12300,아파트,전월세,202512,아파트 전월세,,,,,
한일,29170-189,1997,26.02~28.02,신규,6,12,2025,"2,800",59.915,3,849-1,48,,,일곡택지로 60,0,00060,00000,3162062,2,12300,12300,일곡동,,북구,12300,아파트,전월세,202512,아파트 전월세,,,,,
중흥동동우아스트로아파트,29170-778,2019,26.02~28.01,갱신,11,12,2025,"18,500",59.9863,11,822,0,"18,500",,효죽로9번길 53,0,00053,00000,4286820,0,12300,12300,중흥동,,북구,12300,아파트,전월세,202512,아파트 전월세,,,,,
S-클래스더제니스,29170-887,2024,26.03~28.03,신규,9,12,2025,"29,000",63.9938,36,887,0,,,천변우로 227,,00227,00000,3009025,0,12300,12300,임동,,북구,12300,아파트,전월세,202512,아파트 전월세,,,,,
중흥동동우아스트로아파트,29170-778,2019,26.02~28.01,갱신,10,12,2025,"18,500",59.9863,9,822,0,"18,500",,효죽로9번길 53,0,00053,00000,4286820,0,12300,12300,중흥동,,북구,12300,아파트,전월세,202512,아파트 전월세,,,,,
휴먼파크서희스타힐스,29170-753,2017,26.02~28.02,신규,7,12,2025,"26,000",76.7843,27,591,0,,,군왕로 311,0,00311,00000,3162002,0,12300,12300,각화동,,북구,12300,아파트,전월세,202512,아파트 전월세,,,,,
휴먼파크서희스타힐스,29170-753,2017,26.02~28.02,신규,30,12,2025,"20,000",76.7843,27,591,30,,,군왕로 311,0,00311,00000,3162002,0,12300,12300,각화동,,북구,12300,아파트,전월세,202512,아파트 전월세,,,,,
광주첨단2지구사랑으로부영,29170-646,2013,26.01~28.01,신규,13,12,2025,"22,000",60.4624,6,737,0,,,첨단연신로 166,0,00166,00000,3162094,2,12300,12300,신용동,,북구,12300,아파트,전월세,202512,아파트 전월세,,,,,
용봉동아델리움인비엔날레,29170-744,2017,26.02~28.02,신규,10,12,2025,"30,000",84.8097,11,1478,0,,,운용로 49,0,00049,00000,3162057,0,12300,12300,용봉동,,북구,12300,아파트,전월세,202512,아파트 전월세,,,,,
양산명지써밋주상복합,29170-891,2024,26.02~28.02,신규,29,12,2025,"30,000",82.1661,29,1155,0,,,하서로 394,0,00394,00000,3162082,0,12300,12300,양산동,,북구,12300,아파트,전월세,202512,아파트 전월세,,,,,
양산명지써밋주상복합,29170-891,2024,26.02~28.02,신규,29,12,2025,"30,000",82.1661,29,1155,0,,,하서로 394,0,00394,00000,3162082,0,12300,12300,양산동,,북구,12300,아파트,전월세,202512,아파트 전월세,,,,,
양산명지써밋주상복합,29170-891,2024,26.01~28.01,신규,2,12,2025,"30,000",82.1661,25,1155,0,,,하서로 394,0,00394,00000,3162082,0,12300,12300,양산동,,북구,12300,아파트,전월세,202512,아파트 전월세,,,,,
한양수자인리버뷰,29170-687,2014,26.02~28.02,신규,22,12,2025,"28,000",65.5173,12,651,0,,,첨단연신로 184,0,00184,00000,3162094,2,12300,12300,신용동,,북구,12300,아파트,전월세,202512,아파트 전월세,,,,,
대주파크빌2,29170-38,2003,26.01~28.01,신규,24,12,2025,"4,000",84.9843,11,1066,70,,,용봉택지로13번길 11,0,00011,00000,4286534,1,12300,12300,용봉동,,북구,12300,아파트,전월세,202512,아파트 전월세,,,,,
중흥에스-클래스,29170-522,2006,26.01~27.12,갱신,24,12,2025,"5,000",150.0024,11,174-9,82,"5,000",104,탁영로 33,0,00033,00000,3162078,1,12300,12300,두암동,,북구,12300,아파트,전월세,202512,아파트 전월세,,,,,
대주파크빌2,29170-38,2003,26.01~28.01,신규,24,12,2025,"4,000",84.9843,11,1066,70,,,용봉택지로13번길 11,0,00011,00000,4286534,1,12300,12300,용봉동,,북구,12300,아파트,전월세,202512,아파트 전월세,,,,,
무등산자이앤어울림1단지,29170-873,2025,26.02~28.02,신규,29,12,2025,"10,000",84.9596,2,835,130,,,서양로 155,0,00155,00000,3162030,3,12300,12300,우산동,,북구,12300,아파트,전월세,202512,아파트 전월세,,,,,
블루시안1차,29170-537,2006,26.01~28.01,신규,13,12,2025,"18,000",84.9072,6,782-3,0,,,동운로 192,0,00192,00000,3162012,2,12300,12300,운암동,,북구,12300,아파트,전월세,202512,아파트 전월세,,,,,
S-클래스더제니스,29170-887,2024,26.02~28.02,신규,15,12,2025,"37,000",76.8231,20,887,0,,,천변우로 227,,00227,00000,3009025,0,12300,12300,임동,,북구,12300,아파트,전월세,202512,아파트 전월세,,,,,
신일곡골드클래스,29170-758,2018,26.03~28.03,신규,19,12,2025,"30,000",75.9006,6,839,0,,,설죽로 416,0,00416,00000,3162033,0,12300,12300,삼각동,,북구,12300,아파트,전월세,202512,아파트 전월세,,,,,
무등산자이앤어울림1단지,29170-873,2025,26.02~28.02,신규,29,12,2025,"10,000",84.9596,2,835,130,,,서양로 155,0,00155,00000,3162030,3,12300,12300,우산동,,북구,12300,아파트,전월세,202512,아파트 전월세,,,,,
중흥동동우아스트로아파트,29170-778,2019,26.02~28.01,갱신,11,12,2025,"18,500",59.9863,11,822,0,"18,500",,효죽로9번길 53,0,00053,00000,4286820,0,12300,12300,중흥동,,북구,12300,아파트,전월세,202512,아파트 전월세,,,,,
무등산자이앤어울림1단지,29170-873,2025,26.02~28.02,신규,14,12,2025,"37,000",74.9794,24,835,0,,,서양로 155,0,00155,00000,3162030,3,12300,12300,우산동,,북구,12300,아파트,전월세,202512,아파트 전월세,,,,,
신안동고운하이플러스,29170-783,2019,26.01~27.11,갱신,16,12,2025,"20,590",69.3862,21,818,0,"20,590",,서암대로 95,0,00095,00000,2009011,0,12300,12300,신안동,,북구,12300,아파트,전월세,202512,아파트 전월세,,,,,
한양수자인리버뷰,29170-687,2014,26.02~28.02,신규,22,12,2025,"28,000",65.5173,12,651,0,,,첨단연신로 184,0,00184,00000,3162094,2,12300,12300,신용동,,북구,12300,아파트,전월세,202512,아파트 전월세,,,,,
휴먼파크서희스타힐스,29170-753,2017,26.02~28.02,신규,30,12,2025,"20,000",76.7843,27,591,30,,,군왕로 311,0,00311,00000,3162002,0,12300,12300,각화동,,북구,12300,아파트,전월세,202512,아파트 전월세,,,,,
무등산자이앤어울림1단지,29170-873,2025,26.02~28.02,신규,29,12,2025,"10,000",84.9596,2,835,130,,,서양로 155,0,00155,00000,3162030,3,12300,12300,우산동,,북구,12300,아파트,전월세,202512,아파트 전월세,,,,,
첨단진아리채,29170-801,2020,26.02~28.02,신규,23,12,2025,"28,000",84.9821,13,1123,0,,,용두마을2길 12,0,00012,00000,4857961,0,12300,12300,용두동,,북구,12300,아파트,전월세,202512,아파트 전월세,,,,,
첨단용두산이고운아파트,29170-757,2018,26.02~28.02,신규,23,12,2025,"37,000",84.9607,15,1116,0,,,임방울대로1042번길 17,0,00017,00000,4286610,0,12300,12300,용두동,,북구,12300,아파트,전월세,202512,아파트 전월세,,,,,
중흥동동우아스트로아파트,29170-778,2019,26.02~28.01,갱신,11,12,2025,"18,500",59.9863,2,822,0,"18,500",,효죽로9번길 53,0,00053,00000,4286820,0,12300,12300,중흥동,,북구,12300,아파트,전월세,202512,아파트 전월세,,,,,
중흥에스-클래스,29170-522,2006,26.01~27.12,갱신,24,12,2025,"5,000",150.0024,11,174-9,82,"5,000",104,탁영로 33,0,00033,00000,3162078,1,12300,12300,두암동,,북구,12300,아파트,전월세,202512,아파트 전월세,,,,,
중흥에스-클래스,29170-522,2006,26.01~27.12,갱신,24,12,2025,"5,000",150.0024,11,174-9,82,"5,000",104,탁영로 33,0,00033,00000,3162078,1,12300,12300,두암동,,북구,12300,아파트,전월세,202512,아파트 전월세,,,,,
서림마을다사로움2단지,29170-822,2021,25.12~28.01,신규,9,12,2025,"1,627",16.8045,11,634,8,,,자동차로 11-9,0,00011,00009,3162091,1,12300,12300,임동,,북구,12300,아파트,전월세,202512,아파트 전월세,,,,,
중흥동동우아스트로아파트,29170-778,2019,26.02~28.01,갱신,11,12,2025,"18,500",59.9863,3,822,0,"18,500",,효죽로9번길 53,0,00053,00000,4286820,0,12300,12300,중흥동,,북구,12300,아파트,전월세,202512,아파트 전월세,,,,,
광주첨단2지구사랑으로부영,29170-646,2013,26.01~28.01,신규,13,12,2025,"22,000",60.4624,6,737,0,,,첨단연신로 166,0,00166,00000,3162094,2,12300,12300,신용동,,북구,12300,아파트,전월세,202512,아파트 전월세,,,,,
신안동고운하이플러스,29170-783,2019,26.01~27.11,갱신,16,12,2025,"20,590",69.3862,8,818,0,"20,590",,서암대로 95,0,00095,00000,2009011,0,12300,12300,신안동,,북구,12300,아파트,전월세,202512,아파트 전월세,,,,,
서림마을다사로움2단지,29170-822,2021,25.12~28.01,신규,9,12,2025,"1,627",16.8045,11,634,8,,,자동차로 11-9,0,00011,00009,3162091,1,12300,12300,임동,,북구,12300,아파트,전월세,202512,아파트 전월세,,,,,
신안동고운하이플러스,29170-783,2019,26.01~27.11,갱신,19,12,2025,"20,590",69.3862,25,818,0,"20,590",,서암대로 95,0,00095,00000,2009011,0,12300,12300,신안동,,북구,12300,아파트,전월세,202512,아파트 전월세,,,,,
신안동고운하이플러스,29170-783,2019,26.01~27.11,갱신,19,12,2025,"20,590",69.3862,25,818,0,"20,590",,서암대로 95,0,00095,00000,2009011,0,12300,12300,신안동,,북구,12300,아파트,전월세,202512,아파트 전월세,,,,,
신안동고운하이플러스,29170-783,2019,26.01~27.11,갱신,19,12,2025,"20,590",69.3862,5,818,0,"20,590",,서암대로 95,0,00095,00000,2009011,0,12300,12300,신안동,,북구,12300,아파트,전월세,202512,아파트 전월세,,,,,
신안동고운하이플러스,29170-783,2019,26.01~27.11,갱신,19,12,2025,"20,590",69.3862,5,818,0,"20,590",,서암대로 95,0,00095,00000,2009011,0,12300,12300,신안동,,북구,12300,아파트,전월세,202512,아파트 전월세,,,,,
신안동고운하이플러스,29170-783,2019,26.01~27.11,갱신,19,12,2025,"20,590",69.3862,25,818,0,"20,590",,서암대로 95,0,00095,00000,2009011,0,12300,12300,신안동,,북구,12300,아파트,전월세,202512,아파트 전월세,,,,,
신안동고운하이플러스,29170-783,2019,26.01~27.11,갱신,18,12,2025,"20,590",69.3862,5,818,0,"20,590",,서암대로 95,0,00095,00000,2009011,0,12300,12300,신안동,,북구,12300,아파트,전월세,202512,아파트 전월세,,,,,
블루시안1차,29170-537,2006,26.01~28.01,신규,13,12,2025,"18,000",84.9072,6,782-3,0,,,동운로 192,0,00192,00000,3162012,2,12300,12300,운암동,,북구,12300,아파트,전월세,202512,아파트 전월세,,,,,
신안동고운하이플러스,29170-783,2019,26.01~27.11,갱신,18,12,2025,"20,590",69.3862,5,818,0,"20,590",,서암대로 95,0,00095,00000,2009011,0,12300,12300,신안동,,북구,12300,아파트,전월세,202512,아파트 전월세,,,,,
신안동고운하이플러스,29170-783,2019,26.01~27.11,갱신,18,12,2025,"20,590",69.3862,11,818,0,"20,590",,서암대로 95,0,00095,00000,2009011,0,12300,12300,신안동,,북구,12300,아파트,전월세,202512,아파트 전월세,,,,,
무등산자이앤어울림1단지,29170-873,2025,26.02~28.02,신규,14,12,2025,"37,000",74.9794,24,835,0,,,서양로 155,0,00155,00000,3162030,3,12300,12300,우산동,,북구,12300,아파트,전월세,202512,아파트 전월세,,,,,
신안동고운하이플러스,29170-783,2019,26.01~27.11,갱신,18,12,2025,"20,590",69.3862,11,818,0,"20,590",,서암대로 95,0,00095,00000,2009011,0,12300,12300,신안동,,북구,12300,아파트,전월세,202512,아파트 전월세,,,,,
신안동고운하이플러스,29170-783,2019,26.01~27.11,갱신,18,12,2025,"20,590",69.3862,13,818,0,"20,590",,서암대로 95,0,00095,00000,2009011,0,12300,12300,신안동,,북구,12300,아파트,전월세,202512,아파트 전월세,,,,,
신안동고운하이플러스,29170-783,2019,26.01~27.11,갱신,18,12,2025,"20,590",69.3862,13,818,0,"20,590",,서암대로 95,0,00095,00000,2009011,0,12300,12300,신안동,,북구,12300,아파트,전월세,202512,아파트 전월세,,,,,
신안동고운하이플러스,29170-783,2019,26.01~27.11,갱신,17,12,2025,"20,590",69.3862,26,818,0,"20,590",,서암대로 95,0,00095,00000,2009011,0,12300,12300,신안동,,북구,12300,아파트,전월세,202512,아파트 전월세,,,,,
신안동고운하이플러스,29170-783,2019,26.01~27.11,갱신,17,12,2025,"20,590",69.3862,26,818,0,"20,590",,서암대로 95,0,00095,00000,2009011,0,12300,12300,신안동,,북구,12300,아파트,전월세,202512,아파트 전월세,,,,,
신안동고운하이플러스,29170-783,2019,26.01~27.11,갱신,16,12,2025,"24,430",84.3311,12,818,0,"24,430",,서암대로 95,0,00095,00000,2009011,0,12300,12300,신안동,,북구,12300,아파트,전월세,202512,아파트 전월세,,,,,
신안동고운하이플러스,29170-783,2019,26.01~27.11,갱신,16,12,2025,"20,590",69.3862,23,818,0,"20,590",,서암대로 95,0,00095,00000,2009011,0,12300,12300,신안동,,북구,12300,아파트,전월세,202512,아파트 전월세,,,,,
신안동고운하이플러스,29170-783,2019,26.01~27.11,갱신,16,12,2025,"20,590",69.3862,23,818,0,"20,590",,서암대로 95,0,00095,00000,2009011,0,12300,12300,신안동,,북구,12300,아파트,전월세,202512,아파트 전월세,,,,,
산이고운신용PARK,29170-1368,2025,26.01~28.01,신규,16,12,2025,"35,000",84.8826,14,823,0,,,청계로 13,0,00013,00000,3162075,0,12300,12300,신안동,,북구,12300,아파트,전월세,202512,아파트 전월세,,,,,
신안동고운하이플러스,29170-783,2019,26.01~27.11,갱신,15,12,2025,"24,430",84.3311,11,818,0,"24,430",,서암대로 95,0,00095,00000,2009011,0,12300,12300,신안동,,북구,12300,아파트,전월세,202512,아파트 전월세,,,,,
신안동고운하이플러스,29170-783,2019,26.01~27.11,갱신,16,12,2025,"20,590",69.3862,8,818,0,"20,590",,서암대로 95,0,00095,00000,2009011,0,12300,12300,신안동,,북구,12300,아파트,전월세,202512,아파트 전월세,,,,,
산이고운신용PARK,29170-1368,2025,26.01~28.01,신규,16,12,2025,"35,000",84.8826,14,823,0,,,청계로 13,0,00013,00000,3162075,0,12300,12300,신안동,,북구,12300,아파트,전월세,202512,아파트 전월세,,,,,
중흥동동우아스트로아파트,29170-778,2019,26.02~28.01,갱신,11,12,2025,"18,500",59.9863,2,822,0,"18,500",,효죽로9번길 53,0,00053,00000,4286820,0,12300,12300,중흥동,,북구,12300,아파트,전월세,202512,아파트 전월세,,,,,
신안동고운하이플러스,29170-783,2019,26.01~27.11,갱신,16,12,2025,"20,590",69.3862,21,818,0,"20,590",,서암대로 95,0,00095,00000,2009011,0,12300,12300,신안동,,북구,12300,아파트,전월세,202512,아파트 전월세,,,,,
신안동고운하이플러스,29170-783,2019,26.01~27.11,갱신,16,12,2025,"24,430",84.3311,12,818,0,"24,430",,서암대로 95,0,00095,00000,2009011,0,12300,12300,신안동,,북구,12300,아파트,전월세,202512,아파트 전월세,,,,,
신안동고운하이플러스,29170-783,2019,26.01~27.11,갱신,15,12,2025,"20,590",69.3862,10,818,0,"20,590",,서암대로 95,0,00095,00000,2009011,0,12300,12300,신안동,,북구,12300,아파트,전월세,202512,아파트 전월세,,,,,
신안동고운하이플러스,29170-783,2019,26.01~27.11,갱신,15,12,2025,"20,590",69.3862,10,818,0,"20,590",,서암대로 95,0,00095,00000,2009011,0,12300,12300,신안동,,북구,12300,아파트,전월세,202512,아파트 전월세,,,,,
신안동고운하이플러스,29170-783,2019,26.01~27.11,갱신,15,12,2025,"24,430",84.3311,11,818,0,"24,430",,서암대로 95,0,00095,00000,2009011,0,12300,12300,신안동,,북구,12300,아파트,전월세,202512,아파트 전월세,,,,,
신안동고운하이플러스,29170-783,2019,26.01~27.11,갱신,15,12,2025,"20,590",69.3862,17,818,0,"20,590",,서암대로 95,0,00095,00000,2009011,0,12300,12300,신안동,,북구,12300,아파트,전월세,202512,아파트 전월세,,,,,
신안동고운하이플러스,29170-783,2019,26.01~27.11,갱신,15,12,2025,"24,430",84.3311,6,818,0,"24,430",,서암대로 95,0,00095,00000,2009011,0,12300,12300,신안동,,북구,12300,아파트,전월세,202512,아파트 전월세,,,,,
신안동고운하이플러스,29170-783,2019,26.01~27.11,갱신,15,12,2025,"24,430",84.3311,6,818,0,"24,430",,서암대로 95,0,00095,00000,2009011,0,12300,12300,신안동,,북구,12300,아파트,전월세,202512,아파트 전월세,,,,,
신안동고운하이플러스,29170-783,2019,26.01~27.11,갱신,15,12,2025,"20,590",69.3862,13,818,0,"20,590",,서암대로 95,0,00095,00000,2009011,0,12300,12300,신안동,,북구,12300,아파트,전월세,202512,아파트 전월세,,,,,
신안동고운하이플러스,29170-783,2019,26.01~27.11,갱신,15,12,2025,"20,590",69.3862,13,818,0,"20,590",,서암대로 95,0,00095,00000,2009011,0,12300,12300,신안동,,북구,12300,아파트,전월세,202512,아파트 전월세,,,,,
S-클래스더제니스,29170-887,2024,26.02~28.02,신규,15,12,2025,"37,000",76.8231,20,887,0,,,천변우로 227,,00227,00000,3009025,0,12300,12300,임동,,북구,12300,아파트,전월세,202512,아파트 전월세,,,,,
신안동고운하이플러스,29170-783,2019,26.01~27.11,갱신,15,12,2025,"20,590",69.3862,10,818,0,"20,590",,서암대로 95,0,00095,00000,2009011,0,12300,12300,신안동,,북구,12300,아파트,전월세,202512,아파트 전월세,,,,,
신안동고운하이플러스,29170-783,2019,26.01~27.11,갱신,15,12,2025,"20,590",69.3862,10,818,0,"20,590",,서암대로 95,0,00095,00000,2009011,0,12300,12300,신안동,,북구,12300,아파트,전월세,202512,아파트 전월세,,,,,
신안동고운하이플러스,29170-783,2019,26.01~27.11,갱신,15,12,2025,"20,590",69.3862,17,818,0,"20,590",,서암대로 95,0,00095,00000,2009011,0,12300,12300,신안동,,북구,12300,아파트,전월세,202512,아파트 전월세,,,,,
중흥동동우아스트로아파트,29170-778,2019,26.02~28.01,갱신,11,12,2025,"18,500",59.9863,3,822,0,"18,500",,효죽로9번길 53,0,00053,00000,4286820,0,12300,12300,중흥동,,북구,12300,아파트,전월세,202512,아파트 전월세,,,,,
휴먼파크서희스타힐스,29170-753,2017,26.02~28.02,신규,7,12,2025,"26,000",76.7843,27,591,0,,,군왕로 311,0,00311,00000,3162002,0,12300,12300,각화동,,북구,12300,아파트,전월세,202512,아파트 전월세,,,,,
중흥동동우아스트로아파트,29170-778,2019,26.02~28.01,갱신,11,12,2025,"18,500",59.9863,16,822,0,"18,500",,효죽로9번길 53,0,00053,00000,4286820,0,12300,12300,중흥동,,북구,12300,아파트,전월세,202512,아파트 전월세,,,,,
중흥동동우아스트로아파트,29170-778,2019,26.02~28.01,갱신,11,12,2025,"18,500",59.9863,1,822,0,"18,500",,효죽로9번길 53,0,00053,00000,4286820,0,12300,12300,중흥동,,북구,12300,아파트,전월세,202512,아파트 전월세,,,,,
중흥동동우아스트로아파트,29170-778,2019,26.02~28.01,갱신,11,12,2025,"18,500",59.9863,19,822,0,"18,500",,효죽로9번길 53,0,00053,00000,4286820,0,12300,12300,중흥동,,북구,12300,아파트,전월세,202512,아파트 전월세,,,,,
중흥동동우아스트로아파트,29170-778,2019,26.02~28.01,갱신,11,12,2025,"18,500",59.9863,19,822,0,"18,500",,효죽로9번길 53,0,00053,00000,4286820,0,12300,12300,중흥동,,북구,12300,아파트,전월세,202512,아파트 전월세,,,,,
중흥동동우아스트로아파트,29170-778,2019,26.02~28.01,갱신,11,12,2025,"18,500",59.9863,15,822,0,"18,500",,효죽로9번길 53,0,00053,00000,4286820,0,12300,12300,중흥동,,북구,12300,아파트,전월세,202512,아파트 전월세,,,,,
중흥동동우아스트로아파트,29170-778,2019,26.02~28.01,갱신,11,12,2025,"18,500",59.9863,1,822,0,"18,500",,효죽로9번길 53,0,00053,00000,4286820,0,12300,12300,중흥동,,북구,12300,아파트,전월세,202512,아파트 전월세,,,,,
중흥동동우아스트로아파트,29170-778,2019,26.02~28.01,갱신,11,12,2025,"18,500",59.9863,11,822,0,"18,500",,효죽로9번길 53,0,00053,00000,4286820,0,12300,12300,중흥동,,북구,12300,아파트,전월세,202512,아파트 전월세,,,,,
중흥동동우아스트로아파트,29170-778,2019,26.02~28.01,갱신,10,12,2025,"18,500",59.9863,18,822,0,"18,500",,효죽로9번길 53,0,00053,00000,4286820,0,12300,12300,중흥동,,북구,12300,아파트,전월세,202512,아파트 전월세,,,,,
중흥동동우아스트로아파트,29170-778,2019,26.02~28.01,갱신,11,12,2025,"18,500",59.9863,16,822,0,"18,500",,효죽로9번길 53,0,00053,00000,4286820,0,12300,12300,중흥동,,북구,12300,아파트,전월세,202512,아파트 전월세,,,,,
중흥동동우아스트로아파트,29170-778,2019,26.02~28.01,갱신,11,12,2025,"18,500",59.9863,14,822,0,"18,500",,효죽로9번길 53,0,00053,00000,4286820,0,12300,12300,중흥동,,북구,12300,아파트,전월세,202512,아파트 전월세,,,,,
중흥동동우아스트로아파트,29170-778,2019,26.02~28.01,갱신,11,12,2025,"18,500",59.9863,15,822,0,"18,500",,효죽로9번길 53,0,00053,00000,4286820,0,12300,12300,중흥동,,북구,12300,아파트,전월세,202512,아파트 전월세,,,,,
중흥동동우아스트로아파트,29170-778,2019,26.02~28.01,갱신,10,12,2025,"18,500",59.9863,4,822,0,"18,500",,효죽로9번길 53,0,00053,00000,4286820,0,12300,12300,중흥동,,북구,12300,아파트,전월세,202512,아파트 전월세,,,,,
중흥동동우아스트로아파트,29170-778,2019,26.02~28.01,갱신,11,12,2025,"18,500",59.9863,14,822,0,"18,500",,효죽로9번길 53,0,00053,00000,4286820,0,12300,12300,중흥동,,북구,12300,아파트,전월세,202512,아파트 전월세,,,,,
중흥동동우아스트로아파트,29170-778,2019,26.02~28.01,갱신,11,12,2025,"18,500",59.9863,11,822,0,"18,500",,효죽로9번길 53,0,00053,00000,4286820,0,12300,12300,중흥동,,북구,12300,아파트,전월세,202512,아파트 전월세,,,,,
용봉동아델리움인비엔날레,29170-744,2017,26.02~28.02,신규,10,12,2025,"30,000",84.8097,11,1478,0,,,운용로 49,0,00049,00000,3162057,0,12300,12300,용봉동,,북구,12300,아파트,전월세,202512,아파트 전월세,,,,,
중흥동동우아스트로아파트,29170-778,2019,26.02~28.01,갱신,11,12,2025,"18,500",59.9863,2,822,0,"18,500",,효죽로9번길 53,0,00053,00000,4286820,0,12300,12300,중흥동,,북구,12300,아파트,전월세,202512,아파트 전월세,,,,,
중흥동동우아스트로아파트,29170-778,2019,26.02~28.01,갱신,10,12,2025,"18,500",59.9863,18,822,0,"18,500",,효죽로9번길 53,0,00053,00000,4286820,0,12300,12300,중흥동,,북구,12300,아파트,전월세,202512,아파트 전월세,,,,,
중흥동동우아스트로아파트,29170-778,2019,26.02~28.01,갱신,10,12,2025,"18,500",59.9863,4,822,0,"18,500",,효죽로9번길 53,0,00053,00000,4286820,0,12300,12300,중흥동,,북구,12300,아파트,전월세,202512,아파트 전월세,,,,,
중흥동동우아스트로아파트,29170-778,2019,26.02~28.01,갱신,10,12,2025,"18,500",59.9863,9,822,0,"18,500",,효죽로9번길 53,0,00053,00000,4286820,0,12300,12300,중흥동,,북구,12300,아파트,전월세,202512,아파트 전월세,,,,,
중흥동동우아스트로아파트,29170-778,2019,26.02~28.01,갱신,10,12,2025,"18,500",59.9863,13,822,0,"18,500",,효죽로9번길 53,0,00053,00000,4286820,0,12300,12300,중흥동,,북구,12300,아파트,전월세,202512,아파트 전월세,,,,,
중흥동동우아스트로아파트,29170-778,2019,26.02~28.01,갱신,10,12,2025,"18,500",59.9863,3,822,0,"18,500",,효죽로9번길 53,0,00053,00000,4286820,0,12300,12300,중흥동,,북구,12300,아파트,전월세,202512,아파트 전월세,,,,,
중흥동동우아스트로아파트,29170-778,2019,26.02~28.01,갱신,10,12,2025,"18,500",59.9863,17,822,0,"18,500",,효죽로9번길 53,0,00053,00000,4286820,0,12300,12300,중흥동,,북구,12300,아파트,전월세,202512,아파트 전월세,,,,,
중흥동동우아스트로아파트,29170-778,2019,26.02~28.01,갱신,10,12,2025,"18,500",59.9863,10,822,0,"18,500",,효죽로9번길 53,0,00053,00000,4286820,0,12300,12300,중흥동,,북구,12300,아파트,전월세,202512,아파트 전월세,,,,,
중흥동동우아스트로아파트,29170-778,2019,26.02~28.01,갱신,10,12,2025,"18,500",59.9863,17,822,0,"18,500",,효죽로9번길 53,0,00053,00000,4286820,0,12300,12300,중흥동,,북구,12300,아파트,전월세,202512,아파트 전월세,,,,,
중흥동동우아스트로아파트,29170-778,2019,26.02~28.01,갱신,10,12,2025,"18,500",59.9863,4,822,0,"18,500",,효죽로9번길 53,0,00053,00000,4286820,0,12300,12300,중흥동,,북구,12300,아파트,전월세,202512,아파트 전월세,,,,,
중흥동동우아스트로아파트,29170-778,2019,26.02~28.01,갱신,10,12,2025,"18,500",59.9863,17,822,0,"18,500",,효죽로9번길 53,0,00053,00000,4286820,0,12300,12300,중흥동,,북구,12300,아파트,전월세,202512,아파트 전월세,,,,,
중흥동동우아스트로아파트,29170-778,2019,26.02~28.01,갱신,10,12,2025,"18,500",59.9863,8,822,0,"18,500",,효죽로9번길 53,0,00053,00000,4286820,0,12300,12300,중흥동,,북구,12300,아파트,전월세,202512,아파트 전월세,,,,,
중흥동동우아스트로아파트,29170-778,2019,26.02~28.01,갱신,10,12,2025,"18,500",59.9863,5,822,0,"18,500",,효죽로9번길 53,0,00053,00000,4286820,0,12300,12300,중흥동,,북구,12300,아파트,전월세,202512,아파트 전월세,,,,,
중흥동동우아스트로아파트,29170-778,2019,26.02~28.01,갱신,10,12,2025,"18,500",59.9863,9,822,0,"18,500",,효죽로9번길 53,0,00053,00000,4286820,0,12300,12300,중흥동,,북구,12300,아파트,전월세,202512,아파트 전월세,,,,,
중흥동동우아스트로아파트,29170-778,2019,26.02~28.01,갱신,10,12,2025,"18,500",59.9863,10,822,0,"18,500",,효죽로9번길 53,0,00053,00000,4286820,0,12300,12300,중흥동,,북구,12300,아파트,전월세,202512,아파트 전월세,,,,,
중흥동동우아스트로아파트,29170-778,2019,26.02~28.01,갱신,10,12,2025,"18,500",59.9863,3,822,0,"18,500",,효죽로9번길 53,0,00053,00000,4286820,0,12300,12300,중흥동,,북구,12300,아파트,전월세,202512,아파트 전월세,,,,,
중흥동동우아스트로아파트,29170-778,2019,26.02~28.01,갱신,10,12,2025,"18,500",59.9863,18,822,0,"18,500",,효죽로9번길 53,0,00053,00000,4286820,0,12300,12300,중흥동,,북구,12300,아파트,전월세,202512,아파트 전월세,,,,,
중흥동동우아스트로아파트,29170-778,2019,26.02~28.01,갱신,10,12,2025,"18,500",59.9863,5,822,0,"18,500",,효죽로9번길 53,0,00053,00000,4286820,0,12300,12300,중흥동,,북구,12300,아파트,전월세,202512,아파트 전월세,,,,,
중흥동동우아스트로아파트,29170-778,2019,26.02~28.01,갱신,10,12,2025,"18,500",59.9863,8,822,0,"18,500",,효죽로9번길 53,0,00053,00000,4286820,0,12300,12300,중흥동,,북구,12300,아파트,전월세,202512,아파트 전월세,,,,,
중흥동동우아스트로아파트,29170-778,2019,26.02~28.01,갱신,10,12,2025,"18,500",59.9863,10,822,0,"18,500",,효죽로9번길 53,0,00053,00000,4286820,0,12300,12300,중흥동,,북구,12300,아파트,전월세,202512,아파트 전월세,,,,,
중흥동동우아스트로아파트,29170-778,2019,26.02~28.01,갱신,10,12,2025,"18,500",59.9863,5,822,0,"18,500",,효죽로9번길 53,0,00053,00000,4286820,0,12300,12300,중흥동,,북구,12300,아파트,전월세,202512,아파트 전월세,,,,,
중흥동동우아스트로아파트,29170-778,2019,26.02~28.01,갱신,10,12,2025,"18,500",59.9863,5,822,0,"18,500",,효죽로9번길 53,0,00053,00000,4286820,0,12300,12300,중흥동,,북구,12300,아파트,전월세,202512,아파트 전월세,,,,,
중흥동동우아스트로아파트,29170-778,2019,26.02~28.01,갱신,10,12,2025,"18,500",59.9863,8,822,0,"18,500",,효죽로9번길 53,0,00053,00000,4286820,0,12300,12300,중흥동,,북구,12300,아파트,전월세,202512,아파트 전월세,,,,,
중흥동동우아스트로아파트,29170-778,2019,26.02~28.01,갱신,10,12,2025,"18,500",59.9863,13,822,0,"18,500",,효죽로9번길 53,0,00053,00000,4286820,0,12300,12300,중흥동,,북구,12300,아파트,전월세,202512,아파트 전월세,,,,,
중흥동동우아스트로아파트,29170-778,2019,26.02~28.01,갱신,10,12,2025,"18,500",59.9863,10,822,0,"18,500",,효죽로9번길 53,0,00053,00000,4286820,0,12300,12300,중흥동,,북구,12300,아파트,전월세,202512,아파트 전월세,,,,,
S-클래스더제니스,29170-887,2024,26.03~28.03,신규,9,12,2025,"29,000",63.9938,36,887,0,,,천변우로 227,,00227,00000,3009025,0,12300,12300,임동,,북구,12300,아파트,전월세,202512,아파트 전월세,,,,,
중흥동동우아스트로아파트,29170-778,2019,26.02~28.01,갱신,10,12,2025,"18,500",59.9863,8,822,0,"18,500",,효죽로9번길 53,0,00053,00000,4286820,0,12300,12300,중흥동,,북구,12300,아파트,전월세,202512,아파트 전월세,,,,,
무등산자이앤어울림1단지,29170-873,2025,25.12~29.12,신규,4,12,2025,"20,600",39.9687,6,835,0,,,서양로 155,0,00155,00000,3162030,3,12300,12300,우산동,,북구,12300,아파트,전월세,202512,아파트 전월세,,,,,
무등산자이앤어울림1단지,29170-873,2025,25.12~29.12,신규,4,12,2025,"20,600",39.9687,6,835,0,,,서양로 155,0,00155,00000,3162030,3,12300,12300,우산동,,북구,12300,아파트,전월세,202512,아파트 전월세,,,,,
양산명지써밋주상복합,29170-891,2024,26.01~28.01,신규,2,12,2025,"30,000",82.1661,25,1155,0,,,하서로 394,0,00394,00000,3162082,0,12300,12300,양산동,,북구,12300,아파트,전월세,202512,아파트 전월세,,,,,
중흥동동우아스트로아파트,29170-778,2019,26.02~28.01,갱신,1,12,2025,"18,500",59.9863,15,822,0,"18,500",,효죽로9번길 53,0,00053,00000,4286820,0,12300,12300,중흥동,,북구,12300,아파트,전월세,202512,아파트 전월세,,,,,
중흥동동우아스트로아파트,29170-778,2019,26.02~28.01,갱신,1,12,2025,"18,500",59.9863,15,822,0,"18,500",,효죽로9번길 53,0,00053,00000,4286820,0,12300,12300,중흥동,,북구,12300,아파트,전월세,202512,아파트 전월세,,,,,
첨단라인2차,29200-60,1995,,,29,12,2025,"12,000",59.99,5,764-5,0,,,월계로 109,0,00109,00000,3163039,1,12330,12330,월계동,,광산구,12330,아파트,전월세,202512,아파트 전월세,,,,,
첨단라인2차,29200-60,1995,,,29,12,2025,"12,000",59.99,5,764-5,0,,,월계로 109,0,00109,00000,3163039,1,12330,12330,월계동,,광산구,12330,아파트,전월세,202512,아파트 전월세,,,,,
대라수아파트,29200-392,2017,26.02~28.02,신규,8,12,2025,"22,000",68.4658,13,1290,0,,,장신로 326,,00326,00000,3163047,0,12330,12330,신창동,,광산구,12330,아파트,전월세,202512,아파트 전월세,,,,,
첨단우미1,29200-68,1995,26.02~28.02,신규,27,12,2025,"17,000",78.54,1,759-1,0,,,첨단중앙로181번길 65,0,00065,00000,4289615,1,12330,12330,월계동,,광산구,12330,아파트,전월세,202512,아파트 전월세,,,,,
세계수영선수촌 중흥에스-클래스 센트럴,29200-432,2020,26.05~28.05,신규,6,12,2025,"24,000",59.9323,15,1621,0,,,금봉로 106,,00106,00000,3163003,0,12330,12330,우산동,,광산구,12330,아파트,전월세,202512,아파트 전월세,,,,,
힐스테이트리버파크,29200-412,2019,26.04~28.04,신규,27,12,2025,"38,000",84.95,23,695-1,0,,,첨단강변로 100,0,00100,00000,3163075,0,12330,12330,쌍암동,,광산구,12330,아파트,전월세,202512,아파트 전월세,,,,,
모아엘가더수완,29200-469,2022,26.04~28.04,신규,10,12,2025,"39,000",84.9831,20,1336,0,,,목련로381번길 27,0,00027,00000,4289111,1,12330,12330,신가동,,광산구,12330,아파트,전월세,202512,아파트 전월세,,,,,
첨단대라수어썸시티,29200-436,2020,26.03~28.08,신규,24,12,2025,"25,020",84.9393,7,688-2,0,,,첨단중앙로182번길 90,0,00090,00000,4289616,0,12330,12330,쌍암동,,광산구,12330,아파트,전월세,202512,아파트 전월세,,,,,
코오롱하늘채,29200-232,2008,26.02~28.02,신규,27,12,2025,"6,000",123.38,22,913,200,,,장덕로137번길 39,0,00039,00000,4289556,1,12330,12330,수완동,,광산구,12330,아파트,전월세,202512,아파트 전월세,,,,,
코오롱하늘채,29200-232,2008,26.02~28.02,신규,27,12,2025,"6,000",123.38,22,913,200,,,장덕로137번길 39,0,00039,00000,4289556,1,12330,12330,수완동,,광산구,12330,아파트,전월세,202512,아파트 전월세,,,,,
우방아이유쉘,29200-373,2016,26.01~28.01,신규,23,12,2025,"17,000",59.7926,11,1314,0,,,평동로1098번길 185,0,00185,00000,4289630,0,12330,12330,도산동,,광산구,12330,아파트,전월세,202512,아파트 전월세,,,,,
수완대성베르힐,29200-296,2013,26.01~27.12,신규,6,12,2025,"5,000",84.5653,13,1199,125,,,수등로94번길 31,0,00031,00000,4289331,1,12330,12330,신가동,,광산구,12330,아파트,전월세,202512,아파트 전월세,,,,,
첨단두산1차,29200-57,1996,26.01~28.01,신규,16,12,2025,"12,500",59.857,1,764-4,0,,,월계로 117-21,0,00117,00021,3163039,1,12330,12330,월계동,,광산구,12330,아파트,전월세,202512,아파트 전월세,,,,,
첨단중해마루힐2차주상복합,29200-490,2023,25.12~27.05,갱신,21,12,2025,"32,400",84.9002,6,687-2,0,"32,400",,첨단중앙로182번길 76,0,00076,00000,4289616,0,12330,12330,쌍암동,,광산구,12330,아파트,전월세,202512,아파트 전월세,,,,,
대라수아파트,29200-392,2017,26.02~28.02,신규,8,12,2025,"22,000",68.4658,13,1290,0,,,장신로 326,,00326,00000,3163047,0,12330,12330,신창동,,광산구,12330,아파트,전월세,202512,아파트 전월세,,,,,
한아름골드아파트,29200-375,2016,26.01~28.01,갱신,29,12,2025,"12,339",59.9241,3,1248,0,"12,339",,평동로 789-73,0,00789,00073,3163051,0,12330,12330,옥동,,광산구,12330,아파트,전월세,202512,아파트 전월세,,,,,
소촌3차국제미소래,29200-464,2021,26.02~28.02,신규,19,12,2025,"17,280",59.9832,12,179-1,0,,,소촌로42번길 195,0,00195,00000,4289281,1,12330,12330,소촌동,,광산구,12330,아파트,전월세,202512,아파트 전월세,,,,,
쌍용더플래티넘광산,29200-447,2021,26.01~28.01,신규,7,12,2025,"30,000",84.9784,11,1625,0,,,우산로107번길 67,0,00067,00000,4289471,1,12330,12330,우산동,,광산구,12330,아파트,전월세,202512,아파트 전월세,,,,,
첨단센트럴파크2차,29200-399,2018,26.01~28.01,신규,29,12,2025,"10,000",41.83,17,676-3,35,,,첨단중앙로170번길 87,0,00087,00000,4289614,1,12330,12330,쌍암동,,광산구,12330,아파트,전월세,202512,아파트 전월세,,,,,
첨단중해마루힐2차주상복합,29200-490,2023,25.12~27.05,갱신,18,12,2025,"33,700",84.9002,24,687-2,0,"33,700",,첨단중앙로182번길 76,0,00076,00000,4289616,0,12330,12330,쌍암동,,광산구,12330,아파트,전월세,202512,아파트 전월세,,,,,
첨단센트럴파크2차,29200-399,2018,26.01~28.01,신규,29,12,2025,"10,000",41.83,17,676-3,35,,,첨단중앙로170번길 87,0,00087,00000,4289614,1,12330,12330,쌍암동,,광산구,12330,아파트,전월세,202512,아파트 전월세,,,,,
이지더원1단지,29200-322,2014,26.01~28.01,갱신,12,12,2025,"29,000",84.9827,13,582,0,"29,000",,선운로20번길 47,0,00047,00000,4289711,1,12330,12330,선암동,사용,광산구,12330,아파트,전월세,202512,아파트 전월세,,,,,
모아미래도,29200-118,2001,26.01~28.01,신규,8,12,2025,"2,000",59.9451,5,763-5,55,,,월계로 77,0,00077,00000,3163039,1,12330,12330,월계동,,광산구,12330,아파트,전월세,202512,아파트 전월세,,,,,
금호타운,29200-82,1991,26.01~28.01,신규,16,12,2025,"14,000",84.72,1,613-1,0,,,월곡산정로 80,0,00080,00000,3163042,3,12330,12330,월곡동,,광산구,12330,아파트,전월세,202512,아파트 전월세,,,,,
수완루아채,29200-234,2008,26.02~28.02,신규,10,12,2025,"23,100",84.2801,14,1115,0,,,풍영로 294-8,0,00294,00008,3163061,1,12330,12330,장덕동,,광산구,12330,아파트,전월세,202512,아파트 전월세,,,,,
첨단중해마루힐2차주상복합,29200-490,2023,25.12~27.05,갱신,20,12,2025,"33,000",84.9593,13,687-2,0,"33,000",,첨단중앙로182번길 76,0,00076,00000,4289616,0,12330,12330,쌍암동,,광산구,12330,아파트,전월세,202512,아파트 전월세,,,,,
모아미래도,29200-118,2001,26.01~28.01,신규,8,12,2025,"2,000",59.9451,5,763-5,55,,,월계로 77,0,00077,00000,3163039,1,12330,12330,월계동,,광산구,12330,아파트,전월세,202512,아파트 전월세,,,,,
첨단중해마루힐2차주상복합,29200-490,2023,25.12~27.05,갱신,18,12,2025,"32,400",84.9593,5,687-2,0,"32,400",,첨단중앙로182번길 76,0,00076,00000,4289616,0,12330,12330,쌍암동,,광산구,12330,아파트,전월세,202512,아파트 전월세,,,,,
대주피오레1차,29200-93,2000,26.02~28.02,신규,29,12,2025,"2,000",84.98,1,790,60,,,송도로182번길 55,0,00055,00000,4289293,1,12330,12330,도산동,,광산구,12330,아파트,전월세,202512,아파트 전월세,,,,,
호반2차,29200-92,1998,25.12~27.12,신규,1,12,2025,"6,300",39.86,6,782,0,,,송도로162번길 11-6,0,00011,00006,4289291,1,12330,12330,도산동,,광산구,12330,아파트,전월세,202512,아파트 전월세,,,,,
호반2차,29200-92,1998,25.12~27.12,신규,1,12,2025,"6,300",39.86,6,782,0,,,송도로162번길 11-6,0,00011,00006,4289291,1,12330,12330,도산동,,광산구,12330,아파트,전월세,202512,아파트 전월세,,,,,
대주피오레1차,29200-93,2000,26.02~28.02,신규,29,12,2025,"2,000",84.98,1,790,60,,,송도로182번길 55,0,00055,00000,4289293,1,12330,12330,도산동,,광산구,12330,아파트,전월세,202512,아파트 전월세,,,,,
한아름골드아파트,29200-375,2016,26.01~28.01,신규,29,12,2025,"12,339",59.9241,5,1248,0,,,평동로 789-73,0,00789,00073,3163051,0,12330,12330,옥동,,광산구,12330,아파트,전월세,202512,아파트 전월세,,,,,
한아름골드아파트,29200-375,2016,26.01~28.01,갱신,29,12,2025,"12,339",59.9241,3,1248,0,"12,339",,평동로 789-73,0,00789,00073,3163051,0,12330,12330,옥동,,광산구,12330,아파트,전월세,202512,아파트 전월세,,,,,
한아름골드아파트,29200-375,2016,26.01~28.01,신규,29,12,2025,"12,339",59.9241,5,1248,0,,,평동로 789-73,0,00789,00073,3163051,0,12330,12330,옥동,,광산구,12330,아파트,전월세,202512,아파트 전월세,,,,,
한아름골드아파트,29200-375,2016,26.01~28.01,신규,29,12,2025,"12,339",59.9241,8,1248,0,,,평동로 789-73,0,00789,00073,3163051,0,12330,12330,옥동,,광산구,12330,아파트,전월세,202512,아파트 전월세,,,,,
첨단중해마루힐2차주상복합,29200-490,2023,25.12~27.05,갱신,21,12,2025,"33,700",84.9002,20,687-2,0,"33,700",,첨단중앙로182번길 76,0,00076,00000,4289616,0,12330,12330,쌍암동,,광산구,12330,아파트,전월세,202512,아파트 전월세,,,,,
첨단라인8,29200-65,1997,26.01~28.01,신규,4,12,2025,"1,000",59.9,5,763-2,55,,,첨단내촌로 101,0,00101,00000,3163048,1,12330,12330,월계동,,광산구,12330,아파트,전월세,202512,아파트 전월세,,,,,
첨단중해마루힐2차주상복합,29200-490,2023,25.12~27.05,갱신,21,12,2025,"33,000",84.9002,10,687-2,0,"33,000",,첨단중앙로182번길 76,0,00076,00000,4289616,0,12330,12330,쌍암동,,광산구,12330,아파트,전월세,202512,아파트 전월세,,,,,
한아름골드아파트,29200-375,2016,26.01~28.01,신규,29,12,2025,"12,339",59.9241,8,1248,0,,,평동로 789-73,0,00789,00073,3163051,0,12330,12330,옥동,,광산구,12330,아파트,전월세,202512,아파트 전월세,,,,,
힐스테이트리버파크,29200-412,2019,26.04~28.04,신규,27,12,2025,"38,000",84.95,23,695-1,0,,,첨단강변로 100,0,00100,00000,3163075,0,12330,12330,쌍암동,,광산구,12330,아파트,전월세,202512,아파트 전월세,,,,,
첨단중해마루힐2차주상복합,29200-490,2023,25.12~27.05,갱신,21,12,2025,"33,000",84.9002,10,687-2,0,"33,000",,첨단중앙로182번길 76,0,00076,00000,4289616,0,12330,12330,쌍암동,,광산구,12330,아파트,전월세,202512,아파트 전월세,,,,,
첨단중해마루힐2차주상복합,29200-490,2023,25.12~27.05,갱신,20,12,2025,"33,000",84.9593,13,687-2,0,"33,000",,첨단중앙로182번길 76,0,00076,00000,4289616,0,12330,12330,쌍암동,,광산구,12330,아파트,전월세,202512,아파트 전월세,,,,,
첨단우미1,29200-68,1995,26.02~28.02,신규,27,12,2025,"17,000",78.54,1,759-1,0,,,첨단중앙로181번길 65,0,00065,00000,4289615,1,12330,12330,월계동,,광산구,12330,아파트,전월세,202512,아파트 전월세,,,,,
첨단중해마루힐2차주상복합,29200-490,2023,25.12~27.05,갱신,21,12,2025,"33,700",84.9002,20,687-2,0,"33,700",,첨단중앙로182번길 76,0,00076,00000,4289616,0,12330,12330,쌍암동,,광산구,12330,아파트,전월세,202512,아파트 전월세,,,,,
첨단중해마루힐2차주상복합,29200-490,2023,25.12~27.05,갱신,21,12,2025,"34,000",84.9593,25,687-2,0,"34,000",,첨단중앙로182번길 76,0,00076,00000,4289616,0,12330,12330,쌍암동,,광산구,12330,아파트,전월세,202512,아파트 전월세,,,,,
첨단중해마루힐2차주상복합,29200-490,2023,25.12~27.05,갱신,21,12,2025,"32,400",84.9002,6,687-2,0,"32,400",,첨단중앙로182번길 76,0,00076,00000,4289616,0,12330,12330,쌍암동,,광산구,12330,아파트,전월세,202512,아파트 전월세,,,,,
리버힐,29200-36,1992,25.12~27.12,신규,4,12,2025,500,49.86,12,1602-2,50,,,우산로 47,0,00047,00000,3163037,1,12330,12330,우산동,,광산구,12330,아파트,전월세,202512,아파트 전월세,,,,,
첨단중해마루힐2차주상복합,29200-490,2023,25.12~27.05,갱신,20,12,2025,"33,000",84.9593,10,687-2,0,"33,000",,첨단중앙로182번길 76,0,00076,00000,4289616,0,12330,12330,쌍암동,,광산구,12330,아파트,전월세,202512,아파트 전월세,,,,,
첨단중해마루힐2차주상복합,29200-490,2023,25.12~27.05,갱신,18,12,2025,"33,400",84.9002,19,687-2,0,"33,400",,첨단중앙로182번길 76,0,00076,00000,4289616,0,12330,12330,쌍암동,,광산구,12330,아파트,전월세,202512,아파트 전월세,,,,,
리버힐,29200-36,1992,25.12~27.12,신규,4,12,2025,500,49.86,12,1602-2,50,,,우산로 47,0,00047,00000,3163037,1,12330,12330,우산동,,광산구,12330,아파트,전월세,202512,아파트 전월세,,,,,
첨단중해마루힐2차주상복합,29200-490,2023,25.12~27.05,갱신,21,12,2025,"33,700",84.9593,24,687-2,0,"33,700",,첨단중앙로182번길 76,0,00076,00000,4289616,0,12330,12330,쌍암동,,광산구,12330,아파트,전월세,202512,아파트 전월세,,,,,
첨단대라수어썸시티,29200-436,2020,26.03~28.08,신규,24,12,2025,"25,020",84.9393,7,688-2,0,,,첨단중앙로182번길 90,0,00090,00000,4289616,0,12330,12330,쌍암동,,광산구,12330,아파트,전월세,202512,아파트 전월세,,,,,
첨단중해마루힐2차주상복합,29200-490,2023,25.12~27.05,갱신,21,12,2025,"33,000",84.9002,10,687-2,0,"33,000",,첨단중앙로182번길 76,0,00076,00000,4289616,0,12330,12330,쌍암동,,광산구,12330,아파트,전월세,202512,아파트 전월세,,,,,
리버힐,29200-36,1992,26.01~28.01,신규,19,12,2025,"8,370",49.86,15,1602-2,1,,,우산로 47,0,00047,00000,3163037,1,12330,12330,우산동,,광산구,12330,아파트,전월세,202512,아파트 전월세,,,,,
첨단중해마루힐2차주상복합,29200-490,2023,25.12~27.05,갱신,20,12,2025,"33,700",84.9593,23,687-2,0,"33,700",,첨단중앙로182번길 76,0,00076,00000,4289616,0,12330,12330,쌍암동,,광산구,12330,아파트,전월세,202512,아파트 전월세,,,,,
우방아이유쉘,29200-373,2016,26.01~28.01,신규,23,12,2025,"17,000",59.7926,11,1314,0,,,평동로1098번길 185,0,00185,00000,4289630,0,12330,12330,도산동,,광산구,12330,아파트,전월세,202512,아파트 전월세,,,,,
첨단중해마루힐2차주상복합,29200-490,2023,25.12~27.05,갱신,18,12,2025,"33,400",84.9002,16,687-2,0,"33,400",,첨단중앙로182번길 76,0,00076,00000,4289616,0,12330,12330,쌍암동,,광산구,12330,아파트,전월세,202512,아파트 전월세,,,,,
첨단중해마루힐2차주상복합,29200-490,2023,25.12~27.05,갱신,21,12,2025,"33,700",84.9593,22,687-2,0,"33,700",,첨단중앙로182번길 76,0,00076,00000,4289616,0,12330,12330,쌍암동,,광산구,12330,아파트,전월세,202512,아파트 전월세,,,,,
첨단중해마루힐2차주상복합,29200-490,2023,25.12~27.05,갱신,18,12,2025,"34,000",84.9593,27,687-2,0,"34,000",,첨단중앙로182번길 76,0,00076,00000,4289616,0,12330,12330,쌍암동,,광산구,12330,아파트,전월세,202512,아파트 전월세,,,,,
첨단중해마루힐2차주상복합,29200-490,2023,25.12~27.05,갱신,20,12,2025,"33,700",84.9593,23,687-2,0,"33,700",,첨단중앙로182번길 76,0,00076,00000,4289616,0,12330,12330,쌍암동,,광산구,12330,아파트,전월세,202512,아파트 전월세,,,,,
첨단중해마루힐2차주상복합,29200-490,2023,25.12~27.05,갱신,18,12,2025,"34,000",84.9002,27,687-2,0,"34,000",,첨단중앙로182번길 76,0,00076,00000,4289616,0,12330,12330,쌍암동,,광산구,12330,아파트,전월세,202512,아파트 전월세,,,,,
첨단중해마루힐2차주상복합,29200-490,2023,25.12~27.05,갱신,20,12,2025,"33,700",84.9002,22,687-2,0,"33,700",,첨단중앙로182번길 76,0,00076,00000,4289616,0,12330,12330,쌍암동,,광산구,12330,아파트,전월세,202512,아파트 전월세,,,,,
운남주공7단지,29200-138,2001,26.01~28.01,신규,20,12,2025,"16,000",59.29,4,794-3,0,,,목련로153번길 56,0,00056,00000,4289101,1,12330,12330,운남동,,광산구,12330,아파트,전월세,202512,아파트 전월세,,,,,
첨단중해마루힐2차주상복합,29200-490,2023,25.12~27.05,갱신,20,12,2025,"33,700",84.9002,22,687-2,0,"33,700",,첨단중앙로182번길 76,0,00076,00000,4289616,0,12330,12330,쌍암동,,광산구,12330,아파트,전월세,202512,아파트 전월세,,,,,
첨단중해마루힐2차주상복합,29200-490,2023,25.12~27.05,갱신,21,12,2025,"33,700",84.9593,22,687-2,0,"33,700",,첨단중앙로182번길 76,0,00076,00000,4289616,0,12330,12330,쌍암동,,광산구,12330,아파트,전월세,202512,아파트 전월세,,,,,
첨단중해마루힐2차주상복합,29200-490,2023,25.12~27.05,갱신,19,12,2025,"33,400",84.9593,18,687-2,0,"33,400",,첨단중앙로182번길 76,0,00076,00000,4289616,0,12330,12330,쌍암동,,광산구,12330,아파트,전월세,202512,아파트 전월세,,,,,
운남주공7단지,29200-138,2001,26.01~28.01,신규,20,12,2025,"16,000",59.29,4,794-3,0,,,목련로153번길 56,0,00056,00000,4289101,1,12330,12330,운남동,,광산구,12330,아파트,전월세,202512,아파트 전월세,,,,,
첨단중해마루힐2차주상복합,29200-490,2023,25.12~27.05,갱신,20,12,2025,"33,000",84.9593,10,687-2,0,"33,000",,첨단중앙로182번길 76,0,00076,00000,4289616,0,12330,12330,쌍암동,,광산구,12330,아파트,전월세,202512,아파트 전월세,,,,,
첨단중해마루힐2차주상복합,29200-490,2023,25.12~27.05,갱신,19,12,2025,"34,000",84.9002,27,687-2,0,"34,000",,첨단중앙로182번길 76,0,00076,00000,4289616,0,12330,12330,쌍암동,,광산구,12330,아파트,전월세,202512,아파트 전월세,,,,,
첨단중해마루힐2차주상복합,29200-490,2023,25.12~27.05,갱신,18,12,2025,"34,000",84.9593,25,687-2,0,"34,000",,첨단중앙로182번길 76,0,00076,00000,4289616,0,12330,12330,쌍암동,,광산구,12330,아파트,전월세,202512,아파트 전월세,,,,,
첨단중해마루힐2차주상복합,29200-490,2023,25.12~27.05,갱신,21,12,2025,"33,700",84.9593,24,687-2,0,"33,700",,첨단중앙로182번길 76,0,00076,00000,4289616,0,12330,12330,쌍암동,,광산구,12330,아파트,전월세,202512,아파트 전월세,,,,,
첨단중해마루힐2차주상복합,29200-490,2023,25.12~27.05,갱신,21,12,2025,"33,700",84.9002,20,687-2,0,"33,700",,첨단중앙로182번길 76,0,00076,00000,4289616,0,12330,12330,쌍암동,,광산구,12330,아파트,전월세,202512,아파트 전월세,,,,,
리버힐,29200-36,1992,26.01~28.01,신규,19,12,2025,"8,370",49.86,15,1602-2,1,,,우산로 47,0,00047,00000,3163037,1,12330,12330,우산동,,광산구,12330,아파트,전월세,202512,아파트 전월세,,,,,
첨단중해마루힐2차주상복합,29200-490,2023,25.12~27.05,갱신,21,12,2025,"34,000",84.9593,25,687-2,0,"34,000",,첨단중앙로182번길 76,0,00076,00000,4289616,0,12330,12330,쌍암동,,광산구,12330,아파트,전월세,202512,아파트 전월세,,,,,
소촌3차국제미소래,29200-464,2021,26.02~28.02,신규,19,12,2025,"17,280",59.9832,12,179-1,0,,,소촌로42번길 195,0,00195,00000,4289281,1,12330,12330,소촌동,,광산구,12330,아파트,전월세,202512,아파트 전월세,,,,,
첨단중해마루힐2차주상복합,29200-490,2023,25.12~27.05,갱신,19,12,2025,"32,400",84.9002,8,687-2,0,"32,400",,첨단중앙로182번길 76,0,00076,00000,4289616,0,12330,12330,쌍암동,,광산구,12330,아파트,전월세,202512,아파트 전월세,,,,,
첨단중해마루힐2차주상복합,29200-490,2023,25.12~27.05,갱신,18,12,2025,"32,400",84.9002,5,687-2,0,"32,400",,첨단중앙로182번길 76,0,00076,00000,4289616,0,12330,12330,쌍암동,,광산구,12330,아파트,전월세,202512,아파트 전월세,,,,,
첨단중해마루힐2차주상복합,29200-490,2023,25.12~27.05,갱신,18,12,2025,"32,400",84.9002,5,687-2,0,"32,400",,첨단중앙로182번길 76,0,00076,00000,4289616,0,12330,12330,쌍암동,,광산구,12330,아파트,전월세,202512,아파트 전월세,,,,,
첨단중해마루힐2차주상복합,29200-490,2023,25.12~27.05,갱신,18,12,2025,"32,400",84.9002,7,687-2,0,"32,400",,첨단중앙로182번길 76,0,00076,00000,4289616,0,12330,12330,쌍암동,,광산구,12330,아파트,전월세,202512,아파트 전월세,,,,,
첨단중해마루힐2차주상복합,29200-490,2023,25.12~27.05,갱신,18,12,2025,"32,400",84.9002,7,687-2,0,"32,400",,첨단중앙로182번길 76,0,00076,00000,4289616,0,12330,12330,쌍암동,,광산구,12330,아파트,전월세,202512,아파트 전월세,,,,,
첨단중해마루힐2차주상복합,29200-490,2023,25.12~27.05,갱신,19,12,2025,"32,400",84.9002,8,687-2,0,"32,400",,첨단중앙로182번길 76,0,00076,00000,4289616,0,12330,12330,쌍암동,,광산구,12330,아파트,전월세,202512,아파트 전월세,,,,,
첨단중해마루힐2차주상복합,29200-490,2023,25.12~27.05,갱신,19,12,2025,"33,400",84.9593,18,687-2,0,"33,400",,첨단중앙로182번길 76,0,00076,00000,4289616,0,12330,12330,쌍암동,,광산구,12330,아파트,전월세,202512,아파트 전월세,,,,,
첨단중해마루힐2차주상복합,29200-490,2023,25.12~27.05,갱신,19,12,2025,"34,000",84.9002,27,687-2,0,"34,000",,첨단중앙로182번길 76,0,00076,00000,4289616,0,12330,12330,쌍암동,,광산구,12330,아파트,전월세,202512,아파트 전월세,,,,,
첨단중해마루힐2차주상복합,29200-490,2023,25.12~27.05,갱신,18,12,2025,"33,400",84.9002,15,687-2,0,"33,400",,첨단중앙로182번길 76,0,00076,00000,4289616,0,12330,12330,쌍암동,,광산구,12330,아파트,전월세,202512,아파트 전월세,,,,,
첨단중해마루힐2차주상복합,29200-490,2023,25.12~27.05,갱신,18,12,2025,"33,400",84.9002,19,687-2,0,"33,400",,첨단중앙로182번길 76,0,00076,00000,4289616,0,12330,12330,쌍암동,,광산구,12330,아파트,전월세,202512,아파트 전월세,,,,,
첨단중해마루힐2차주상복합,29200-490,2023,25.12~27.05,갱신,18,12,2025,"32,400",84.9002,7,687-2,0,"32,400",,첨단중앙로182번길 76,0,00076,00000,4289616,0,12330,12330,쌍암동,,광산구,12330,아파트,전월세,202512,아파트 전월세,,,,,
첨단중해마루힐2차주상복합,29200-490,2023,25.12~27.05,갱신,18,12,2025,"33,700",84.9593,20,687-2,0,"33,700",,첨단중앙로182번길 76,0,00076,00000,4289616,0,12330,12330,쌍암동,,광산구,12330,아파트,전월세,202512,아파트 전월세,,,,,
첨단중해마루힐2차주상복합,29200-490,2023,25.12~27.05,갱신,18,12,2025,"33,700",84.9593,20,687-2,0,"33,700",,첨단중앙로182번길 76,0,00076,00000,4289616,0,12330,12330,쌍암동,,광산구,12330,아파트,전월세,202512,아파트 전월세,,,,,
첨단중해마루힐2차주상복합,29200-490,2023,25.12~27.05,갱신,18,12,2025,"33,700",84.9002,24,687-2,0,"33,700",,첨단중앙로182번길 76,0,00076,00000,4289616,0,12330,12330,쌍암동,,광산구,12330,아파트,전월세,202512,아파트 전월세,,,,,
첨단중해마루힐2차주상복합,29200-490,2023,25.12~27.05,갱신,18,12,2025,"34,000",84.9002,27,687-2,0,"34,000",,첨단중앙로182번길 76,0,00076,00000,4289616,0,12330,12330,쌍암동,,광산구,12330,아파트,전월세,202512,아파트 전월세,,,,,
첨단중해마루힐2차주상복합,29200-490,2023,25.12~27.05,갱신,18,12,2025,"34,000",84.9593,25,687-2,0,"34,000",,첨단중앙로182번길 76,0,00076,00000,4289616,0,12330,12330,쌍암동,,광산구,12330,아파트,전월세,202512,아파트 전월세,,,,,
첨단중해마루힐2차주상복합,29200-490,2023,25.12~27.05,갱신,18,12,2025,"32,400",84.9593,5,687-2,0,"32,400",,첨단중앙로182번길 76,0,00076,00000,4289616,0,12330,12330,쌍암동,,광산구,12330,아파트,전월세,202512,아파트 전월세,,,,,
첨단중해마루힐2차주상복합,29200-490,2023,25.12~27.05,갱신,18,12,2025,"33,400",84.9002,16,687-2,0,"33,400",,첨단중앙로182번길 76,0,00076,00000,4289616,0,12330,12330,쌍암동,,광산구,12330,아파트,전월세,202512,아파트 전월세,,,,,
첨단중해마루힐2차주상복합,29200-490,2023,25.12~27.05,갱신,18,12,2025,"32,400",84.9002,5,687-2,0,"32,400",,첨단중앙로182번길 76,0,00076,00000,4289616,0,12330,12330,쌍암동,,광산구,12330,아파트,전월세,202512,아파트 전월세,,,,,
첨단중해마루힐2차주상복합,29200-490,2023,25.12~27.05,갱신,18,12,2025,"33,400",84.9002,15,687-2,0,"33,400",,첨단중앙로182번길 76,0,00076,00000,4289616,0,12330,12330,쌍암동,,광산구,12330,아파트,전월세,202512,아파트 전월세,,,,,
첨단중해마루힐2차주상복합,29200-490,2023,25.12~27.05,갱신,18,12,2025,"32,400",84.9593,5,687-2,0,"32,400",,첨단중앙로182번길 76,0,00076,00000,4289616,0,12330,12330,쌍암동,,광산구,12330,아파트,전월세,202512,아파트 전월세,,,,,
첨단중해마루힐2차주상복합,29200-490,2023,25.12~27.05,갱신,18,12,2025,"34,000",84.9593,27,687-2,0,"34,000",,첨단중앙로182번길 76,0,00076,00000,4289616,0,12330,12330,쌍암동,,광산구,12330,아파트,전월세,202512,아파트 전월세,,,,,
금호타운,29200-82,1991,26.01~28.01,신규,16,12,2025,"14,000",84.72,1,613-1,0,,,월곡산정로 80,0,00080,00000,3163042,3,12330,12330,월곡동,,광산구,12330,아파트,전월세,202512,아파트 전월세,,,,,
첨단두산1차,29200-57,1996,26.01~28.01,신규,16,12,2025,"12,500",59.857,1,764-4,0,,,월계로 117-21,0,00117,00021,3163039,1,12330,12330,월계동,,광산구,12330,아파트,전월세,202512,아파트 전월세,,,,,
이지더원1단지,29200-322,2014,26.01~28.01,갱신,12,12,2025,"29,000",84.9827,13,582,0,"29,000",,선운로20번길 47,0,00047,00000,4289711,1,12330,12330,선암동,사용,광산구,12330,아파트,전월세,202512,아파트 전월세,,,,,
세계수영선수촌 중흥에스-클래스 센트럴,29200-432,2020,26.02~28.02,신규,10,12,2025,"26,000",75.9493,1,1621,0,,,금봉로 106,,00106,00000,3163003,0,12330,12330,우산동,,광산구,12330,아파트,전월세,202512,아파트 전월세,,,,,
호반1,29200-15,1995,25.12~27.12,신규,10,12,2025,"1,000",59.95,7,1136-1,50,,,도산로9번길 35,0,00035,00000,4289072,1,12330,12330,도산동,,광산구,12330,아파트,전월세,202512,아파트 전월세,,,,,
수완루아채,29200-234,2008,26.02~28.02,신규,10,12,2025,"23,100",84.2801,14,1115,0,,,풍영로 294-8,0,00294,00008,3163061,1,12330,12330,장덕동,,광산구,12330,아파트,전월세,202512,아파트 전월세,,,,,
세계수영선수촌 중흥에스-클래스 센트럴,29200-432,2020,26.02~28.02,신규,10,12,2025,"26,000",75.9493,1,1621,0,,,금봉로 106,,00106,00000,3163003,0,12330,12330,우산동,,광산구,12330,아파트,전월세,202512,아파트 전월세,,,,,
모아엘가더수완,29200-469,2022,26.04~28.04,신규,10,12,2025,"39,000",84.9831,20,1336,0,,,목련로381번길 27,0,00027,00000,4289111,1,12330,12330,신가동,,광산구,12330,아파트,전월세,202512,아파트 전월세,,,,,
호반1,29200-15,1995,25.12~27.12,신규,10,12,2025,"1,000",59.95,7,1136-1,50,,,도산로9번길 35,0,00035,00000,4289072,1,12330,12330,도산동,,광산구,12330,아파트,전월세,202512,아파트 전월세,,,,,
국제미소래,29200-384,2017,26.01~28.01,신규,5,12,2025,"17,770",70.7212,11,1620,0,,,용아로 175,0,00175,00000,3163035,2,12330,12330,우산동,,광산구,12330,아파트,전월세,202512,아파트 전월세,,,,,
수완영무예다음2차,29200-275,2012,26.02~28.02,신규,7,12,2025,"37,000",84.7296,12,1490,0,,,수완로33번길 79,0,00079,00000,4289339,1,12330,12330,수완동,,광산구,12330,아파트,전월세,202512,아파트 전월세,,,,,
첨단라인8,29200-65,1997,26.01~28.01,신규,4,12,2025,"1,000",59.9,5,763-2,55,,,첨단내촌로 101,0,00101,00000,3163048,1,12330,12330,월계동,,광산구,12330,아파트,전월세,202512,아파트 전월세,,,,,
수완대성베르힐,29200-296,2013,26.01~27.12,신규,6,12,2025,"5,000",84.5653,13,1199,125,,,수등로94번길 31,0,00031,00000,4289331,1,12330,12330,신가동,,광산구,12330,아파트,전월세,202512,아파트 전월세,,,,,
쌍용더플래티넘광산,29200-447,2021,26.01~28.01,신규,7,12,2025,"30,000",84.9784,11,1625,0,,,우산로107번길 67,0,00067,00000,4289471,1,12330,12330,우산동,,광산구,12330,아파트,전월세,202512,아파트 전월세,,,,,
세계수영선수촌 중흥에스-클래스 센트럴,29200-432,2020,26.05~28.05,신규,6,12,2025,"24,000",59.9323,15,1621,0,,,금봉로 106,,00106,00000,3163003,0,12330,12330,우산동,,광산구,12330,아파트,전월세,202512,아파트 전월세,,,,,
쌍용더플래티넘광산,29200-447,2021,26.01~28.01,신규,7,12,2025,"30,000",84.9784,11,1625,0,,,우산로107번길 67,0,00067,00000,4289471,1,12330,12330,우산동,,광산구,12330,아파트,전월세,202512,아파트 전월세,,,,,
수완영무예다음2차,29200-275,2012,26.02~28.02,신규,7,12,2025,"37,000",84.7296,12,1490,0,,,수완로33번길 79,0,00079,00000,4289339,1,12330,12330,수완동,,광산구,12330,아파트,전월세,202512,아파트 전월세,,,,,
국제미소래,29200-384,2017,26.01~28.01,신규,5,12,2025,"17,770",70.7212,11,1620,0,,,용아로 175,0,00175,00000,3163035,2,12330,12330,우산동,,광산구,12330,아파트,전월세,202512,아파트 전월세,,,,,
광주선교지구1차우방아이유쉘아파트,29110-383,2023,26.04~28.04,신규,30,1,2026,"14,000",49.0667,6,487,0,,,선교로 38-30,0,00038,00030,3159009,0,12210,12210,선교동,,동구,12210,아파트,전월세,202601,아파트 전월세,,,,,
대명,29110-6,1983,26.03~28.03,신규,30,1,2026,"1,000",76.05,5,191-1,50,,,동계로 79-26,0,00079,00026,3159004,3,12210,12210,계림동,,동구,12210,아파트,전월세,202601,아파트 전월세,,,,,
광주선교지구1차우방아이유쉘아파트,29110-383,2023,26.04~28.04,신규,30,1,2026,"14,000",49.0667,7,487,0,,,선교로 38-30,0,00038,00030,3159009,0,12210,12210,선교동,,동구,12210,아파트,전월세,202601,아파트 전월세,,,,,
광주선교지구1차우방아이유쉘아파트,29110-383,2023,26.03~28.03,신규,31,1,2026,"14,000",49.0667,10,487,0,,,선교로 38-30,0,00038,00030,3159009,0,12210,12210,선교동,,동구,12210,아파트,전월세,202601,아파트 전월세,,,,,
광주선교지구1차우방아이유쉘아파트,29110-383,2023,26.03~28.03,신규,31,1,2026,"14,000",49.0667,10,487,0,,,선교로 38-30,0,00038,00030,3159009,0,12210,12210,선교동,,동구,12210,아파트,전월세,202601,아파트 전월세,,,,,
광주선교지구1차우방아이유쉘아파트,29110-383,2023,26.03~28.03,신규,31,1,2026,"14,000",49.0667,10,487,0,,,선교로 38-30,0,00038,00030,3159009,0,12210,12210,선교동,,동구,12210,아파트,전월세,202601,아파트 전월세,,,,,
광주선교지구1차우방아이유쉘아파트,29110-383,2023,26.02~28.02,신규,20,1,2026,"14,000",49.0667,4,487,0,,,선교로 38-30,0,00038,00030,3159009,0,12210,12210,선교동,,동구,12210,아파트,전월세,202601,아파트 전월세,,,,,
무등파크맨션1차,29110-37,1990,26.03~28.03,신규,31,1,2026,"3,000",84.92,15,603,70,,,운림길 23,0,00023,00000,4277156,1,12210,12210,운림동,,동구,12210,아파트,전월세,202601,아파트 전월세,,,,,
무등파크맨션1차,29110-37,1990,26.03~28.03,신규,31,1,2026,"3,000",84.92,15,603,70,,,운림길 23,0,00023,00000,4277156,1,12210,12210,운림동,,동구,12210,아파트,전월세,202601,아파트 전월세,,,,,
광주선교지구1차우방아이유쉘아파트,29110-383,2023,26.03~28.03,신규,31,1,2026,"14,000",49.0667,10,487,0,,,선교로 38-30,0,00038,00030,3159009,0,12210,12210,선교동,,동구,12210,아파트,전월세,202601,아파트 전월세,,,,,
대명,29110-6,1983,26.03~28.03,신규,30,1,2026,"1,000",76.05,5,191-1,50,,,동계로 79-26,0,00079,00026,3159004,3,12210,12210,계림동,,동구,12210,아파트,전월세,202601,아파트 전월세,,,,,
광주선교지구1차우방아이유쉘아파트,29110-383,2023,26.04~28.04,신규,30,1,2026,"14,000",49.0667,7,487,0,,,선교로 38-30,0,00038,00030,3159009,0,12210,12210,선교동,,동구,12210,아파트,전월세,202601,아파트 전월세,,,,,
광주선교지구1차우방아이유쉘아파트,29110-383,2023,26.04~28.04,신규,30,1,2026,"14,000",49.0667,6,487,0,,,선교로 38-30,0,00038,00030,3159009,0,12210,12210,선교동,,동구,12210,아파트,전월세,202601,아파트 전월세,,,,,
광주선교지구1차우방아이유쉘아파트,29110-383,2023,26.02~28.02,신규,20,1,2026,"12,000",49.0667,1,487,0,,,선교로 38-30,0,00038,00030,3159009,0,12210,12210,선교동,,동구,12210,아파트,전월세,202601,아파트 전월세,,,,,
선교2차우방아이유쉘리포레,29110-471,2023,26.02~28.02,갱신,23,1,2026,"19,950",84.953,15,488,0,"19,000",,선교로 38-33,0,00038,00033,3159009,0,12210,12210,선교동,,동구,12210,아파트,전월세,202601,아파트 전월세,,,,,
광주선교지구1차우방아이유쉘아파트,29110-383,2023,26.02~28.02,신규,18,1,2026,"14,000",49.0667,9,487,0,,,선교로 38-30,0,00038,00030,3159009,0,12210,12210,선교동,,동구,12210,아파트,전월세,202601,아파트 전월세,,,,,
선교2차우방아이유쉘리포레,29110-471,2023,26.02~28.02,갱신,23,1,2026,"19,950",84.953,15,488,0,"19,000",,선교로 38-33,0,00038,00033,3159009,0,12210,12210,선교동,,동구,12210,아파트,전월세,202601,아파트 전월세,,,,,
선교2차우방아이유쉘리포레,29110-471,2023,26.02~28.02,갱신,23,1,2026,"19,950",84.953,15,488,0,"19,000",,선교로 38-33,0,00038,00033,3159009,0,12210,12210,선교동,,동구,12210,아파트,전월세,202601,아파트 전월세,,,,,
두산위브2차,29110-352,2018,26.03~28.03,신규,19,1,2026,"25,000",59.6875,14,1815,0,,,계림로30번길 15,0,00015,00000,4277025,0,12210,12210,계림동,,동구,12210,아파트,전월세,202601,아파트 전월세,,,,,
광주선교지구1차우방아이유쉘아파트,29110-383,2023,26.02~28.02,신규,18,1,2026,"14,000",49.0667,9,487,0,,,선교로 38-30,0,00038,00030,3159009,0,12210,12210,선교동,,동구,12210,아파트,전월세,202601,아파트 전월세,,,,,
광주선교지구1차우방아이유쉘아파트,29110-383,2023,26.02~28.02,신규,18,1,2026,"14,000",49.0667,9,487,0,,,선교로 38-30,0,00038,00030,3159009,0,12210,12210,선교동,,동구,12210,아파트,전월세,202601,아파트 전월세,,,,,
광주선교지구1차우방아이유쉘아파트,29110-383,2023,26.02~28.02,신규,20,1,2026,"14,000",49.0667,4,487,0,,,선교로 38-30,0,00038,00030,3159009,0,12210,12210,선교동,,동구,12210,아파트,전월세,202601,아파트 전월세,,,,,
광주선교지구1차우방아이유쉘아파트,29110-383,2023,26.02~28.02,신규,20,1,2026,"12,000",49.0667,1,487,0,,,선교로 38-30,0,00038,00030,3159009,0,12210,12210,선교동,,동구,12210,아파트,전월세,202601,아파트 전월세,,,,,
두산위브2차,29110-352,2018,26.03~28.03,신규,19,1,2026,"25,000",59.6875,14,1815,0,,,계림로30번길 15,0,00015,00000,4277025,0,12210,12210,계림동,,동구,12210,아파트,전월세,202601,아파트 전월세,,,,,
두산위브,29110-286,2007,26.01~28.01,신규,5,1,2026,"8,000",84.8686,14,52,80,,,무등로 374,0,00374,00000,3009021,1,12210,12210,계림동,,동구,12210,아파트,전월세,202601,아파트 전월세,,,,,
그랜드센트럴,29110-371,2020,26.03~28.03,신규,12,1,2026,"32,000",75.9117,7,1827,0,,,경양로 234,0,00234,00000,3009017,2,12210,12210,계림동,,동구,12210,아파트,전월세,202601,아파트 전월세,,,,,
그랜드센트럴,29110-371,2020,26.03~28.03,신규,12,1,2026,"32,000",75.9117,7,1827,0,,,경양로 234,0,00234,00000,3009017,2,12210,12210,계림동,,동구,12210,아파트,전월세,202601,아파트 전월세,,,,,
두산위브,29110-286,2007,26.01~28.01,신규,5,1,2026,"8,000",84.8686,14,52,80,,,무등로 374,0,00374,00000,3009021,1,12210,12210,계림동,,동구,12210,아파트,전월세,202601,아파트 전월세,,,,,
우성1,29140-87,1985,,,14,1,2026,"4,000",59.4,5,858-4,0,,,월드컵4강로 9,0,00009,00000,3160036,2,12240,12240,화정동,,서구,12240,아파트,전월세,202601,아파트 전월세,,,,,
우성1,29140-87,1985,,,14,1,2026,"4,000",59.4,5,858-4,0,,,월드컵4강로 9,0,00009,00000,3160036,2,12240,12240,화정동,,서구,12240,아파트,전월세,202601,아파트 전월세,,,,,
금호4,29140-26,1998,26.08~28.08,신규,22,1,2026,"23,000",84.985,10,1161-5,0,,,상무공원로 61,0,00061,00000,3160015,1,12240,12240,치평동,,서구,12240,아파트,전월세,202601,아파트 전월세,,,,,
금호4,29140-26,1998,26.08~28.08,신규,22,1,2026,"23,000",84.985,10,1161-5,0,,,상무공원로 61,0,00061,00000,3160015,1,12240,12240,치평동,,서구,12240,아파트,전월세,202601,아파트 전월세,,,,,
광주상무퍼스티넘스위첸,29140-655,2025,26.06~28.06,신규,7,1,2026,"46,900",95.3579,5,1208-5,0,,,운천로 261,0,00261,00000,3160035,0,12240,12240,치평동,,서구,12240,아파트,전월세,202601,아파트 전월세,,,,,
광주상무퍼스티넘스위첸,29140-655,2025,26.06~28.06,신규,7,1,2026,"46,900",95.3579,5,1208-5,0,,,운천로 261,0,00261,00000,3160035,0,12240,12240,치평동,,서구,12240,아파트,전월세,202601,아파트 전월세,,,,,
주은모아,29140-130,2000,26.05~28.05,신규,27,1,2026,"2,000",59.7,1,1127,60,,,풍암2로 36,0,00036,00000,3160048,1,12240,12240,풍암동,,서구,12240,아파트,전월세,202601,아파트 전월세,,,,,
금호지구대광로제비앙,29140-413,2022,26.04~28.04,신규,8,1,2026,"33,000",66.2029,15,1112,0,,,금호심곡길 21,0,00021,00000,4280059,0,12240,12240,금호동,,서구,12240,아파트,전월세,202601,아파트 전월세,,,,,
동부센트레빌,29140-123,2003,26.04~29.04,신규,28,1,2026,"25,500",84.601,14,664-6,0,,,풍암신흥로 40,0,00040,00000,3160052,1,12240,12240,풍암동,,서구,12240,아파트,전월세,202601,아파트 전월세,,,,,
광천중해마루힐주상복합,29140-412,2022,26.02~28.02,갱신,9,1,2026,"29,790",84.9727,19,417-22,0,"29,089",,내방로 415,0,00415,00000,3160004,0,12240,12240,농성동,,서구,12240,아파트,전월세,202601,아파트 전월세,,,,,
화정엘리체퍼스티지,29140-392,2019,26.04~28.04,신규,24,1,2026,"32,000",84.8709,17,1706,0,,,염화로 20,0,00020,00000,3160034,0,12240,12240,화정동,,서구,12240,아파트,전월세,202601,아파트 전월세,,,,,
갤러리303,29140-318,2010,26.04~28.04,신규,26,1,2026,"58,000",174.31,3,1330,0,,,상무누리로 33,0,00033,00000,3160016,1,12240,12240,치평동,,서구,12240,아파트,전월세,202601,아파트 전월세,,,,,
유니버시아드힐스테이트1단지,29140-368,2016,26.02~28.02,신규,21,1,2026,"35,000",84.96,7,1611,0,,,화운로 94,,00094,00000,3160065,0,12240,12240,화정동,,서구,12240,아파트,전월세,202601,아파트 전월세,,,,,
화정엘리체퍼스티지,29140-392,2019,26.04~28.04,신규,24,1,2026,"32,000",84.8709,17,1706,0,,,염화로 20,0,00020,00000,3160034,0,12240,12240,화정동,,서구,12240,아파트,전월세,202601,아파트 전월세,,,,,
힐스테이트광천,29140-472,2023,26.03~28.03,신규,5,1,2026,"37,000",84.9041,29,899,0,,,천변좌로 56,0,00056,00000,3009007,0,12240,12240,광천동,,서구,12240,아파트,전월세,202601,아파트 전월세,,,,,
광천중해마루힐주상복합,29140-412,2022,26.02~28.02,갱신,10,1,2026,"29,790",84.9727,17,417-22,0,"29,089",,내방로 415,0,00415,00000,3160004,0,12240,12240,농성동,,서구,12240,아파트,전월세,202601,아파트 전월세,,,,,
동천센트럴파크,29140-301,2007,26.02~28.02,신규,10,1,2026,"6,500",75.99,5,506,54,,,동천로 11,0,00011,00000,3160070,1,12240,12240,동천동,,서구,12240,아파트,전월세,202601,아파트 전월세,,,,,
현대,29140-121,2000,26.02~28.02,신규,11,1,2026,"1,000",59.95,7,1057,60,,,풍암순환로 70,0,00070,00000,3160050,1,12240,12240,풍암동,,서구,12240,아파트,전월세,202601,아파트 전월세,,,,,
금호시영1단지,29140-109,1993,26.02~28.02,신규,24,1,2026,"1,000",49.86,10,741-1,50,,,운천로 41,0,00041,00000,3160035,3,12240,12240,금호동,,서구,12240,아파트,전월세,202601,아파트 전월세,,,,,
광천중해마루힐주상복합,29140-412,2022,26.02~28.02,갱신,10,1,2026,"29,790",84.9727,10,417-22,0,"29,089",,내방로 415,0,00415,00000,3160004,0,12240,12240,농성동,,서구,12240,아파트,전월세,202601,아파트 전월세,,,,,
광천프라임아너팰리스,29140-387,2019,26.04~27.04,갱신,26,1,2026,"19,100",59.8246,11,417-9,0,"18,800",,내방로 423,0,00423,00000,3160004,0,12240,12240,농성동,,서구,12240,아파트,전월세,202601,아파트 전월세,,,,,
유니버시아드힐스테이트1단지,29140-368,2016,26.02~28.02,신규,21,1,2026,"35,000",84.96,7,1611,0,,,화운로 94,,00094,00000,3160065,0,12240,12240,화정동,,서구,12240,아파트,전월세,202601,아파트 전월세,,,,,
상무지구영무예다음주상복합,29140-405,2020,26.02~28.02,신규,8,1,2026,"26,000",69.8688,11,1220-3,0,,,시청로 64,0,00064,00000,3160029,1,12240,12240,치평동,,서구,12240,아파트,전월세,202601,아파트 전월세,,,,,
광천중해마루힐주상복합,29140-412,2022,26.02~28.02,갱신,10,1,2026,"29,790",84.9727,14,417-22,0,"29,089",,내방로 415,0,00415,00000,3160004,0,12240,12240,농성동,,서구,12240,아파트,전월세,202601,아파트 전월세,,,,,
금호시영1단지,29140-109,1993,26.02~28.02,신규,24,1,2026,"1,000",49.86,10,741-1,50,,,운천로 41,0,00041,00000,3160035,3,12240,12240,금호동,,서구,12240,아파트,전월세,202601,아파트 전월세,,,,,
광천중해마루힐주상복합,29140-412,2022,26.02~28.02,갱신,10,1,2026,"29,790",84.9727,10,417-22,0,"29,089",,내방로 415,0,00415,00000,3160004,0,12240,12240,농성동,,서구,12240,아파트,전월세,202601,아파트 전월세,,,,,
동천센트럴파크,29140-301,2007,26.02~28.02,신규,10,1,2026,"6,500",75.99,5,506,54,,,동천로 11,0,00011,00000,3160070,1,12240,12240,동천동,,서구,12240,아파트,전월세,202601,아파트 전월세,,,,,
동천마을1단지,29140-282,2005,26.02~28.01,신규,20,1,2026,"2,417",46.76,12,502,15,,,동천로 25,0,00025,00000,3160070,1,12240,12240,동천동,,서구,12240,아파트,전월세,202601,아파트 전월세,,,,,
광천중해마루힐주상복합,29140-412,2022,26.02~28.02,갱신,10,1,2026,"29,790",84.9727,24,417-22,0,"29,089",,내방로 415,0,00415,00000,3160004,0,12240,12240,농성동,,서구,12240,아파트,전월세,202601,아파트 전월세,,,,,
동부센트레빌,29140-123,2003,26.04~29.04,신규,28,1,2026,"25,500",84.601,14,664-6,0,,,풍암신흥로 40,0,00040,00000,3160052,1,12240,12240,풍암동,,서구,12240,아파트,전월세,202601,아파트 전월세,,,,,
금호4,29140-26,1998,26.08~28.08,신규,22,1,2026,"23,000",84.985,10,1161-5,0,,,상무공원로 61,0,00061,00000,3160015,1,12240,12240,치평동,,서구,12240,아파트,전월세,202601,아파트 전월세,,,,,
동천마을1단지,29140-282,2005,26.02~28.01,신규,20,1,2026,"2,417",46.76,12,502,15,,,동천로 25,0,00025,00000,3160070,1,12240,12240,동천동,,서구,12240,아파트,전월세,202601,아파트 전월세,,,,,
광천프라임아너팰리스,29140-387,2019,26.04~27.04,갱신,26,1,2026,"19,100",59.8246,15,417-9,0,"18,800",,내방로 423,0,00423,00000,3160004,0,12240,12240,농성동,,서구,12240,아파트,전월세,202601,아파트 전월세,,,,,
광천프라임아너팰리스,29140-387,2019,26.04~27.04,갱신,26,1,2026,"19,100",59.8246,15,417-9,0,"18,800",,내방로 423,0,00423,00000,3160004,0,12240,12240,농성동,,서구,12240,아파트,전월세,202601,아파트 전월세,,,,,
상무에스케이뷰,29140-374,2016,26.02~28.02,신규,18,1,2026,"38,000",84.9758,13,1331,0,,,마륵복개로 140,0,00140,00000,3160006,0,12240,12240,치평동,,서구,12240,아파트,전월세,202601,아파트 전월세,,,,,
동천마을1단지,29140-282,2005,26.02~28.01,신규,20,1,2026,"2,417",46.76,6,502,14,,,동천로 25,0,00025,00000,3160070,1,12240,12240,동천동,,서구,12240,아파트,전월세,202601,아파트 전월세,,,,,
상무지구영무예다음주상복합,29140-405,2020,26.02~28.02,신규,8,1,2026,"26,000",69.8688,11,1220-3,0,,,시청로 64,0,00064,00000,3160029,1,12240,12240,치평동,,서구,12240,아파트,전월세,202601,아파트 전월세,,,,,
광천프라임아너팰리스,29140-387,2019,26.04~27.04,갱신,26,1,2026,"19,100",59.8246,11,417-9,0,"18,800",,내방로 423,0,00423,00000,3160004,0,12240,12240,농성동,,서구,12240,아파트,전월세,202601,아파트 전월세,,,,,
주은모아,29140-130,2000,26.05~28.05,신규,27,1,2026,"2,000",59.7,1,1127,60,,,풍암2로 36,0,00036,00000,3160048,1,12240,12240,풍암동,,서구,12240,아파트,전월세,202601,아파트 전월세,,,,,
광천프라임아너팰리스,29140-387,2019,26.03~27.03,갱신,26,1,2026,"18,550",59.8246,25,417-9,0,"18,300",,내방로 423,0,00423,00000,3160004,0,12240,12240,농성동,,서구,12240,아파트,전월세,202601,아파트 전월세,,,,,
광천프라임아너팰리스,29140-387,2019,26.03~27.03,갱신,26,1,2026,"18,550",59.8246,25,417-9,0,"18,300",,내방로 423,0,00423,00000,3160004,0,12240,12240,농성동,,서구,12240,아파트,전월세,202601,아파트 전월세,,,,,
갤러리303,29140-318,2010,26.04~28.04,신규,26,1,2026,"58,000",174.31,3,1330,0,,,상무누리로 33,0,00033,00000,3160016,1,12240,12240,치평동,,서구,12240,아파트,전월세,202601,아파트 전월세,,,,,
광천중해마루힐주상복합,29140-412,2022,26.02~28.02,갱신,8,1,2026,"29,790",84.9727,20,417-22,0,"29,089",,내방로 415,0,00415,00000,3160004,0,12240,12240,농성동,,서구,12240,아파트,전월세,202601,아파트 전월세,,,,,
광천중해마루힐주상복합,29140-412,2022,26.02~28.02,갱신,9,1,2026,"29,790",84.9727,24,417-22,0,"29,089",,내방로 415,0,00415,00000,3160004,0,12240,12240,농성동,,서구,12240,아파트,전월세,202601,아파트 전월세,,,,,
광천중해마루힐주상복합,29140-412,2022,26.02~28.02,갱신,10,1,2026,"29,790",84.9727,24,417-22,0,"29,089",,내방로 415,0,00415,00000,3160004,0,12240,12240,농성동,,서구,12240,아파트,전월세,202601,아파트 전월세,,,,,
상무엘리체,29140-386,2018,26.02~28.02,신규,6,1,2026,"33,000",84.9888,16,1380,0,,,월드컵4강로197번길 12,0,00012,00000,4280335,1,12240,12240,쌍촌동,,서구,12240,아파트,전월세,202601,아파트 전월세,,,,,
동천마을1단지,29140-282,2005,26.02~28.01,신규,20,1,2026,"2,417",46.76,6,502,14,,,동천로 25,0,00025,00000,3160070,1,12240,12240,동천동,,서구,12240,아파트,전월세,202601,아파트 전월세,,,,,
광천중해마루힐주상복합,29140-412,2022,26.02~28.02,갱신,9,1,2026,"29,790",84.9727,8,417-22,0,"29,089",,내방로 415,0,00415,00000,3160004,0,12240,12240,농성동,,서구,12240,아파트,전월세,202601,아파트 전월세,,,,,
상무에스케이뷰,29140-374,2016,26.02~28.02,신규,18,1,2026,"38,000",84.9758,13,1331,0,,,마륵복개로 140,0,00140,00000,3160006,0,12240,12240,치평동,,서구,12240,아파트,전월세,202601,아파트 전월세,,,,,
동천마을1단지,29140-282,2005,26.02~28.01,신규,20,1,2026,"2,717",46.76,3,502,12,,,동천로 25,0,00025,00000,3160070,1,12240,12240,동천동,,서구,12240,아파트,전월세,202601,아파트 전월세,,,,,
동천마을1단지,29140-282,2005,26.02~28.01,신규,20,1,2026,"2,717",46.76,3,502,12,,,동천로 25,0,00025,00000,3160070,1,12240,12240,동천동,,서구,12240,아파트,전월세,202601,아파트 전월세,,,,,
광천중해마루힐주상복합,29140-412,2022,26.02~28.02,갱신,10,1,2026,"29,160",84.7802,7,417-22,0,"28,468",,내방로 415,0,00415,00000,3160004,0,12240,12240,농성동,,서구,12240,아파트,전월세,202601,아파트 전월세,,,,,
현대(859-1),29140-94,1987,26.01~28.01,신규,14,1,2026,"2,000",60,5,859-1,45,,,월드컵4강로 22,0,00022,00000,3160036,2,12240,12240,화정동,,서구,12240,아파트,전월세,202601,아파트 전월세,,,,,
현대(859-1),29140-94,1987,26.01~28.01,신규,14,1,2026,"2,000",60,5,859-1,45,,,월드컵4강로 22,0,00022,00000,3160036,2,12240,12240,화정동,,서구,12240,아파트,전월세,202601,아파트 전월세,,,,,
현대(859-1),29140-94,1987,26.01~28.01,신규,14,1,2026,"2,000",60,5,859-1,45,,,월드컵4강로 22,0,00022,00000,3160036,2,12240,12240,화정동,,서구,12240,아파트,전월세,202601,아파트 전월세,,,,,
광천중해마루힐주상복합,29140-412,2022,26.02~28.02,갱신,9,1,2026,"29,790",84.7802,21,417-22,0,"29,089",,내방로 415,0,00415,00000,3160004,0,12240,12240,농성동,,서구,12240,아파트,전월세,202601,아파트 전월세,,,,,
광천중해마루힐주상복합,29140-412,2022,26.02~28.02,갱신,10,1,2026,"29,160",84.7802,7,417-22,0,"28,468",,내방로 415,0,00415,00000,3160004,0,12240,12240,농성동,,서구,12240,아파트,전월세,202601,아파트 전월세,,,,,
광천중해마루힐주상복합,29140-412,2022,26.02~28.02,갱신,10,1,2026,"29,790",84.9727,26,417-22,0,"29,089",,내방로 415,0,00415,00000,3160004,0,12240,12240,농성동,,서구,12240,아파트,전월세,202601,아파트 전월세,,,,,
광천중해마루힐주상복합,29140-412,2022,26.02~28.02,갱신,10,1,2026,"29,790",84.9727,26,417-22,0,"29,089",,내방로 415,0,00415,00000,3160004,0,12240,12240,농성동,,서구,12240,아파트,전월세,202601,아파트 전월세,,,,,
광천중해마루힐주상복합,29140-412,2022,26.02~28.02,갱신,10,1,2026,"29,790",84.9727,14,417-22,0,"29,089",,내방로 415,0,00415,00000,3160004,0,12240,12240,농성동,,서구,12240,아파트,전월세,202601,아파트 전월세,,,,,
광천중해마루힐주상복합,29140-412,2022,26.02~28.02,갱신,11,1,2026,"29,790",84.7802,14,417-22,0,"29,089",,내방로 415,0,00415,00000,3160004,0,12240,12240,농성동,,서구,12240,아파트,전월세,202601,아파트 전월세,,,,,
광천중해마루힐주상복합,29140-412,2022,26.02~28.02,갱신,10,1,2026,"29,160",84.9727,7,417-22,0,"28,468",,내방로 415,0,00415,00000,3160004,0,12240,12240,농성동,,서구,12240,아파트,전월세,202601,아파트 전월세,,,,,
중흥(1168-9),29140-126,1997,26.02~28.02,신규,2,1,2026,"46,500",135.42,8,1168-9,0,,,상무자유로 105,0,00105,00000,3160022,1,12240,12240,치평동,,서구,12240,아파트,전월세,202601,아파트 전월세,,,,,
광천중해마루힐주상복합,29140-412,2022,26.02~28.02,갱신,10,1,2026,"29,790",84.9727,17,417-22,0,"29,089",,내방로 415,0,00415,00000,3160004,0,12240,12240,농성동,,서구,12240,아파트,전월세,202601,아파트 전월세,,,,,
광천중해마루힐주상복합,29140-412,2022,26.02~28.02,갱신,9,1,2026,"29,790",84.7802,15,417-22,0,"29,089",,내방로 415,0,00415,00000,3160004,0,12240,12240,농성동,,서구,12240,아파트,전월세,202601,아파트 전월세,,,,,
광천중해마루힐주상복합,29140-412,2022,26.02~28.02,갱신,9,1,2026,"29,790",84.9727,22,417-22,0,"29,089",,내방로 415,0,00415,00000,3160004,0,12240,12240,농성동,,서구,12240,아파트,전월세,202601,아파트 전월세,,,,,
광천중해마루힐주상복합,29140-412,2022,26.02~28.02,갱신,9,1,2026,"29,790",84.9727,15,417-22,0,"29,089",,내방로 415,0,00415,00000,3160004,0,12240,12240,농성동,,서구,12240,아파트,전월세,202601,아파트 전월세,,,,,
현대,29140-121,2000,26.02~28.02,신규,11,1,2026,"1,000",59.95,7,1057,60,,,풍암순환로 70,0,00070,00000,3160050,1,12240,12240,풍암동,,서구,12240,아파트,전월세,202601,아파트 전월세,,,,,
광천중해마루힐주상복합,29140-412,2022,26.02~28.02,갱신,10,1,2026,"29,790",84.7802,17,417-22,0,"29,089",,내방로 415,0,00415,00000,3160004,0,12240,12240,농성동,,서구,12240,아파트,전월세,202601,아파트 전월세,,,,,
광천중해마루힐주상복합,29140-412,2022,26.02~28.02,갱신,10,1,2026,"29,160",84.9727,7,417-22,0,"28,468",,내방로 415,0,00415,00000,3160004,0,12240,12240,농성동,,서구,12240,아파트,전월세,202601,아파트 전월세,,,,,
광천중해마루힐주상복합,29140-412,2022,26.02~28.02,갱신,9,1,2026,"29,790",84.9727,12,417-22,0,"29,089",,내방로 415,0,00415,00000,3160004,0,12240,12240,농성동,,서구,12240,아파트,전월세,202601,아파트 전월세,,,,,
광천중해마루힐주상복합,29140-412,2022,26.02~28.02,갱신,9,1,2026,"29,790",84.7802,15,417-22,0,"29,089",,내방로 415,0,00415,00000,3160004,0,12240,12240,농성동,,서구,12240,아파트,전월세,202601,아파트 전월세,,,,,
광천중해마루힐주상복합,29140-412,2022,26.02~28.02,갱신,11,1,2026,"29,790",84.7802,14,417-22,0,"29,089",,내방로 415,0,00415,00000,3160004,0,12240,12240,농성동,,서구,12240,아파트,전월세,202601,아파트 전월세,,,,,
광천중해마루힐주상복합,29140-412,2022,26.02~28.02,갱신,10,1,2026,"29,790",84.7802,17,417-22,0,"29,089",,내방로 415,0,00415,00000,3160004,0,12240,12240,농성동,,서구,12240,아파트,전월세,202601,아파트 전월세,,,,,
광천중해마루힐주상복합,29140-412,2022,26.02~28.02,갱신,9,1,2026,"29,790",84.7802,10,417-22,0,"29,089",,내방로 415,0,00415,00000,3160004,0,12240,12240,농성동,,서구,12240,아파트,전월세,202601,아파트 전월세,,,,,
광천중해마루힐주상복합,29140-412,2022,26.02~28.02,갱신,9,1,2026,"29,790",84.7802,10,417-22,0,"29,089",,내방로 415,0,00415,00000,3160004,0,12240,12240,농성동,,서구,12240,아파트,전월세,202601,아파트 전월세,,,,,
광천중해마루힐주상복합,29140-412,2022,26.02~28.02,갱신,9,1,2026,"29,790",84.9727,8,417-22,0,"29,089",,내방로 415,0,00415,00000,3160004,0,12240,12240,농성동,,서구,12240,아파트,전월세,202601,아파트 전월세,,,,,
광천중해마루힐주상복합,29140-412,2022,26.02~28.02,갱신,9,1,2026,"29,790",84.7802,21,417-22,0,"29,089",,내방로 415,0,00415,00000,3160004,0,12240,12240,농성동,,서구,12240,아파트,전월세,202601,아파트 전월세,,,,,
광천중해마루힐주상복합,29140-412,2022,26.02~28.02,갱신,9,1,2026,"29,790",84.9727,8,417-22,0,"29,089",,내방로 415,0,00415,00000,3160004,0,12240,12240,농성동,,서구,12240,아파트,전월세,202601,아파트 전월세,,,,,
광천중해마루힐주상복합,29140-412,2022,26.02~28.02,갱신,9,1,2026,"29,790",84.9727,22,417-22,0,"29,089",,내방로 415,0,00415,00000,3160004,0,12240,12240,농성동,,서구,12240,아파트,전월세,202601,아파트 전월세,,,,,
광천중해마루힐주상복합,29140-412,2022,26.02~28.02,갱신,9,1,2026,"29,790",84.9727,15,417-22,0,"29,089",,내방로 415,0,00415,00000,3160004,0,12240,12240,농성동,,서구,12240,아파트,전월세,202601,아파트 전월세,,,,,
광천중해마루힐주상복합,29140-412,2022,26.02~28.02,갱신,9,1,2026,"29,790",84.9727,19,417-22,0,"29,089",,내방로 415,0,00415,00000,3160004,0,12240,12240,농성동,,서구,12240,아파트,전월세,202601,아파트 전월세,,,,,
광천중해마루힐주상복합,29140-412,2022,26.02~28.02,갱신,8,1,2026,"29,790",84.9727,11,417-22,0,"29,089",,내방로 415,0,00415,00000,3160004,0,12240,12240,농성동,,서구,12240,아파트,전월세,202601,아파트 전월세,,,,,
광천중해마루힐주상복합,29140-412,2022,26.02~28.02,갱신,9,1,2026,"29,790",84.9727,24,417-22,0,"29,089",,내방로 415,0,00415,00000,3160004,0,12240,12240,농성동,,서구,12240,아파트,전월세,202601,아파트 전월세,,,,,
광천중해마루힐주상복합,29140-412,2022,26.02~28.02,갱신,9,1,2026,"29,790",84.9727,12,417-22,0,"29,089",,내방로 415,0,00415,00000,3160004,0,12240,12240,농성동,,서구,12240,아파트,전월세,202601,아파트 전월세,,,,,
광천중해마루힐주상복합,29140-412,2022,26.02~28.02,갱신,8,1,2026,"29,790",84.9727,11,417-22,0,"29,089",,내방로 415,0,00415,00000,3160004,0,12240,12240,농성동,,서구,12240,아파트,전월세,202601,아파트 전월세,,,,,
광천중해마루힐주상복합,29140-412,2022,26.02~28.02,갱신,8,1,2026,"29,790",84.9727,13,417-22,0,"29,089",,내방로 415,0,00415,00000,3160004,0,12240,12240,농성동,,서구,12240,아파트,전월세,202601,아파트 전월세,,,,,
광천중해마루힐주상복합,29140-412,2022,26.02~28.02,갱신,8,1,2026,"29,790",84.9727,27,417-22,0,"29,089",,내방로 415,0,00415,00000,3160004,0,12240,12240,농성동,,서구,12240,아파트,전월세,202601,아파트 전월세,,,,,
광천중해마루힐주상복합,29140-412,2022,26.02~28.02,갱신,8,1,2026,"29,790",84.9727,18,417-22,0,"29,089",,내방로 415,0,00415,00000,3160004,0,12240,12240,농성동,,서구,12240,아파트,전월세,202601,아파트 전월세,,,,,
광천중해마루힐주상복합,29140-412,2022,26.02~28.02,갱신,8,1,2026,"29,790",84.9727,13,417-22,0,"29,089",,내방로 415,0,00415,00000,3160004,0,12240,12240,농성동,,서구,12240,아파트,전월세,202601,아파트 전월세,,,,,
금호지구대광로제비앙,29140-413,2022,26.04~28.04,신규,8,1,2026,"33,000",66.2029,15,1112,0,,,금호심곡길 21,0,00021,00000,4280059,0,12240,12240,금호동,,서구,12240,아파트,전월세,202601,아파트 전월세,,,,,
광천중해마루힐주상복합,29140-412,2022,26.02~28.02,갱신,8,1,2026,"29,790",84.9727,18,417-22,0,"29,089",,내방로 415,0,00415,00000,3160004,0,12240,12240,농성동,,서구,12240,아파트,전월세,202601,아파트 전월세,,,,,
광천중해마루힐주상복합,29140-412,2022,26.02~28.02,갱신,8,1,2026,"29,790",84.9727,20,417-22,0,"29,089",,내방로 415,0,00415,00000,3160004,0,12240,12240,농성동,,서구,12240,아파트,전월세,202601,아파트 전월세,,,,,
광천중해마루힐주상복합,29140-412,2022,26.02~28.02,갱신,8,1,2026,"29,790",84.9727,27,417-22,0,"29,089",,내방로 415,0,00415,00000,3160004,0,12240,12240,농성동,,서구,12240,아파트,전월세,202601,아파트 전월세,,,,,
상무엘리체,29140-386,2018,26.02~28.02,신규,6,1,2026,"33,000",84.9888,16,1380,0,,,월드컵4강로197번길 12,0,00012,00000,4280335,1,12240,12240,쌍촌동,,서구,12240,아파트,전월세,202601,아파트 전월세,,,,,
힐스테이트광천,29140-472,2023,26.03~28.03,신규,5,1,2026,"37,000",84.9041,29,899,0,,,천변좌로 56,0,00056,00000,3009007,0,12240,12240,광천동,,서구,12240,아파트,전월세,202601,아파트 전월세,,,,,
중흥(1168-9),29140-126,1997,26.02~28.02,신규,2,1,2026,"46,500",135.42,8,1168-9,0,,,상무자유로 105,0,00105,00000,3160022,1,12240,12240,치평동,,서구,12240,아파트,전월세,202601,아파트 전월세,,,,,
루엔시티,29155-334,2011,26.04~28.04,신규,28,1,2026,"31,000",115.75,11,691,0,,,독립로80번길 7,0,00007,00000,4283242,0,12270,12270,백운동,,남구,12270,아파트,전월세,202601,아파트 전월세,,,,,
포스코더샵,29155-131,2004,26.02~28.02,신규,21,1,2026,"31,000",84.32,16,1076,90,,,효사랑길 14,0,00014,00000,4283737,1,12270,12270,봉선동,,남구,12270,아파트,전월세,202601,아파트 전월세,,,,,
서동영무예다음,29155-386,2017,26.03~28.03,신규,14,1,2026,"20,000",84.9771,11,291,20,,,제중로 111,0,00111,00000,3161016,0,12270,12270,서동,,남구,12270,아파트,전월세,202601,아파트 전월세,,,,,
일진스위트포레,29155-409,2020,26.03~28.03,신규,27,1,2026,"5,000",84.8792,12,444,50,,,고싸움로164번길 22,0,00022,00000,4283018,0,12270,12270,지석동,,남구,12270,아파트,전월세,202601,아파트 전월세,,,,,
포스코더샵,29155-131,2004,26.02~28.02,신규,31,1,2026,"44,000",84.32,14,1076,0,,,효사랑길 14,0,00014,00000,4283737,1,12270,12270,봉선동,,남구,12270,아파트,전월세,202601,아파트 전월세,,,,,
포스코더샵,29155-131,2004,26.02~28.02,신규,31,1,2026,"44,000",84.32,14,1076,0,,,효사랑길 14,0,00014,00000,4283737,1,12270,12270,봉선동,,남구,12270,아파트,전월세,202601,아파트 전월세,,,,,
금호2,29155-27,1995,26.02~28.02,갱신,31,1,2026,"1,500",84.83,12,490-1,69,"1,500",66,봉선로 134,0,00134,00000,3161009,2,12270,12270,봉선동,,남구,12270,아파트,전월세,202601,아파트 전월세,,,,,
일진스위트포레,29155-409,2020,26.03~28.03,신규,27,1,2026,"5,000",84.8792,12,444,50,,,고싸움로164번길 22,0,00022,00000,4283018,0,12270,12270,지석동,,남구,12270,아파트,전월세,202601,아파트 전월세,,,,,
봉선동제일풍경채엘리트파크,29155-384,2016,26.02~28.02,신규,10,1,2026,"53,000",84.968,4,1092,0,,,제석로80번길 5,0,00005,00000,4283570,0,12270,12270,봉선동,,남구,12270,아파트,전월세,202601,아파트 전월세,,,,,
서동영무예다음,29155-386,2017,26.03~28.03,신규,14,1,2026,"20,000",84.9771,11,291,20,,,제중로 111,0,00111,00000,3161016,0,12270,12270,서동,,남구,12270,아파트,전월세,202601,아파트 전월세,,,,,
루엔시티,29155-334,2011,26.04~28.04,신규,28,1,2026,"31,000",115.75,11,691,0,,,독립로80번길 7,0,00007,00000,4283242,0,12270,12270,백운동,,남구,12270,아파트,전월세,202601,아파트 전월세,,,,,
효천코오롱하늘채,29155-411,2020,26.02~28.02,갱신,17,1,2026,"24,000",84.7954,3,594,0,"24,000",,원효천2길 13,0,00013,00000,4283513,0,12270,12270,송하동,사용,남구,12270,아파트,전월세,202601,아파트 전월세,,,,,
주월동마이다스빌101동,29155-120,1999,26.02~28.02,신규,6,1,2026,"1,000",44.9764,12,543-9,48,,,회재로1156번길 13,0,00013,00000,4283716,1,12270,12270,주월동,,남구,12270,아파트,전월세,202601,아파트 전월세,,,,,
제일풍경채에듀파크2단지,29155-370,2015,26.02~28.02,신규,31,1,2026,"29,000",84.9184,1,562,0,,,효우2로 46,0,00046,00000,3162075,0,12270,12270,행암동,,남구,12270,아파트,전월세,202601,아파트 전월세,,,,,
금호2,29155-27,1995,26.02~28.02,갱신,31,1,2026,"1,500",84.83,12,490-1,69,"1,500",66,봉선로 134,0,00134,00000,3161009,2,12270,12270,봉선동,,남구,12270,아파트,전월세,202601,아파트 전월세,,,,,
라인하이츠,29155-35,1987,26.02~28.02,신규,14,1,2026,500,49.41,8,983,38,,,대남대로159번길 31,0,00031,00000,4283154,2,12270,12270,봉선동,,남구,12270,아파트,전월세,202601,아파트 전월세,,,,,
삼익1,29155-42,1990,26.02~28.02,신규,24,1,2026,"18,500",84.96,6,470,0,,,봉선중앙로 46,0,00046,00000,3161010,2,12270,12270,봉선동,,남구,12270,아파트,전월세,202601,아파트 전월세,,,,,
제일풍경채에듀파크2단지,29155-370,2015,26.02~28.02,신규,31,1,2026,"29,000",84.9184,1,562,0,,,효우2로 46,0,00046,00000,3162075,0,12270,12270,행암동,,남구,12270,아파트,전월세,202601,아파트 전월세,,,,,
효천코오롱하늘채,29155-411,2020,26.02~28.02,갱신,17,1,2026,"24,000",84.7954,3,594,0,"24,000",,원효천2길 13,0,00013,00000,4283513,0,12270,12270,송하동,사용,남구,12270,아파트,전월세,202601,아파트 전월세,,,,,
라인광장1,29155-34,1987,26.02~28.02,신규,20,1,2026,"10,000",59.98,9,985,0,,,봉선중앙로 103,0,00103,00000,3161010,2,12270,12270,봉선동,,남구,12270,아파트,전월세,202601,아파트 전월세,,,,,
주월동마이다스빌101동,29155-120,1999,26.02~28.02,신규,6,1,2026,"1,000",44.9764,12,543-9,48,,,회재로1156번길 13,0,00013,00000,4283716,1,12270,12270,주월동,,남구,12270,아파트,전월세,202601,아파트 전월세,,,,,
삼익1,29155-42,1990,26.02~28.02,신규,24,1,2026,"18,500",84.96,6,470,0,,,봉선중앙로 46,0,00046,00000,3161010,2,12270,12270,봉선동,,남구,12270,아파트,전월세,202601,아파트 전월세,,,,,
주월동마이다스빌101동,29155-120,1999,26.02~28.02,신규,6,1,2026,"1,000",44.9764,12,543-9,48,,,회재로1156번길 13,0,00013,00000,4283716,1,12270,12270,주월동,,남구,12270,아파트,전월세,202601,아파트 전월세,,,,,
라인광장1,29155-34,1987,26.02~28.02,신규,20,1,2026,"10,000",59.98,9,985,0,,,봉선중앙로 103,0,00103,00000,3161010,2,12270,12270,봉선동,,남구,12270,아파트,전월세,202601,아파트 전월세,,,,,
포스코더샵,29155-131,2004,26.02~28.02,신규,21,1,2026,"31,000",84.32,16,1076,90,,,효사랑길 14,0,00014,00000,4283737,1,12270,12270,봉선동,,남구,12270,아파트,전월세,202601,아파트 전월세,,,,,
봉선동제일풍경채엘리트파크,29155-384,2016,26.02~28.02,신규,10,1,2026,"53,000",84.968,4,1092,0,,,제석로80번길 5,0,00005,00000,4283570,0,12270,12270,봉선동,,남구,12270,아파트,전월세,202601,아파트 전월세,,,,,
라인하이츠,29155-35,1987,26.02~28.02,신규,14,1,2026,500,49.41,8,983,38,,,대남대로159번길 31,0,00031,00000,4283154,2,12270,12270,봉선동,,남구,12270,아파트,전월세,202601,아파트 전월세,,,,,
더퍼스트데시앙,29155-855,2025,26.01~28.01,신규,2,1,2026,"32,000",84.9271,2,1078,0,,,덕림중앙3길 8,0,00008,00000,4865160,0,12270,12270,월산동,,남구,12270,아파트,전월세,202601,아파트 전월세,,,,,
더퍼스트데시앙,29155-855,2025,26.01~28.01,신규,2,1,2026,"32,000",84.9271,2,1078,0,,,덕림중앙3길 8,0,00008,00000,4865160,0,12270,12270,월산동,,남구,12270,아파트,전월세,202601,아파트 전월세,,,,,
주공3,29170-105,1994,,,16,1,2026,"5,600",41.85,6,969-1,0,,,삼정로 50,0,00050,00000,3162025,1,12300,12300,두암동,,북구,12300,아파트,전월세,202601,아파트 전월세,,,,,
주공3,29170-105,1994,,,16,1,2026,"5,600",41.85,6,969-1,0,,,삼정로 50,0,00050,00000,3162025,1,12300,12300,두암동,,북구,12300,아파트,전월세,202601,아파트 전월세,,,,,
더샵광주포레스트,29170-881,2023,26.01~28.01,갱신,15,1,2026,"40,000",101.9824,31,724,0,"40,000",,동문대로249번길 12,0,00012,00000,4286159,0,12300,12300,각화동,,북구,12300,아파트,전월세,202601,아파트 전월세,,,,,
공간,29170-117,1994,26.01~28.01,갱신,12,1,2026,"12,500",59.97,6,996-2,0,"12,500",,문산로 65,0,00065,00000,3162017,1,12300,12300,문흥동,사용,북구,12300,아파트,전월세,202601,아파트 전월세,,,,,
더샵광주포레스트,29170-881,2023,26.01~28.01,갱신,15,1,2026,"40,000",101.9824,31,724,0,"40,000",,동문대로249번길 12,0,00012,00000,4286159,0,12300,12300,각화동,,북구,12300,아파트,전월세,202601,아파트 전월세,,,,,
용두주공2단지,29170-560,2007,26.02~28.01,갱신,30,1,2026,"2,179",46.9,10,1089,12,"2,075",12,하서로483번길 22,0,00022,00000,4286788,1,12300,12300,용두동,,북구,12300,아파트,전월세,202601,아파트 전월세,,,,,
양산지구현진에버빌,29170-538,2006,26.04~28.04,신규,24,1,2026,"29,000",84.98,4,3078,0,,,양산택지소로 20,0,00020,00000,3162046,1,12300,12300,본촌동,,북구,12300,아파트,전월세,202601,아파트 전월세,,,,,
부영사랑으로,29170-546,2007,26.04~28.04,신규,24,1,2026,"3,000",84.9931,18,3077,80,,,양산택지소로 30,0,00030,00000,3162046,1,12300,12300,본촌동,,북구,12300,아파트,전월세,202601,아파트 전월세,,,,,
광신프로그레스,29170-747,2017,26.03~28.03,신규,28,1,2026,"23,500",76.4501,12,1326,0,,,동운로 130,0,00130,00000,3162012,0,12300,12300,동림동,,북구,12300,아파트,전월세,202601,아파트 전월세,,,,,
S-클래스더제니스,29170-887,2024,26.04~28.04,신규,2,1,2026,"35,000",76.8906,33,887,0,,,천변우로 227,,00227,00000,3009025,0,12300,12300,임동,,북구,12300,아파트,전월세,202601,아파트 전월세,,,,,
우미,29170-131,1994,26.03~28.03,신규,14,1,2026,"8,500",49.96,5,996-1,0,,,대천로 160,0,00160,00000,3162009,1,12300,12300,문흥동,,북구,12300,아파트,전월세,202601,아파트 전월세,,,,,
국제미소래,29170-692,2014,26.03~27.03,갱신,23,1,2026,"8,524",49.3193,2,14-2,0,"8,524",,중가로3번길 25,0,00025,00000,4286669,1,12300,12300,임동,,북구,12300,아파트,전월세,202601,아파트 전월세,,,,,
용봉엘리체,29170-671,2013,26.03~28.03,신규,27,1,2026,"2,000",59.857,17,1474,85,,,서하로94번길 60,0,00060,00000,4286415,1,12300,12300,용봉동,,북구,12300,아파트,전월세,202601,아파트 전월세,,,,,
S-클래스더제니스,29170-887,2024,26.05~28.05,신규,18,1,2026,"30,000",63.9938,20,887,0,,,천변우로 227,,00227,00000,3009025,0,12300,12300,임동,,북구,12300,아파트,전월세,202601,아파트 전월세,,,,,
오치동광신프로그레스,29170-877,2023,26.05~28.05,신규,16,1,2026,"5,000",57.0107,4,979,50,,,대천로21번길 5,,00005,00000,4286119,0,12300,12300,오치동,,북구,12300,아파트,전월세,202601,아파트 전월세,,,,,
양산지구현진에버빌,29170-538,2006,26.04~28.04,신규,24,1,2026,"29,000",84.98,4,3078,0,,,양산택지소로 20,0,00020,00000,3162046,1,12300,12300,본촌동,,북구,12300,아파트,전월세,202601,아파트 전월세,,,,,
무등파크2,29170-89,1994,26.02~28.02,신규,29,1,2026,500,59.97,8,54,50,,,월동로 50,0,00050,00000,3162059,2,12300,12300,두암동,,북구,12300,아파트,전월세,202601,아파트 전월세,,,,,
신안다이아빌,29170-285,2004,26.02~28.02,신규,5,1,2026,"6,000",59.525,14,491-1,40,,,무등로111번길 30,0,00030,00000,4286221,1,12300,12300,신안동,,북구,12300,아파트,전월세,202601,아파트 전월세,,,,,
국제미소래,29170-692,2014,26.03~27.03,갱신,21,1,2026,"8,730",49.3193,5,14-2,0,"8,730",,중가로3번길 25,0,00025,00000,4286669,1,12300,12300,임동,,북구,12300,아파트,전월세,202601,아파트 전월세,,,,,
국제미소래,29170-692,2014,26.03~27.03,갱신,21,1,2026,"8,730",49.3193,6,14-2,0,"8,730",,중가로3번길 25,0,00025,00000,4286669,1,12300,12300,임동,,북구,12300,아파트,전월세,202601,아파트 전월세,,,,,
신안다이아빌,29170-285,2004,26.02~28.02,신규,5,1,2026,"6,000",59.525,14,491-1,40,,,무등로111번길 30,0,00030,00000,4286221,1,12300,12300,신안동,,북구,12300,아파트,전월세,202601,아파트 전월세,,,,,
제일풍경채센트럴파크2단지,29170-842,2022,26.02~28.02,갱신,13,1,2026,"5,500",59.98,20,847,80,"5,000",80,서양로 125,,00125,00000,3162030,1,12300,12300,중흥동,,북구,12300,아파트,전월세,202601,아파트 전월세,,,,,
일신2차,29170-257,1997,26.01~27.01,신규,12,1,2026,"1,500",59.985,8,205-6,60,,,상촌로43번길 30,0,00030,00000,4286336,2,12300,12300,양산동,,북구,12300,아파트,전월세,202601,아파트 전월세,,,,,
광주첨단2지구사랑으로부영,29170-646,2013,26.02~28.02,신규,24,1,2026,"21,500",60.4624,10,737,0,,,첨단연신로 166,0,00166,00000,3162094,2,12300,12300,신용동,,북구,12300,아파트,전월세,202601,아파트 전월세,,,,,
용봉엘리체,29170-671,2013,26.03~28.03,신규,27,1,2026,"2,000",59.857,17,1474,85,,,서하로94번길 60,0,00060,00000,4286415,1,12300,12300,용봉동,,북구,12300,아파트,전월세,202601,아파트 전월세,,,,,
무등파크2,29170-89,1994,26.02~28.02,신규,29,1,2026,500,59.97,8,54,50,,,월동로 50,0,00050,00000,3162059,2,12300,12300,두암동,,북구,12300,아파트,전월세,202601,아파트 전월세,,,,,
지에스그린자이2차,29170-533,2006,26.02~28.02,신규,27,1,2026,"11,900",84.9662,8,930,30,,,양산택지로34번길 22,0,00022,00000,4286481,1,12300,12300,양산동,,북구,12300,아파트,전월세,202601,아파트 전월세,,,,,
정한파인시티,29170-733,2017,26.02~28.02,신규,30,1,2026,"14,000",47.3,12,59,0,,,금재로36번길 41,0,00041,00000,4286086,0,12300,12300,북동,,북구,12300,아파트,전월세,202601,아파트 전월세,,,,,
부림2,29170-175,1997,26.01~28.01,신규,2,1,2026,"1,000",59.79,2,57,50,,,매곡로69번길 22,0,00022,00000,4286198,1,12300,12300,매곡동,,북구,12300,아파트,전월세,202601,아파트 전월세,,,,,
우미,29170-131,1994,26.02~28.02,신규,17,1,2026,"10,000",49.96,14,996-1,0,,,대천로 160,0,00160,00000,3162009,1,12300,12300,문흥동,,북구,12300,아파트,전월세,202601,아파트 전월세,,,,,
국제미소래,29170-692,2014,26.03~27.03,갱신,23,1,2026,"8,524",49.3193,2,14-2,0,"8,524",,중가로3번길 25,0,00025,00000,4286669,1,12300,12300,임동,,북구,12300,아파트,전월세,202601,아파트 전월세,,,,,
금남로대광로제비앙,29170-835,2022,26.02~28.02,신규,24,1,2026,"2,500",84.7468,14,141,130,,,서림로 153,0,00153,00000,3162028,0,12300,12300,유동,,북구,12300,아파트,전월세,202601,아파트 전월세,,,,,
광신프로그레스,29170-747,2017,26.03~28.03,신규,28,1,2026,"23,500",76.4501,12,1326,0,,,동운로 130,0,00130,00000,3162012,0,12300,12300,동림동,,북구,12300,아파트,전월세,202601,아파트 전월세,,,,,
중흥파크맨션3,29170-139,1994,26.02~28.02,신규,9,1,2026,"11,000",59.97,15,1010-8,20,,,천지인로173번길 10,0,00010,00000,4286719,1,12300,12300,문흥동,,북구,12300,아파트,전월세,202601,아파트 전월세,,,,,
정한파인시티,29170-733,2017,26.02~28.02,신규,30,1,2026,"14,000",47.3,12,59,0,,,금재로36번길 41,0,00041,00000,4286086,0,12300,12300,북동,,북구,12300,아파트,전월세,202601,아파트 전월세,,,,,
국제미소래,29170-692,2014,26.03~27.03,갱신,21,1,2026,"8,730",49.3193,9,14-2,0,"8,730",,중가로3번길 25,0,00025,00000,4286669,1,12300,12300,임동,,북구,12300,아파트,전월세,202601,아파트 전월세,,,,,
용두주공2단지,29170-560,2007,26.02~28.01,갱신,30,1,2026,"2,179",46.9,10,1089,12,"2,075",12,하서로483번길 22,0,00022,00000,4286788,1,12300,12300,용두동,,북구,12300,아파트,전월세,202601,아파트 전월세,,,,,
제일풍경채센트럴파크2단지,29170-842,2022,26.02~28.02,갱신,13,1,2026,"5,500",59.98,20,847,80,"5,000",80,서양로 125,,00125,00000,3162030,1,12300,12300,중흥동,,북구,12300,아파트,전월세,202601,아파트 전월세,,,,,
국제미소래,29170-692,2014,26.03~27.03,갱신,21,1,2026,"8,730",49.3193,13,14-2,0,"8,730",,중가로3번길 25,0,00025,00000,4286669,1,12300,12300,임동,,북구,12300,아파트,전월세,202601,아파트 전월세,,,,,
국제미소래,29170-692,2014,26.03~27.03,갱신,23,1,2026,"8,524",49.3193,3,14-2,0,"8,524",,중가로3번길 25,0,00025,00000,4286669,1,12300,12300,임동,,북구,12300,아파트,전월세,202601,아파트 전월세,,,,,
청솔2차,29170-255,2000,26.03~28.03,신규,22,1,2026,"8,865",48.45,12,850-4,0,,,설죽로 555,0,00555,00000,3162033,6,12300,12300,일곡동,,북구,12300,아파트,전월세,202601,아파트 전월세,,,,,
지에스그린자이2차,29170-533,2006,26.02~28.02,신규,27,1,2026,"11,900",84.9662,8,930,30,,,양산택지로34번길 22,0,00022,00000,4286481,1,12300,12300,양산동,,북구,12300,아파트,전월세,202601,아파트 전월세,,,,,
우미,29170-131,1994,26.03~28.03,신규,14,1,2026,"8,500",49.96,5,996-1,0,,,대천로 160,0,00160,00000,3162009,1,12300,12300,문흥동,,북구,12300,아파트,전월세,202601,아파트 전월세,,,,,
부영사랑으로,29170-546,2007,26.04~28.04,신규,24,1,2026,"3,000",84.9931,18,3077,80,,,양산택지소로 30,0,00030,00000,3162046,1,12300,12300,본촌동,,북구,12300,아파트,전월세,202601,아파트 전월세,,,,,
국제미소래,29170-692,2014,26.03~27.03,갱신,21,1,2026,"8,730",49.3193,13,14-2,0,"8,730",,중가로3번길 25,0,00025,00000,4286669,1,12300,12300,임동,,북구,12300,아파트,전월세,202601,아파트 전월세,,,,,
청솔2차,29170-255,2000,26.03~28.03,신규,22,1,2026,"8,865",48.45,12,850-4,0,,,설죽로 555,0,00555,00000,3162033,6,12300,12300,일곡동,,북구,12300,아파트,전월세,202601,아파트 전월세,,,,,
광주첨단2지구사랑으로부영,29170-646,2013,26.02~28.02,신규,24,1,2026,"21,500",60.4624,10,737,0,,,첨단연신로 166,0,00166,00000,3162094,2,12300,12300,신용동,,북구,12300,아파트,전월세,202601,아파트 전월세,,,,,
금남로대광로제비앙,29170-835,2022,26.02~28.02,신규,24,1,2026,"2,500",84.7468,14,141,130,,,서림로 153,0,00153,00000,3162028,0,12300,12300,유동,,북구,12300,아파트,전월세,202601,아파트 전월세,,,,,
국제미소래,29170-692,2014,26.03~27.03,갱신,21,1,2026,"8,730",49.3193,15,14-2,0,"8,730",,중가로3번길 25,0,00025,00000,4286669,1,12300,12300,임동,,북구,12300,아파트,전월세,202601,아파트 전월세,,,,,
국제미소래,29170-692,2014,26.03~27.03,갱신,23,1,2026,"8,524",49.3193,2,14-2,0,"8,524",,중가로3번길 25,0,00025,00000,4286669,1,12300,12300,임동,,북구,12300,아파트,전월세,202601,아파트 전월세,,,,,
국제미소래,29170-692,2014,26.03~27.03,갱신,21,1,2026,"8,730",49.3193,6,14-2,0,"8,730",,중가로3번길 25,0,00025,00000,4286669,1,12300,12300,임동,,북구,12300,아파트,전월세,202601,아파트 전월세,,,,,
국제미소래,29170-692,2014,26.03~27.03,갱신,23,1,2026,"8,524",49.3193,3,14-2,0,"8,524",,중가로3번길 25,0,00025,00000,4286669,1,12300,12300,임동,,북구,12300,아파트,전월세,202601,아파트 전월세,,,,,
국제미소래,29170-692,2014,26.03~27.03,갱신,23,1,2026,"8,524",49.3193,3,14-2,0,"8,524",,중가로3번길 25,0,00025,00000,4286669,1,12300,12300,임동,,북구,12300,아파트,전월세,202601,아파트 전월세,,,,,
국제미소래,29170-692,2014,26.03~27.03,갱신,22,1,2026,"8,730",49.3193,13,14-2,0,"8,730",,중가로3번길 25,0,00025,00000,4286669,1,12300,12300,임동,,북구,12300,아파트,전월세,202601,아파트 전월세,,,,,
국제미소래,29170-692,2014,26.03~27.03,갱신,22,1,2026,"8,730",49.3193,13,14-2,0,"8,730",,중가로3번길 25,0,00025,00000,4286669,1,12300,12300,임동,,북구,12300,아파트,전월세,202601,아파트 전월세,,,,,
국제미소래,29170-692,2014,26.03~27.03,갱신,21,1,2026,"8,730",49.3193,10,14-2,0,"8,730",,중가로3번길 25,0,00025,00000,4286669,1,12300,12300,임동,,북구,12300,아파트,전월세,202601,아파트 전월세,,,,,
국제미소래,29170-692,2014,26.03~27.03,갱신,21,1,2026,"8,730",49.3193,10,14-2,0,"8,730",,중가로3번길 25,0,00025,00000,4286669,1,12300,12300,임동,,북구,12300,아파트,전월세,202601,아파트 전월세,,,,,
국제미소래,29170-692,2014,26.03~27.03,갱신,21,1,2026,"8,730",49.3193,13,14-2,0,"8,730",,중가로3번길 25,0,00025,00000,4286669,1,12300,12300,임동,,북구,12300,아파트,전월세,202601,아파트 전월세,,,,,
국제미소래,29170-692,2014,26.03~27.03,갱신,21,1,2026,"8,730",49.3684,15,14-2,0,"8,730",,중가로3번길 25,0,00025,00000,4286669,1,12300,12300,임동,,북구,12300,아파트,전월세,202601,아파트 전월세,,,,,
국제미소래,29170-692,2014,26.03~27.03,갱신,21,1,2026,"8,730",49.3193,11,14-2,0,"8,730",,중가로3번길 25,0,00025,00000,4286669,1,12300,12300,임동,,북구,12300,아파트,전월세,202601,아파트 전월세,,,,,
국제미소래,29170-692,2014,26.03~27.03,갱신,21,1,2026,"8,730",49.3684,15,14-2,0,"8,730",,중가로3번길 25,0,00025,00000,4286669,1,12300,12300,임동,,북구,12300,아파트,전월세,202601,아파트 전월세,,,,,
국제미소래,29170-692,2014,26.03~27.03,갱신,21,1,2026,"8,730",49.3193,11,14-2,0,"8,730",,중가로3번길 25,0,00025,00000,4286669,1,12300,12300,임동,,북구,12300,아파트,전월세,202601,아파트 전월세,,,,,
국제미소래,29170-692,2014,26.03~27.03,갱신,21,1,2026,"8,524",49.3193,3,14-2,0,"8,524",,중가로3번길 25,0,00025,00000,4286669,1,12300,12300,임동,,북구,12300,아파트,전월세,202601,아파트 전월세,,,,,
국제미소래,29170-692,2014,26.03~27.03,갱신,21,1,2026,"8,730",49.3193,15,14-2,0,"8,730",,중가로3번길 25,0,00025,00000,4286669,1,12300,12300,임동,,북구,12300,아파트,전월세,202601,아파트 전월세,,,,,
국제미소래,29170-692,2014,26.03~27.03,갱신,21,1,2026,"8,730",49.3193,9,14-2,0,"8,730",,중가로3번길 25,0,00025,00000,4286669,1,12300,12300,임동,,북구,12300,아파트,전월세,202601,아파트 전월세,,,,,
국제미소래,29170-692,2014,26.03~27.03,갱신,21,1,2026,"8,730",49.3193,6,14-2,0,"8,730",,중가로3번길 25,0,00025,00000,4286669,1,12300,12300,임동,,북구,12300,아파트,전월세,202601,아파트 전월세,,,,,
국제미소래,29170-692,2014,26.03~27.03,갱신,21,1,2026,"8,524",49.3193,2,14-2,0,"8,524",,중가로3번길 25,0,00025,00000,4286669,1,12300,12300,임동,,북구,12300,아파트,전월세,202601,아파트 전월세,,,,,
국제미소래,29170-692,2014,26.03~27.03,갱신,21,1,2026,"8,730",49.3193,7,14-2,0,"8,730",,중가로3번길 25,0,00025,00000,4286669,1,12300,12300,임동,,북구,12300,아파트,전월세,202601,아파트 전월세,,,,,
국제미소래,29170-692,2014,26.03~27.03,갱신,21,1,2026,"8,524",49.3193,3,14-2,0,"8,524",,중가로3번길 25,0,00025,00000,4286669,1,12300,12300,임동,,북구,12300,아파트,전월세,202601,아파트 전월세,,,,,
국제미소래,29170-692,2014,26.03~27.03,갱신,21,1,2026,"8,730",49.3193,5,14-2,0,"8,730",,중가로3번길 25,0,00025,00000,4286669,1,12300,12300,임동,,북구,12300,아파트,전월세,202601,아파트 전월세,,,,,
국제미소래,29170-692,2014,26.03~27.03,갱신,21,1,2026,"8,730",49.3193,15,14-2,0,"8,730",,중가로3번길 25,0,00025,00000,4286669,1,12300,12300,임동,,북구,12300,아파트,전월세,202601,아파트 전월세,,,,,
국제미소래,29170-692,2014,26.03~27.03,갱신,21,1,2026,"8,730",49.3193,7,14-2,0,"8,730",,중가로3번길 25,0,00025,00000,4286669,1,12300,12300,임동,,북구,12300,아파트,전월세,202601,아파트 전월세,,,,,
국제미소래,29170-692,2014,26.03~27.03,갱신,21,1,2026,"8,524",49.3193,2,14-2,0,"8,524",,중가로3번길 25,0,00025,00000,4286669,1,12300,12300,임동,,북구,12300,아파트,전월세,202601,아파트 전월세,,,,,
국제미소래,29170-692,2014,26.03~27.03,갱신,21,1,2026,"8,730",49.3193,15,14-2,0,"8,730",,중가로3번길 25,0,00025,00000,4286669,1,12300,12300,임동,,북구,12300,아파트,전월세,202601,아파트 전월세,,,,,
국제미소래,29170-692,2014,26.03~27.03,갱신,21,1,2026,"8,730",49.3193,11,14-2,0,"8,730",,중가로3번길 25,0,00025,00000,4286669,1,12300,12300,임동,,북구,12300,아파트,전월세,202601,아파트 전월세,,,,,
현대1,29170-191,1997,26.03~28.03,신규,15,1,2026,"11,000",59.36,1,819-2,10,,,일곡로 100,0,00100,00000,3162060,1,12300,12300,일곡동,,북구,12300,아파트,전월세,202601,아파트 전월세,,,,,
우미,29170-131,1994,26.02~28.02,신규,17,1,2026,"10,000",49.96,14,996-1,0,,,대천로 160,0,00160,00000,3162009,1,12300,12300,문흥동,,북구,12300,아파트,전월세,202601,아파트 전월세,,,,,
현대1,29170-191,1997,26.03~28.03,신규,15,1,2026,"11,000",59.36,1,819-2,10,,,일곡로 100,0,00100,00000,3162060,1,12300,12300,일곡동,,북구,12300,아파트,전월세,202601,아파트 전월세,,,,,
삼익,29170-11,1980,26.02~27.02,갱신,20,1,2026,"13,800",84.47,13,478-18,0,"13,800",,자미로 45,0,00045,00000,3162065,1,12300,12300,신안동,,북구,12300,아파트,전월세,202601,아파트 전월세,,,,,
삼익,29170-11,1980,26.02~27.02,갱신,20,1,2026,"13,800",84.47,13,478-18,0,"13,800",,자미로 45,0,00045,00000,3162065,1,12300,12300,신안동,,북구,12300,아파트,전월세,202601,아파트 전월세,,,,,
현대1,29170-191,1997,26.03~28.03,신규,15,1,2026,"11,000",59.36,1,819-2,10,,,일곡로 100,0,00100,00000,3162060,1,12300,12300,일곡동,,북구,12300,아파트,전월세,202601,아파트 전월세,,,,,
부림2,29170-175,1997,26.01~28.01,신규,2,1,2026,"1,000",59.79,2,57,50,,,매곡로69번길 22,0,00022,00000,4286198,1,12300,12300,매곡동,,북구,12300,아파트,전월세,202601,아파트 전월세,,,,,
S-클래스더제니스,29170-887,2024,26.05~28.05,신규,18,1,2026,"30,000",63.9938,20,887,0,,,천변우로 227,,00227,00000,3009025,0,12300,12300,임동,,북구,12300,아파트,전월세,202601,아파트 전월세,,,,,
오치동광신프로그레스,29170-877,2023,26.05~28.05,신규,16,1,2026,"5,000",57.0107,4,979,50,,,대천로21번길 5,,00005,00000,4286119,0,12300,12300,오치동,,북구,12300,아파트,전월세,202601,아파트 전월세,,,,,
중흥파크맨션3,29170-139,1994,26.02~28.02,신규,9,1,2026,"11,000",59.97,15,1010-8,20,,,천지인로173번길 10,0,00010,00000,4286719,1,12300,12300,문흥동,,북구,12300,아파트,전월세,202601,아파트 전월세,,,,,
한양수자인리버뷰,29170-687,2014,26.05~28.05,신규,3,1,2026,"5,000",65.5173,12,651,90,,,첨단연신로 184,0,00184,00000,3162094,2,12300,12300,신용동,,북구,12300,아파트,전월세,202601,아파트 전월세,,,,,
청솔4차,29170-254,2001,26.01~28.01,갱신,10,1,2026,"8,700",48.45,3,819-3,0,"8,400",,일곡마을로 10,0,00010,00000,3162061,1,12300,12300,일곡동,,북구,12300,아파트,전월세,202601,아파트 전월세,,,,,
한양수자인리버뷰,29170-687,2014,26.05~28.05,신규,3,1,2026,"5,000",65.5173,12,651,90,,,첨단연신로 184,0,00184,00000,3162094,2,12300,12300,신용동,,북구,12300,아파트,전월세,202601,아파트 전월세,,,,,
제일풍경채센트럴파크2단지,29170-842,2022,26.01~28.01,신규,7,1,2026,"10,010",59.98,19,847,60,,,서양로 125,,00125,00000,3162030,1,12300,12300,중흥동,,북구,12300,아파트,전월세,202601,아파트 전월세,,,,,
S-클래스더제니스,29170-887,2024,26.02~28.02,신규,12,1,2026,"24,000",63.9938,31,887,0,,,천변우로 227,,00227,00000,3009025,0,12300,12300,임동,,북구,12300,아파트,전월세,202601,아파트 전월세,,,,,
S-클래스더제니스,29170-887,2024,26.02~28.02,신규,12,1,2026,"24,000",63.9938,31,887,0,,,천변우로 227,,00227,00000,3009025,0,12300,12300,임동,,북구,12300,아파트,전월세,202601,아파트 전월세,,,,,
대림1,29170-213,1997,26.01~28.01,신규,8,1,2026,"1,900",59.935,13,848-2,50,,,양일로305번길 11,0,00011,00000,4286485,1,12300,12300,일곡동,,북구,12300,아파트,전월세,202601,아파트 전월세,,,,,
대림1,29170-213,1997,26.01~28.01,신규,8,1,2026,"1,900",59.935,13,848-2,50,,,양일로305번길 11,0,00011,00000,4286485,1,12300,12300,일곡동,,북구,12300,아파트,전월세,202601,아파트 전월세,,,,,
무등산자이앤어울림1단지,29170-873,2025,26.02~28.02,신규,10,1,2026,"5,000",84.9813,22,835,140,,,서양로 155,0,00155,00000,3162030,3,12300,12300,우산동,,북구,12300,아파트,전월세,202601,아파트 전월세,,,,,
무등산자이앤어울림1단지,29170-873,2025,26.02~28.02,신규,10,1,2026,"5,000",84.9813,22,835,140,,,서양로 155,0,00155,00000,3162030,3,12300,12300,우산동,,북구,12300,아파트,전월세,202601,아파트 전월세,,,,,
일신2차,29170-257,1997,26.01~27.01,신규,12,1,2026,"1,500",59.985,8,205-6,60,,,상촌로43번길 30,0,00030,00000,4286336,2,12300,12300,양산동,,북구,12300,아파트,전월세,202601,아파트 전월세,,,,,
매곡대광로제비앙,29170-743,2017,26.02~28.02,신규,8,1,2026,"25,500",80.3123,20,494,0,,,하백로6번길 12,0,00012,00000,4851693,0,12300,12300,매곡동,,북구,12300,아파트,전월세,202601,아파트 전월세,,,,,
공간,29170-117,1994,26.01~28.01,갱신,12,1,2026,"12,500",59.97,6,996-2,0,"12,500",,문산로 65,0,00065,00000,3162017,1,12300,12300,문흥동,사용,북구,12300,아파트,전월세,202601,아파트 전월세,,,,,
청솔4차,29170-254,2001,26.01~28.01,갱신,10,1,2026,"8,700",48.45,3,819-3,0,"8,400",,일곡마을로 10,0,00010,00000,3162061,1,12300,12300,일곡동,,북구,12300,아파트,전월세,202601,아파트 전월세,,,,,
매곡대광로제비앙,29170-743,2017,26.02~28.02,신규,8,1,2026,"25,500",80.3123,20,494,0,,,하백로6번길 12,0,00012,00000,4851693,0,12300,12300,매곡동,,북구,12300,아파트,전월세,202601,아파트 전월세,,,,,
제일풍경채센트럴파크2단지,29170-842,2022,26.01~28.01,신규,7,1,2026,"10,010",59.98,19,847,60,,,서양로 125,,00125,00000,3162030,1,12300,12300,중흥동,,북구,12300,아파트,전월세,202601,아파트 전월세,,,,,
S-클래스더제니스,29170-887,2024,26.04~28.04,신규,2,1,2026,"35,000",76.8906,33,887,0,,,천변우로 227,,00227,00000,3009025,0,12300,12300,임동,,북구,12300,아파트,전월세,202601,아파트 전월세,,,,,
우산동청암더스위트2차,29200-478,2023,26.02~28.01,신규,28,1,2026,"5,000",84.5394,9,1601-5,80,,,무진대로232번길 13-22,0,00013,00022,4289120,1,12330,12330,우산동,,광산구,12330,아파트,전월세,202601,아파트 전월세,,,,,
대주피오레6단지,29200-255,2009,26.05~28.05,신규,14,1,2026,"46,000",84.8453,5,975,0,,,수완로73번길 40,0,00040,00000,4289344,1,12330,12330,수완동,,광산구,12330,아파트,전월세,202601,아파트 전월세,,,,,
첨단두산1차,29200-57,1996,26.02~28.02,신규,12,1,2026,"1,000",59.997,3,764-4,47,,,월계로 117-21,0,00117,00021,3163039,1,12330,12330,월계동,,광산구,12330,아파트,전월세,202601,아파트 전월세,,,,,
첨단두산1차,29200-57,1996,26.05~28.05,신규,24,1,2026,"13,000",59.997,1,764-4,0,,,월계로 117-21,0,00117,00021,3163039,1,12330,12330,월계동,,광산구,12330,아파트,전월세,202601,아파트 전월세,,,,,
첨단라인8,29200-65,1997,26.03~28.02,신규,5,1,2026,"1,000",59.9,2,763-2,60,,,첨단내촌로 101,0,00101,00000,3163048,1,12330,12330,월계동,,광산구,12330,아파트,전월세,202601,아파트 전월세,,,,,
쌍용더플래티넘광산,29200-447,2021,26.03~28.03,신규,19,1,2026,"32,000",76.6323,3,1625,0,,,우산로107번길 67,0,00067,00000,4289471,1,12330,12330,우산동,,광산구,12330,아파트,전월세,202601,아파트 전월세,,,,,
송정역모아엘가아파트,29200-404,2018,26.03~28.03,신규,17,1,2026,"2,000",62.557,6,1516,85,,,평동로1101번길 40,0,00040,00000,4289632,0,12330,12330,송정동,,광산구,12330,아파트,전월세,202601,아파트 전월세,,,,,
현대디에코3차,29200-379,2017,26.03~30.03,신규,26,1,2026,"14,000",49.2621,7,990-12,0,,,송정로16번길 12,0,00012,00000,4289312,0,12330,12330,송정동,,광산구,12330,아파트,전월세,202601,아파트 전월세,,,,,
마이다스빌,29200-91,1999,26.02~28.02,신규,27,1,2026,"7,000",45.178,4,948-4,0,,,평동로1119번길 25,0,00025,00000,4289635,1,12330,12330,송정동,,광산구,12330,아파트,전월세,202601,아파트 전월세,,,,,
첨단두산1차,29200-57,1996,26.02~28.02,신규,12,1,2026,"1,000",59.997,3,764-4,47,,,월계로 117-21,0,00117,00021,3163039,1,12330,12330,월계동,,광산구,12330,아파트,전월세,202601,아파트 전월세,,,,,
우산동청암더스위트2차,29200-478,2023,26.02~28.01,신규,28,1,2026,"5,000",84.5394,9,1601-5,80,,,무진대로232번길 13-22,0,00013,00022,4289120,1,12330,12330,우산동,,광산구,12330,아파트,전월세,202601,아파트 전월세,,,,,
첨단라인8,29200-65,1997,26.03~28.02,신규,5,1,2026,"1,000",59.9,2,763-2,60,,,첨단내촌로 101,0,00101,00000,3163048,1,12330,12330,월계동,,광산구,12330,아파트,전월세,202601,아파트 전월세,,,,,
하남우미,29200-38,1992,26.02~27.02,신규,30,1,2026,"9,500",49.14,2,1572-2,0,,,월곡산정로 40,0,00040,00000,3163042,1,12330,12330,우산동,,광산구,12330,아파트,전월세,202601,아파트 전월세,,,,,
소촌동지오스테이션아파트,29200-353,2015,26.02~28.02,신규,26,1,2026,"16,700",67.4527,8,874,0,,,송정공원로11번길 50-3,0,00050,00003,4289305,1,12330,12330,소촌동,,광산구,12330,아파트,전월세,202601,아파트 전월세,,,,,
소촌동지오스테이션아파트,29200-353,2015,26.02~28.02,신규,26,1,2026,"16,700",67.4527,8,874,0,,,송정공원로11번길 50-3,0,00050,00003,4289305,1,12330,12330,소촌동,,광산구,12330,아파트,전월세,202601,아파트 전월세,,,,,
송정역모아엘가아파트,29200-404,2018,26.03~28.03,신규,17,1,2026,"2,000",62.557,6,1516,85,,,평동로1101번길 40,0,00040,00000,4289632,0,12330,12330,송정동,,광산구,12330,아파트,전월세,202601,아파트 전월세,,,,,
세계수영선수촌 중흥에스-클래스 센트럴,29200-432,2020,26.03~28.03,신규,24,1,2026,"27,000",84.9276,12,1621,0,,,금봉로 106,,00106,00000,3163003,0,12330,12330,우산동,,광산구,12330,아파트,전월세,202601,아파트 전월세,,,,,
하남우미,29200-38,1992,26.02~27.02,신규,30,1,2026,"9,500",49.14,2,1572-2,0,,,월곡산정로 40,0,00040,00000,3163042,1,12330,12330,우산동,,광산구,12330,아파트,전월세,202601,아파트 전월세,,,,,
현대디에코3차,29200-379,2017,26.03~30.03,신규,26,1,2026,"14,000",49.2621,7,990-12,0,,,송정로16번길 12,0,00012,00000,4289312,0,12330,12330,송정동,,광산구,12330,아파트,전월세,202601,아파트 전월세,,,,,
무진로진아리채리버뷰,29200-468,2022,26.04~28.04,신규,28,1,2026,"34,000",84.9629,5,1633,0,,,풍영철길로 46,0,00046,00000,3163062,0,12330,12330,우산동,,광산구,12330,아파트,전월세,202601,아파트 전월세,,,,,
호반2차,29200-92,1998,26.01~27.12,신규,1,1,2026,700,59.95,2,782,40,,,송도로162번길 11-6,0,00011,00006,4289291,1,12330,12330,도산동,,광산구,12330,아파트,전월세,202601,아파트 전월세,,,,,
호반2차,29200-92,1998,26.01~27.12,신규,1,1,2026,700,59.95,2,782,40,,,송도로162번길 11-6,0,00011,00006,4289291,1,12330,12330,도산동,,광산구,12330,아파트,전월세,202601,아파트 전월세,,,,,
쌍용더플래티넘광산,29200-447,2021,26.02~28.02,신규,10,1,2026,"3,000",84.9784,5,1625,150,,,우산로107번길 67,0,00067,00000,4289471,1,12330,12330,우산동,,광산구,12330,아파트,전월세,202601,아파트 전월세,,,,,
호반2차,29200-119,1997,26.03~28.03,신규,26,1,2026,"12,000",59.82,2,763-6,0,,,월계로 59,0,00059,00000,3163039,1,12330,12330,월계동,,광산구,12330,아파트,전월세,202601,아파트 전월세,,,,,
중흥S클래스1단지,29200-249,2009,26.03~28.03,신규,16,1,2026,"33,200",84.9264,15,1306,0,,,수등로76번길 74,0,00074,00000,4289330,1,12330,12330,신가동,,광산구,12330,아파트,전월세,202601,아파트 전월세,,,,,
운남주공8단지,29200-136,2000,26.01~28.01,갱신,23,1,2026,"17,000",59.42,14,781-1,0,"16,500",,목련로153번길 143,0,00143,00000,4289101,1,12330,12330,운남동,사용,광산구,12330,아파트,전월세,202601,아파트 전월세,,,,,
무진로진아리채리버뷰,29200-468,2022,26.04~28.04,신규,28,1,2026,"34,000",84.9629,5,1633,0,,,풍영철길로 46,0,00046,00000,3163062,0,12330,12330,우산동,,광산구,12330,아파트,전월세,202601,아파트 전월세,,,,,
운남주공4단지,29200-77,1996,26.02~28.02,신규,6,1,2026,"8,500",37.67,8,771-1,0,,,목련로273번안길 30,0,00030,00000,4289109,1,12330,12330,운남동,,광산구,12330,아파트,전월세,202601,아파트 전월세,,,,,
마이다스빌,29200-91,1999,26.02~28.02,신규,27,1,2026,"7,000",45.178,4,948-4,0,,,평동로1119번길 25,0,00025,00000,4289635,1,12330,12330,송정동,,광산구,12330,아파트,전월세,202601,아파트 전월세,,,,,
호반2차,29200-119,1997,26.03~28.03,신규,26,1,2026,"12,000",59.82,2,763-6,0,,,월계로 59,0,00059,00000,3163039,1,12330,12330,월계동,,광산구,12330,아파트,전월세,202601,아파트 전월세,,,,,
첨단동부,29200-55,1997,26.04~28.04,신규,26,1,2026,"23,000",91.882,1,757-3,0,,,첨단중앙로 201,0,00201,00000,3163050,1,12330,12330,월계동,,광산구,12330,아파트,전월세,202601,아파트 전월세,,,,,
송정우방아이유쉘아파트,29200-413,2019,26.03~28.03,신규,19,1,2026,"23,000",70.9225,7,1317,0,,,평동로1100번길 71,0,00071,00000,4289631,1,12330,12330,도산동,,광산구,12330,아파트,전월세,202601,아파트 전월세,,,,,
운남주공8단지,29200-136,2000,26.01~28.01,갱신,23,1,2026,"17,000",59.42,14,781-1,0,"16,500",,목련로153번길 143,0,00143,00000,4289101,1,12330,12330,운남동,사용,광산구,12330,아파트,전월세,202601,아파트 전월세,,,,,
세계수영선수촌 중흥에스-클래스 센트럴,29200-432,2020,26.03~28.03,신규,24,1,2026,"27,000",84.9276,12,1621,0,,,금봉로 106,,00106,00000,3163003,0,12330,12330,우산동,,광산구,12330,아파트,전월세,202601,아파트 전월세,,,,,
첨단동부,29200-55,1997,26.04~28.04,신규,26,1,2026,"23,000",91.882,1,757-3,0,,,첨단중앙로 201,0,00201,00000,3163050,1,12330,12330,월계동,,광산구,12330,아파트,전월세,202601,아파트 전월세,,,,,
세계수영선수촌 중흥에스-클래스 센트럴,29200-432,2020,26.02~28.02,신규,17,1,2026,"3,148",59.9323,12,1621,37,,,금봉로 106,,00106,00000,3163003,0,12330,12330,우산동,,광산구,12330,아파트,전월세,202601,아파트 전월세,,,,,
첨단두산1차,29200-57,1996,26.05~28.05,신규,24,1,2026,"13,000",59.997,1,764-4,0,,,월계로 117-21,0,00117,00021,3163039,1,12330,12330,월계동,,광산구,12330,아파트,전월세,202601,아파트 전월세,,,,,
세계수영선수촌 중흥에스-클래스 센트럴,29200-432,2020,26.02~28.02,신규,17,1,2026,"3,148",59.9323,12,1621,37,,,금봉로 106,,00106,00000,3163003,0,12330,12330,우산동,,광산구,12330,아파트,전월세,202601,아파트 전월세,,,,,
운남주공3단지,29200-76,1996,26.02~26.07,신규,16,1,2026,500,58.14,5,777-1,55,,,목련로 307-11,0,00307,00011,3163009,2,12330,12330,운남동,,광산구,12330,아파트,전월세,202601,아파트 전월세,,,,,
송정우방아이유쉘아파트,29200-413,2019,26.03~28.03,신규,19,1,2026,"23,000",70.9225,7,1317,0,,,평동로1100번길 71,0,00071,00000,4289631,1,12330,12330,도산동,,광산구,12330,아파트,전월세,202601,아파트 전월세,,,,,
운남주공3단지,29200-76,1996,26.02~26.07,신규,16,1,2026,500,58.14,5,777-1,55,,,목련로 307-11,0,00307,00011,3163009,2,12330,12330,운남동,,광산구,12330,아파트,전월세,202601,아파트 전월세,,,,,
쌍용더플래티넘광산,29200-447,2021,26.03~28.03,신규,19,1,2026,"32,000",76.6323,3,1625,0,,,우산로107번길 67,0,00067,00000,4289471,1,12330,12330,우산동,,광산구,12330,아파트,전월세,202601,아파트 전월세,,,,,
중흥S클래스1단지,29200-249,2009,26.03~28.03,신규,16,1,2026,"33,200",84.9264,15,1306,0,,,수등로76번길 74,0,00074,00000,4289330,1,12330,12330,신가동,,광산구,12330,아파트,전월세,202601,아파트 전월세,,,,,
수완루아채,29200-234,2008,26.02~28.02,신규,14,1,2026,"26,000",84.2801,17,1115,0,,,풍영로 294-8,0,00294,00008,3163061,1,12330,12330,장덕동,,광산구,12330,아파트,전월세,202601,아파트 전월세,,,,,
펠릭스골드,29200-378,2017,26.01~28.01,신규,6,1,2026,300,21.8655,12,763-12,36,,,광산로 61,0,00061,00000,3163002,0,12330,12330,송정동,,광산구,12330,아파트,전월세,202601,아파트 전월세,,,,,
골드클래스,29200-308,2013,26.02~28.02,신규,13,1,2026,"24,000",59.9817,19,1046,0,,,장덕로5번길 16,0,00016,00000,4289705,1,12330,12330,장덕동,,광산구,12330,아파트,전월세,202601,아파트 전월세,,,,,
수완루아채,29200-234,2008,26.02~28.02,신규,14,1,2026,"26,000",84.2801,17,1115,0,,,풍영로 294-8,0,00294,00008,3163061,1,12330,12330,장덕동,,광산구,12330,아파트,전월세,202601,아파트 전월세,,,,,
대주피오레6단지,29200-255,2009,26.05~28.05,신규,14,1,2026,"46,000",84.8453,5,975,0,,,수완로73번길 40,0,00040,00000,4289344,1,12330,12330,수완동,,광산구,12330,아파트,전월세,202601,아파트 전월세,,,,,
골드클래스,29200-308,2013,26.02~28.02,신규,13,1,2026,"24,000",59.9817,19,1046,0,,,장덕로5번길 16,0,00016,00000,4289705,1,12330,12330,장덕동,,광산구,12330,아파트,전월세,202601,아파트 전월세,,,,,
쌍용더플래티넘광산,29200-447,2021,26.02~28.02,신규,10,1,2026,"3,000",84.9784,5,1625,150,,,우산로107번길 67,0,00067,00000,4289471,1,12330,12330,우산동,,광산구,12330,아파트,전월세,202601,아파트 전월세,,,,,
펠릭스골드,29200-378,2017,26.01~28.01,신규,6,1,2026,300,21.8655,12,763-12,36,,,광산로 61,0,00061,00000,3163002,0,12330,12330,송정동,,광산구,12330,아파트,전월세,202601,아파트 전월세,,,,,
MaruHiII,29200-320,2014,26.01~27.01,신규,5,1,2026,300,20.7468,11,1594-2,35,,,무진대로 278-12,0,00278,00012,2009009,2,12330,12330,우산동,,광산구,12330,아파트,전월세,202601,아파트 전월세,,,,,
운남주공4단지,29200-77,1996,26.02~28.02,신규,6,1,2026,"8,500",37.67,8,771-1,0,,,목련로273번안길 30,0,00030,00000,4289109,1,12330,12330,운남동,,광산구,12330,아파트,전월세,202601,아파트 전월세,,,,,
MaruHiII,29200-320,2014,26.01~27.01,신규,5,1,2026,300,20.7468,11,1594-2,35,,,무진대로 278-12,0,00278,00012,2009009,2,12330,12330,우산동,,광산구,12330,아파트,전월세,202601,아파트 전월세,,,,,
운남주공8단지,29200-136,2000,26.01~28.01,갱신,2,1,2026,"16,000",59.42,17,781-1,0,"16,000",,목련로153번길 143,0,00143,00000,4289101,1,12330,12330,운남동,사용,광산구,12330,아파트,전월세,202601,아파트 전월세,,,,,
운남주공8단지,29200-136,2000,26.01~28.01,갱신,2,1,2026,"16,000",59.42,17,781-1,0,"16,000",,목련로153번길 143,0,00143,00000,4289101,1,12330,12330,운남동,사용,광산구,12330,아파트,전월세,202601,아파트 전월세,,,,,
무등산광신프로그레스,29110-350,2018,26.06~28.06,신규,20,2,2026,"25,000",84.9817,18,716,0,,,밤실로 100,0,00100,00000,3162072,0,12210,12210,산수동,,동구,12210,아파트,전월세,202602,아파트 전월세,,,,,
계림아이파크에스케이뷰,29110-381,2022,26.04~28.04,신규,11,2,2026,"5,000",62.9856,6,1869,95,,,필문대로 70,0,00070,00000,2009007,0,12210,12210,계림동,,동구,12210,아파트,전월세,202602,아파트 전월세,,,,,
두산위브2차,29110-352,2018,26.03~28.03,신규,25,2,2026,"5,000",84.5628,20,1815,100,,,계림로30번길 15,0,00015,00000,4277025,0,12210,12210,계림동,,동구,12210,아파트,전월세,202602,아파트 전월세,,,,,
광주선교지구1차우방아이유쉘아파트,29110-383,2023,26.04~28.04,신규,20,2,2026,"14,000",47.1254,7,487,0,,,선교로 38-30,0,00038,00030,3159009,0,12210,12210,선교동,,동구,12210,아파트,전월세,202602,아파트 전월세,,,,,
두산위브2차,29110-352,2018,26.03~28.03,신규,25,2,2026,"5,000",84.5628,20,1815,100,,,계림로30번길 15,0,00015,00000,4277025,0,12210,12210,계림동,,동구,12210,아파트,전월세,202602,아파트 전월세,,,,,
무등산광신프로그레스,29110-350,2018,26.06~28.06,신규,20,2,2026,"25,000",84.9817,18,716,0,,,밤실로 100,0,00100,00000,3162072,0,12210,12210,산수동,,동구,12210,아파트,전월세,202602,아파트 전월세,,,,,
광주선교지구1차우방아이유쉘아파트,29110-383,2023,26.04~28.04,신규,20,2,2026,"14,000",47.1254,7,487,0,,,선교로 38-30,0,00038,00030,3159009,0,12210,12210,선교동,,동구,12210,아파트,전월세,202602,아파트 전월세,,,,,
두산위브3차(두산위브더파크),29110-376,2021,26.03~28.03,신규,12,2,2026,"10,000",59.9903,3,1845,60,,,중앙로290번길 16,0,00016,00000,4277198,1,12210,12210,계림동,,동구,12210,아파트,전월세,202602,아파트 전월세,,,,,
두산위브3차(두산위브더파크),29110-376,2021,26.03~28.03,신규,12,2,2026,"10,000",59.9903,3,1845,60,,,중앙로290번길 16,0,00016,00000,4277198,1,12210,12210,계림동,,동구,12210,아파트,전월세,202602,아파트 전월세,,,,,
계림아이파크에스케이뷰,29110-381,2022,26.04~28.04,신규,11,2,2026,"5,000",62.9856,6,1869,95,,,필문대로 70,0,00070,00000,2009007,0,12210,12210,계림동,,동구,12210,아파트,전월세,202602,아파트 전월세,,,,,
더샵염주센트럴파크,29140-414,2022,26.05~28.05,신규,26,2,2026,"40,000",76.9612,19,1712,0,,,월드컵4강로 27,,00027,00000,3160036,0,12240,12240,화정동,,서구,12240,아파트,전월세,202602,아파트 전월세,,,,,
삼능남양,29140-150,2000,26.04~28.04,신규,5,2,2026,"2,000",60,12,1058,60,,,풍암순환로 86,0,00086,00000,3160050,1,12240,12240,풍암동,,서구,12240,아파트,전월세,202602,아파트 전월세,,,,,
주은모아,29140-130,2000,26.03~28.02,신규,21,2,2026,"15,000",59.7,10,1127,0,,,풍암2로 36,0,00036,00000,3160048,1,12240,12240,풍암동,,서구,12240,아파트,전월세,202602,아파트 전월세,,,,,
유니버시아드힐스테이트3단지,29140-370,2016,26.03~28.03,신규,26,2,2026,"5,000",84.98,25,1612,130,,,화운로 24,,00024,00000,3160065,0,12240,12240,화정동,,서구,12240,아파트,전월세,202602,아파트 전월세,,,,,
럭키,29140-75,1985,26.03~28.03,신규,11,2,2026,"11,000",61.83,3,858-2,0,,,염화로40번길 20,0,00020,00000,4280294,1,12240,12240,화정동,,서구,12240,아파트,전월세,202602,아파트 전월세,,,,,
상무한국아델리움,29140-390,2019,26.03~28.03,신규,7,2,2026,"30,000",84.953,16,1385,0,,,내방로241번길 10,0,00010,00000,4280079,0,12240,12240,쌍촌동,,서구,12240,아파트,전월세,202602,아파트 전월세,,,,,
금호시영5단지,29140-110,1994,26.03~28.03,신규,26,2,2026,"11,000",59.82,1,742-2,0,,,운천로32번길 7,0,00007,00000,4280316,1,12240,12240,금호동,,서구,12240,아파트,전월세,202602,아파트 전월세,,,,,
유니버시아드힐스테이트3단지,29140-370,2016,26.03~28.03,신규,26,2,2026,"5,000",84.98,25,1612,130,,,화운로 24,,00024,00000,3160065,0,12240,12240,화정동,,서구,12240,아파트,전월세,202602,아파트 전월세,,,,,
중흥호반,29140-147,2000,26.03~28.03,신규,27,2,2026,"15,000",59.88,8,1048,0,,,풍암순환로 14,,00014,00000,3160050,0,12240,12240,풍암동,,서구,12240,아파트,전월세,202602,아파트 전월세,,,,,
중흥호반,29140-147,2000,26.03~28.03,신규,27,2,2026,"15,000",59.88,8,1048,0,,,풍암순환로 14,,00014,00000,3160050,0,12240,12240,풍암동,,서구,12240,아파트,전월세,202602,아파트 전월세,,,,,
금호시영5단지,29140-110,1994,26.03~28.03,신규,26,2,2026,"11,000",59.82,1,742-2,0,,,운천로32번길 7,0,00007,00000,4280316,1,12240,12240,금호동,,서구,12240,아파트,전월세,202602,아파트 전월세,,,,,
더샵염주센트럴파크,29140-414,2022,26.05~28.05,신규,26,2,2026,"40,000",76.9612,19,1712,0,,,월드컵4강로 27,,00027,00000,3160036,0,12240,12240,화정동,,서구,12240,아파트,전월세,202602,아파트 전월세,,,,,
위파크마륵공원,29140-898,2025,26.03~28.03,신규,14,2,2026,"44,000",84.9095,8,1117,0,,,서광주로106번길 39,0,00039,00000,4865599,0,12240,12240,금호동,,서구,12240,아파트,전월세,202602,아파트 전월세,,,,,
호반써밋광주,29140-398,2019,26.04~28.04,신규,20,2,2026,"30,000",84.9405,10,896,0,,,무진대로 919,0,00919,00000,2009009,0,12240,12240,광천동,,서구,12240,아파트,전월세,202602,아파트 전월세,,,,,
금호대우,29140-27,1998,26.02~28.02,신규,7,2,2026,"5,000",59.94,17,1166-2,55,,,치평로 107,0,00107,00000,3160042,1,12240,12240,치평동,,서구,12240,아파트,전월세,202602,아파트 전월세,,,,,
상무지구리채시티,29140-353,2014,26.02~27.02,신규,19,2,2026,500,20.0778,15,1218,35,,,시청로 71,0,00071,00000,3160029,1,12240,12240,치평동,,서구,12240,아파트,전월세,202602,아파트 전월세,,,,,
금호대우,29140-27,1998,26.02~28.02,신규,7,2,2026,"5,000",59.94,17,1166-2,55,,,치평로 107,0,00107,00000,3160042,1,12240,12240,치평동,,서구,12240,아파트,전월세,202602,아파트 전월세,,,,,
상무지구리채시티,29140-353,2014,26.02~27.02,신규,19,2,2026,500,20.0778,15,1218,35,,,시청로 71,0,00071,00000,3160029,1,12240,12240,치평동,,서구,12240,아파트,전월세,202602,아파트 전월세,,,,,
해광샹그릴라센트럴337,29140-379,2017,26.03~28.03,신규,6,2,2026,"20,000",75.6415,3,23-20,0,,,내방로 337,0,00337,00000,3160004,0,12240,12240,화정동,,서구,12240,아파트,전월세,202602,아파트 전월세,,,,,
삼능남양,29140-150,2000,26.04~28.04,신규,5,2,2026,"2,000",60,12,1058,60,,,풍암순환로 86,0,00086,00000,3160050,1,12240,12240,풍암동,,서구,12240,아파트,전월세,202602,아파트 전월세,,,,,
호반,29140-144,1998,26.03~30.03,신규,23,2,2026,"17,000",59.91,6,1166-7,0,,,상무공원로 128,0,00128,00000,3160015,1,12240,12240,치평동,,서구,12240,아파트,전월세,202602,아파트 전월세,,,,,
호반써밋광주,29140-398,2019,26.04~28.04,신규,20,2,2026,"30,000",84.9405,10,896,0,,,무진대로 919,0,00919,00000,2009009,0,12240,12240,광천동,,서구,12240,아파트,전월세,202602,아파트 전월세,,,,,
주은모아,29140-130,2000,26.03~28.02,신규,21,2,2026,"15,000",59.7,10,1127,0,,,풍암2로 36,0,00036,00000,3160048,1,12240,12240,풍암동,,서구,12240,아파트,전월세,202602,아파트 전월세,,,,,
호반,29140-144,1998,26.03~30.03,신규,23,2,2026,"17,000",59.91,6,1166-7,0,,,상무공원로 128,0,00128,00000,3160015,1,12240,12240,치평동,,서구,12240,아파트,전월세,202602,아파트 전월세,,,,,
위파크마륵공원,29140-898,2025,26.03~28.03,신규,14,2,2026,"44,000",84.9095,8,1117,0,,,서광주로106번길 39,0,00039,00000,4865599,0,12240,12240,금호동,,서구,12240,아파트,전월세,202602,아파트 전월세,,,,,
상무광명메이루즈,29140-373,2016,26.02~28.02,신규,10,2,2026,"26,000",67.6269,16,1249,0,,,시청로 27,0,00027,00000,3160029,0,12240,12240,치평동,,서구,12240,아파트,전월세,202602,아파트 전월세,,,,,
상무한국아델리움,29140-390,2019,26.03~28.03,신규,7,2,2026,"30,000",84.953,16,1385,0,,,내방로241번길 10,0,00010,00000,4280079,0,12240,12240,쌍촌동,,서구,12240,아파트,전월세,202602,아파트 전월세,,,,,
럭키,29140-75,1985,26.03~28.03,신규,11,2,2026,"11,000",61.83,3,858-2,0,,,염화로40번길 20,0,00020,00000,4280294,1,12240,12240,화정동,,서구,12240,아파트,전월세,202602,아파트 전월세,,,,,
상무광명메이루즈,29140-373,2016,26.02~28.02,신규,10,2,2026,"26,000",67.6269,16,1249,0,,,시청로 27,0,00027,00000,3160029,0,12240,12240,치평동,,서구,12240,아파트,전월세,202602,아파트 전월세,,,,,
중흥호반,29140-147,2000,26.02~27.09,갱신,9,2,2026,"14,000",59.46,9,1048,0,"14,000",,풍암순환로 10,0,00010,00000,3160050,1,12240,12240,풍암동,,서구,12240,아파트,전월세,202602,아파트 전월세,,,,,
중흥호반,29140-147,2000,26.02~27.09,갱신,9,2,2026,"14,000",59.46,9,1048,0,"14,000",,풍암순환로 10,0,00010,00000,3160050,1,12240,12240,풍암동,,서구,12240,아파트,전월세,202602,아파트 전월세,,,,,
중흥호반,29140-147,2000,26.02~27.09,갱신,9,2,2026,"14,000",59.46,9,1048,0,"14,000",,풍암순환로 10,0,00010,00000,3160050,1,12240,12240,풍암동,,서구,12240,아파트,전월세,202602,아파트 전월세,,,,,
중흥호반,29140-147,2000,26.02~27.09,갱신,9,2,2026,"14,000",59.46,9,1048,0,"14,000",,풍암순환로 10,0,00010,00000,3160050,1,12240,12240,풍암동,,서구,12240,아파트,전월세,202602,아파트 전월세,,,,,
유니버시아드힐스테이트2단지,29140-369,2016,26.06~28.06,신규,6,2,2026,"32,000",84.98,14,1610,0,,,화정로 211,,00211,00000,3160058,0,12240,12240,화정동,,서구,12240,아파트,전월세,202602,아파트 전월세,,,,,
더샵염주센트럴파크,29140-414,2022,26.02~28.02,신규,4,2,2026,"37,000",76.9341,2,1712,0,,,월드컵4강로 27,,00027,00000,3160036,0,12240,12240,화정동,,서구,12240,아파트,전월세,202602,아파트 전월세,,,,,
유니버시아드힐스테이트2단지,29140-369,2016,26.06~28.06,신규,6,2,2026,"32,000",84.98,14,1610,0,,,화정로 211,,00211,00000,3160058,0,12240,12240,화정동,,서구,12240,아파트,전월세,202602,아파트 전월세,,,,,
해광샹그릴라센트럴337,29140-379,2017,26.03~28.03,신규,6,2,2026,"20,000",75.6415,3,23-20,0,,,내방로 337,0,00337,00000,3160004,0,12240,12240,화정동,,서구,12240,아파트,전월세,202602,아파트 전월세,,,,,
더샵염주센트럴파크,29140-414,2022,26.02~28.02,신규,4,2,2026,"37,000",76.9341,2,1712,0,,,월드컵4강로 27,,00027,00000,3160036,0,12240,12240,화정동,,서구,12240,아파트,전월세,202602,아파트 전월세,,,,,
해광샹그릴라센트럴337,29140-379,2017,26.03~28.03,신규,2,2,2026,"20,000",75.6415,3,23-20,0,,,내방로 337,0,00337,00000,3160004,0,12240,12240,화정동,,서구,12240,아파트,전월세,202602,아파트 전월세,,,,,
해광샹그릴라센트럴337,29140-379,2017,26.03~28.03,신규,2,2,2026,"20,000",75.6415,3,23-20,0,,,내방로 337,0,00337,00000,3160004,0,12240,12240,화정동,,서구,12240,아파트,전월세,202602,아파트 전월세,,,,,
삼익세라믹2차,29155-94,1999,26.02~28.02,신규,13,2,2026,500,59.4,11,470-1,45,,,서문대로654번길 24,0,00024,00000,4283381,1,12270,12270,진월동,,남구,12270,아파트,전월세,202602,아파트 전월세,,,,,
반도유보라더퍼스트,29155-430,2022,26.06~28.06,신규,12,2,2026,"35,000",84.9789,8,1065,0,,,구성로8번길 6,0,00006,00000,4283051,0,12270,12270,월산동,,남구,12270,아파트,전월세,202602,아파트 전월세,,,,,
봉선3차한국아델리움,29155-369,2014,26.03~28.03,신규,20,2,2026,"59,000",84.8768,12,1085,0,,,제석로80번길 36,0,00036,00000,4283570,1,12270,12270,봉선동,,남구,12270,아파트,전월세,202602,아파트 전월세,,,,,
금호2,29155-27,1995,26.02~28.02,신규,2,2,2026,"3,000",84.83,13,490-1,120,,,봉선로 134,0,00134,00000,3161009,2,12270,12270,봉선동,,남구,12270,아파트,전월세,202602,아파트 전월세,,,,,
힐스테이트월산,29155-461,2024,26.04~28.04,신규,12,2,2026,"30,000",84.9303,15,1073,0,,,월산로95번길 6,0,00006,00000,4283539,0,12270,12270,월산동,,남구,12270,아파트,전월세,202602,아파트 전월세,,,,,
진월동풍림아파트,29155-108,2000,26.03~28.03,신규,10,2,2026,"4,000",74.25,1,499-68,70,,,화산로31번안길 2,0,00002,00000,4283693,1,12270,12270,진월동,,남구,12270,아파트,전월세,202602,아파트 전월세,,,,,
삼익세라믹2차,29155-94,1999,26.04~28.04,신규,26,2,2026,"12,000",59.4,4,470-1,0,,,서문대로654번길 24,0,00024,00000,4283381,1,12270,12270,진월동,,남구,12270,아파트,전월세,202602,아파트 전월세,,,,,
한일베라체,29155-315,2008,26.03~28.03,신규,14,2,2026,"15,000",84.783,9,443,0,,,회재로 211,0,00211,00000,3000074,3,12270,12270,지석동,,남구,12270,아파트,전월세,202602,아파트 전월세,,,,,
삼익세라믹2차,29155-94,1999,26.04~28.04,신규,26,2,2026,"12,000",59.4,4,470-1,0,,,서문대로654번길 24,0,00024,00000,4283381,1,12270,12270,진월동,,남구,12270,아파트,전월세,202602,아파트 전월세,,,,,
양우내안애프레스티지,29155-415,2021,26.02~28.02,신규,14,2,2026,"5,000",84.6929,9,1320,125,,,대남대로223번길 10,0,00010,00000,4283160,1,12270,12270,주월동,,남구,12270,아파트,전월세,202602,아파트 전월세,,,,,
일진스위트포레,29155-409,2020,26.04~28.04,신규,14,2,2026,"20,000",78.3276,5,444,0,,,고싸움로164번길 22,0,00022,00000,4283018,0,12270,12270,지석동,,남구,12270,아파트,전월세,202602,아파트 전월세,,,,,
포스코더샵,29155-131,2004,26.02~28.02,신규,11,2,2026,"3,500",59.89,3,1076,81,,,효사랑길 14,0,00014,00000,4283737,1,12270,12270,봉선동,,남구,12270,아파트,전월세,202602,아파트 전월세,,,,,
포스코더샵,29155-131,2004,26.02~28.02,신규,11,2,2026,"3,500",59.89,3,1076,81,,,효사랑길 14,0,00014,00000,4283737,1,12270,12270,봉선동,,남구,12270,아파트,전월세,202602,아파트 전월세,,,,,
효천1중흥에스-클래스에코시티,29155-398,2019,26.03~28.03,갱신,14,2,2026,"31,000",84.9772,10,881,0,"31,000",,효천2로 12,,00012,00000,3351962,0,12270,12270,임암동,사용,남구,12270,아파트,전월세,202602,아파트 전월세,,,,,
봉선3차한국아델리움,29155-369,2014,26.03~28.03,신규,20,2,2026,"59,000",84.8768,12,1085,0,,,제석로80번길 36,0,00036,00000,4283570,1,12270,12270,봉선동,,남구,12270,아파트,전월세,202602,아파트 전월세,,,,,
효천1중흥에스-클래스에코시티,29155-398,2019,26.03~28.03,갱신,14,2,2026,"31,000",84.9772,10,881,0,"31,000",,효천2로 12,,00012,00000,3351962,0,12270,12270,임암동,사용,남구,12270,아파트,전월세,202602,아파트 전월세,,,,,
한일베라체,29155-315,2008,26.03~28.03,신규,14,2,2026,"15,000",84.783,9,443,0,,,회재로 211,0,00211,00000,3000074,3,12270,12270,지석동,,남구,12270,아파트,전월세,202602,아파트 전월세,,,,,
양우내안애프레스티지,29155-415,2021,26.02~28.02,신규,14,2,2026,"5,000",84.6929,9,1320,125,,,대남대로223번길 10,0,00010,00000,4283160,1,12270,12270,주월동,,남구,12270,아파트,전월세,202602,아파트 전월세,,,,,
일진스위트포레,29155-409,2020,26.04~28.04,신규,14,2,2026,"20,000",78.3276,5,444,0,,,고싸움로164번길 22,0,00022,00000,4283018,0,12270,12270,지석동,,남구,12270,아파트,전월세,202602,아파트 전월세,,,,,
반도유보라더퍼스트,29155-430,2022,26.06~28.06,신규,12,2,2026,"35,000",84.9789,8,1065,0,,,구성로8번길 6,0,00006,00000,4283051,0,12270,12270,월산동,,남구,12270,아파트,전월세,202602,아파트 전월세,,,,,
삼익세라믹2차,29155-94,1999,26.02~28.02,신규,13,2,2026,500,59.4,11,470-1,45,,,서문대로654번길 24,0,00024,00000,4283381,1,12270,12270,진월동,,남구,12270,아파트,전월세,202602,아파트 전월세,,,,,
힐스테이트월산,29155-461,2024,26.04~28.04,신규,12,2,2026,"30,000",84.9303,15,1073,0,,,월산로95번길 6,0,00006,00000,4283539,0,12270,12270,월산동,,남구,12270,아파트,전월세,202602,아파트 전월세,,,,,
진월동풍림아파트,29155-108,2000,26.03~28.03,신규,10,2,2026,"4,000",74.25,1,499-68,70,,,화산로31번안길 2,0,00002,00000,4283693,1,12270,12270,진월동,,남구,12270,아파트,전월세,202602,아파트 전월세,,,,,
봉선주월대라수어썸브릿지,29155-426,2022,26.03~28.03,신규,6,2,2026,"2,000",84.6079,15,1333,120,,,서문대로 827,0,00827,00000,2161001,0,12270,12270,주월동,,남구,12270,아파트,전월세,202602,아파트 전월세,,,,,
금호2,29155-27,1995,26.02~28.02,신규,2,2,2026,"3,000",84.83,13,490-1,120,,,봉선로 134,0,00134,00000,3161009,2,12270,12270,봉선동,,남구,12270,아파트,전월세,202602,아파트 전월세,,,,,
봉선주월대라수어썸브릿지,29155-426,2022,26.03~28.03,신규,6,2,2026,"2,000",84.6079,15,1333,120,,,서문대로 827,0,00827,00000,2161001,0,12270,12270,주월동,,남구,12270,아파트,전월세,202602,아파트 전월세,,,,,
효천시티프라디움,29155-401,2019,26.05~28.05,신규,2,2,2026,"31,000",84.9984,14,728,0,,,효천2로 1,0,00001,00000,3351962,0,12270,12270,임암동,,남구,12270,아파트,전월세,202602,아파트 전월세,,,,,
효천시티프라디움,29155-401,2019,26.05~28.05,신규,2,2,2026,"31,000",84.9984,14,728,0,,,효천2로 1,0,00001,00000,3351962,0,12270,12270,임암동,,남구,12270,아파트,전월세,202602,아파트 전월세,,,,,
벽산블루밍메가씨티3단지,29170-568,2008,26.04~28.04,신규,7,2,2026,"27,000",84.8269,10,69,0,,,대자로 55,0,00055,00000,3162007,1,12300,12300,운암동,,북구,12300,아파트,전월세,202602,아파트 전월세,,,,,
힐스테이트본촌,29170-774,2019,26.05~28.05,신규,28,2,2026,"5,000",84.9976,13,3102,110,,,본촌마을길 157-22,,00157,00022,4286278,1,12300,12300,본촌동,,북구,12300,아파트,전월세,202602,아파트 전월세,,,,,
무등산자이앤어울림1단지,29170-873,2025,26.04~28.04,신규,5,2,2026,"41,000",84.924,3,835,0,,,서양로 155,0,00155,00000,3162030,3,12300,12300,우산동,,북구,12300,아파트,전월세,202602,아파트 전월세,,,,,
S-클래스더제니스,29170-887,2024,26.04~28.04,신규,21,2,2026,"5,000",106.3159,13,887,170,,,천변우로 227,,00227,00000,3009025,0,12300,12300,임동,,북구,12300,아파트,전월세,202602,아파트 전월세,,,,,
첨단용두산이고운아파트,29170-757,2018,26.04~28.04,신규,11,2,2026,"29,000",84.9607,6,1116,0,,,임방울대로1042번길 17,0,00017,00000,4286610,0,12300,12300,용두동,,북구,12300,아파트,전월세,202602,아파트 전월세,,,,,
S-클래스더제니스,29170-887,2024,26.04~28.04,신규,21,2,2026,"5,000",106.3159,13,887,170,,,천변우로 227,,00227,00000,3009025,0,12300,12300,임동,,북구,12300,아파트,전월세,202602,아파트 전월세,,,,,
현대,29170-35,1990,26.04~28.04,신규,13,2,2026,"13,500",84.87,12,1074-8,0,,,비엔날레로 60,0,00060,00000,3162024,0,12300,12300,용봉동,,북구,12300,아파트,전월세,202602,아파트 전월세,,,,,
힐스테이트신용더리버,29170-885,2024,26.04~28.04,신규,25,2,2026,"37,000",84.6,25,869,0,,,빛고을대로 615,0,00615,00000,2009010,0,12300,12300,신용동,,북구,12300,아파트,전월세,202602,아파트 전월세,,,,,
센트럴시티서희스타힐스,29170-886,2024,26.04~28.03,신규,14,2,2026,"30,000",84.928,13,1130,0,,,임방울대로1041번길 32-19,0,00032,00019,4286609,0,12300,12300,용두동,,북구,12300,아파트,전월세,202602,아파트 전월세,,,,,
일곡엘리체프라임,29170-723,2016,26.04~28.04,신규,14,2,2026,"29,000",74.1967,11,835,0,,,설죽로 419,0,00419,00000,3162033,0,12300,12300,삼각동,,북구,12300,아파트,전월세,202602,아파트 전월세,,,,,
한화꿈에그린,29170-548,2007,26.03~28.03,신규,18,2,2026,"5,000",84.8797,5,1468,75,,,용주로30번길 60,0,00060,00000,4286546,1,12300,12300,용봉동,,북구,12300,아파트,전월세,202602,아파트 전월세,,,,,
한화꿈에그린,29170-548,2007,26.03~28.03,신규,18,2,2026,"5,000",84.8797,5,1468,75,,,용주로30번길 60,0,00060,00000,4286546,1,12300,12300,용봉동,,북구,12300,아파트,전월세,202602,아파트 전월세,,,,,
힐스테이트본촌,29170-774,2019,26.05~28.05,신규,28,2,2026,"5,000",84.9976,13,3102,110,,,본촌마을길 157-22,,00157,00022,4286278,1,12300,12300,본촌동,,북구,12300,아파트,전월세,202602,아파트 전월세,,,,,
산이고운신용PARK,29170-1368,2025,26.03~28.03,신규,23,2,2026,"33,600",84.8826,17,823,0,,,청계로 13,0,00013,00000,3162075,0,12300,12300,신안동,,북구,12300,아파트,전월세,202602,아파트 전월세,,,,,
일곡엘리체프라임,29170-723,2016,26.04~28.04,신규,14,2,2026,"29,000",74.1967,11,835,0,,,설죽로 419,0,00419,00000,3162033,0,12300,12300,삼각동,,북구,12300,아파트,전월세,202602,아파트 전월세,,,,,
한국,29170-60,1994,26.03~28.03,신규,24,2,2026,"17,000",84.975,19,110-80,0,,,금호로40번길 33,0,00033,00000,4286094,2,12300,12300,운암동,,북구,12300,아파트,전월세,202602,아파트 전월세,,,,,
무등산자이앤어울림1단지,29170-873,2025,26.04~28.04,신규,5,2,2026,"41,000",84.924,3,835,0,,,서양로 155,0,00155,00000,3162030,3,12300,12300,우산동,,북구,12300,아파트,전월세,202602,아파트 전월세,,,,,
광주첨단2지구사랑으로부영,29170-646,2013,26.05~28.05,신규,21,2,2026,"20,000",60.4624,6,737,0,,,첨단연신로 166,0,00166,00000,3162094,2,12300,12300,신용동,,북구,12300,아파트,전월세,202602,아파트 전월세,,,,,
산이고운신용PARK,29170-1368,2025,26.03~28.03,신규,23,2,2026,"33,600",84.8826,17,823,0,,,청계로 13,0,00013,00000,3162075,0,12300,12300,신안동,,북구,12300,아파트,전월세,202602,아파트 전월세,,,,,
광주첨단2지구사랑으로부영,29170-646,2013,26.04~28.04,신규,7,2,2026,"20,000",60.4624,9,737,0,,,첨단연신로 166,0,00166,00000,3162094,2,12300,12300,신용동,,북구,12300,아파트,전월세,202602,아파트 전월세,,,,,
금남로대광로제비앙,29170-835,2022,26.04~28.04,신규,19,2,2026,"30,000",84.7468,11,141,0,,,서림로 153,0,00153,00000,3162028,0,12300,12300,유동,,북구,12300,아파트,전월세,202602,아파트 전월세,,,,,
광주첨단2지구사랑으로부영,29170-646,2013,26.05~28.05,신규,21,2,2026,"20,000",60.4624,6,737,0,,,첨단연신로 166,0,00166,00000,3162094,2,12300,12300,신용동,,북구,12300,아파트,전월세,202602,아파트 전월세,,,,,
힐스테이트본촌,29170-774,2019,26.04~28.04,신규,28,2,2026,"25,000",68.0045,18,3102,0,,,본촌마을길 157-22,,00157,00022,4286278,1,12300,12300,본촌동,,북구,12300,아파트,전월세,202602,아파트 전월세,,,,,
양산타운,29170-214,1998,26.03~28.03,신규,2,2,2026,"2,000",59.94,9,330,60,,,하서로423번길 33,0,00033,00000,4286785,1,12300,12300,용두동,,북구,12300,아파트,전월세,202602,아파트 전월세,,,,,
힐스테이트신용더리버,29170-885,2024,26.04~28.04,신규,25,2,2026,"37,000",84.6,25,869,0,,,빛고을대로 615,0,00615,00000,2009010,0,12300,12300,신용동,,북구,12300,아파트,전월세,202602,아파트 전월세,,,,,
한국,29170-60,1994,26.03~28.03,신규,24,2,2026,"17,000",84.975,19,110-80,0,,,금호로40번길 33,0,00033,00000,4286094,2,12300,12300,운암동,,북구,12300,아파트,전월세,202602,아파트 전월세,,,,,
현대,29170-61,1992,26.04~28.04,신규,25,2,2026,"16,000",84.3,15,965,0,,,대자실로 23,0,00023,00000,3162008,1,12300,12300,운암동,,북구,12300,아파트,전월세,202602,아파트 전월세,,,,,
라인,29170-123,1994,26.03~28.03,신규,9,2,2026,"2,000",59.97,5,996-3,45,,,문산로 61,0,00061,00000,3162017,1,12300,12300,문흥동,,북구,12300,아파트,전월세,202602,아파트 전월세,,,,,
라인,29170-123,1994,26.03~28.03,신규,9,2,2026,"2,000",59.97,5,996-3,45,,,문산로 61,0,00061,00000,3162017,1,12300,12300,문흥동,,북구,12300,아파트,전월세,202602,아파트 전월세,,,,,
힐스테이트본촌,29170-774,2019,26.04~28.04,신규,28,2,2026,"25,000",68.0045,18,3102,0,,,본촌마을길 157-22,,00157,00022,4286278,1,12300,12300,본촌동,,북구,12300,아파트,전월세,202602,아파트 전월세,,,,,
힐스테이트본촌,29170-774,2019,26.04~28.04,신규,28,2,2026,"25,000",68.0045,18,3102,0,,,본촌마을길 157-22,,00157,00022,4286278,1,12300,12300,본촌동,,북구,12300,아파트,전월세,202602,아파트 전월세,,,,,
운암동롯데캐슬1단지,29170-528,2006,26.04~28.04,신규,11,2,2026,"25,000",84.9273,6,364-1,0,,,서강로54번길 11,0,00011,00000,4286341,1,12300,12300,운암동,,북구,12300,아파트,전월세,202602,아파트 전월세,,,,,
현대,29170-61,1992,26.04~28.04,신규,25,2,2026,"16,000",84.3,15,965,0,,,대자실로 23,0,00023,00000,3162008,1,12300,12300,운암동,,북구,12300,아파트,전월세,202602,아파트 전월세,,,,,
힐스테이트신용더리버,29170-885,2024,26.04~28.04,신규,25,2,2026,"37,000",84.6,25,869,0,,,빛고을대로 615,0,00615,00000,2009010,0,12300,12300,신용동,,북구,12300,아파트,전월세,202602,아파트 전월세,,,,,
쌍용예가,29170-535,2006,26.02~28.02,갱신,9,2,2026,"33,000",114.1204,19,999,0,"37,000",,서하로94번길 10,0,00010,00000,4286415,1,12300,12300,용봉동,,북구,12300,아파트,전월세,202602,아파트 전월세,,,,,
운암동롯데캐슬1단지,29170-528,2006,26.04~28.04,신규,11,2,2026,"25,000",84.9273,6,364-1,0,,,서강로54번길 11,0,00011,00000,4286341,1,12300,12300,운암동,,북구,12300,아파트,전월세,202602,아파트 전월세,,,,,
호반일신,29170-210,1997,26.02~28.02,신규,9,2,2026,"2,000",59.935,10,850-5,65,,,설죽로 545,0,00545,00000,3162033,6,12300,12300,일곡동,,북구,12300,아파트,전월세,202602,아파트 전월세,,,,,
현대,29170-35,1990,26.04~28.04,신규,13,2,2026,"13,500",84.87,12,1074-8,0,,,비엔날레로 60,0,00060,00000,3162024,0,12300,12300,용봉동,,북구,12300,아파트,전월세,202602,아파트 전월세,,,,,
센트럴시티서희스타힐스,29170-886,2024,26.04~28.03,신규,14,2,2026,"30,000",84.928,13,1130,0,,,임방울대로1041번길 32-19,0,00032,00019,4286609,0,12300,12300,용두동,,북구,12300,아파트,전월세,202602,아파트 전월세,,,,,
금남로대광로제비앙,29170-835,2022,26.04~28.04,신규,19,2,2026,"30,000",84.7468,11,141,0,,,서림로 153,0,00153,00000,3162028,0,12300,12300,유동,,북구,12300,아파트,전월세,202602,아파트 전월세,,,,,
첨단용두산이고운아파트,29170-757,2018,26.04~28.04,신규,11,2,2026,"29,000",84.9607,6,1116,0,,,임방울대로1042번길 17,0,00017,00000,4286610,0,12300,12300,용두동,,북구,12300,아파트,전월세,202602,아파트 전월세,,,,,
양산타운,29170-214,1998,26.03~28.03,신규,2,2,2026,"2,000",59.94,9,330,60,,,하서로423번길 33,0,00033,00000,4286785,1,12300,12300,용두동,,북구,12300,아파트,전월세,202602,아파트 전월세,,,,,
새한A,29170-261,1996,26.03~28.03,갱신,11,2,2026,"7,500",59.95,7,31-1,0,"7,500",,양산제로 50,0,00050,00000,3162044,2,12300,12300,연제동,,북구,12300,아파트,전월세,202602,아파트 전월세,,,,,
새한A,29170-261,1996,26.03~28.03,갱신,11,2,2026,"7,500",59.95,7,31-1,0,"7,500",,양산제로 50,0,00050,00000,3162044,2,12300,12300,연제동,,북구,12300,아파트,전월세,202602,아파트 전월세,,,,,
S-클래스더제니스,29170-887,2024,26.03~28.03,신규,11,2,2026,"50,000",106.3159,37,887,0,,,천변우로 227,,00227,00000,3009025,0,12300,12300,임동,,북구,12300,아파트,전월세,202602,아파트 전월세,,,,,
호반일신,29170-210,1997,26.02~28.02,신규,9,2,2026,"2,000",59.935,10,850-5,65,,,설죽로 545,0,00545,00000,3162033,6,12300,12300,일곡동,,북구,12300,아파트,전월세,202602,아파트 전월세,,,,,
S-클래스더제니스,29170-887,2024,26.03~28.03,신규,11,2,2026,"50,000",106.3159,37,887,0,,,천변우로 227,,00227,00000,3009025,0,12300,12300,임동,,북구,12300,아파트,전월세,202602,아파트 전월세,,,,,
새한A,29170-261,1996,26.03~28.03,갱신,11,2,2026,"7,500",59.95,7,31-1,0,"7,500",,양산제로 50,0,00050,00000,3162044,2,12300,12300,연제동,,북구,12300,아파트,전월세,202602,아파트 전월세,,,,,
금광,29170-192,1996,26.05~28.05,갱신,9,2,2026,"10,800",59.9,12,611-7,0,"11,000",,하서로241번길 16,,00016,00000,4286782,0,12300,12300,양산동,,북구,12300,아파트,전월세,202602,아파트 전월세,,,,,
금광,29170-192,1996,26.05~28.05,갱신,9,2,2026,"10,800",59.9,12,611-7,0,"11,000",,하서로241번길 16,,00016,00000,4286782,0,12300,12300,양산동,,북구,12300,아파트,전월세,202602,아파트 전월세,,,,,
쌍용예가,29170-535,2006,26.02~28.02,갱신,9,2,2026,"33,000",114.1204,19,999,0,"37,000",,서하로94번길 10,0,00010,00000,4286415,1,12300,12300,용봉동,,북구,12300,아파트,전월세,202602,아파트 전월세,,,,,
광주첨단2지구사랑으로부영,29170-646,2013,26.04~28.04,신규,7,2,2026,"20,000",60.4624,9,737,0,,,첨단연신로 166,0,00166,00000,3162094,2,12300,12300,신용동,,북구,12300,아파트,전월세,202602,아파트 전월세,,,,,
벽산블루밍메가씨티3단지,29170-568,2008,26.04~28.04,신규,7,2,2026,"27,000",84.8269,10,69,0,,,대자로 55,0,00055,00000,3162007,1,12300,12300,운암동,,북구,12300,아파트,전월세,202602,아파트 전월세,,,,,
삼성,29200-74,1996,26.04~28.04,신규,2,2,2026,"3,000",70.97,15,387-22,65,,,임방울대로 142-12,0,00142,00012,2009005,7,12330,12330,운남동,,광산구,12330,아파트,전월세,202602,아파트 전월세,,,,,
모아엘가더수완,29200-469,2022,26.04~28.04,신규,14,2,2026,"40,000",84.9831,18,1336,0,,,목련로381번길 27,0,00027,00000,4289111,1,12330,12330,신가동,,광산구,12330,아파트,전월세,202602,아파트 전월세,,,,,
국제미소래,29200-384,2017,26.05~28.05,신규,3,2,2026,"15,410",59.4918,14,1620,0,,,용아로 175,0,00175,00000,3163035,2,12330,12330,우산동,,광산구,12330,아파트,전월세,202602,아파트 전월세,,,,,
모아엘가더수완,29200-469,2022,26.04~28.04,신규,8,2,2026,"35,000",84.9836,8,1336,0,,,목련로381번길 27,0,00027,00000,4289111,1,12330,12330,신가동,,광산구,12330,아파트,전월세,202602,아파트 전월세,,,,,
현진에버빌1단지,29200-251,2009,26.05~28.05,신규,7,2,2026,"70,000",116.27,11,933,0,,,장덕로 138,0,00138,00000,3163046,1,12330,12330,수완동,,광산구,12330,아파트,전월세,202602,아파트 전월세,,,,,
하남3지구모아엘가,29200-406,2018,26.04~28.04,신규,20,2,2026,"28,000",84.9966,9,971,0,,,단전둘레길 15,0,00015,00000,4855424,0,12330,12330,하남동,,광산구,12330,아파트,전월세,202602,아파트 전월세,,,,,
첨단중해마루힐1차주상복합,29200-428,2020,26.03~28.03,갱신,7,2,2026,"25,710",84.9822,20,686-2,0,"25,079",,임방울대로825번길 60-6,,00060,00006,4289554,0,12330,12330,쌍암동,,광산구,12330,아파트,전월세,202602,아파트 전월세,,,,,
현진에버빌1단지,29200-251,2009,26.03~28.03,갱신,20,2,2026,"73,000",146.44,1,933,0,"70,000",,장덕로 138,0,00138,00000,3163046,1,12330,12330,수완동,사용,광산구,12330,아파트,전월세,202602,아파트 전월세,,,,,
첨단라인2차,29200-60,1995,26.03~28.03,신규,23,2,2026,"7,200",60,4,764-5,35,,,월계로 109,0,00109,00000,3163039,1,12330,12330,월계동,,광산구,12330,아파트,전월세,202602,아파트 전월세,,,,,
현진에버빌1단지,29200-251,2009,26.03~28.03,갱신,20,2,2026,"73,000",146.44,1,933,0,"70,000",,장덕로 138,0,00138,00000,3163046,1,12330,12330,수완동,사용,광산구,12330,아파트,전월세,202602,아파트 전월세,,,,,
운남주공8단지,29200-136,2000,26.03~28.03,신규,2,2,2026,"16,800",59.41,10,781-1,0,,,목련로153번길 143,0,00143,00000,4289101,1,12330,12330,운남동,,광산구,12330,아파트,전월세,202602,아파트 전월세,,,,,
첨단중해마루힐1차주상복합,29200-428,2020,26.03~28.03,갱신,7,2,2026,"25,710",84.9822,7,686-2,0,"25,079",,임방울대로825번길 60-6,,00060,00006,4289554,0,12330,12330,쌍암동,,광산구,12330,아파트,전월세,202602,아파트 전월세,,,,,
어등산진아리채리버필드,29200-1055,2025,26.04~28.04,신규,21,2,2026,"30,000",79.0078,13,869,0,,,선운중앙로 82,0,00082,00000,3163082,0,12330,12330,선암동,,광산구,12330,아파트,전월세,202602,아파트 전월세,,,,,
우산동중흥s-클래스리버티,29200-346,2015,26.04~28.04,신규,23,2,2026,"28,000",84.9543,15,1616,0,,,풍영철길로 20-20,0,00020,00020,3163062,1,12330,12330,우산동,,광산구,12330,아파트,전월세,202602,아파트 전월세,,,,,
어등산대광로제비앙퍼스트뷰공동주택,29200-496,2023,26.02~28.02,신규,3,2,2026,"29,000",81.3014,12,1148,0,,,용아로 247,0,00247,00000,3163035,0,12330,12330,산정동,,광산구,12330,아파트,전월세,202602,아파트 전월세,,,,,
첨단중해마루힐1차주상복합,29200-428,2020,26.03~28.03,갱신,7,2,2026,"25,710",84.9822,21,686-2,0,"25,079",,임방울대로825번길 60-6,,00060,00006,4289554,0,12330,12330,쌍암동,,광산구,12330,아파트,전월세,202602,아파트 전월세,,,,,
세계수영선수촌 중흥에스-클래스 센트럴,29200-432,2020,26.02~28.02,신규,24,2,2026,"25,200",75.9493,8,1621,0,,,금봉로 106,,00106,00000,3163003,0,12330,12330,우산동,,광산구,12330,아파트,전월세,202602,아파트 전월세,,,,,
운남주공7단지,29200-138,2001,26.04~28.04,신규,28,2,2026,"1,000",39.99,18,794-3,45,,,목련로153번길 56,0,00056,00000,4289101,1,12330,12330,운남동,,광산구,12330,아파트,전월세,202602,아파트 전월세,,,,,
운남주공7단지,29200-138,2001,26.04~28.04,신규,28,2,2026,"1,000",39.99,18,794-3,45,,,목련로153번길 56,0,00056,00000,4289101,1,12330,12330,운남동,,광산구,12330,아파트,전월세,202602,아파트 전월세,,,,,
선운리버프라임,29200-386,2017,26.02~27.09,갱신,5,2,2026,"10,478",66.96,3,553,28,"3,778",56,선운로 65,0,00065,00000,3163081,0,12330,12330,선암동,,광산구,12330,아파트,전월세,202602,아파트 전월세,,,,,
모아엘가더수완,29200-469,2022,26.04~28.04,신규,14,2,2026,"40,000",84.9831,18,1336,0,,,목련로381번길 27,0,00027,00000,4289111,1,12330,12330,신가동,,광산구,12330,아파트,전월세,202602,아파트 전월세,,,,,
국제미소래,29200-384,2017,26.04~28.04,신규,25,2,2026,"15,410",59.4918,13,1620,0,,,용아로 175,0,00175,00000,3163035,2,12330,12330,우산동,,광산구,12330,아파트,전월세,202602,아파트 전월세,,,,,
광주선운휴먼시아,29200-271,2011,26.03~28.02,갱신,24,2,2026,"1,561",36.56,7,540,11,"1,486",11,선운중앙로 68,0,00068,00000,3163082,1,12330,12330,선암동,,광산구,12330,아파트,전월세,202602,아파트 전월세,,,,,
첨단중해마루힐1차주상복합,29200-428,2020,26.03~28.03,갱신,6,2,2026,"25,710",84.9822,6,686-2,0,"25,079",,임방울대로825번길 60-6,,00060,00006,4289554,0,12330,12330,쌍암동,,광산구,12330,아파트,전월세,202602,아파트 전월세,,,,,
세계수영선수촌 중흥에스-클래스 센트럴,29200-432,2020,26.02~28.02,신규,24,2,2026,"25,200",75.9493,8,1621,0,,,금봉로 106,,00106,00000,3163003,0,12330,12330,우산동,,광산구,12330,아파트,전월세,202602,아파트 전월세,,,,,
삼성,29200-74,1996,26.04~28.04,신규,2,2,2026,"3,000",70.97,15,387-22,65,,,임방울대로 142-12,0,00142,00012,2009005,7,12330,12330,운남동,,광산구,12330,아파트,전월세,202602,아파트 전월세,,,,,
국제미소래,29200-384,2017,26.04~28.04,신규,25,2,2026,"15,410",59.4918,13,1620,0,,,용아로 175,0,00175,00000,3163035,2,12330,12330,우산동,,광산구,12330,아파트,전월세,202602,아파트 전월세,,,,,
첨단중해마루힐1차주상복합,29200-428,2020,26.03~28.03,갱신,5,2,2026,"25,710",84.9822,15,686-2,0,"25,079",,임방울대로825번길 60-6,,00060,00006,4289554,0,12330,12330,쌍암동,,광산구,12330,아파트,전월세,202602,아파트 전월세,,,,,
신창3차호반베르디움,29200-207,2005,26.02~28.02,신규,14,2,2026,"29,500",84.8581,10,1118,0,,,신창로161번길 19,0,00019,00000,4289386,1,12330,12330,신창동,,광산구,12330,아파트,전월세,202602,아파트 전월세,,,,,
첨단중해마루힐1차주상복합,29200-428,2020,26.03~28.03,갱신,6,2,2026,"25,710",84.9822,7,686-2,0,"25,079",,임방울대로825번길 60-6,,00060,00006,4289554,0,12330,12330,쌍암동,,광산구,12330,아파트,전월세,202602,아파트 전월세,,,,,
첨단중해마루힐1차주상복합,29200-428,2020,26.03~28.03,갱신,5,2,2026,"25,710",84.9822,12,686-2,0,"25,079",,임방울대로825번길 60-6,,00060,00006,4289554,0,12330,12330,쌍암동,,광산구,12330,아파트,전월세,202602,아파트 전월세,,,,,
우산동중흥s-클래스리버티,29200-346,2015,26.04~28.04,신규,23,2,2026,"28,000",84.9543,15,1616,0,,,풍영철길로 20-20,0,00020,00020,3163062,1,12330,12330,우산동,,광산구,12330,아파트,전월세,202602,아파트 전월세,,,,,
광주선운휴먼시아,29200-271,2011,26.03~28.02,갱신,24,2,2026,"1,561",36.56,7,540,11,"1,486",11,선운중앙로 68,0,00068,00000,3163082,1,12330,12330,선암동,,광산구,12330,아파트,전월세,202602,아파트 전월세,,,,,
첨단라인2차,29200-60,1995,26.03~28.03,신규,23,2,2026,"7,200",60,4,764-5,35,,,월계로 109,0,00109,00000,3163039,1,12330,12330,월계동,,광산구,12330,아파트,전월세,202602,아파트 전월세,,,,,
첨단중해마루힐1차주상복합,29200-428,2020,26.03~28.03,갱신,5,2,2026,"25,710",84.9822,19,686-2,0,"25,079",,임방울대로825번길 60-6,,00060,00006,4289554,0,12330,12330,쌍암동,,광산구,12330,아파트,전월세,202602,아파트 전월세,,,,,
어등산진아리채리버필드,29200-1055,2025,26.04~28.04,신규,21,2,2026,"30,000",79.0078,13,869,0,,,선운중앙로 82,0,00082,00000,3163082,0,12330,12330,선암동,,광산구,12330,아파트,전월세,202602,아파트 전월세,,,,,
하남3지구모아엘가,29200-406,2018,26.04~28.04,신규,20,2,2026,"28,000",84.9966,9,971,0,,,단전둘레길 15,0,00015,00000,4855424,0,12330,12330,하남동,,광산구,12330,아파트,전월세,202602,아파트 전월세,,,,,
신창3차호반베르디움,29200-207,2005,26.02~28.02,신규,14,2,2026,"29,500",84.8581,10,1118,0,,,신창로161번길 19,0,00019,00000,4289386,1,12330,12330,신창동,,광산구,12330,아파트,전월세,202602,아파트 전월세,,,,,
첨단중해마루힐1차주상복합,29200-428,2020,26.03~28.03,갱신,7,2,2026,"25,710",84.9822,6,686-2,0,"25,079",,임방울대로825번길 60-6,,00060,00006,4289554,0,12330,12330,쌍암동,,광산구,12330,아파트,전월세,202602,아파트 전월세,,,,,
첨단중해마루힐1차주상복합,29200-428,2020,26.03~28.03,갱신,6,2,2026,"19,580",59.985,12,686-2,0,"19,099",,임방울대로825번길 60-6,,00060,00006,4289554,0,12330,12330,쌍암동,,광산구,12330,아파트,전월세,202602,아파트 전월세,,,,,
첨단중해마루힐1차주상복합,29200-428,2020,26.03~28.03,갱신,6,2,2026,"25,710",84.9822,6,686-2,0,"25,079",,임방울대로825번길 60-6,,00060,00006,4289554,0,12330,12330,쌍암동,,광산구,12330,아파트,전월세,202602,아파트 전월세,,,,,
모아엘가더수완,29200-469,2022,26.04~28.04,신규,8,2,2026,"35,000",84.9836,8,1336,0,,,목련로381번길 27,0,00027,00000,4289111,1,12330,12330,신가동,,광산구,12330,아파트,전월세,202602,아파트 전월세,,,,,
현진에버빌1단지,29200-251,2009,26.05~28.05,신규,7,2,2026,"70,000",116.27,11,933,0,,,장덕로 138,0,00138,00000,3163046,1,12330,12330,수완동,,광산구,12330,아파트,전월세,202602,아파트 전월세,,,,,
첨단중해마루힐1차주상복합,29200-428,2020,26.03~28.03,갱신,6,2,2026,"25,710",84.9822,7,686-2,0,"25,079",,임방울대로825번길 60-6,,00060,00006,4289554,0,12330,12330,쌍암동,,광산구,12330,아파트,전월세,202602,아파트 전월세,,,,,
첨단중해마루힐1차주상복합,29200-428,2020,26.03~28.03,갱신,11,2,2026,"25,710",84.9822,24,686-2,0,"25,079",,임방울대로825번길 60-6,,00060,00006,4289554,0,12330,12330,쌍암동,,광산구,12330,아파트,전월세,202602,아파트 전월세,,,,,
첨단중해마루힐1차주상복합,29200-428,2020,26.03~28.03,갱신,7,2,2026,"25,710",84.9822,6,686-2,0,"25,079",,임방울대로825번길 60-6,,00060,00006,4289554,0,12330,12330,쌍암동,,광산구,12330,아파트,전월세,202602,아파트 전월세,,,,,
첨단중해마루힐1차주상복합,29200-428,2020,26.03~28.03,갱신,6,2,2026,"25,710",84.9822,8,686-2,0,"25,079",,임방울대로825번길 60-6,,00060,00006,4289554,0,12330,12330,쌍암동,,광산구,12330,아파트,전월세,202602,아파트 전월세,,,,,
첨단중해마루힐1차주상복합,29200-428,2020,26.03~28.03,갱신,6,2,2026,"25,710",84.9822,8,686-2,0,"25,079",,임방울대로825번길 60-6,,00060,00006,4289554,0,12330,12330,쌍암동,,광산구,12330,아파트,전월세,202602,아파트 전월세,,,,,
첨단중해마루힐1차주상복합,29200-428,2020,26.03~28.03,갱신,7,2,2026,"25,710",84.9822,6,686-2,0,"25,079",,임방울대로825번길 60-6,,00060,00006,4289554,0,12330,12330,쌍암동,,광산구,12330,아파트,전월세,202602,아파트 전월세,,,,,
첨단중해마루힐1차주상복합,29200-428,2020,26.03~28.03,갱신,7,2,2026,"25,710",84.9822,27,686-2,0,"25,079",,임방울대로825번길 60-6,,00060,00006,4289554,0,12330,12330,쌍암동,,광산구,12330,아파트,전월세,202602,아파트 전월세,,,,,
첨단중해마루힐1차주상복합,29200-428,2020,26.03~28.03,갱신,5,2,2026,"25,710",84.9822,8,686-2,0,"25,079",,임방울대로825번길 60-6,,00060,00006,4289554,0,12330,12330,쌍암동,,광산구,12330,아파트,전월세,202602,아파트 전월세,,,,,
첨단중해마루힐1차주상복합,29200-428,2020,26.03~28.03,갱신,11,2,2026,"25,710",84.9822,24,686-2,0,"25,079",,임방울대로825번길 60-6,,00060,00006,4289554,0,12330,12330,쌍암동,,광산구,12330,아파트,전월세,202602,아파트 전월세,,,,,
첨단중해마루힐1차주상복합,29200-428,2020,26.03~28.03,갱신,6,2,2026,"25,710",84.9822,9,686-2,0,"25,079",,임방울대로825번길 60-6,,00060,00006,4289554,0,12330,12330,쌍암동,,광산구,12330,아파트,전월세,202602,아파트 전월세,,,,,
어등산대광로제비앙퍼스트뷰공동주택,29200-496,2023,26.02~28.02,신규,3,2,2026,"29,000",81.3014,12,1148,0,,,용아로 247,0,00247,00000,3163035,0,12330,12330,산정동,,광산구,12330,아파트,전월세,202602,아파트 전월세,,,,,
첨단중해마루힐1차주상복합,29200-428,2020,26.03~28.03,갱신,7,2,2026,"25,710",84.9822,21,686-2,0,"25,079",,임방울대로825번길 60-6,,00060,00006,4289554,0,12330,12330,쌍암동,,광산구,12330,아파트,전월세,202602,아파트 전월세,,,,,
첨단중해마루힐1차주상복합,29200-428,2020,26.03~28.03,갱신,7,2,2026,"25,710",84.9822,7,686-2,0,"25,079",,임방울대로825번길 60-6,,00060,00006,4289554,0,12330,12330,쌍암동,,광산구,12330,아파트,전월세,202602,아파트 전월세,,,,,
첨단중해마루힐1차주상복합,29200-428,2020,26.03~28.03,갱신,7,2,2026,"25,710",84.9822,25,686-2,0,"25,079",,임방울대로825번길 60-6,,00060,00006,4289554,0,12330,12330,쌍암동,,광산구,12330,아파트,전월세,202602,아파트 전월세,,,,,
첨단중해마루힐1차주상복합,29200-428,2020,26.03~28.03,갱신,7,2,2026,"25,710",84.9822,20,686-2,0,"25,079",,임방울대로825번길 60-6,,00060,00006,4289554,0,12330,12330,쌍암동,,광산구,12330,아파트,전월세,202602,아파트 전월세,,,,,
첨단중해마루힐1차주상복합,29200-428,2020,26.03~28.03,갱신,7,2,2026,"25,710",84.9822,27,686-2,0,"25,079",,임방울대로825번길 60-6,,00060,00006,4289554,0,12330,12330,쌍암동,,광산구,12330,아파트,전월세,202602,아파트 전월세,,,,,
첨단중해마루힐1차주상복합,29200-428,2020,26.03~28.03,갱신,6,2,2026,"25,710",84.9822,16,686-2,0,"25,079",,임방울대로825번길 60-6,,00060,00006,4289554,0,12330,12330,쌍암동,,광산구,12330,아파트,전월세,202602,아파트 전월세,,,,,
첨단중해마루힐1차주상복합,29200-428,2020,26.03~28.03,갱신,7,2,2026,"25,710",84.9822,25,686-2,0,"25,079",,임방울대로825번길 60-6,,00060,00006,4289554,0,12330,12330,쌍암동,,광산구,12330,아파트,전월세,202602,아파트 전월세,,,,,
첨단중해마루힐1차주상복합,29200-428,2020,26.03~28.03,갱신,5,2,2026,"25,710",84.9822,22,686-2,0,"25,079",,임방울대로825번길 60-6,,00060,00006,4289554,0,12330,12330,쌍암동,,광산구,12330,아파트,전월세,202602,아파트 전월세,,,,,
첨단중해마루힐1차주상복합,29200-428,2020,26.03~28.03,갱신,5,2,2026,"25,710",84.9822,22,686-2,0,"25,079",,임방울대로825번길 60-6,,00060,00006,4289554,0,12330,12330,쌍암동,,광산구,12330,아파트,전월세,202602,아파트 전월세,,,,,
첨단중해마루힐1차주상복합,29200-428,2020,26.03~28.03,갱신,7,2,2026,"25,710",84.9822,20,686-2,0,"25,079",,임방울대로825번길 60-6,,00060,00006,4289554,0,12330,12330,쌍암동,,광산구,12330,아파트,전월세,202602,아파트 전월세,,,,,
첨단중해마루힐1차주상복합,29200-428,2020,26.03~28.03,갱신,6,2,2026,"25,710",84.9822,29,686-2,0,"25,079",,임방울대로825번길 60-6,,00060,00006,4289554,0,12330,12330,쌍암동,,광산구,12330,아파트,전월세,202602,아파트 전월세,,,,,
첨단중해마루힐1차주상복합,29200-428,2020,26.03~28.03,갱신,5,2,2026,"25,710",84.9822,23,686-2,0,"25,079",,임방울대로825번길 60-6,,00060,00006,4289554,0,12330,12330,쌍암동,,광산구,12330,아파트,전월세,202602,아파트 전월세,,,,,
첨단중해마루힐1차주상복합,29200-428,2020,26.03~28.03,갱신,6,2,2026,"25,710",84.9822,13,686-2,0,"25,079",,임방울대로825번길 60-6,,00060,00006,4289554,0,12330,12330,쌍암동,,광산구,12330,아파트,전월세,202602,아파트 전월세,,,,,
첨단중해마루힐1차주상복합,29200-428,2020,26.03~28.03,갱신,6,2,2026,"19,580",59.985,24,686-2,0,"19,099",,임방울대로825번길 60-6,,00060,00006,4289554,0,12330,12330,쌍암동,,광산구,12330,아파트,전월세,202602,아파트 전월세,,,,,
첨단중해마루힐1차주상복합,29200-428,2020,26.03~28.03,갱신,6,2,2026,"19,580",59.985,24,686-2,0,"19,099",,임방울대로825번길 60-6,,00060,00006,4289554,0,12330,12330,쌍암동,,광산구,12330,아파트,전월세,202602,아파트 전월세,,,,,
첨단중해마루힐1차주상복합,29200-428,2020,26.03~28.03,갱신,6,2,2026,"25,710",84.9822,13,686-2,0,"25,079",,임방울대로825번길 60-6,,00060,00006,4289554,0,12330,12330,쌍암동,,광산구,12330,아파트,전월세,202602,아파트 전월세,,,,,
첨단중해마루힐1차주상복합,29200-428,2020,26.03~28.03,갱신,5,2,2026,"25,710",84.9822,29,686-2,0,"25,079",,임방울대로825번길 60-6,,00060,00006,4289554,0,12330,12330,쌍암동,,광산구,12330,아파트,전월세,202602,아파트 전월세,,,,,
첨단중해마루힐1차주상복합,29200-428,2020,26.03~28.03,갱신,5,2,2026,"19,580",59.985,18,686-2,0,"19,099",,임방울대로825번길 60-6,,00060,00006,4289554,0,12330,12330,쌍암동,,광산구,12330,아파트,전월세,202602,아파트 전월세,,,,,
첨단중해마루힐1차주상복합,29200-428,2020,26.03~28.03,갱신,6,2,2026,"25,710",84.9822,8,686-2,0,"25,079",,임방울대로825번길 60-6,,00060,00006,4289554,0,12330,12330,쌍암동,,광산구,12330,아파트,전월세,202602,아파트 전월세,,,,,
첨단중해마루힐1차주상복합,29200-428,2020,26.03~28.03,갱신,6,2,2026,"25,710",84.9822,14,686-2,0,"25,079",,임방울대로825번길 60-6,,00060,00006,4289554,0,12330,12330,쌍암동,,광산구,12330,아파트,전월세,202602,아파트 전월세,,,,,
첨단중해마루힐1차주상복합,29200-428,2020,26.03~28.03,갱신,5,2,2026,"25,710",84.9822,5,686-2,0,"25,079",,임방울대로825번길 60-6,,00060,00006,4289554,0,12330,12330,쌍암동,,광산구,12330,아파트,전월세,202602,아파트 전월세,,,,,
첨단중해마루힐1차주상복합,29200-428,2020,26.03~28.03,갱신,6,2,2026,"25,710",84.9822,5,686-2,0,"25,079",,임방울대로825번길 60-6,,00060,00006,4289554,0,12330,12330,쌍암동,,광산구,12330,아파트,전월세,202602,아파트 전월세,,,,,
첨단중해마루힐1차주상복합,29200-428,2020,26.03~28.03,갱신,6,2,2026,"25,710",84.9822,5,686-2,0,"25,079",,임방울대로825번길 60-6,,00060,00006,4289554,0,12330,12330,쌍암동,,광산구,12330,아파트,전월세,202602,아파트 전월세,,,,,
첨단중해마루힐1차주상복합,29200-428,2020,26.03~28.03,갱신,6,2,2026,"25,710",84.9822,16,686-2,0,"25,079",,임방울대로825번길 60-6,,00060,00006,4289554,0,12330,12330,쌍암동,,광산구,12330,아파트,전월세,202602,아파트 전월세,,,,,
첨단중해마루힐1차주상복합,29200-428,2020,26.03~28.03,갱신,6,2,2026,"25,710",84.9822,8,686-2,0,"25,079",,임방울대로825번길 60-6,,00060,00006,4289554,0,12330,12330,쌍암동,,광산구,12330,아파트,전월세,202602,아파트 전월세,,,,,
첨단중해마루힐1차주상복합,29200-428,2020,26.03~28.03,갱신,6,2,2026,"25,710",84.9822,16,686-2,0,"25,079",,임방울대로825번길 60-6,,00060,00006,4289554,0,12330,12330,쌍암동,,광산구,12330,아파트,전월세,202602,아파트 전월세,,,,,
첨단중해마루힐1차주상복합,29200-428,2020,26.03~28.03,갱신,6,2,2026,"19,580",59.985,12,686-2,0,"19,099",,임방울대로825번길 60-6,,00060,00006,4289554,0,12330,12330,쌍암동,,광산구,12330,아파트,전월세,202602,아파트 전월세,,,,,
첨단중해마루힐1차주상복합,29200-428,2020,26.03~28.03,갱신,6,2,2026,"25,710",84.9822,5,686-2,0,"25,079",,임방울대로825번길 60-6,,00060,00006,4289554,0,12330,12330,쌍암동,,광산구,12330,아파트,전월세,202602,아파트 전월세,,,,,
첨단중해마루힐1차주상복합,29200-428,2020,26.03~28.03,갱신,5,2,2026,"25,710",84.9822,19,686-2,0,"25,079",,임방울대로825번길 60-6,,00060,00006,4289554,0,12330,12330,쌍암동,,광산구,12330,아파트,전월세,202602,아파트 전월세,,,,,
첨단중해마루힐1차주상복합,29200-428,2020,26.03~28.03,갱신,6,2,2026,"25,710",84.9822,14,686-2,0,"25,079",,임방울대로825번길 60-6,,00060,00006,4289554,0,12330,12330,쌍암동,,광산구,12330,아파트,전월세,202602,아파트 전월세,,,,,
첨단중해마루힐1차주상복합,29200-428,2020,26.03~28.03,갱신,6,2,2026,"25,710",84.9822,9,686-2,0,"25,079",,임방울대로825번길 60-6,,00060,00006,4289554,0,12330,12330,쌍암동,,광산구,12330,아파트,전월세,202602,아파트 전월세,,,,,
첨단중해마루힐1차주상복합,29200-428,2020,26.03~28.03,갱신,5,2,2026,"25,710",84.9822,14,686-2,0,"25,079",,임방울대로825번길 60-6,,00060,00006,4289554,0,12330,12330,쌍암동,,광산구,12330,아파트,전월세,202602,아파트 전월세,,,,,
첨단중해마루힐1차주상복합,29200-428,2020,26.03~28.03,갱신,5,2,2026,"25,710",84.9822,26,686-2,0,"25,079",,임방울대로825번길 60-6,,00060,00006,4289554,0,12330,12330,쌍암동,,광산구,12330,아파트,전월세,202602,아파트 전월세,,,,,
첨단중해마루힐1차주상복합,29200-428,2020,26.03~28.03,갱신,6,2,2026,"25,710",84.9822,29,686-2,0,"25,079",,임방울대로825번길 60-6,,00060,00006,4289554,0,12330,12330,쌍암동,,광산구,12330,아파트,전월세,202602,아파트 전월세,,,,,
첨단중해마루힐1차주상복합,29200-428,2020,26.03~28.03,신규,5,2,2026,"25,710",84.9822,24,686-2,0,,,임방울대로825번길 60-6,,00060,00006,4289554,0,12330,12330,쌍암동,,광산구,12330,아파트,전월세,202602,아파트 전월세,,,,,
첨단중해마루힐1차주상복합,29200-428,2020,26.03~28.03,갱신,5,2,2026,"25,710",84.9822,29,686-2,0,"25,079",,임방울대로825번길 60-6,,00060,00006,4289554,0,12330,12330,쌍암동,,광산구,12330,아파트,전월세,202602,아파트 전월세,,,,,
첨단중해마루힐1차주상복합,29200-428,2020,26.03~28.03,갱신,5,2,2026,"25,710",84.9822,28,686-2,0,"25,079",,임방울대로825번길 60-6,,00060,00006,4289554,0,12330,12330,쌍암동,,광산구,12330,아파트,전월세,202602,아파트 전월세,,,,,
첨단중해마루힐1차주상복합,29200-428,2020,26.03~28.03,갱신,5,2,2026,"19,580",59.985,18,686-2,0,"19,099",,임방울대로825번길 60-6,,00060,00006,4289554,0,12330,12330,쌍암동,,광산구,12330,아파트,전월세,202602,아파트 전월세,,,,,
첨단중해마루힐1차주상복합,29200-428,2020,26.03~28.03,갱신,5,2,2026,"25,710",84.9822,18,686-2,0,"25,079",,임방울대로825번길 60-6,,00060,00006,4289554,0,12330,12330,쌍암동,,광산구,12330,아파트,전월세,202602,아파트 전월세,,,,,
첨단중해마루힐1차주상복합,29200-428,2020,26.03~28.03,갱신,5,2,2026,"25,710",84.9822,10,686-2,0,"25,079",,임방울대로825번길 60-6,,00060,00006,4289554,0,12330,12330,쌍암동,,광산구,12330,아파트,전월세,202602,아파트 전월세,,,,,
첨단중해마루힐1차주상복합,29200-428,2020,26.03~28.03,갱신,5,2,2026,"25,710",84.9822,20,686-2,0,"25,079",,임방울대로825번길 60-6,,00060,00006,4289554,0,12330,12330,쌍암동,,광산구,12330,아파트,전월세,202602,아파트 전월세,,,,,
첨단중해마루힐1차주상복합,29200-428,2020,26.03~28.03,갱신,5,2,2026,"25,710",84.9822,20,686-2,0,"25,079",,임방울대로825번길 60-6,,00060,00006,4289554,0,12330,12330,쌍암동,,광산구,12330,아파트,전월세,202602,아파트 전월세,,,,,
첨단중해마루힐1차주상복합,29200-428,2020,26.03~28.03,갱신,5,2,2026,"25,710",84.9822,11,686-2,0,"25,079",,임방울대로825번길 60-6,,00060,00006,4289554,0,12330,12330,쌍암동,,광산구,12330,아파트,전월세,202602,아파트 전월세,,,,,
첨단중해마루힐1차주상복합,29200-428,2020,26.03~28.03,갱신,5,2,2026,"25,710",84.9822,12,686-2,0,"25,079",,임방울대로825번길 60-6,,00060,00006,4289554,0,12330,12330,쌍암동,,광산구,12330,아파트,전월세,202602,아파트 전월세,,,,,
첨단중해마루힐1차주상복합,29200-428,2020,26.03~28.03,갱신,5,2,2026,"25,710",84.9822,27,686-2,0,"25,079",,임방울대로825번길 60-6,,00060,00006,4289554,0,12330,12330,쌍암동,,광산구,12330,아파트,전월세,202602,아파트 전월세,,,,,
첨단중해마루힐1차주상복합,29200-428,2020,26.03~28.03,갱신,5,2,2026,"25,710",84.9822,22,686-2,0,"25,079",,임방울대로825번길 60-6,,00060,00006,4289554,0,12330,12330,쌍암동,,광산구,12330,아파트,전월세,202602,아파트 전월세,,,,,
첨단중해마루힐1차주상복합,29200-428,2020,26.03~28.03,갱신,5,2,2026,"25,710",84.9822,14,686-2,0,"25,079",,임방울대로825번길 60-6,,00060,00006,4289554,0,12330,12330,쌍암동,,광산구,12330,아파트,전월세,202602,아파트 전월세,,,,,
첨단중해마루힐1차주상복합,29200-428,2020,26.03~28.03,갱신,5,2,2026,"25,710",84.9822,5,686-2,0,"25,079",,임방울대로825번길 60-6,,00060,00006,4289554,0,12330,12330,쌍암동,,광산구,12330,아파트,전월세,202602,아파트 전월세,,,,,
첨단중해마루힐1차주상복합,29200-428,2020,26.03~28.03,갱신,5,2,2026,"25,710",84.9822,18,686-2,0,"25,079",,임방울대로825번길 60-6,,00060,00006,4289554,0,12330,12330,쌍암동,,광산구,12330,아파트,전월세,202602,아파트 전월세,,,,,
첨단중해마루힐1차주상복합,29200-428,2020,26.03~28.03,갱신,5,2,2026,"25,710",84.9822,26,686-2,0,"25,079",,임방울대로825번길 60-6,,00060,00006,4289554,0,12330,12330,쌍암동,,광산구,12330,아파트,전월세,202602,아파트 전월세,,,,,
첨단중해마루힐1차주상복합,29200-428,2020,26.03~28.03,갱신,5,2,2026,"25,710",84.9822,23,686-2,0,"25,079",,임방울대로825번길 60-6,,00060,00006,4289554,0,12330,12330,쌍암동,,광산구,12330,아파트,전월세,202602,아파트 전월세,,,,,
첨단중해마루힐1차주상복합,29200-428,2020,26.03~28.03,갱신,5,2,2026,"25,710",84.9822,10,686-2,0,"25,079",,임방울대로825번길 60-6,,00060,00006,4289554,0,12330,12330,쌍암동,,광산구,12330,아파트,전월세,202602,아파트 전월세,,,,,
첨단중해마루힐1차주상복합,29200-428,2020,26.03~28.03,갱신,5,2,2026,"25,710",84.9822,18,686-2,0,"25,079",,임방울대로825번길 60-6,,00060,00006,4289554,0,12330,12330,쌍암동,,광산구,12330,아파트,전월세,202602,아파트 전월세,,,,,
첨단중해마루힐1차주상복합,29200-428,2020,26.03~28.03,신규,5,2,2026,"25,710",84.9822,24,686-2,0,,,임방울대로825번길 60-6,,00060,00006,4289554,0,12330,12330,쌍암동,,광산구,12330,아파트,전월세,202602,아파트 전월세,,,,,
첨단중해마루힐1차주상복합,29200-428,2020,26.03~28.03,갱신,5,2,2026,"25,710",84.9822,15,686-2,0,"25,079",,임방울대로825번길 60-6,,00060,00006,4289554,0,12330,12330,쌍암동,,광산구,12330,아파트,전월세,202602,아파트 전월세,,,,,
첨단중해마루힐1차주상복합,29200-428,2020,26.03~28.03,갱신,5,2,2026,"25,710",84.9822,5,686-2,0,"25,079",,임방울대로825번길 60-6,,00060,00006,4289554,0,12330,12330,쌍암동,,광산구,12330,아파트,전월세,202602,아파트 전월세,,,,,
첨단중해마루힐1차주상복합,29200-428,2020,26.03~28.03,갱신,5,2,2026,"25,710",84.9822,8,686-2,0,"25,079",,임방울대로825번길 60-6,,00060,00006,4289554,0,12330,12330,쌍암동,,광산구,12330,아파트,전월세,202602,아파트 전월세,,,,,
첨단중해마루힐1차주상복합,29200-428,2020,26.03~28.03,갱신,5,2,2026,"25,710",84.9822,18,686-2,0,"25,079",,임방울대로825번길 60-6,,00060,00006,4289554,0,12330,12330,쌍암동,,광산구,12330,아파트,전월세,202602,아파트 전월세,,,,,
첨단중해마루힐1차주상복합,29200-428,2020,26.03~28.03,갱신,5,2,2026,"25,710",84.9822,15,686-2,0,"25,079",,임방울대로825번길 60-6,,00060,00006,4289554,0,12330,12330,쌍암동,,광산구,12330,아파트,전월세,202602,아파트 전월세,,,,,
첨단중해마루힐1차주상복합,29200-428,2020,26.03~28.03,갱신,5,2,2026,"25,710",84.9822,9,686-2,0,"25,079",,임방울대로825번길 60-6,,00060,00006,4289554,0,12330,12330,쌍암동,,광산구,12330,아파트,전월세,202602,아파트 전월세,,,,,
첨단중해마루힐1차주상복합,29200-428,2020,26.03~28.03,갱신,5,2,2026,"25,710",84.9822,22,686-2,0,"25,079",,임방울대로825번길 60-6,,00060,00006,4289554,0,12330,12330,쌍암동,,광산구,12330,아파트,전월세,202602,아파트 전월세,,,,,
첨단중해마루힐1차주상복합,29200-428,2020,26.03~28.03,갱신,5,2,2026,"25,710",84.9822,11,686-2,0,"25,079",,임방울대로825번길 60-6,,00060,00006,4289554,0,12330,12330,쌍암동,,광산구,12330,아파트,전월세,202602,아파트 전월세,,,,,
첨단중해마루힐1차주상복합,29200-428,2020,26.03~28.03,갱신,5,2,2026,"25,710",84.9822,9,686-2,0,"25,079",,임방울대로825번길 60-6,,00060,00006,4289554,0,12330,12330,쌍암동,,광산구,12330,아파트,전월세,202602,아파트 전월세,,,,,
첨단중해마루힐1차주상복합,29200-428,2020,26.03~28.03,갱신,5,2,2026,"25,710",84.9822,13,686-2,0,"25,079",,임방울대로825번길 60-6,,00060,00006,4289554,0,12330,12330,쌍암동,,광산구,12330,아파트,전월세,202602,아파트 전월세,,,,,
첨단중해마루힐1차주상복합,29200-428,2020,26.03~28.03,갱신,5,2,2026,"25,710",84.9822,27,686-2,0,"25,079",,임방울대로825번길 60-6,,00060,00006,4289554,0,12330,12330,쌍암동,,광산구,12330,아파트,전월세,202602,아파트 전월세,,,,,
첨단중해마루힐1차주상복합,29200-428,2020,26.03~28.03,갱신,5,2,2026,"25,710",84.9822,13,686-2,0,"25,079",,임방울대로825번길 60-6,,00060,00006,4289554,0,12330,12330,쌍암동,,광산구,12330,아파트,전월세,202602,아파트 전월세,,,,,
첨단중해마루힐1차주상복합,29200-428,2020,26.03~28.03,갱신,5,2,2026,"25,710",84.9822,26,686-2,0,"25,079",,임방울대로825번길 60-6,,00060,00006,4289554,0,12330,12330,쌍암동,,광산구,12330,아파트,전월세,202602,아파트 전월세,,,,,
첨단중해마루힐1차주상복합,29200-428,2020,26.03~28.03,갱신,5,2,2026,"25,710",84.9822,19,686-2,0,"25,079",,임방울대로825번길 60-6,,00060,00006,4289554,0,12330,12330,쌍암동,,광산구,12330,아파트,전월세,202602,아파트 전월세,,,,,
첨단중해마루힐1차주상복합,29200-428,2020,26.03~28.03,갱신,5,2,2026,"25,710",84.9822,12,686-2,0,"25,079",,임방울대로825번길 60-6,,00060,00006,4289554,0,12330,12330,쌍암동,,광산구,12330,아파트,전월세,202602,아파트 전월세,,,,,
첨단중해마루힐1차주상복합,29200-428,2020,26.03~28.03,갱신,5,2,2026,"25,710",84.9822,20,686-2,0,"25,079",,임방울대로825번길 60-6,,00060,00006,4289554,0,12330,12330,쌍암동,,광산구,12330,아파트,전월세,202602,아파트 전월세,,,,,
첨단중해마루힐1차주상복합,29200-428,2020,26.03~28.03,갱신,5,2,2026,"25,710",84.9822,28,686-2,0,"25,079",,임방울대로825번길 60-6,,00060,00006,4289554,0,12330,12330,쌍암동,,광산구,12330,아파트,전월세,202602,아파트 전월세,,,,,
첨단중해마루힐1차주상복합,29200-428,2020,26.03~28.03,갱신,5,2,2026,"25,710",84.9822,14,686-2,0,"25,079",,임방울대로825번길 60-6,,00060,00006,4289554,0,12330,12330,쌍암동,,광산구,12330,아파트,전월세,202602,아파트 전월세,,,,,
첨단중해마루힐1차주상복합,29200-428,2020,26.03~28.03,갱신,5,2,2026,"19,580",59.985,17,686-2,0,"19,099",,임방울대로825번길 60-6,,00060,00006,4289554,0,12330,12330,쌍암동,,광산구,12330,아파트,전월세,202602,아파트 전월세,,,,,
첨단중해마루힐1차주상복합,29200-428,2020,26.03~28.03,갱신,5,2,2026,"25,710",84.9822,23,686-2,0,"25,079",,임방울대로825번길 60-6,,00060,00006,4289554,0,12330,12330,쌍암동,,광산구,12330,아파트,전월세,202602,아파트 전월세,,,,,
첨단중해마루힐1차주상복합,29200-428,2020,26.03~28.03,갱신,5,2,2026,"19,580",59.985,17,686-2,0,"19,099",,임방울대로825번길 60-6,,00060,00006,4289554,0,12330,12330,쌍암동,,광산구,12330,아파트,전월세,202602,아파트 전월세,,,,,
첨단중해마루힐1차주상복합,29200-428,2020,26.03~28.03,갱신,5,2,2026,"25,710",84.9822,11,686-2,0,"25,079",,임방울대로825번길 60-6,,00060,00006,4289554,0,12330,12330,쌍암동,,광산구,12330,아파트,전월세,202602,아파트 전월세,,,,,
선운리버프라임,29200-386,2017,26.02~27.09,갱신,5,2,2026,"10,478",66.96,3,553,28,"3,778",56,선운로 65,0,00065,00000,3163081,0,12330,12330,선암동,,광산구,12330,아파트,전월세,202602,아파트 전월세,,,,,
첨단중해마루힐1차주상복합,29200-428,2020,26.03~28.03,갱신,5,2,2026,"25,710",84.9822,19,686-2,0,"25,079",,임방울대로825번길 60-6,,00060,00006,4289554,0,12330,12330,쌍암동,,광산구,12330,아파트,전월세,202602,아파트 전월세,,,,,
국제미소래,29200-384,2017,26.05~28.05,신규,3,2,2026,"15,410",59.4918,14,1620,0,,,용아로 175,0,00175,00000,3163035,2,12330,12330,우산동,,광산구,12330,아파트,전월세,202602,아파트 전월세,,,,,
운남주공8단지,29200-136,2000,26.03~28.03,신규,2,2,2026,"16,800",59.41,10,781-1,0,,,목련로153번길 143,0,00143,00000,4289101,1,12330,12330,운남동,,광산구,12330,아파트,전월세,202602,아파트 전월세,,,,,
무등산그린웰로제비앙,29110-361,2019,26.04~27.04,신규,12,3,2026,"16,350",39.9642,8,723,0,,,동계로 38,0,00038,00000,3159004,2,12210,12210,산수동,,동구,12210,아파트,전월세,202603,아파트 전월세,,,,,
무등산그린웰로제비앙,29110-361,2019,26.04~27.04,신규,12,3,2026,"16,350",39.9642,12,723,0,,,동계로 38,0,00038,00000,3159004,2,12210,12210,산수동,,동구,12210,아파트,전월세,202603,아파트 전월세,,,,,
무등산그린웰로제비앙,29110-361,2019,26.04~27.04,갱신,12,3,2026,"15,840",39.9642,4,723,0,"15,420",,동계로 38,0,00038,00000,3159004,2,12210,12210,산수동,,동구,12210,아파트,전월세,202603,아파트 전월세,,,,,
무등산그린웰로제비앙,29110-361,2019,26.04~27.04,갱신,13,3,2026,"16,680",39.9642,16,723,0,"16,240",,동계로 38,0,00038,00000,3159004,2,12210,12210,산수동,,동구,12210,아파트,전월세,202603,아파트 전월세,,,,,
무등산그린웰로제비앙,29110-361,2019,26.04~27.04,신규,11,3,2026,"16,680",39.9642,20,723,0,,,동계로 38,0,00038,00000,3159004,2,12210,12210,산수동,,동구,12210,아파트,전월세,202603,아파트 전월세,,,,,
무등산그린웰로제비앙,29110-361,2019,26.04~27.04,신규,13,3,2026,"16,350",39.9642,9,723,0,,,동계로 38,0,00038,00000,3159004,2,12210,12210,산수동,,동구,12210,아파트,전월세,202603,아파트 전월세,,,,,
무등산골드클래스,29110-355,2018,26.08~28.08,신규,31,3,2026,"28,000",73.906,8,1103,0,,,학소로 109,0,00109,00000,3159017,0,12210,12210,소태동,,동구,12210,아파트,전월세,202603,아파트 전월세,,,,,
충장아트원,29110-325,2014,26.03~27.03,신규,2,3,2026,300,18,9,14,36,,,중앙로 179,0,00179,00000,3162073,9,12210,12210,충장로4가,,동구,12210,아파트,전월세,202603,아파트 전월세,,,,,
무등산그린웰로제비앙,29110-361,2019,26.04~27.04,신규,12,3,2026,"16,680",39.9642,16,723,0,,,동계로 38,0,00038,00000,3159004,2,12210,12210,산수동,,동구,12210,아파트,전월세,202603,아파트 전월세,,,,,
무등산그린웰로제비앙,29110-361,2019,26.04~27.04,신규,12,3,2026,"16,350",39.9642,8,723,0,,,동계로 38,0,00038,00000,3159004,2,12210,12210,산수동,,동구,12210,아파트,전월세,202603,아파트 전월세,,,,,
무등산그린웰로제비앙,29110-361,2019,26.04~27.04,신규,13,3,2026,"16,350",39.9642,9,723,0,,,동계로 38,0,00038,00000,3159004,2,12210,12210,산수동,,동구,12210,아파트,전월세,202603,아파트 전월세,,,,,
계림아이파크에스케이뷰,29110-381,2022,26.04~28.04,신규,19,3,2026,"19,800",39.911,8,1869,0,,,필문대로 70,0,00070,00000,2009007,0,12210,12210,계림동,,동구,12210,아파트,전월세,202603,아파트 전월세,,,,,
무등산골드클래스,29110-355,2018,26.08~28.08,신규,31,3,2026,"28,000",73.906,8,1103,0,,,학소로 109,0,00109,00000,3159017,0,12210,12210,소태동,,동구,12210,아파트,전월세,202603,아파트 전월세,,,,,
무등산그린웰로제비앙,29110-361,2019,26.04~27.04,갱신,12,3,2026,"16,350",39.9642,13,723,0,"15,920",,동계로 38,0,00038,00000,3159004,2,12210,12210,산수동,,동구,12210,아파트,전월세,202603,아파트 전월세,,,,,
두산위브3차(두산위브더파크),29110-376,2021,26.03~28.03,갱신,16,3,2026,"17,000",39.9452,8,1845,0,"17,000",,중앙로290번길 16,0,00016,00000,4277198,1,12210,12210,계림동,,동구,12210,아파트,전월세,202603,아파트 전월세,,,,,
두산위브3차(두산위브더파크),29110-376,2021,26.03~28.03,갱신,16,3,2026,"17,000",39.9452,8,1845,0,"17,000",,중앙로290번길 16,0,00016,00000,4277198,1,12210,12210,계림동,,동구,12210,아파트,전월세,202603,아파트 전월세,,,,,
두암그린파크,29110-54,1995,26.04~28.04,신규,4,3,2026,"14,000",84.9,6,689,0,,,밤실로 150,0,00150,00000,3162072,1,12210,12210,산수동,,동구,12210,아파트,전월세,202603,아파트 전월세,,,,,
계림아이파크에스케이뷰,29110-381,2022,26.04~28.04,신규,19,3,2026,"19,800",39.911,8,1869,0,,,필문대로 70,0,00070,00000,2009007,0,12210,12210,계림동,,동구,12210,아파트,전월세,202603,아파트 전월세,,,,,
고운하이츠(22-0),29110-301,2011,26.03~28.04,신규,9,3,2026,"5,000",29.817,5,22,10,,,천변우로 329-10,0,00329,00010,3009025,1,12210,12210,수기동,,동구,12210,아파트,전월세,202603,아파트 전월세,,,,,
광주용산지구2BL계룡리슈빌더포레스트아파트,29110-358,2019,26.04~28.04,신규,13,3,2026,"29,000",76.5319,13,662,0,,,용산1길 2,0,00002,00000,4855761,0,12210,12210,용산동,,동구,12210,아파트,전월세,202603,아파트 전월세,,,,,
무등산그린웰로제비앙,29110-361,2019,26.04~27.04,갱신,14,3,2026,"16,350",39.9642,5,723,0,"15,920",,동계로 38,0,00038,00000,3159004,2,12210,12210,산수동,,동구,12210,아파트,전월세,202603,아파트 전월세,,,,,
무등산그린웰로제비앙,29110-361,2019,26.04~27.04,갱신,14,3,2026,"16,350",39.9642,5,723,0,"15,920",,동계로 38,0,00038,00000,3159004,2,12210,12210,산수동,,동구,12210,아파트,전월세,202603,아파트 전월세,,,,,
무등산그린웰로제비앙,29110-361,2019,26.04~27.04,갱신,13,3,2026,"16,680",39.9642,15,723,0,"16,240",,동계로 38,0,00038,00000,3159004,2,12210,12210,산수동,,동구,12210,아파트,전월세,202603,아파트 전월세,,,,,
광주용산지구2BL계룡리슈빌더포레스트아파트,29110-358,2019,26.04~28.04,신규,13,3,2026,"29,000",76.5319,13,662,0,,,용산1길 2,0,00002,00000,4855761,0,12210,12210,용산동,,동구,12210,아파트,전월세,202603,아파트 전월세,,,,,
무등산그린웰로제비앙,29110-361,2019,26.04~27.04,신규,13,3,2026,"16,680",39.9642,19,723,0,,,동계로 38,0,00038,00000,3159004,2,12210,12210,산수동,,동구,12210,아파트,전월세,202603,아파트 전월세,,,,,
무등산그린웰로제비앙,29110-361,2019,26.04~27.04,신규,13,3,2026,"16,680",39.9642,19,723,0,,,동계로 38,0,00038,00000,3159004,2,12210,12210,산수동,,동구,12210,아파트,전월세,202603,아파트 전월세,,,,,
무등산그린웰로제비앙,29110-361,2019,26.04~27.04,갱신,13,3,2026,"16,680",39.9642,16,723,0,"16,240",,동계로 38,0,00038,00000,3159004,2,12210,12210,산수동,,동구,12210,아파트,전월세,202603,아파트 전월세,,,,,
무등산그린웰로제비앙,29110-361,2019,26.04~27.04,신규,12,3,2026,"16,350",39.9642,6,723,0,,,동계로 38,0,00038,00000,3159004,2,12210,12210,산수동,,동구,12210,아파트,전월세,202603,아파트 전월세,,,,,
고운하이츠(22-0),29110-301,2011,26.03~28.04,신규,9,3,2026,"5,000",29.817,5,22,10,,,천변우로 329-10,0,00329,00010,3009025,1,12210,12210,수기동,,동구,12210,아파트,전월세,202603,아파트 전월세,,,,,
무등산그린웰로제비앙,29110-361,2019,26.04~27.04,갱신,13,3,2026,"16,680",39.9642,15,723,0,"16,240",,동계로 38,0,00038,00000,3159004,2,12210,12210,산수동,,동구,12210,아파트,전월세,202603,아파트 전월세,,,,,
무등산그린웰로제비앙,29110-361,2019,26.04~27.04,신규,12,3,2026,"16,680",39.9642,16,723,0,,,동계로 38,0,00038,00000,3159004,2,12210,12210,산수동,,동구,12210,아파트,전월세,202603,아파트 전월세,,,,,
무등산그린웰로제비앙,29110-361,2019,26.04~27.04,신규,12,3,2026,"16,350",39.9642,8,723,0,,,동계로 38,0,00038,00000,3159004,2,12210,12210,산수동,,동구,12210,아파트,전월세,202603,아파트 전월세,,,,,
무등산그린웰로제비앙,29110-361,2019,26.04~27.04,갱신,12,3,2026,"15,840",39.9642,3,723,0,"15,420",,동계로 38,0,00038,00000,3159004,2,12210,12210,산수동,,동구,12210,아파트,전월세,202603,아파트 전월세,,,,,
무등산그린웰로제비앙,29110-361,2019,26.04~27.04,갱신,12,3,2026,"16,350",39.9642,13,723,0,"15,920",,동계로 38,0,00038,00000,3159004,2,12210,12210,산수동,,동구,12210,아파트,전월세,202603,아파트 전월세,,,,,
무등산그린웰로제비앙,29110-361,2019,26.04~27.04,신규,11,3,2026,"16,680",39.9642,20,723,0,,,동계로 38,0,00038,00000,3159004,2,12210,12210,산수동,,동구,12210,아파트,전월세,202603,아파트 전월세,,,,,
무등산그린웰로제비앙,29110-361,2019,26.04~27.04,신규,12,3,2026,"16,350",39.9642,12,723,0,,,동계로 38,0,00038,00000,3159004,2,12210,12210,산수동,,동구,12210,아파트,전월세,202603,아파트 전월세,,,,,
무등산그린웰로제비앙,29110-361,2019,26.04~27.04,갱신,12,3,2026,"15,840",39.9642,4,723,0,"15,420",,동계로 38,0,00038,00000,3159004,2,12210,12210,산수동,,동구,12210,아파트,전월세,202603,아파트 전월세,,,,,
무등산그린웰로제비앙,29110-361,2019,26.04~27.04,갱신,12,3,2026,"16,350",39.9642,12,723,0,"15,920",,동계로 38,0,00038,00000,3159004,2,12210,12210,산수동,,동구,12210,아파트,전월세,202603,아파트 전월세,,,,,
무등산그린웰로제비앙,29110-361,2019,26.04~27.04,신규,12,3,2026,"16,350",39.9642,6,723,0,,,동계로 38,0,00038,00000,3159004,2,12210,12210,산수동,,동구,12210,아파트,전월세,202603,아파트 전월세,,,,,
무등산그린웰로제비앙,29110-361,2019,26.04~27.04,갱신,12,3,2026,"16,350",39.9642,12,723,0,"15,920",,동계로 38,0,00038,00000,3159004,2,12210,12210,산수동,,동구,12210,아파트,전월세,202603,아파트 전월세,,,,,
무등산그린웰로제비앙,29110-361,2019,26.04~27.04,갱신,12,3,2026,"15,840",39.9642,3,723,0,"15,420",,동계로 38,0,00038,00000,3159004,2,12210,12210,산수동,,동구,12210,아파트,전월세,202603,아파트 전월세,,,,,
두암그린파크,29110-54,1995,26.04~28.04,신규,4,3,2026,"14,000",84.9,6,689,0,,,밤실로 150,0,00150,00000,3162072,1,12210,12210,산수동,,동구,12210,아파트,전월세,202603,아파트 전월세,,,,,
충장아트원,29110-325,2014,26.03~27.03,신규,2,3,2026,300,18,9,14,36,,,중앙로 179,0,00179,00000,3162073,9,12210,12210,충장로4가,,동구,12210,아파트,전월세,202603,아파트 전월세,,,,,
광명메이루즈,29140-337,2013,26.04~28.04,신규,23,3,2026,"5,000",121.0522,10,929-2,200,,,풍암신흥로 18,0,00018,00000,3160052,1,12240,12240,풍암동,,서구,12240,아파트,전월세,202603,아파트 전월세,,,,,
신동아,29140-82,1995,26.06~28.05,신규,14,3,2026,"1,000",84.94,1,1062,65,,,월드컵4강로28번길 60,0,00060,00000,4280340,1,12240,12240,화정동,,서구,12240,아파트,전월세,202603,아파트 전월세,,,,,
신동아,29140-82,1995,26.06~28.05,신규,14,3,2026,"1,000",84.94,1,1062,65,,,월드컵4강로28번길 60,0,00060,00000,4280340,1,12240,12240,화정동,,서구,12240,아파트,전월세,202603,아파트 전월세,,,,,
농성SKVIEWCentral,29140-393,2019,26.06~28.06,신규,30,3,2026,"32,000",74.9914,12,702,0,,,상무대로1147번길 16,0,00016,00000,4280171,0,12240,12240,농성동,,서구,12240,아파트,전월세,202603,아파트 전월세,,,,,
신동아,29140-82,1995,26.05~28.05,신규,5,3,2026,"3,000",84.94,12,1062,70,,,월드컵4강로28번길 60,0,00060,00000,4280340,1,12240,12240,화정동,,서구,12240,아파트,전월세,202603,아파트 전월세,,,,,
신동아,29140-82,1995,26.05~28.05,신규,5,3,2026,"3,000",84.94,12,1062,70,,,월드컵4강로28번길 60,0,00060,00000,4280340,1,12240,12240,화정동,,서구,12240,아파트,전월세,202603,아파트 전월세,,,,,
한성,29140-39,1979,26.04~28.04,신규,10,3,2026,"8,300",79.2,2,841-9,0,,,상무대로 997,0,00997,00000,2009004,6,12240,12240,내방동,,서구,12240,아파트,전월세,202603,아파트 전월세,,,,,
중흥호반,29140-147,2000,26.04~28.04,신규,31,3,2026,"15,000",59.46,6,1048,0,,,풍암순환로 10,0,00010,00000,3160050,1,12240,12240,풍암동,,서구,12240,아파트,전월세,202603,아파트 전월세,,,,,
현대(859-1),29140-94,1987,26.04~28.04,신규,6,3,2026,"10,000",53.46,12,859-1,0,,,월드컵4강로 22,0,00022,00000,3160036,2,12240,12240,화정동,,서구,12240,아파트,전월세,202603,아파트 전월세,,,,,
삼우,29140-50,1985,26.04~28.04,신규,17,3,2026,"7,000",59.4,5,6-2,0,,,천변좌하로 546,0,00546,00000,3160041,3,12240,12240,쌍촌동,,서구,12240,아파트,전월세,202603,아파트 전월세,,,,,
중흥호반,29140-147,2000,26.04~28.04,신규,31,3,2026,"15,000",59.46,6,1048,0,,,풍암순환로 10,0,00010,00000,3160050,1,12240,12240,풍암동,,서구,12240,아파트,전월세,202603,아파트 전월세,,,,,
금호시영5단지,29140-110,1994,26.05~28.05,신규,29,3,2026,"11,500",59.82,12,742-2,0,,,운천로32번길 7,0,00007,00000,4280316,1,12240,12240,금호동,,서구,12240,아파트,전월세,202603,아파트 전월세,,,,,
우미광장,29140-132,2000,26.04~28.04,신규,19,3,2026,"10,000",59.955,15,1132,10,,,풍암순환로 183,0,00183,00000,3160050,1,12240,12240,풍암동,,서구,12240,아파트,전월세,202603,아파트 전월세,,,,,
상무에스케이뷰,29140-374,2016,26.05~28.05,신규,26,3,2026,"30,000",59.9671,6,1331,0,,,마륵복개로 140,0,00140,00000,3160006,0,12240,12240,치평동,,서구,12240,아파트,전월세,202603,아파트 전월세,,,,,
상무에스케이뷰,29140-374,2016,26.05~28.05,신규,26,3,2026,"30,000",59.9671,6,1331,0,,,마륵복개로 140,0,00140,00000,3160006,0,12240,12240,치평동,,서구,12240,아파트,전월세,202603,아파트 전월세,,,,,
e편한세상,29140-316,2010,26.04~28.04,신규,16,3,2026,"10,000",84.8921,8,895,70,,,화운로 278,0,00278,00000,3160065,1,12240,12240,광천동,,서구,12240,아파트,전월세,202603,아파트 전월세,,,,,
현대(859-1),29140-94,1987,26.04~28.04,신규,6,3,2026,"10,000",53.46,12,859-1,0,,,월드컵4강로 22,0,00022,00000,3160036,2,12240,12240,화정동,,서구,12240,아파트,전월세,202603,아파트 전월세,,,,,
농성SKVIEWCentral,29140-393,2019,26.06~28.06,신규,30,3,2026,"32,000",74.9914,12,702,0,,,상무대로1147번길 16,0,00016,00000,4280171,0,12240,12240,농성동,,서구,12240,아파트,전월세,202603,아파트 전월세,,,,,
중흥호반,29140-147,2000,26.04~28.04,신규,31,3,2026,"15,000",59.46,6,1048,0,,,풍암순환로 10,0,00010,00000,3160050,1,12240,12240,풍암동,,서구,12240,아파트,전월세,202603,아파트 전월세,,,,,
금호시영5단지,29140-110,1994,26.05~28.05,신규,29,3,2026,"11,500",59.82,12,742-2,0,,,운천로32번길 7,0,00007,00000,4280316,1,12240,12240,금호동,,서구,12240,아파트,전월세,202603,아파트 전월세,,,,,
상무에스케이뷰,29140-374,2016,26.05~28.05,신규,26,3,2026,"30,000",59.9671,6,1331,0,,,마륵복개로 140,0,00140,00000,3160006,0,12240,12240,치평동,,서구,12240,아파트,전월세,202603,아파트 전월세,,,,,
라인대주,29140-30,1997,26.05~28.05,신규,20,3,2026,"15,750",59.87,1,1171-6,0,,,치평로 15,0,00015,00000,3160042,1,12240,12240,치평동,,서구,12240,아파트,전월세,202603,아파트 전월세,,,,,
상무지오스테이션,29140-377,2016,26.05~28.05,신규,10,3,2026,"22,500",73.8089,8,1378,0,,,무진대로772번길 4,0,00004,00000,4280134,0,12240,12240,쌍촌동,,서구,12240,아파트,전월세,202603,아파트 전월세,,,,,
우미광장,29140-132,2000,26.04~28.04,신규,19,3,2026,"10,000",59.955,15,1132,10,,,풍암순환로 183,0,00183,00000,3160050,1,12240,12240,풍암동,,서구,12240,아파트,전월세,202603,아파트 전월세,,,,,
현대(859-1),29140-94,1987,26.04~28.04,신규,10,3,2026,"11,700",53.46,8,859-1,0,,,월드컵4강로 22,0,00022,00000,3160036,2,12240,12240,화정동,,서구,12240,아파트,전월세,202603,아파트 전월세,,,,,
광명메이루즈,29140-337,2013,26.04~28.04,신규,23,3,2026,"5,000",121.0522,10,929-2,200,,,풍암신흥로 18,0,00018,00000,3160052,1,12240,12240,풍암동,,서구,12240,아파트,전월세,202603,아파트 전월세,,,,,
우미광장,29140-132,2000,26.04~28.04,신규,19,3,2026,"10,000",59.955,15,1132,10,,,풍암순환로 183,0,00183,00000,3160050,1,12240,12240,풍암동,,서구,12240,아파트,전월세,202603,아파트 전월세,,,,,
라인대주,29140-30,1997,26.05~28.05,신규,20,3,2026,"15,750",59.87,1,1171-6,0,,,치평로 15,0,00015,00000,3160042,1,12240,12240,치평동,,서구,12240,아파트,전월세,202603,아파트 전월세,,,,,
상무지오스테이션,29140-377,2016,26.05~28.05,신규,10,3,2026,"22,500",73.8089,8,1378,0,,,무진대로772번길 4,0,00004,00000,4280134,0,12240,12240,쌍촌동,,서구,12240,아파트,전월세,202603,아파트 전월세,,,,,
삼우,29140-50,1985,26.04~28.04,신규,17,3,2026,"7,000",59.4,5,6-2,0,,,천변좌하로 546,0,00546,00000,3160041,3,12240,12240,쌍촌동,,서구,12240,아파트,전월세,202603,아파트 전월세,,,,,
e편한세상,29140-316,2010,26.04~28.04,신규,16,3,2026,"10,000",84.8921,8,895,70,,,화운로 278,0,00278,00000,3160065,1,12240,12240,광천동,,서구,12240,아파트,전월세,202603,아파트 전월세,,,,,
한성,29140-39,1979,26.04~28.04,신규,10,3,2026,"8,300",79.2,2,841-9,0,,,상무대로 997,0,00997,00000,2009004,6,12240,12240,내방동,,서구,12240,아파트,전월세,202603,아파트 전월세,,,,,
현대(859-1),29140-94,1987,26.04~28.04,신규,10,3,2026,"11,700",53.46,8,859-1,0,,,월드컵4강로 22,0,00022,00000,3160036,2,12240,12240,화정동,,서구,12240,아파트,전월세,202603,아파트 전월세,,,,,
위파크마륵공원,29140-898,2025,26.03~28.03,신규,4,3,2026,"45,000",84.9095,11,1117,0,,,서광주로106번길 39,0,00039,00000,4865599,0,12240,12240,금호동,,서구,12240,아파트,전월세,202603,아파트 전월세,,,,,
위파크마륵공원,29140-898,2025,26.03~28.03,신규,4,3,2026,"45,000",84.9095,11,1117,0,,,서광주로106번길 39,0,00039,00000,4865599,0,12240,12240,금호동,,서구,12240,아파트,전월세,202603,아파트 전월세,,,,,
위파크마륵공원,29140-898,2025,26.03~28.03,신규,4,3,2026,"45,000",84.9095,11,1117,0,,,서광주로106번길 39,0,00039,00000,4865599,0,12240,12240,금호동,,서구,12240,아파트,전월세,202603,아파트 전월세,,,,,
남양휴튼1차,29155-319,2009,26.07~28.07,신규,12,3,2026,"20,000",129.3502,3,606,220,,,제석로 99,0,00099,00000,3161015,2,12270,12270,봉선동,,남구,12270,아파트,전월세,202603,아파트 전월세,,,,,
삼익1,29155-42,1990,26.05~28.05,신규,31,3,2026,"19,000",84.96,7,470,0,,,봉선중앙로 46,0,00046,00000,3161010,2,12270,12270,봉선동,,남구,12270,아파트,전월세,202603,아파트 전월세,,,,,
봉선중길한국아델리움5차아파트,29155-437,2023,26.05~28.05,신규,19,3,2026,"29,000",84.6496,15,571,0,,,봉선중길 43,0,00043,00000,4283319,0,12270,12270,방림동,,남구,12270,아파트,전월세,202603,아파트 전월세,,,,,
효천시티프라디움,29155-401,2019,26.04~28.04,신규,8,3,2026,"43,000",84.9963,21,728,0,,,효천2로 1,0,00001,00000,3351962,0,12270,12270,임암동,,남구,12270,아파트,전월세,202603,아파트 전월세,,,,,
삼익1,29155-42,1990,26.05~28.05,신규,31,3,2026,"19,000",84.96,7,470,0,,,봉선중앙로 46,0,00046,00000,3161010,2,12270,12270,봉선동,,남구,12270,아파트,전월세,202603,아파트 전월세,,,,,
봉선중길한국아델리움5차아파트,29155-437,2023,26.05~28.05,신규,19,3,2026,"29,000",84.6496,15,571,0,,,봉선중길 43,0,00043,00000,4283319,0,12270,12270,방림동,,남구,12270,아파트,전월세,202603,아파트 전월세,,,,,
효천시티프라디움,29155-401,2019,26.04~28.04,신규,8,3,2026,"43,000",84.9963,21,728,0,,,효천2로 1,0,00001,00000,3351962,0,12270,12270,임암동,,남구,12270,아파트,전월세,202603,아파트 전월세,,,,,
토담휴로스에듀파크,29155-387,2017,26.04~28.04,신규,11,3,2026,"23,000",76.7687,2,877,0,,,광복마을4길 39,0,00039,00000,4283023,0,12270,12270,진월동,,남구,12270,아파트,전월세,202603,아파트 전월세,,,,,
남양휴튼1차,29155-319,2009,26.07~28.07,신규,12,3,2026,"20,000",129.3502,3,606,220,,,제석로 99,0,00099,00000,3161015,2,12270,12270,봉선동,,남구,12270,아파트,전월세,202603,아파트 전월세,,,,,
토담휴로스에듀파크,29155-387,2017,26.04~28.04,신규,11,3,2026,"23,000",76.7687,2,877,0,,,광복마을4길 39,0,00039,00000,4283023,0,12270,12270,진월동,,남구,12270,아파트,전월세,202603,아파트 전월세,,,,,
진아리채,29155-302,2007,26.03~28.03,갱신,4,3,2026,"26,000",84.8544,7,30,0,"26,000",,화산로 115,0,00115,00000,3009009,1,12270,12270,진월동,,남구,12270,아파트,전월세,202603,아파트 전월세,,,,,
진아리채,29155-302,2007,26.03~28.03,갱신,4,3,2026,"26,000",84.8544,7,30,0,"26,000",,화산로 115,0,00115,00000,3009009,1,12270,12270,진월동,,남구,12270,아파트,전월세,202603,아파트 전월세,,,,,
프라임로하스,29170-711,2015,26.04~28.04,신규,12,3,2026,"13,000",49.6235,9,147-4,0,,,경양로97번길 7-8,0,00007,00008,4286025,1,12300,12300,신안동,,북구,12300,아파트,전월세,202603,아파트 전월세,,,,,
힐스테이트본촌,29170-774,2019,26.06~28.06,신규,18,3,2026,"31,000",84.9976,6,3102,0,,,본촌마을길 157-22,,00157,00022,4286278,1,12300,12300,본촌동,,북구,12300,아파트,전월세,202603,아파트 전월세,,,,,
힐스테이트신용더리버,29170-885,2024,26.07~28.07,신규,27,3,2026,"30,000",84.99,7,869,0,,,빛고을대로 615,0,00615,00000,2009010,0,12300,12300,신용동,,북구,12300,아파트,전월세,202603,아파트 전월세,,,,,
센트럴시티서희스타힐스,29170-886,2024,26.06~28.06,신규,15,3,2026,"30,500",84.928,5,1130,0,,,임방울대로1041번길 32-19,0,00032,00019,4286609,0,12300,12300,용두동,,북구,12300,아파트,전월세,202603,아파트 전월세,,,,,
제일풍경채센트럴파크2단지,29170-842,2022,26.05~30.05,신규,14,3,2026,"19,500",39.99,22,847,0,,,서양로 125,,00125,00000,3162030,1,12300,12300,중흥동,,북구,12300,아파트,전월세,202603,아파트 전월세,,,,,
첨단진아리채,29170-801,2020,26.05~28.05,신규,14,3,2026,"29,000",84.9821,18,1123,0,,,용두마을2길 12,0,00012,00000,4857961,0,12300,12300,용두동,,북구,12300,아파트,전월세,202603,아파트 전월세,,,,,
힐스테이트신용더리버,29170-885,2024,26.05~28.05,신규,8,3,2026,"35,000",84.77,2,869,0,,,빛고을대로 615,0,00615,00000,2009010,0,12300,12300,신용동,,북구,12300,아파트,전월세,202603,아파트 전월세,,,,,
제일풍경채센트럴파크2단지,29170-842,2022,26.05~30.05,신규,14,3,2026,"19,500",39.99,22,847,0,,,서양로 125,,00125,00000,3162030,1,12300,12300,중흥동,,북구,12300,아파트,전월세,202603,아파트 전월세,,,,,
무등산자이앤어울림1단지,29170-873,2025,26.04~28.04,신규,30,3,2026,"3,000",59.9494,12,835,110,,,서양로 155,0,00155,00000,3162030,3,12300,12300,우산동,,북구,12300,아파트,전월세,202603,아파트 전월세,,,,,
무등산자이앤어울림1단지,29170-873,2025,26.04~28.04,신규,30,3,2026,"3,000",59.9494,12,835,110,,,서양로 155,0,00155,00000,3162030,3,12300,12300,우산동,,북구,12300,아파트,전월세,202603,아파트 전월세,,,,,
모아호반,29170-164,1995,26.05~28.05,신규,11,3,2026,"1,000",59.89,10,755-16,50,,,설죽로370번길 27,0,00027,00000,4286435,2,12300,12300,삼각동,,북구,12300,아파트,전월세,202603,아파트 전월세,,,,,
모아호반,29170-164,1995,26.04~28.04,신규,11,3,2026,"11,000",59.89,2,755-16,0,,,설죽로370번길 27,0,00027,00000,4286435,2,12300,12300,삼각동,,북구,12300,아파트,전월세,202603,아파트 전월세,,,,,
금남로대광로제비앙,29170-835,2022,26.04~28.04,신규,31,3,2026,"30,000",84.7468,28,141,0,,,서림로 153,0,00153,00000,3162028,0,12300,12300,유동,,북구,12300,아파트,전월세,202603,아파트 전월세,,,,,
금남로대광로제비앙,29170-835,2022,26.04~28.04,신규,18,3,2026,"29,000",84.9878,32,141,0,,,서림로 153,0,00153,00000,3162028,0,12300,12300,유동,,북구,12300,아파트,전월세,202603,아파트 전월세,,,,,
신안국제미소래아파트,29170-820,2021,26.05~28.05,신규,24,3,2026,"17,220",59.5627,15,822,0,,,중흥로 121-1,0,00121,00001,3009024,3,12300,12300,신안동,,북구,12300,아파트,전월세,202603,아파트 전월세,,,,,
운암신성포레힐아파트,29170-728,2016,26.03~28.03,갱신,19,3,2026,"22,000",59.99,2,1766,0,"22,000",,서강로 38,0,00038,00000,3162027,0,12300,12300,운암동,,북구,12300,아파트,전월세,202603,아파트 전월세,,,,,
금남로대광로제비앙,29170-835,2022,26.04~28.04,신규,31,3,2026,"30,000",84.7468,28,141,0,,,서림로 153,0,00153,00000,3162028,0,12300,12300,유동,,북구,12300,아파트,전월세,202603,아파트 전월세,,,,,
대주2,29170-121,1988,26.03~28.03,신규,19,3,2026,500,54.495,2,920,45,,,평교로 45,0,00045,00000,3162080,2,12300,12300,문흥동,,북구,12300,아파트,전월세,202603,아파트 전월세,,,,,
금남로대광로제비앙,29170-835,2022,26.03~28.03,신규,16,3,2026,"29,500",84.7468,9,141,0,,,서림로 153,0,00153,00000,3162028,0,12300,12300,유동,,북구,12300,아파트,전월세,202603,아파트 전월세,,,,,
힐스테이트신용더리버,29170-885,2024,26.07~28.07,신규,27,3,2026,"30,000",84.99,7,869,0,,,빛고을대로 615,0,00615,00000,2009010,0,12300,12300,신용동,,북구,12300,아파트,전월세,202603,아파트 전월세,,,,,
중외공원모아미래도,29170-844,2022,26.04~28.04,신규,20,3,2026,"25,000",68.1704,15,1783,0,,,서강로 171,0,00171,00000,3162027,1,12300,12300,운암동,,북구,12300,아파트,전월세,202603,아파트 전월세,,,,,
대주2,29170-121,1988,26.03~28.03,신규,19,3,2026,500,54.495,2,920,45,,,평교로 45,0,00045,00000,3162080,2,12300,12300,문흥동,,북구,12300,아파트,전월세,202603,아파트 전월세,,,,,
모아미래도,29170-226,2001,26.04~28.04,신규,8,3,2026,"22,500",84.2328,10,1406-1,0,,,저불로 21,0,00021,00000,3162067,1,12300,12300,용봉동,,북구,12300,아파트,전월세,202603,아파트 전월세,,,,,
모아호반,29170-164,1995,26.04~28.04,신규,11,3,2026,"11,000",59.89,2,755-16,0,,,설죽로370번길 27,0,00027,00000,4286435,2,12300,12300,삼각동,,북구,12300,아파트,전월세,202603,아파트 전월세,,,,,
힐스테이트본촌,29170-774,2019,26.06~28.06,신규,18,3,2026,"31,000",84.9976,6,3102,0,,,본촌마을길 157-22,,00157,00022,4286278,1,12300,12300,본촌동,,북구,12300,아파트,전월세,202603,아파트 전월세,,,,,
신안국제미소래아파트,29170-820,2021,26.05~28.05,신규,24,3,2026,"17,220",59.5627,15,822,0,,,중흥로 121-1,0,00121,00001,3009024,3,12300,12300,신안동,,북구,12300,아파트,전월세,202603,아파트 전월세,,,,,
무등산자이앤어울림1단지,29170-873,2025,26.05~28.05,신규,16,3,2026,"22,000",74.9855,14,835,0,,,서양로 155,0,00155,00000,3162030,3,12300,12300,우산동,,북구,12300,아파트,전월세,202603,아파트 전월세,,,,,
무등산자이앤어울림1단지,29170-873,2025,26.05~28.05,신규,16,3,2026,"22,000",74.9855,14,835,0,,,서양로 155,0,00155,00000,3162030,3,12300,12300,우산동,,북구,12300,아파트,전월세,202603,아파트 전월세,,,,,
중외공원모아미래도,29170-844,2022,26.04~28.04,신규,20,3,2026,"25,000",68.1704,15,1783,0,,,서강로 171,0,00171,00000,3162027,1,12300,12300,운암동,,북구,12300,아파트,전월세,202603,아파트 전월세,,,,,
금남로대광로제비앙,29170-835,2022,26.04~28.04,신규,18,3,2026,"29,000",84.9878,32,141,0,,,서림로 153,0,00153,00000,3162028,0,12300,12300,유동,,북구,12300,아파트,전월세,202603,아파트 전월세,,,,,
운암신성포레힐아파트,29170-728,2016,26.03~28.03,갱신,19,3,2026,"22,000",59.99,2,1766,0,"22,000",,서강로 38,0,00038,00000,3162027,0,12300,12300,운암동,,북구,12300,아파트,전월세,202603,아파트 전월세,,,,,
센트럴시티서희스타힐스,29170-886,2024,26.06~28.06,신규,15,3,2026,"30,500",84.928,5,1130,0,,,임방울대로1041번길 32-19,0,00032,00019,4286609,0,12300,12300,용두동,,북구,12300,아파트,전월세,202603,아파트 전월세,,,,,
첨단진아리채,29170-801,2020,26.05~28.05,신규,14,3,2026,"29,000",84.9821,18,1123,0,,,용두마을2길 12,0,00012,00000,4857961,0,12300,12300,용두동,,북구,12300,아파트,전월세,202603,아파트 전월세,,,,,
신안동오투존,29170-660,2013,26.04~28.04,신규,16,3,2026,"3,960",24.0455,7,482-29,0,,,서암대로131번길 5,0,00005,00000,4286377,1,12300,12300,신안동,,북구,12300,아파트,전월세,202603,아파트 전월세,,,,,
금남로대광로제비앙,29170-835,2022,26.03~28.03,신규,16,3,2026,"29,500",84.7468,9,141,0,,,서림로 153,0,00153,00000,3162028,0,12300,12300,유동,,북구,12300,아파트,전월세,202603,아파트 전월세,,,,,
신안동오투존,29170-660,2013,26.04~28.04,신규,16,3,2026,"3,960",24.0455,7,482-29,0,,,서암대로131번길 5,0,00005,00000,4286377,1,12300,12300,신안동,,북구,12300,아파트,전월세,202603,아파트 전월세,,,,,
프라임로하스,29170-711,2015,26.04~28.04,신규,12,3,2026,"13,000",49.6235,9,147-4,0,,,경양로97번길 7-8,0,00007,00008,4286025,1,12300,12300,신안동,,북구,12300,아파트,전월세,202603,아파트 전월세,,,,,
모아호반,29170-164,1995,26.05~28.05,신규,11,3,2026,"1,000",59.89,10,755-16,50,,,설죽로370번길 27,0,00027,00000,4286435,2,12300,12300,삼각동,,북구,12300,아파트,전월세,202603,아파트 전월세,,,,,
힐스테이트신용더리버,29170-885,2024,26.05~28.05,신규,8,3,2026,"35,000",84.77,2,869,0,,,빛고을대로 615,0,00615,00000,2009010,0,12300,12300,신용동,,북구,12300,아파트,전월세,202603,아파트 전월세,,,,,
모아미래도,29170-226,2001,26.04~28.04,신규,8,3,2026,"22,500",84.2328,10,1406-1,0,,,저불로 21,0,00021,00000,3162067,1,12300,12300,용봉동,,북구,12300,아파트,전월세,202603,아파트 전월세,,,,,
S-클래스더제니스,29170-887,2024,26.03~28.03,갱신,7,3,2026,"32,500",84.9799,14,887,0,"31,000",,천변우로 227,,00227,00000,3009025,0,12300,12300,임동,사용,북구,12300,아파트,전월세,202603,아파트 전월세,,,,,
S-클래스더제니스,29170-887,2024,26.03~28.03,갱신,7,3,2026,"32,500",84.9799,14,887,0,"31,000",,천변우로 227,,00227,00000,3009025,0,12300,12300,임동,사용,북구,12300,아파트,전월세,202603,아파트 전월세,,,,,
신촌명지,29200-101,2002,26.04~28.04,갱신,28,3,2026,"15,500",81.0933,4,709-2,0,"15,000",,송도로320번길 11,0,00011,00000,4289301,2,12330,12330,신촌동,,광산구,12330,아파트,전월세,202603,아파트 전월세,,,,,
삼성,29200-74,1996,26.05~28.05,신규,5,3,2026,"2,000",84.92,19,387-22,90,,,임방울대로 142-12,0,00142,00012,2009005,7,12330,12330,운남동,,광산구,12330,아파트,전월세,202603,아파트 전월세,,,,,
하남3지구모아엘가,29200-406,2018,26.06~28.06,신규,17,3,2026,"30,000",84.9966,19,971,0,,,단전둘레길 15,0,00015,00000,4855424,0,12330,12330,하남동,,광산구,12330,아파트,전월세,202603,아파트 전월세,,,,,
어등하이빌,29200-35,1992,26.05~28.05,신규,19,3,2026,"2,000",59.67,7,1572-6,50,,,사암로215번길 16,0,00016,00000,4289186,1,12330,12330,우산동,,광산구,12330,아파트,전월세,202603,아파트 전월세,,,,,
우산동중흥s-클래스리버티,29200-346,2015,26.05~28.05,신규,26,3,2026,"28,500",84.9543,4,1616,0,,,풍영철길로 20-20,0,00020,00020,3163062,1,12330,12330,우산동,,광산구,12330,아파트,전월세,202603,아파트 전월세,,,,,
삼성,29200-74,1996,26.05~28.05,신규,5,3,2026,"2,000",84.92,19,387-22,90,,,임방울대로 142-12,0,00142,00012,2009005,7,12330,12330,운남동,,광산구,12330,아파트,전월세,202603,아파트 전월세,,,,,
명지2차,29200-142,2005,26.05~28.05,신규,14,3,2026,"16,000",84.8858,5,448-1,0,,,송도로320번길 16-15,0,00016,00015,4289301,1,12330,12330,송정동,,광산구,12330,아파트,전월세,202603,아파트 전월세,,,,,
하남부영,29200-139,1992,26.05~27.05,갱신,16,3,2026,"7,633",60,7,538-2,0,"7,596",,사암로 251,0,00251,00000,3163014,10,12330,12330,월곡동,,광산구,12330,아파트,전월세,202603,아파트 전월세,,,,,
제일파크맨션,29200-37,1992,26.04~28.04,신규,24,3,2026,"13,500",78.38,14,1572-1,0,,,월곡산정로 20,0,00020,00000,3163042,1,12330,12330,우산동,,광산구,12330,아파트,전월세,202603,아파트 전월세,,,,,
진흥더루벤스,29200-250,2009,26.04~28.04,신규,13,3,2026,"18,000",84.967,6,1306,50,,,장덕로6번길 35,0,00035,00000,4289563,1,12330,12330,장덕동,,광산구,12330,아파트,전월세,202603,아파트 전월세,,,,,
영무예다음,29200-230,2008,26.03~28.03,신규,20,3,2026,"5,000",84.5949,3,1122,130,,,장덕로95번길 15,0,00015,00000,4289564,1,12330,12330,장덕동,,광산구,12330,아파트,전월세,202603,아파트 전월세,,,,,
부영애시앙1차(산정셀트리움),29200-241,2008,26.04~28.04,신규,5,3,2026,"2,000",84.8198,12,1119,100,,,목련로 42,0,00042,00000,3163009,3,12330,12330,산정동,,광산구,12330,아파트,전월세,202603,아파트 전월세,,,,,
선운지구다사로움,29200-339,2015,26.05~28.04,신규,28,3,2026,"24,000",76.8786,8,586,0,,,선운로 34,0,00034,00000,3163081,0,12330,12330,선암동,,광산구,12330,아파트,전월세,202603,아파트 전월세,,,,,
우산동AM-City스카이하이,29200-332,2014,26.04~27.04,신규,21,3,2026,300,20.1947,5,1608-1,35,,,사암로171번길 110,0,00110,00000,4289184,1,12330,12330,우산동,,광산구,12330,아파트,전월세,202603,아파트 전월세,,,,,
영무예다음,29200-230,2008,26.03~28.03,신규,20,3,2026,"5,000",84.5949,3,1122,130,,,장덕로95번길 15,0,00015,00000,4289564,1,12330,12330,장덕동,,광산구,12330,아파트,전월세,202603,아파트 전월세,,,,,
하남부영,29200-139,1992,26.04~27.04,신규,12,3,2026,"7,633",60,9,538-2,0,,,사암로 251,0,00251,00000,3163014,10,12330,12330,월곡동,,광산구,12330,아파트,전월세,202603,아파트 전월세,,,,,
하남부영,29200-139,1992,26.04~27.04,신규,12,3,2026,"7,633",60,9,538-2,0,,,사암로 251,0,00251,00000,3163014,10,12330,12330,월곡동,,광산구,12330,아파트,전월세,202603,아파트 전월세,,,,,
우산동AM-City스카이하이,29200-332,2014,26.04~27.04,신규,21,3,2026,300,20.1947,5,1608-1,35,,,사암로171번길 110,0,00110,00000,4289184,1,12330,12330,우산동,,광산구,12330,아파트,전월세,202603,아파트 전월세,,,,,
첨단라인1,29200-59,1995,26.04~28.04,신규,24,3,2026,"1,000",60,1,765-2,60,,,월계로 117-32,0,00117,00032,3163039,1,12330,12330,월계동,,광산구,12330,아파트,전월세,202603,아파트 전월세,,,,,
호반,29200-116,1998,26.04~27.04,신규,30,3,2026,500,37.83,12,152-5,60,,,비아로 185,0,00185,00000,3163012,1,12330,12330,비아동,,광산구,12330,아파트,전월세,202603,아파트 전월세,,,,,
첨단라인2차,29200-60,1995,26.04~28.04,신규,13,3,2026,"10,400",60,5,764-5,0,,,월계로 109,0,00109,00000,3163039,1,12330,12330,월계동,,광산구,12330,아파트,전월세,202603,아파트 전월세,,,,,
첨단라인1,29200-59,1995,26.05~28.05,신규,26,3,2026,"12,000",60,4,765-2,0,,,월계로 117-32,0,00117,00032,3163039,1,12330,12330,월계동,,광산구,12330,아파트,전월세,202603,아파트 전월세,,,,,
운남주공7단지,29200-138,2001,26.04~28.03,신규,3,3,2026,"9,400",39.99,6,794-3,0,,,목련로153번길 56,0,00056,00000,4289101,1,12330,12330,운남동,,광산구,12330,아파트,전월세,202603,아파트 전월세,,,,,
신촌명지,29200-101,2002,26.04~28.04,갱신,28,3,2026,"15,500",81.0933,4,709-2,0,"15,000",,송도로320번길 11,0,00011,00000,4289301,2,12330,12330,신촌동,,광산구,12330,아파트,전월세,202603,아파트 전월세,,,,,
운남주공8단지,29200-136,2000,26.04~28.03,신규,7,3,2026,"2,000",59.42,15,781-1,70,,,목련로153번길 143,0,00143,00000,4289101,1,12330,12330,운남동,,광산구,12330,아파트,전월세,202603,아파트 전월세,,,,,
운남주공8단지,29200-136,2000,26.04~28.03,신규,7,3,2026,"2,000",59.42,15,781-1,70,,,목련로153번길 143,0,00143,00000,4289101,1,12330,12330,운남동,,광산구,12330,아파트,전월세,202603,아파트 전월세,,,,,
대방노블랜드,29200-254,2009,26.05~28.05,신규,27,3,2026,"35,000",84.9366,5,1304,0,,,수등로76번길 40,0,00040,00000,4289330,1,12330,12330,신가동,,광산구,12330,아파트,전월세,202603,아파트 전월세,,,,,
대방노블랜드,29200-254,2009,26.05~28.05,신규,27,3,2026,"35,000",84.9366,5,1304,0,,,수등로76번길 40,0,00040,00000,4289330,1,12330,12330,신가동,,광산구,12330,아파트,전월세,202603,아파트 전월세,,,,,
호반,29200-116,1998,26.04~27.04,신규,30,3,2026,500,37.83,12,152-5,60,,,비아로 185,0,00185,00000,3163012,1,12330,12330,비아동,,광산구,12330,아파트,전월세,202603,아파트 전월세,,,,,
선운지구다사로움,29200-339,2015,26.05~28.04,신규,28,3,2026,"24,000",76.8786,8,586,0,,,선운로 34,0,00034,00000,3163081,0,12330,12330,선암동,,광산구,12330,아파트,전월세,202603,아파트 전월세,,,,,
첨단라인1,29200-59,1995,26.05~28.05,신규,26,3,2026,"12,000",60,4,765-2,0,,,월계로 117-32,0,00117,00032,3163039,1,12330,12330,월계동,,광산구,12330,아파트,전월세,202603,아파트 전월세,,,,,
우산동중흥s-클래스리버티,29200-346,2015,26.05~28.05,신규,26,3,2026,"28,500",84.9543,4,1616,0,,,풍영철길로 20-20,0,00020,00020,3163062,1,12330,12330,우산동,,광산구,12330,아파트,전월세,202603,아파트 전월세,,,,,
첨단라인1,29200-59,1995,26.04~28.04,신규,24,3,2026,"1,000",60,1,765-2,60,,,월계로 117-32,0,00117,00032,3163039,1,12330,12330,월계동,,광산구,12330,아파트,전월세,202603,아파트 전월세,,,,,
하남부영,29200-139,1992,26.05~27.05,갱신,16,3,2026,"7,633",60,7,538-2,0,"7,596",,사암로 251,0,00251,00000,3163014,10,12330,12330,월곡동,,광산구,12330,아파트,전월세,202603,아파트 전월세,,,,,
광주첨단엘에이치2단지,29200-426,2020,26.03~28.04,신규,24,3,2026,"3,438",36.72,8,683-2,19,,,임방울대로825번길 9,0,00009,00000,4289554,0,12330,12330,쌍암동,,광산구,12330,아파트,전월세,202603,아파트 전월세,,,,,
제일파크맨션,29200-37,1992,26.04~28.04,신규,24,3,2026,"13,500",78.38,14,1572-1,0,,,월곡산정로 20,0,00020,00000,3163042,1,12330,12330,우산동,,광산구,12330,아파트,전월세,202603,아파트 전월세,,,,,
우산동중흥s-클래스리버티,29200-346,2015,26.04~28.04,신규,24,3,2026,"5,000",84.9543,17,1616,100,,,풍영철길로 20-20,0,00020,00020,3163062,1,12330,12330,우산동,,광산구,12330,아파트,전월세,202603,아파트 전월세,,,,,
우산동중흥s-클래스리버티,29200-346,2015,26.04~28.04,신규,24,3,2026,"5,000",84.9543,17,1616,100,,,풍영철길로 20-20,0,00020,00020,3163062,1,12330,12330,우산동,,광산구,12330,아파트,전월세,202603,아파트 전월세,,,,,
광주첨단엘에이치2단지,29200-426,2020,26.03~28.04,신규,24,3,2026,"3,438",36.72,8,683-2,19,,,임방울대로825번길 9,0,00009,00000,4289554,0,12330,12330,쌍암동,,광산구,12330,아파트,전월세,202603,아파트 전월세,,,,,
수완지구호반베르디움1차,29200-277,2012,26.03~28.03,갱신,18,3,2026,"50,000",84.9173,6,1058,0,"50,000",,수등로123번길 21,0,00021,00000,4289327,1,12330,12330,신가동,,광산구,12330,아파트,전월세,202603,아파트 전월세,,,,,
어등하이빌,29200-35,1992,26.05~28.05,신규,19,3,2026,"2,000",59.67,7,1572-6,50,,,사암로215번길 16,0,00016,00000,4289186,1,12330,12330,우산동,,광산구,12330,아파트,전월세,202603,아파트 전월세,,,,,
삼성,29200-74,1996,26.05~28.05,갱신,19,3,2026,"14,300",59.91,18,387-22,0,"14,000",,임방울대로 142-12,0,00142,00012,2009005,7,12330,12330,운남동,,광산구,12330,아파트,전월세,202603,아파트 전월세,,,,,
명지2차,29200-142,2005,26.05~28.05,신규,14,3,2026,"16,000",84.8858,5,448-1,0,,,송도로320번길 16-15,0,00016,00015,4289301,1,12330,12330,송정동,,광산구,12330,아파트,전월세,202603,아파트 전월세,,,,,
삼성,29200-74,1996,26.05~28.05,갱신,19,3,2026,"14,300",59.91,18,387-22,0,"14,000",,임방울대로 142-12,0,00142,00012,2009005,7,12330,12330,운남동,,광산구,12330,아파트,전월세,202603,아파트 전월세,,,,,
수완지구호반베르디움1차,29200-277,2012,26.03~28.03,갱신,18,3,2026,"50,000",84.9173,6,1058,0,"50,000",,수등로123번길 21,0,00021,00000,4289327,1,12330,12330,신가동,,광산구,12330,아파트,전월세,202603,아파트 전월세,,,,,
하남3지구모아엘가,29200-406,2018,26.06~28.06,신규,17,3,2026,"30,000",84.9966,19,971,0,,,단전둘레길 15,0,00015,00000,4855424,0,12330,12330,하남동,,광산구,12330,아파트,전월세,202603,아파트 전월세,,,,,
진흥더루벤스,29200-250,2009,26.04~28.04,신규,13,3,2026,"18,000",84.967,6,1306,50,,,장덕로6번길 35,0,00035,00000,4289563,1,12330,12330,장덕동,,광산구,12330,아파트,전월세,202603,아파트 전월세,,,,,
첨단라인2차,29200-60,1995,26.04~28.04,신규,13,3,2026,"10,400",60,5,764-5,0,,,월계로 109,0,00109,00000,3163039,1,12330,12330,월계동,,광산구,12330,아파트,전월세,202603,아파트 전월세,,,,,
운남주공5단지,29200-78,1997,26.03~28.03,신규,12,3,2026,"16,000",84.77,16,769-1,0,,,하남대로 248-10,0,00248,00010,2009008,2,12330,12330,운남동,,광산구,12330,아파트,전월세,202603,아파트 전월세,,,,,
운남주공5단지,29200-78,1997,26.03~28.03,신규,12,3,2026,"16,000",84.77,16,769-1,0,,,하남대로 248-10,0,00248,00010,2009008,2,12330,12330,운남동,,광산구,12330,아파트,전월세,202603,아파트 전월세,,,,,
부영애시앙1차(산정셀트리움),29200-241,2008,26.04~28.04,신규,5,3,2026,"2,000",84.8198,12,1119,100,,,목련로 42,0,00042,00000,3163009,3,12330,12330,산정동,,광산구,12330,아파트,전월세,202603,아파트 전월세,,,,,
에이엠시티5차,29200-307,2013,26.03~27.03,신규,4,3,2026,300,19.1284,8,682-1,36,,,임방울대로825번길 19,0,00019,00000,4289554,1,12330,12330,쌍암동,,광산구,12330,아파트,전월세,202603,아파트 전월세,,,,,
에이엠시티5차,29200-307,2013,26.03~27.03,신규,4,3,2026,300,19.1284,8,682-1,36,,,임방울대로825번길 19,0,00019,00000,4289554,1,12330,12330,쌍암동,,광산구,12330,아파트,전월세,202603,아파트 전월세,,,,,
운남주공7단지,29200-138,2001,26.04~28.03,신규,3,3,2026,"9,400",39.99,6,794-3,0,,,목련로153번길 56,0,00056,00000,4289101,1,12330,12330,운남동,,광산구,12330,아파트,전월세,202603,아파트 전월세,,,,,
무등산골드클래스2차,29110-377,2022,26.06~28.06,신규,22,4,2026,"36,000",84.1119,12,747,0,,,남문로 589,0,00589,00000,3159003,6,12210,12210,용산동,,동구,12210,아파트,전월세,202604,아파트 전월세,,,,,
무등산골드클래스,29110-355,2018,26.05~28.05,신규,4,4,2026,"37,000",84.9603,20,1103,0,,,학소로 109,0,00109,00000,3159017,0,12210,12210,소태동,,동구,12210,아파트,전월세,202604,아파트 전월세,,,,,
무등산골드클래스2차,29110-377,2022,26.06~28.06,신규,22,4,2026,"36,000",84.1119,12,747,0,,,남문로 589,0,00589,00000,3159003,6,12210,12210,용산동,,동구,12210,아파트,전월세,202604,아파트 전월세,,,,,
아트리뷰스,29110-339,2016,26.05~28.05,신규,22,4,2026,"8,600",32.3909,4,43,0,,,독립로226번길 17,0,00017,00000,4277059,2,12210,12210,수기동,,동구,12210,아파트,전월세,202604,아파트 전월세,,,,,
아트리뷰스,29110-339,2016,26.05~28.05,신규,22,4,2026,"8,600",32.3909,4,43,0,,,독립로226번길 17,0,00017,00000,4277059,2,12210,12210,수기동,,동구,12210,아파트,전월세,202604,아파트 전월세,,,,,
무등산골드클래스,29110-355,2018,26.05~28.05,신규,4,4,2026,"37,000",84.9603,20,1103,0,,,학소로 109,0,00109,00000,3159017,0,12210,12210,소태동,,동구,12210,아파트,전월세,202604,아파트 전월세,,,,,
무등산골드클래스,29110-355,2018,26.05~28.05,신규,4,4,2026,"37,000",84.9603,20,1103,0,,,학소로 109,0,00109,00000,3159017,0,12210,12210,소태동,,동구,12210,아파트,전월세,202604,아파트 전월세,,,,,
상무지구영무예다음주상복합,29140-405,2020,26.07~28.07,신규,24,4,2026,"11,000",84.9161,30,1220-3,100,,,시청로 64,0,00064,00000,3160029,1,12240,12240,치평동,,서구,12240,아파트,전월세,202604,아파트 전월세,,,,,
상무지구영무예다음주상복합,29140-405,2020,26.07~28.07,신규,24,4,2026,"11,000",84.9161,30,1220-3,100,,,시청로 64,0,00064,00000,3160029,1,12240,12240,치평동,,서구,12240,아파트,전월세,202604,아파트 전월세,,,,,
주은모아,29140-130,2000,26.05~28.05,신규,21,4,2026,"16,500",59.28,4,1127,0,,,풍암2로 36,0,00036,00000,3160048,1,12240,12240,풍암동,,서구,12240,아파트,전월세,202604,아파트 전월세,,,,,
농성SKVIEWCentral,29140-393,2019,26.05~28.05,신규,9,4,2026,"37,000",84.9931,1,702,0,,,상무대로1147번길 16,0,00016,00000,4280171,0,12240,12240,농성동,,서구,12240,아파트,전월세,202604,아파트 전월세,,,,,
한신,29140-148,2000,26.05~28.05,신규,13,4,2026,"1,000",59.79,13,1053,50,,,풍암순환로 38,0,00038,00000,3160050,1,12240,12240,풍암동,,서구,12240,아파트,전월세,202604,아파트 전월세,,,,,
금호대우,29140-27,1998,26.06~28.06,신규,25,4,2026,"19,000",59.94,8,1166-2,0,,,치평로 107,0,00107,00000,3160042,1,12240,12240,치평동,,서구,12240,아파트,전월세,202604,아파트 전월세,,,,,
상무1차우미,29140-129,1998,26.04~28.04,신규,2,4,2026,"2,000",59.88,10,1159,65,,,상무공원로 35,0,00035,00000,3160015,1,12240,12240,치평동,,서구,12240,아파트,전월세,202604,아파트 전월세,,,,,
금호대우,29140-27,1998,26.06~28.06,신규,25,4,2026,"19,000",59.94,8,1166-2,0,,,치평로 107,0,00107,00000,3160042,1,12240,12240,치평동,,서구,12240,아파트,전월세,202604,아파트 전월세,,,,,
대주,29140-29,1998,26.04~28.04,신규,10,4,2026,"2,000",59.955,3,1168-11,60,,,상무공원로 94,0,00094,00000,3160015,1,12240,12240,치평동,,서구,12240,아파트,전월세,202604,아파트 전월세,,,,,
농성SKVIEWCentral,29140-393,2019,26.06~28.06,신규,30,4,2026,"26,000",74.9651,1,702,0,,,상무대로1147번길 16,0,00016,00000,4280171,0,12240,12240,농성동,,서구,12240,아파트,전월세,202604,아파트 전월세,,,,,
농성SKVIEWCentral,29140-393,2019,26.06~28.06,신규,30,4,2026,"26,000",74.9651,1,702,0,,,상무대로1147번길 16,0,00016,00000,4280171,0,12240,12240,농성동,,서구,12240,아파트,전월세,202604,아파트 전월세,,,,,
한국APT(2차),29140-157,1998,26.05~28.05,신규,30,4,2026,"14,000",59.985,16,771,0,,,금화로115번길 9,0,00009,00000,4280062,1,12240,12240,금호동,,서구,12240,아파트,전월세,202604,아파트 전월세,,,,,
한국APT(2차),29140-157,1998,26.05~28.05,신규,30,4,2026,"14,000",59.985,16,771,0,,,금화로115번길 9,0,00009,00000,4280062,1,12240,12240,금호동,,서구,12240,아파트,전월세,202604,아파트 전월세,,,,,
e편한세상,29140-316,2010,26.04~27.06,신규,30,4,2026,"10,000",113.7384,3,895,90,,,화운로 278,0,00278,00000,3160065,1,12240,12240,광천동,,서구,12240,아파트,전월세,202604,아파트 전월세,,,,,
e편한세상,29140-316,2010,26.04~27.06,신규,30,4,2026,"10,000",113.7384,3,895,90,,,화운로 278,0,00278,00000,3160065,1,12240,12240,광천동,,서구,12240,아파트,전월세,202604,아파트 전월세,,,,,
한신,29140-148,2000,26.05~28.05,신규,8,4,2026,"13,600",59.79,14,1053,0,,,풍암순환로 38,0,00038,00000,3160050,1,12240,12240,풍암동,,서구,12240,아파트,전월세,202604,아파트 전월세,,,,,
대주,29140-29,1998,26.04~28.04,신규,10,4,2026,"2,000",59.955,3,1168-11,60,,,상무공원로 94,0,00094,00000,3160015,1,12240,12240,치평동,,서구,12240,아파트,전월세,202604,아파트 전월세,,,,,
한신,29140-148,2000,26.05~28.05,신규,13,4,2026,"1,000",59.79,13,1053,50,,,풍암순환로 38,0,00038,00000,3160050,1,12240,12240,풍암동,,서구,12240,아파트,전월세,202604,아파트 전월세,,,,,
주은모아,29140-130,2000,26.05~28.05,신규,21,4,2026,"16,500",59.28,4,1127,0,,,풍암2로 36,0,00036,00000,3160048,1,12240,12240,풍암동,,서구,12240,아파트,전월세,202604,아파트 전월세,,,,,
한신,29140-148,2000,26.05~28.05,신규,8,4,2026,"13,600",59.79,14,1053,0,,,풍암순환로 38,0,00038,00000,3160050,1,12240,12240,풍암동,,서구,12240,아파트,전월세,202604,아파트 전월세,,,,,
농성SKVIEWCentral,29140-393,2019,26.05~28.05,신규,9,4,2026,"37,000",84.9931,1,702,0,,,상무대로1147번길 16,0,00016,00000,4280171,0,12240,12240,농성동,,서구,12240,아파트,전월세,202604,아파트 전월세,,,,,
상무1차우미,29140-129,1998,26.04~28.04,신규,2,4,2026,"2,000",59.88,10,1159,65,,,상무공원로 35,0,00035,00000,3160015,1,12240,12240,치평동,,서구,12240,아파트,전월세,202604,아파트 전월세,,,,,
양우내안애프레스티지,29155-415,2021,26.08~28.08,신규,12,4,2026,"24,000",84.6929,29,1320,0,,,대남대로223번길 10,0,00010,00000,4283160,1,12270,12270,주월동,,남구,12270,아파트,전월세,202604,아파트 전월세,,,,,
광명,29155-89,1998,26.06~28.06,신규,14,4,2026,"11,900",59.97,1,312-7,0,,,광복마을길 63,0,00063,00000,4283030,2,12270,12270,진월동,,남구,12270,아파트,전월세,202604,아파트 전월세,,,,,
광명,29155-89,1998,26.06~28.06,신규,14,4,2026,"11,900",59.97,1,312-7,0,,,광복마을길 63,0,00063,00000,4283030,2,12270,12270,진월동,,남구,12270,아파트,전월세,202604,아파트 전월세,,,,,
중흥,29155-106,1992,26.04~27.04,신규,4,4,2026,500,84.93,7,331-93,35,,,서문대로749번마길 30,0,00030,00000,4283394,2,12270,12270,진월동,,남구,12270,아파트,전월세,202604,아파트 전월세,,,,,
양우내안애프레스티지,29155-415,2021,26.08~28.08,신규,12,4,2026,"24,000",84.6929,29,1320,0,,,대남대로223번길 10,0,00010,00000,4283160,1,12270,12270,주월동,,남구,12270,아파트,전월세,202604,아파트 전월세,,,,,
중흥,29155-106,1992,26.04~27.04,신규,4,4,2026,500,84.93,7,331-93,35,,,서문대로749번마길 30,0,00030,00000,4283394,2,12270,12270,진월동,,남구,12270,아파트,전월세,202604,아파트 전월세,,,,,
봉선중길한국아델리움5차아파트,29155-437,2023,26.04~28.04,신규,2,4,2026,"28,000",84.6496,13,571,0,,,봉선중길 43,0,00043,00000,4283319,0,12270,12270,방림동,,남구,12270,아파트,전월세,202604,아파트 전월세,,,,,
봉선중길한국아델리움5차아파트,29155-437,2023,26.04~28.04,신규,2,4,2026,"28,000",84.6496,13,571,0,,,봉선중길 43,0,00043,00000,4283319,0,12270,12270,방림동,,남구,12270,아파트,전월세,202604,아파트 전월세,,,,,
산이고운신용PARK,29170-1368,2025,26.07~28.07,신규,22,4,2026,"30,000",84.8619,18,823,0,,,청계로 13,0,00013,00000,3162075,0,12300,12300,신안동,,북구,12300,아파트,전월세,202604,아파트 전월세,,,,,
산이고운신용PARK,29170-1368,2025,26.07~28.07,신규,22,4,2026,"30,000",84.8619,18,823,0,,,청계로 13,0,00013,00000,3162075,0,12300,12300,신안동,,북구,12300,아파트,전월세,202604,아파트 전월세,,,,,
힐스테이트신용더리버,29170-885,2024,26.06~28.06,신규,26,4,2026,"38,000",84.94,24,869,0,,,빛고을대로 615,0,00615,00000,2009010,0,12300,12300,신용동,,북구,12300,아파트,전월세,202604,아파트 전월세,,,,,
힐스테이트신용더리버,29170-885,2024,26.06~28.06,신규,25,4,2026,"29,000",84.77,6,869,0,,,빛고을대로 615,0,00615,00000,2009010,0,12300,12300,신용동,,북구,12300,아파트,전월세,202604,아파트 전월세,,,,,
힐스테이트연제,29170-795,2020,26.06~28.06,신규,27,4,2026,"30,000",82.411,14,1119,0,,,양일1로 31,0,00031,00000,3286003,0,12300,12300,연제동,,북구,12300,아파트,전월세,202604,아파트 전월세,,,,,
연제첨단광신프로그레스,29170-1383,2025,26.06~28.06,신규,11,4,2026,"14,250",84.885,8,583-6,40,,,신촌마을길 67-14,0,00067,00014,4286467,0,12300,12300,연제동,,북구,12300,아파트,전월세,202604,아파트 전월세,,,,,
벽산블루밍메가씨티3단지,29170-568,2008,26.06~28.06,신규,7,4,2026,"7,000",84.7489,13,69,80,,,대자로 55,0,00055,00000,3162007,1,12300,12300,운암동,,북구,12300,아파트,전월세,202604,아파트 전월세,,,,,
금남로대광로제비앙,29170-835,2022,26.06~28.06,신규,23,4,2026,"28,000",84.9878,33,141,0,,,서림로 153,0,00153,00000,3162028,0,12300,12300,유동,,북구,12300,아파트,전월세,202604,아파트 전월세,,,,,
연제첨단광신프로그레스,29170-1383,2025,26.06~28.06,신규,11,4,2026,"14,250",84.885,8,583-6,40,,,신촌마을길 67-14,0,00067,00014,4286467,0,12300,12300,연제동,,북구,12300,아파트,전월세,202604,아파트 전월세,,,,,
무등산자이앤어울림1단지,29170-873,2025,26.05~28.05,신규,24,4,2026,"4,000",84.9813,23,835,140,,,서양로 155,0,00155,00000,3162030,3,12300,12300,우산동,,북구,12300,아파트,전월세,202604,아파트 전월세,,,,,
모아호반,29170-164,1995,26.05~28.05,신규,15,4,2026,"1,000",59.89,10,755-16,55,,,설죽로370번길 27,0,00027,00000,4286435,2,12300,12300,삼각동,,북구,12300,아파트,전월세,202604,아파트 전월세,,,,,
연제첨단광신프로그레스,29170-1383,2025,26.05~28.05,신규,11,4,2026,"12,270",79.4948,2,583-6,30,,,신촌마을길 67-14,0,00067,00014,4286467,0,12300,12300,연제동,,북구,12300,아파트,전월세,202604,아파트 전월세,,,,,
연제동골드클래스,29170-759,2018,26.06~28.06,신규,14,4,2026,"22,000",59.9943,3,1116,0,,,양산제로 95,0,00095,00000,3162044,0,12300,12300,연제동,,북구,12300,아파트,전월세,202604,아파트 전월세,,,,,
센트럴시티서희스타힐스,29170-886,2024,26.05~28.05,신규,9,4,2026,"26,000",79.7094,11,1130,0,,,임방울대로1041번길 32-19,0,00032,00019,4286609,0,12300,12300,용두동,,북구,12300,아파트,전월세,202604,아파트 전월세,,,,,
청솔2차,29170-255,2000,26.05~28.05,신규,10,4,2026,"8,500",48.45,11,850-4,0,,,설죽로 555,0,00555,00000,3162033,6,12300,12300,일곡동,,북구,12300,아파트,전월세,202604,아파트 전월세,,,,,
연제첨단광신프로그레스,29170-1383,2025,26.05~28.05,신규,11,4,2026,"12,270",79.4948,2,583-6,30,,,신촌마을길 67-14,0,00067,00014,4286467,0,12300,12300,연제동,,북구,12300,아파트,전월세,202604,아파트 전월세,,,,,
센트럴시티서희스타힐스,29170-886,2024,26.05~28.05,신규,4,4,2026,"27,000",84.928,19,1130,0,,,임방울대로1041번길 32-19,0,00032,00019,4286609,0,12300,12300,용두동,,북구,12300,아파트,전월세,202604,아파트 전월세,,,,,
벽산블루밍메가씨티3단지,29170-568,2008,26.06~28.06,신규,7,4,2026,"7,000",84.7489,13,69,80,,,대자로 55,0,00055,00000,3162007,1,12300,12300,운암동,,북구,12300,아파트,전월세,202604,아파트 전월세,,,,,
모아호반,29170-164,1995,26.05~28.05,신규,15,4,2026,"1,000",59.89,10,755-16,55,,,설죽로370번길 27,0,00027,00000,4286435,2,12300,12300,삼각동,,북구,12300,아파트,전월세,202604,아파트 전월세,,,,,
무등산자이앤어울림1단지,29170-873,2025,26.05~28.05,신규,24,4,2026,"4,000",84.9813,23,835,140,,,서양로 155,0,00155,00000,3162030,3,12300,12300,우산동,,북구,12300,아파트,전월세,202604,아파트 전월세,,,,,
삼각동그린타운,29170-165,1997,26.05~28.05,신규,14,4,2026,"12,500",59.82,15,533,0,,,설죽로389번길 70,0,00070,00000,4286436,1,12300,12300,삼각동,,북구,12300,아파트,전월세,202604,아파트 전월세,,,,,
금남로대광로제비앙,29170-835,2022,26.05~28.05,신규,9,4,2026,"30,000",84.7468,24,141,0,,,서림로 153,0,00153,00000,3162028,0,12300,12300,유동,,북구,12300,아파트,전월세,202604,아파트 전월세,,,,,
호반2,29170-252,1995,26.06~28.06,신규,10,4,2026,"10,500",59.95,8,214-10,0,,,매곡로 64,0,00064,00000,3162014,2,12300,12300,매곡동,,북구,12300,아파트,전월세,202604,아파트 전월세,,,,,
산이고운신용PARK,29170-1368,2025,26.07~28.07,신규,22,4,2026,"30,000",84.8619,18,823,0,,,청계로 13,0,00013,00000,3162075,0,12300,12300,신안동,,북구,12300,아파트,전월세,202604,아파트 전월세,,,,,
모아엘가더스카이,29170-798,2020,26.05~28.09,신규,17,4,2026,"25,314",84.3551,14,821,0,,,신임로32번길 35,0,00035,00000,4286463,0,12300,12300,신안동,,북구,12300,아파트,전월세,202604,아파트 전월세,,,,,
용봉동아델리움인비엔날레,29170-744,2017,26.06~28.06,신규,8,4,2026,"29,000",84.8857,4,1478,0,,,운용로 49,0,00049,00000,3162057,0,12300,12300,용봉동,,북구,12300,아파트,전월세,202604,아파트 전월세,,,,,
힐스테이트신용더리버,29170-885,2024,26.06~28.06,신규,25,4,2026,"29,000",84.77,6,869,0,,,빛고을대로 615,0,00615,00000,2009010,0,12300,12300,신용동,,북구,12300,아파트,전월세,202604,아파트 전월세,,,,,
힐스테이트연제,29170-795,2020,26.06~28.06,신규,27,4,2026,"30,000",82.411,14,1119,0,,,양일1로 31,0,00031,00000,3286003,0,12300,12300,연제동,,북구,12300,아파트,전월세,202604,아파트 전월세,,,,,
힐스테이트신용더리버,29170-885,2024,26.06~28.06,신규,26,4,2026,"38,000",84.94,24,869,0,,,빛고을대로 615,0,00615,00000,2009010,0,12300,12300,신용동,,북구,12300,아파트,전월세,202604,아파트 전월세,,,,,
금남로대광로제비앙,29170-835,2022,26.06~28.06,신규,23,4,2026,"28,000",84.9878,33,141,0,,,서림로 153,0,00153,00000,3162028,0,12300,12300,유동,,북구,12300,아파트,전월세,202604,아파트 전월세,,,,,
힐스테이트연제,29170-795,2020,26.06~28.06,신규,22,4,2026,"26,000",84.9934,2,1119,0,,,양일1로 31,0,00031,00000,3286003,0,12300,12300,연제동,,북구,12300,아파트,전월세,202604,아파트 전월세,,,,,
힐스테이트연제,29170-795,2020,26.06~28.06,신규,22,4,2026,"26,000",84.9934,2,1119,0,,,양일1로 31,0,00031,00000,3286003,0,12300,12300,연제동,,북구,12300,아파트,전월세,202604,아파트 전월세,,,,,
동림대광로제비앙,29170-796,2020,26.05~28.05,신규,8,4,2026,"26,000",74.7877,1,1334,0,,,운암산길 48,,00048,00000,4857959,1,12300,12300,동림동,,북구,12300,아파트,전월세,202604,아파트 전월세,,,,,
모아엘가더스카이,29170-798,2020,26.05~28.09,신규,17,4,2026,"25,314",84.3551,14,821,0,,,신임로32번길 35,0,00035,00000,4286463,0,12300,12300,신안동,,북구,12300,아파트,전월세,202604,아파트 전월세,,,,,
프라임시티서희스타힐스,29170-890,2024,26.06~27.02,신규,3,4,2026,"37,000",84.9385,19,1135,0,,,거진길 46,0,00046,00000,4286011,0,12300,12300,용두동,,북구,12300,아파트,전월세,202604,아파트 전월세,,,,,
청솔2차,29170-255,2000,26.05~28.05,신규,10,4,2026,"8,500",48.45,11,850-4,0,,,설죽로 555,0,00555,00000,3162033,6,12300,12300,일곡동,,북구,12300,아파트,전월세,202604,아파트 전월세,,,,,
연제동골드클래스,29170-759,2018,26.06~28.06,신규,14,4,2026,"22,000",59.9943,3,1116,0,,,양산제로 95,0,00095,00000,3162044,0,12300,12300,연제동,,북구,12300,아파트,전월세,202604,아파트 전월세,,,,,
중흥동동우아스트로아파트,29170-778,2019,26.05~28.05,신규,10,4,2026,"18,500",59.9863,10,822,0,,,효죽로9번길 53,0,00053,00000,4286820,0,12300,12300,중흥동,,북구,12300,아파트,전월세,202604,아파트 전월세,,,,,
삼각동그린타운,29170-165,1997,26.05~28.05,신규,14,4,2026,"12,500",59.82,15,533,0,,,설죽로389번길 70,0,00070,00000,4286436,1,12300,12300,삼각동,,북구,12300,아파트,전월세,202604,아파트 전월세,,,,,
연제동골드클래스,29170-759,2018,26.06~28.06,신규,5,4,2026,"21,000",59.9943,17,1116,0,,,양산제로 95,0,00095,00000,3162044,0,12300,12300,연제동,,북구,12300,아파트,전월세,202604,아파트 전월세,,,,,
센트럴시티서희스타힐스,29170-886,2024,26.05~28.05,신규,9,4,2026,"26,000",79.7094,11,1130,0,,,임방울대로1041번길 32-19,0,00032,00019,4286609,0,12300,12300,용두동,,북구,12300,아파트,전월세,202604,아파트 전월세,,,,,
중흥동동우아스트로아파트,29170-778,2019,26.05~28.05,신규,10,4,2026,"18,500",59.9863,10,822,0,,,효죽로9번길 53,0,00053,00000,4286820,0,12300,12300,중흥동,,북구,12300,아파트,전월세,202604,아파트 전월세,,,,,
동림대광로제비앙,29170-796,2020,26.05~28.05,신규,8,4,2026,"26,000",74.7877,1,1334,0,,,운암산길 48,,00048,00000,4857959,1,12300,12300,동림동,,북구,12300,아파트,전월세,202604,아파트 전월세,,,,,
호반2,29170-252,1995,26.06~28.06,신규,10,4,2026,"10,500",59.95,8,214-10,0,,,매곡로 64,0,00064,00000,3162014,2,12300,12300,매곡동,,북구,12300,아파트,전월세,202604,아파트 전월세,,,,,
금남로대광로제비앙,29170-835,2022,26.05~28.05,신규,9,4,2026,"30,000",84.7468,24,141,0,,,서림로 153,0,00153,00000,3162028,0,12300,12300,유동,,북구,12300,아파트,전월세,202604,아파트 전월세,,,,,
동림대광로제비앙,29170-796,2020,26.05~28.05,신규,8,4,2026,"26,000",74.7877,1,1334,0,,,운암산길 48,,00048,00000,4857959,1,12300,12300,동림동,,북구,12300,아파트,전월세,202604,아파트 전월세,,,,,
용봉동아델리움인비엔날레,29170-744,2017,26.06~28.06,신규,8,4,2026,"29,000",84.8857,4,1478,0,,,운용로 49,0,00049,00000,3162057,0,12300,12300,용봉동,,북구,12300,아파트,전월세,202604,아파트 전월세,,,,,
센트럴시티서희스타힐스,29170-886,2024,26.05~28.05,신규,4,4,2026,"27,000",84.928,19,1130,0,,,임방울대로1041번길 32-19,0,00032,00019,4286609,0,12300,12300,용두동,,북구,12300,아파트,전월세,202604,아파트 전월세,,,,,
연제동골드클래스,29170-759,2018,26.06~28.06,신규,5,4,2026,"21,000",59.9943,17,1116,0,,,양산제로 95,0,00095,00000,3162044,0,12300,12300,연제동,,북구,12300,아파트,전월세,202604,아파트 전월세,,,,,
프라임시티서희스타힐스,29170-890,2024,26.06~27.02,신규,3,4,2026,"37,000",84.9385,19,1135,0,,,거진길 46,0,00046,00000,4286011,0,12300,12300,용두동,,북구,12300,아파트,전월세,202604,아파트 전월세,,,,,
토담휴로스,29200-305,2013,26.04~28.04,신규,22,4,2026,300,19.9163,5,1576-4,35,,,무진대로231번길 13-5,0,00013,00005,4289119,1,12330,12330,우산동,,광산구,12330,아파트,전월세,202604,아파트 전월세,,,,,
운남주공10단지,29200-140,2003,26.05~28.05,신규,22,4,2026,"22,500",84.03,13,685-1,0,,,사암로340번길 30,0,00030,00000,4289194,1,12330,12330,월곡동,,광산구,12330,아파트,전월세,202604,아파트 전월세,,,,,
송정역숲안애아파트,29200-396,2018,26.08~28.08,신규,23,4,2026,"20,000",84.0259,14,1316,0,,,송도로182번길 39-9,0,00039,00009,4289293,0,12330,12330,도산동,,광산구,12330,아파트,전월세,202604,아파트 전월세,,,,,
호반2차,29200-92,1998,26.05~28.05,신규,23,4,2026,"1,000",59.95,11,782,50,,,송도로162번길 11-6,0,00011,00006,4289291,1,12330,12330,도산동,,광산구,12330,아파트,전월세,202604,아파트 전월세,,,,,
송정역숲안애아파트,29200-396,2018,26.08~28.08,신규,23,4,2026,"20,000",84.0259,14,1316,0,,,송도로182번길 39-9,0,00039,00009,4289293,0,12330,12330,도산동,,광산구,12330,아파트,전월세,202604,아파트 전월세,,,,,
명지2차,29200-142,2005,26.07~28.07,신규,12,4,2026,"19,000",84.8858,6,448-1,0,,,송도로320번길 16-15,0,00016,00015,4289301,1,12330,12330,송정동,,광산구,12330,아파트,전월세,202604,아파트 전월세,,,,,
운남주공7단지,29200-138,2001,26.06~28.06,신규,20,4,2026,"13,000",49.83,6,794-3,0,,,목련로153번길 56,0,00056,00000,4289101,1,12330,12330,운남동,,광산구,12330,아파트,전월세,202604,아파트 전월세,,,,,
소촌동지오스테이션아파트,29200-353,2015,26.04~28.04,신규,9,4,2026,"16,700",67.4527,2,874,0,,,송정공원로11번길 50-3,0,00050,00003,4289305,1,12330,12330,소촌동,,광산구,12330,아파트,전월세,202604,아파트 전월세,,,,,
호반2차,29200-119,1997,26.05~28.05,신규,9,4,2026,"12,000",59.82,3,763-6,10,,,월계로 59,0,00059,00000,3163039,1,12330,12330,월계동,,광산구,12330,아파트,전월세,202604,아파트 전월세,,,,,
선운모아엘가,29200-324,2014,26.05~28.05,신규,21,4,2026,"4,260",84.9856,12,555,60,,,선운중앙로 45,0,00045,00000,3163082,1,12330,12330,선암동,,광산구,12330,아파트,전월세,202604,아파트 전월세,,,,,
힐스테이트리버파크,29200-412,2019,26.06~28.06,갱신,9,4,2026,"50,000",101.92,16,695-1,0,"50,000",,첨단강변로 100,0,00100,00000,3163075,0,12330,12330,쌍암동,,광산구,12330,아파트,전월세,202604,아파트 전월세,,,,,
운남주공10단지,29200-140,2003,26.05~28.05,신규,22,4,2026,"22,500",84.03,13,685-1,0,,,사암로340번길 30,0,00030,00000,4289194,1,12330,12330,월곡동,,광산구,12330,아파트,전월세,202604,아파트 전월세,,,,,
카이스트빌2차,29200-97,2001,26.07~28.07,신규,28,4,2026,"3,000",83.013,5,849,60,,,송도로181번길 30,0,00030,00000,4289292,2,12330,12330,도산동,,광산구,12330,아파트,전월세,202604,아파트 전월세,,,,,
호반2차,29200-92,1998,26.05~28.05,신규,23,4,2026,"1,000",59.95,11,782,50,,,송도로162번길 11-6,0,00011,00006,4289291,1,12330,12330,도산동,,광산구,12330,아파트,전월세,202604,아파트 전월세,,,,,
토담휴로스,29200-305,2013,26.04~28.04,신규,22,4,2026,300,19.9163,5,1576-4,35,,,무진대로231번길 13-5,0,00013,00005,4289119,1,12330,12330,우산동,,광산구,12330,아파트,전월세,202604,아파트 전월세,,,,,
쌍용더플래티넘광산,29200-447,2021,26.05~28.05,신규,23,4,2026,"30,000",84.9784,5,1625,0,,,우산로107번길 67,0,00067,00000,4289471,1,12330,12330,우산동,,광산구,12330,아파트,전월세,202604,아파트 전월세,,,,,
중흥2차,29200-117,1995,26.05~28.05,신규,26,4,2026,"1,000",59.76,10,628-1,50,,,비아로62번길 12,0,00012,00000,4289176,2,12330,12330,도천동,,광산구,12330,아파트,전월세,202604,아파트 전월세,,,,,
중흥2차,29200-117,1995,26.05~28.05,신규,26,4,2026,"1,000",59.76,10,628-1,50,,,비아로62번길 12,0,00012,00000,4289176,2,12330,12330,도천동,,광산구,12330,아파트,전월세,202604,아파트 전월세,,,,,
쌍용더플래티넘광산,29200-447,2021,26.05~28.05,신규,23,4,2026,"30,000",84.9784,5,1625,0,,,우산로107번길 67,0,00067,00000,4289471,1,12330,12330,우산동,,광산구,12330,아파트,전월세,202604,아파트 전월세,,,,,
하남주공(2단지),29200-39,1991,26.05~28.05,신규,14,4,2026,300,44.52,12,1571-1,40,,,월곡산정로 12,0,00012,00000,3163042,1,12330,12330,우산동,,광산구,12330,아파트,전월세,202604,아파트 전월세,,,,,
세계수영선수촌 중흥에스-클래스 센트럴,29200-432,2020,26.05~28.05,갱신,21,4,2026,"23,000",75.9493,8,1621,0,"23,000",,금봉로 106,,00106,00000,3163003,0,12330,12330,우산동,,광산구,12330,아파트,전월세,202604,아파트 전월세,,,,,
대화,29200-3,1998,26.04~28.04,신규,25,4,2026,"9,000",59.91,12,202,0,,,송도로212번길 31-8,0,00031,00008,4289295,1,12330,12330,송정동,,광산구,12330,아파트,전월세,202604,아파트 전월세,,,,,
힐스테이트리버파크,29200-412,2019,26.06~28.06,갱신,9,4,2026,"50,000",101.92,16,695-1,0,"50,000",,첨단강변로 100,0,00100,00000,3163075,0,12330,12330,쌍암동,,광산구,12330,아파트,전월세,202604,아파트 전월세,,,,,
금호타운,29200-82,1991,26.05~28.05,신규,20,4,2026,"1,000",84.72,2,613-1,70,,,월곡산정로 80,0,00080,00000,3163042,3,12330,12330,월곡동,,광산구,12330,아파트,전월세,202604,아파트 전월세,,,,,
송정역숲안애아파트,29200-396,2018,26.08~28.08,신규,23,4,2026,"20,000",84.0259,14,1316,0,,,송도로182번길 39-9,0,00039,00009,4289293,0,12330,12330,도산동,,광산구,12330,아파트,전월세,202604,아파트 전월세,,,,,
카이스트빌2차,29200-97,2001,26.07~28.07,신규,28,4,2026,"3,000",83.013,5,849,60,,,송도로181번길 30,0,00030,00000,4289292,2,12330,12330,도산동,,광산구,12330,아파트,전월세,202604,아파트 전월세,,,,,
부영애시앙2차,29200-240,2008,26.05~28.05,갱신,27,4,2026,"20,790",84.8198,15,1056,0,"20,790",,목련로 41,0,00041,00000,3163009,3,12330,12330,산정동,사용,광산구,12330,아파트,전월세,202604,아파트 전월세,,,,,
부영애시앙2차,29200-240,2008,26.05~28.05,갱신,27,4,2026,"20,790",84.8198,15,1056,0,"20,790",,목련로 41,0,00041,00000,3163009,3,12330,12330,산정동,사용,광산구,12330,아파트,전월세,202604,아파트 전월세,,,,,
대화,29200-3,1998,26.04~28.04,신규,25,4,2026,"9,000",59.91,12,202,0,,,송도로212번길 31-8,0,00031,00008,4289295,1,12330,12330,송정동,,광산구,12330,아파트,전월세,202604,아파트 전월세,,,,,
하남주공(2단지),29200-39,1991,26.05~28.05,신규,14,4,2026,300,44.52,12,1571-1,40,,,월곡산정로 12,0,00012,00000,3163042,1,12330,12330,우산동,,광산구,12330,아파트,전월세,202604,아파트 전월세,,,,,
MaruHiII,29200-320,2014,26.04~27.04,신규,14,4,2026,300,20.7468,5,1594-2,35,,,무진대로 278-12,0,00278,00012,2009009,2,12330,12330,우산동,,광산구,12330,아파트,전월세,202604,아파트 전월세,,,,,
선운모아엘가,29200-324,2014,26.05~28.05,신규,21,4,2026,"4,260",84.9856,12,555,60,,,선운중앙로 45,0,00045,00000,3163082,1,12330,12330,선암동,,광산구,12330,아파트,전월세,202604,아파트 전월세,,,,,
세계수영선수촌 중흥에스-클래스 센트럴,29200-432,2020,26.05~28.05,갱신,21,4,2026,"23,000",75.9493,8,1621,0,"23,000",,금봉로 106,,00106,00000,3163003,0,12330,12330,우산동,,광산구,12330,아파트,전월세,202604,아파트 전월세,,,,,
운남주공7단지,29200-138,2001,26.06~28.06,신규,20,4,2026,"13,000",49.83,6,794-3,0,,,목련로153번길 56,0,00056,00000,4289101,1,12330,12330,운남동,,광산구,12330,아파트,전월세,202604,아파트 전월세,,,,,
금호타운,29200-82,1991,26.05~28.05,신규,20,4,2026,"1,000",84.72,2,613-1,70,,,월곡산정로 80,0,00080,00000,3163042,3,12330,12330,월곡동,,광산구,12330,아파트,전월세,202604,아파트 전월세,,,,,
대라수아파트,29200-392,2017,26.05~28.05,신규,13,4,2026,"20,000",68.746,4,1290,0,,,장신로 326,,00326,00000,3163047,0,12330,12330,신창동,,광산구,12330,아파트,전월세,202604,아파트 전월세,,,,,
MaruHiII,29200-320,2014,26.04~27.04,신규,14,4,2026,300,20.7468,5,1594-2,35,,,무진대로 278-12,0,00278,00012,2009009,2,12330,12330,우산동,,광산구,12330,아파트,전월세,202604,아파트 전월세,,,,,
호반2차,29200-119,1997,26.05~28.05,신규,9,4,2026,"12,000",59.82,3,763-6,10,,,월계로 59,0,00059,00000,3163039,1,12330,12330,월계동,,광산구,12330,아파트,전월세,202604,아파트 전월세,,,,,
명지2차,29200-142,2005,26.07~28.07,신규,12,4,2026,"19,000",84.8858,6,448-1,0,,,송도로320번길 16-15,0,00016,00015,4289301,1,12330,12330,송정동,,광산구,12330,아파트,전월세,202604,아파트 전월세,,,,,
소촌동지오스테이션아파트,29200-353,2015,26.04~28.04,신규,9,4,2026,"16,700",67.4527,2,874,0,,,송정공원로11번길 50-3,0,00050,00003,4289305,1,12330,12330,소촌동,,광산구,12330,아파트,전월세,202604,아파트 전월세,,,,,
대라수아파트,29200-392,2017,26.05~28.05,신규,13,4,2026,"20,000",68.746,4,1290,0,,,장신로 326,,00326,00000,3163047,0,12330,12330,신창동,,광산구,12330,아파트,전월세,202604,아파트 전월세,,,,,
대라수아파트,29200-392,2017,26.05~28.05,신규,13,4,2026,"20,000",68.746,4,1290,0,,,장신로 326,,00326,00000,3163047,0,12330,12330,신창동,,광산구,12330,아파트,전월세,202604,아파트 전월세,,,,,
내남지구2차진아리채,29110-369,2020,26.07~28.06,갱신,21,5,2026,"21,211",84.9994,6,904,5,"20,694",5,육판서길 17,0,00017,00000,4277158,0,12210,12210,내남동,,동구,12210,아파트,전월세,202605,아파트 전월세,,,,,
내남지구2차진아리채,29110-369,2020,26.07~28.06,갱신,21,5,2026,"21,211",84.9994,9,904,5,"20,694",5,육판서길 17,0,00017,00000,4277158,0,12210,12210,내남동,,동구,12210,아파트,전월세,202605,아파트 전월세,,,,,
내남지구2차진아리채,29110-369,2020,26.07~28.06,갱신,21,5,2026,"21,211",84.9994,6,904,5,"20,694",5,육판서길 17,0,00017,00000,4277158,0,12210,12210,내남동,,동구,12210,아파트,전월세,202605,아파트 전월세,,,,,
내남지구2차진아리채,29110-369,2020,26.07~28.06,갱신,21,5,2026,"21,211",84.9994,14,904,5,"20,694",5,육판서길 17,0,00017,00000,4277158,0,12210,12210,내남동,,동구,12210,아파트,전월세,202605,아파트 전월세,,,,,
내남지구2차진아리채,29110-369,2020,26.07~28.06,갱신,21,5,2026,"21,211",84.9994,6,904,5,"20,694",5,육판서길 17,0,00017,00000,4277158,0,12210,12210,내남동,,동구,12210,아파트,전월세,202605,아파트 전월세,,,,,
충장고운라피네,29110-348,2017,26.07~28.07,신규,11,5,2026,"15,000",49.831,14,34,0,,,충장로58번길 14,,00014,00000,4277237,0,12210,12210,충장로4가,,동구,12210,아파트,전월세,202605,아파트 전월세,,,,,
내남지구2차진아리채,29110-369,2020,26.07~28.06,갱신,21,5,2026,"21,211",84.9994,6,904,5,"20,694",5,육판서길 17,0,00017,00000,4277158,0,12210,12210,내남동,,동구,12210,아파트,전월세,202605,아파트 전월세,,,,,
내남지구2차진아리채,29110-369,2020,26.07~28.06,갱신,21,5,2026,"17,364",59.9156,8,904,4,"16,941",4,육판서길 17,0,00017,00000,4277158,0,12210,12210,내남동,,동구,12210,아파트,전월세,202605,아파트 전월세,,,,,
내남지구2차진아리채,29110-369,2020,26.07~28.06,갱신,21,5,2026,"21,211",84.9994,9,904,5,"20,694",5,육판서길 17,0,00017,00000,4277158,0,12210,12210,내남동,,동구,12210,아파트,전월세,202605,아파트 전월세,,,,,
내남지구2차진아리채,29110-369,2020,26.07~28.06,갱신,21,5,2026,"21,211",84.9994,14,904,5,"20,694",5,육판서길 17,0,00017,00000,4277158,0,12210,12210,내남동,,동구,12210,아파트,전월세,202605,아파트 전월세,,,,,
내남지구2차진아리채,29110-369,2020,26.07~28.06,갱신,21,5,2026,"17,364",59.9156,8,904,4,"16,941",4,육판서길 17,0,00017,00000,4277158,0,12210,12210,내남동,,동구,12210,아파트,전월세,202605,아파트 전월세,,,,,
내남지구2차진아리채,29110-369,2020,26.07~28.06,갱신,21,5,2026,"21,211",84.9994,6,904,5,"20,694",5,육판서길 17,0,00017,00000,4277158,0,12210,12210,내남동,,동구,12210,아파트,전월세,202605,아파트 전월세,,,,,
두암그린파크,29110-54,1995,26.06~28.06,신규,14,5,2026,"13,000",84.9,1,689,0,,,밤실로 150,0,00150,00000,3162072,1,12210,12210,산수동,,동구,12210,아파트,전월세,202605,아파트 전월세,,,,,
두암그린파크,29110-54,1995,26.06~28.06,신규,14,5,2026,"13,000",84.9,1,689,0,,,밤실로 150,0,00150,00000,3162072,1,12210,12210,산수동,,동구,12210,아파트,전월세,202605,아파트 전월세,,,,,
충장고운라피네,29110-348,2017,26.07~28.07,신규,11,5,2026,"15,000",49.831,14,34,0,,,충장로58번길 14,,00014,00000,4277237,0,12210,12210,충장로4가,,동구,12210,아파트,전월세,202605,아파트 전월세,,,,,
희망가,29140-300,2007,26.06~28.06,신규,5,5,2026,"20,000",84.9614,12,100,0,,,백석길 19,0,00019,00000,4280145,1,12240,12240,마륵동,,서구,12240,아파트,전월세,202605,아파트 전월세,,,,,
더샵염주센트럴파크,29140-414,2022,26.07~28.07,갱신,12,5,2026,"16,138",59.9828,24,1712,0,"15,370",,월드컵4강로 27,,00027,00000,3160036,0,12240,12240,화정동,,서구,12240,아파트,전월세,202605,아파트 전월세,,,,,
상무양우내안애퍼스트힐,29140-903,2026,26.06~28.06,신규,17,5,2026,"3,000",59.8784,6,822,100,,,북촌길 78,0,00078,00000,4280158,0,12240,12240,마륵동,,서구,12240,아파트,전월세,202605,아파트 전월세,,,,,
상무리채2,29140-357,2014,26.05~27.05,신규,22,5,2026,300,19.2869,12,1258-5,40,,,시청로 13,0,00013,00000,3160029,1,12240,12240,치평동,,서구,12240,아파트,전월세,202605,아파트 전월세,,,,,
대우금호,29140-125,1998,26.07~28.07,신규,29,5,2026,"19,350",59.94,2,1166-2,0,,,치평로 107,0,00107,00000,3160042,1,12240,12240,치평동,,서구,12240,아파트,전월세,202605,아파트 전월세,,,,,
호반리젠시빌5차,29140-158,2002,26.07~28.07,신규,13,5,2026,"27,000",84.891,18,809,0,,,화개1로78번길 8,0,00008,00000,4280480,1,12240,12240,금호동,,서구,12240,아파트,전월세,202605,아파트 전월세,,,,,
성우행복한집,29140-291,2006,26.07~27.10,신규,29,5,2026,"5,000",84.9791,14,890-5,80,,,마륵복개로 166,0,00166,00000,3160006,1,12240,12240,쌍촌동,,서구,12240,아파트,전월세,202605,아파트 전월세,,,,,
성우행복한집,29140-291,2006,26.07~27.10,신규,29,5,2026,"5,000",84.9791,14,890-5,80,,,마륵복개로 166,0,00166,00000,3160006,1,12240,12240,쌍촌동,,서구,12240,아파트,전월세,202605,아파트 전월세,,,,,
버들마을,29140-135,2000,26.06~28.06,신규,30,5,2026,"1,500",49.93,16,864,56,,,상무버들로40번길 14,0,00014,00000,4280205,1,12240,12240,유촌동,,서구,12240,아파트,전월세,202605,아파트 전월세,,,,,
더샵염주센트럴파크,29140-414,2022,26.06~28.05,신규,28,5,2026,"39,000",76.9612,28,1712,0,,,월드컵4강로 27,,00027,00000,3160036,0,12240,12240,화정동,,서구,12240,아파트,전월세,202605,아파트 전월세,,,,,
더샵염주센트럴파크,29140-414,2022,26.06~28.05,신규,28,5,2026,"39,000",76.9612,28,1712,0,,,월드컵4강로 27,,00027,00000,3160036,0,12240,12240,화정동,,서구,12240,아파트,전월세,202605,아파트 전월세,,,,,
대우금호,29140-125,1998,26.07~28.07,신규,29,5,2026,"19,350",59.94,2,1166-2,0,,,치평로 107,0,00107,00000,3160042,1,12240,12240,치평동,,서구,12240,아파트,전월세,202605,아파트 전월세,,,,,
더샵염주센트럴파크,29140-414,2022,26.06~28.06,신규,27,5,2026,"18,595",59.9828,18,1712,0,,,월드컵4강로 27,,00027,00000,3160036,0,12240,12240,화정동,,서구,12240,아파트,전월세,202605,아파트 전월세,,,,,
상무양우내안애퍼스트힐,29140-903,2026,26.06~28.06,신규,17,5,2026,"3,000",59.8784,6,822,100,,,북촌길 78,0,00078,00000,4280158,0,12240,12240,마륵동,,서구,12240,아파트,전월세,202605,아파트 전월세,,,,,
버들마을,29140-135,2000,26.06~28.06,신규,30,5,2026,"1,500",49.93,16,864,56,,,상무버들로40번길 14,0,00014,00000,4280205,1,12240,12240,유촌동,,서구,12240,아파트,전월세,202605,아파트 전월세,,,,,
호반리젠시빌5차,29140-158,2002,26.07~28.07,신규,13,5,2026,"27,000",84.891,18,809,0,,,화개1로78번길 8,0,00008,00000,4280480,1,12240,12240,금호동,,서구,12240,아파트,전월세,202605,아파트 전월세,,,,,
호반써밋광주,29140-398,2019,26.06~28.06,신규,13,5,2026,"40,000",84.9463,43,896,0,,,무진대로 919,0,00919,00000,2009009,0,12240,12240,광천동,,서구,12240,아파트,전월세,202605,아파트 전월세,,,,,
유니버시아드힐스테이트1단지,29140-368,2016,26.06~28.06,신규,12,5,2026,"29,000",84.97,3,1611,0,,,화운로 94,,00094,00000,3160065,0,12240,12240,화정동,,서구,12240,아파트,전월세,202605,아파트 전월세,,,,,
더샵염주센트럴파크,29140-414,2022,26.06~28.06,신규,27,5,2026,"18,595",59.9828,18,1712,0,,,월드컵4강로 27,,00027,00000,3160036,0,12240,12240,화정동,,서구,12240,아파트,전월세,202605,아파트 전월세,,,,,
상무리채2,29140-357,2014,26.05~27.05,신규,22,5,2026,300,19.2869,12,1258-5,40,,,시청로 13,0,00013,00000,3160029,1,12240,12240,치평동,,서구,12240,아파트,전월세,202605,아파트 전월세,,,,,
빛고을파크,29140-52,1991,26.05~28.05,신규,5,5,2026,"11,000",50.16,13,1228-1,0,,,화정로 105,0,00105,00000,3160058,2,12240,12240,쌍촌동,,서구,12240,아파트,전월세,202605,아파트 전월세,,,,,
대우금호,29140-125,1998,26.06~28.06,신규,12,5,2026,"15,000",59.94,20,1166-2,0,,,치평로 107,0,00107,00000,3160042,1,12240,12240,치평동,,서구,12240,아파트,전월세,202605,아파트 전월세,,,,,
빛고을파크,29140-52,1991,26.06~28.06,신규,11,5,2026,"12,500",59.85,13,1228-1,0,,,화정로 105,0,00105,00000,3160058,2,12240,12240,쌍촌동,,서구,12240,아파트,전월세,202605,아파트 전월세,,,,,
호반리젠시빌5차,29140-158,2002,26.07~28.07,신규,13,5,2026,"27,000",84.891,18,809,0,,,화개1로78번길 8,0,00008,00000,4280480,1,12240,12240,금호동,,서구,12240,아파트,전월세,202605,아파트 전월세,,,,,
더샵염주센트럴파크,29140-414,2022,26.05~28.05,신규,7,5,2026,"38,000",76.9341,19,1712,0,,,월드컵4강로 27,,00027,00000,3160036,0,12240,12240,화정동,,서구,12240,아파트,전월세,202605,아파트 전월세,,,,,
호반써밋광주,29140-398,2019,26.06~28.06,신규,13,5,2026,"40,000",84.9463,43,896,0,,,무진대로 919,0,00919,00000,2009009,0,12240,12240,광천동,,서구,12240,아파트,전월세,202605,아파트 전월세,,,,,
대우금호,29140-125,1998,26.06~28.06,신규,12,5,2026,"15,000",59.94,20,1166-2,0,,,치평로 107,0,00107,00000,3160042,1,12240,12240,치평동,,서구,12240,아파트,전월세,202605,아파트 전월세,,,,,
유니버시아드힐스테이트1단지,29140-368,2016,26.06~28.06,신규,12,5,2026,"29,000",84.97,3,1611,0,,,화운로 94,,00094,00000,3160065,0,12240,12240,화정동,,서구,12240,아파트,전월세,202605,아파트 전월세,,,,,
빛고을파크,29140-52,1991,26.06~28.06,신규,11,5,2026,"12,500",59.85,13,1228-1,0,,,화정로 105,0,00105,00000,3160058,2,12240,12240,쌍촌동,,서구,12240,아파트,전월세,202605,아파트 전월세,,,,,
더샵염주센트럴파크,29140-414,2022,26.07~28.07,갱신,12,5,2026,"16,138",59.9828,24,1712,0,"15,370",,월드컵4강로 27,,00027,00000,3160036,0,12240,12240,화정동,,서구,12240,아파트,전월세,202605,아파트 전월세,,,,,
희망가,29140-300,2007,26.06~28.06,신규,5,5,2026,"20,000",84.9614,12,100,0,,,백석길 19,0,00019,00000,4280145,1,12240,12240,마륵동,,서구,12240,아파트,전월세,202605,아파트 전월세,,,,,
더샵염주센트럴파크,29140-414,2022,26.05~28.05,신규,7,5,2026,"38,000",76.9341,19,1712,0,,,월드컵4강로 27,,00027,00000,3160036,0,12240,12240,화정동,,서구,12240,아파트,전월세,202605,아파트 전월세,,,,,
빛고을파크,29140-52,1991,26.05~28.05,신규,5,5,2026,"11,000",50.16,13,1228-1,0,,,화정로 105,0,00105,00000,3160058,2,12240,12240,쌍촌동,,서구,12240,아파트,전월세,202605,아파트 전월세,,,,,
모아,29155-8,1989,26.06~28.06,신규,8,5,2026,"14,000",84.92,13,556,0,,,봉선1로 87,0,00087,00000,3161007,2,12270,12270,방림동,,남구,12270,아파트,전월세,202605,아파트 전월세,,,,,
라인광장1,29155-34,1987,26.06~28.06,신규,13,5,2026,"9,000",41.47,11,985,0,,,봉선중앙로 103,0,00103,00000,3161010,2,12270,12270,봉선동,,남구,12270,아파트,전월세,202605,아파트 전월세,,,,,
라인광장1,29155-34,1987,26.06~28.06,신규,13,5,2026,"9,000",41.47,11,985,0,,,봉선중앙로 103,0,00103,00000,3161010,2,12270,12270,봉선동,,남구,12270,아파트,전월세,202605,아파트 전월세,,,,,
대주파크빌,29155-289,2006,26.06~28.06,신규,10,5,2026,"22,000",84.9996,4,536,0,,,화산로 20,0,00020,00000,3009009,1,12270,12270,진월동,,남구,12270,아파트,전월세,202605,아파트 전월세,,,,,
모아,29155-8,1989,26.06~28.06,신규,8,5,2026,"14,000",84.92,13,556,0,,,봉선1로 87,0,00087,00000,3161007,2,12270,12270,방림동,,남구,12270,아파트,전월세,202605,아파트 전월세,,,,,
대주파크빌,29155-289,2006,26.06~28.06,신규,10,5,2026,"22,000",84.9996,4,536,0,,,화산로 20,0,00020,00000,3009009,1,12270,12270,진월동,,남구,12270,아파트,전월세,202605,아파트 전월세,,,,,
현대,29155-111,1990,26.05~28.05,신규,2,5,2026,"4,000",84.97,12,481-4,65,,,서문대로622번길 7,0,00007,00000,4283377,1,12270,12270,진월동,,남구,12270,아파트,전월세,202605,아파트 전월세,,,,,
현대,29155-111,1990,26.05~28.05,신규,2,5,2026,"4,000",84.97,12,481-4,65,,,서문대로622번길 7,0,00007,00000,4283377,1,12270,12270,진월동,,남구,12270,아파트,전월세,202605,아파트 전월세,,,,,
제일풍경채센트럴파크2단지,29170-842,2022,,,12,5,2026,"20,570",39.99,14,847,0,,,서양로 125,,00125,00000,3162030,1,12300,12300,중흥동,,북구,12300,아파트,전월세,202605,아파트 전월세,,,,,
제일풍경채센트럴파크2단지,29170-842,2022,,,12,5,2026,"20,570",39.99,14,847,0,,,서양로 125,,00125,00000,3162030,1,12300,12300,중흥동,,북구,12300,아파트,전월세,202605,아파트 전월세,,,,,
광명,29170-118,1994,26.08~28.08,신규,21,5,2026,"12,500",59.965,10,1010-1,0,,,천지인로173번길 22,0,00022,00000,4286719,1,12300,12300,문흥동,,북구,12300,아파트,전월세,202605,아파트 전월세,,,,,
운암프라자,29170-62,2006,26.06~28.06,신규,19,5,2026,500,38.61,16,940,42,,,서강로 104-3,0,00104,00003,3162027,1,12300,12300,운암동,,북구,12300,아파트,전월세,202605,아파트 전월세,,,,,
모아엘가더스카이,29170-798,2020,26.07~28.07,갱신,17,5,2026,"25,314",84.3551,17,821,0,"24,697",,신임로32번길 35,0,00035,00000,4286463,0,12300,12300,신안동,,북구,12300,아파트,전월세,202605,아파트 전월세,,,,,
광명,29170-118,1994,26.08~28.08,신규,21,5,2026,"12,500",59.965,10,1010-1,0,,,천지인로173번길 22,0,00022,00000,4286719,1,12300,12300,문흥동,,북구,12300,아파트,전월세,202605,아파트 전월세,,,,,
벽산블루밍메가씨티1단지,29170-566,2008,26.06~28.06,신규,27,5,2026,"3,000",120.6054,23,67,130,,,서강로54번길 55,0,00055,00000,4286341,1,12300,12300,운암동,,북구,12300,아파트,전월세,202605,아파트 전월세,,,,,
모아엘가더스카이,29170-798,2020,26.08~28.08,갱신,16,5,2026,"25,314",84.3551,17,821,0,"24,697",,신임로32번길 35,0,00035,00000,4286463,0,12300,12300,신안동,,북구,12300,아파트,전월세,202605,아파트 전월세,,,,,
S-클래스더제니스,29170-887,2024,26.08~28.08,신규,30,5,2026,"30,000",59.787,2,887,0,,,천변우로 227,,00227,00000,3009025,0,12300,12300,임동,,북구,12300,아파트,전월세,202605,아파트 전월세,,,,,
모아엘가더스카이,29170-798,2020,26.08~28.08,갱신,17,5,2026,"25,314",84.3551,9,821,0,"24,697",,신임로32번길 35,0,00035,00000,4286463,0,12300,12300,신안동,,북구,12300,아파트,전월세,202605,아파트 전월세,,,,,
모아엘가더스카이,29170-798,2020,26.09~28.09,갱신,16,5,2026,"25,314",84.3551,20,821,0,"24,697",,신임로32번길 35,0,00035,00000,4286463,0,12300,12300,신안동,,북구,12300,아파트,전월세,202605,아파트 전월세,,,,,
삼익,29170-11,1980,26.07~28.07,신규,23,5,2026,"13,000",84.47,2,478-18,0,,,자미로 45,0,00045,00000,3162065,1,12300,12300,신안동,,북구,12300,아파트,전월세,202605,아파트 전월세,,,,,
중외공원모아미래도,29170-844,2022,26.08~28.08,신규,22,5,2026,"25,000",68.1704,9,1783,0,,,서강로 171,0,00171,00000,3162027,1,12300,12300,운암동,,북구,12300,아파트,전월세,202605,아파트 전월세,,,,,
중외공원모아미래도,29170-844,2022,26.08~28.08,신규,22,5,2026,"25,000",68.1704,9,1783,0,,,서강로 171,0,00171,00000,3162027,1,12300,12300,운암동,,북구,12300,아파트,전월세,202605,아파트 전월세,,,,,
모아엘가더스카이,29170-798,2020,26.07~28.07,갱신,16,5,2026,"25,314",84.3551,12,821,0,"24,697",,신임로32번길 35,0,00035,00000,4286463,0,12300,12300,신안동,,북구,12300,아파트,전월세,202605,아파트 전월세,,,,,
모아엘가더스카이,29170-798,2020,26.08~28.08,갱신,17,5,2026,"25,314",84.3551,26,821,0,"24,697",,신임로32번길 35,0,00035,00000,4286463,0,12300,12300,신안동,,북구,12300,아파트,전월세,202605,아파트 전월세,,,,,
S-클래스더제니스,29170-887,2024,26.08~28.08,신규,30,5,2026,"30,000",59.787,2,887,0,,,천변우로 227,,00227,00000,3009025,0,12300,12300,임동,,북구,12300,아파트,전월세,202605,아파트 전월세,,,,,
산이고운신용PARK,29170-1368,2025,26.07~28.07,신규,1,5,2026,"30,000",84.8826,16,823,0,,,청계로 13,0,00013,00000,3162075,0,12300,12300,신안동,,북구,12300,아파트,전월세,202605,아파트 전월세,,,,,
모아엘가더스카이,29170-798,2020,26.08~28.08,갱신,17,5,2026,"25,314",84.3551,26,821,0,"24,697",,신임로32번길 35,0,00035,00000,4286463,0,12300,12300,신안동,,북구,12300,아파트,전월세,202605,아파트 전월세,,,,,
청솔4차,29170-254,2001,26.07~28.07,신규,5,5,2026,"8,000",48.45,10,819-3,0,,,일곡마을로 10,0,00010,00000,3162061,1,12300,12300,일곡동,,북구,12300,아파트,전월세,202605,아파트 전월세,,,,,
모아엘가더스카이,29170-798,2020,26.08~28.08,갱신,17,5,2026,"25,314",84.3551,9,821,0,"24,697",,신임로32번길 35,0,00035,00000,4286463,0,12300,12300,신안동,,북구,12300,아파트,전월세,202605,아파트 전월세,,,,,
산이고운신용PARK,29170-1368,2025,26.07~28.07,신규,1,5,2026,"30,000",84.8826,16,823,0,,,청계로 13,0,00013,00000,3162075,0,12300,12300,신안동,,북구,12300,아파트,전월세,202605,아파트 전월세,,,,,
삼각동그린타운,29170-165,1997,26.07~28.07,신규,9,5,2026,"11,000",59.82,20,533,0,,,설죽로389번길 70,0,00070,00000,4286436,1,12300,12300,삼각동,,북구,12300,아파트,전월세,202605,아파트 전월세,,,,,
모아엘가더스카이,29170-798,2020,26.07~28.07,갱신,17,5,2026,"25,314",84.3551,10,821,0,"24,697",,신임로32번길 35,0,00035,00000,4286463,0,12300,12300,신안동,,북구,12300,아파트,전월세,202605,아파트 전월세,,,,,
호반2,29170-252,1995,26.07~27.07,신규,27,5,2026,"1,000",59.95,4,214-10,60,,,매곡로 64,0,00064,00000,3162014,2,12300,12300,매곡동,,북구,12300,아파트,전월세,202605,아파트 전월세,,,,,
모아엘가더스카이,29170-798,2020,26.08~28.08,갱신,17,5,2026,"25,314",84.3551,26,821,0,"24,697",,신임로32번길 35,0,00035,00000,4286463,0,12300,12300,신안동,,북구,12300,아파트,전월세,202605,아파트 전월세,,,,,
운암프라자,29170-62,2006,26.06~28.06,신규,19,5,2026,500,38.61,16,940,42,,,서강로 104-3,0,00104,00003,3162027,1,12300,12300,운암동,,북구,12300,아파트,전월세,202605,아파트 전월세,,,,,
광주첨단2지구사랑으로부영,29170-646,2013,26.06~28.06,신규,16,5,2026,"21,000",60.4624,19,737,0,,,첨단연신로 166,0,00166,00000,3162094,2,12300,12300,신용동,,북구,12300,아파트,전월세,202605,아파트 전월세,,,,,
라인,29170-123,1994,26.06~28.06,신규,22,5,2026,"11,000",59.965,12,996-3,20,,,문산로 61,0,00061,00000,3162017,1,12300,12300,문흥동,,북구,12300,아파트,전월세,202605,아파트 전월세,,,,,
산이고운신용PARK,29170-1368,2025,26.07~28.07,신규,1,5,2026,"30,000",84.8826,16,823,0,,,청계로 13,0,00013,00000,3162075,0,12300,12300,신안동,,북구,12300,아파트,전월세,202605,아파트 전월세,,,,,
일신2,29170-55,1991,26.05~28.05,신규,25,5,2026,"1,000",59.82,11,1038-1,55,,,북문대로159번길 39,0,00039,00000,4286290,1,12300,12300,운암동,,북구,12300,아파트,전월세,202605,아파트 전월세,,,,,
임동중흥에스클래스센텀파크,29170-838,2021,26.06~28.06,신규,17,5,2026,"34,000",84.9506,9,637,0,,,임동로 7,0,00007,00000,3162063,0,12300,12300,임동,,북구,12300,아파트,전월세,202605,아파트 전월세,,,,,
센트럴시티서희스타힐스,29170-886,2024,26.07~28.07,갱신,24,5,2026,"23,000",84.928,17,1130,0,"23,000",,임방울대로1041번길 32-19,0,00032,00019,4286609,0,12300,12300,용두동,,북구,12300,아파트,전월세,202605,아파트 전월세,,,,,
양산타운,29170-214,1998,26.06~28.06,신규,17,5,2026,"2,000",59.715,4,330,55,,,하서로423번길 33,0,00033,00000,4286785,1,12300,12300,용두동,,북구,12300,아파트,전월세,202605,아파트 전월세,,,,,
양산타운,29170-214,1998,26.06~28.06,신규,17,5,2026,"2,000",59.715,4,330,55,,,하서로423번길 33,0,00033,00000,4286785,1,12300,12300,용두동,,북구,12300,아파트,전월세,202605,아파트 전월세,,,,,
모아엘가더스카이,29170-798,2020,26.07~28.07,갱신,18,5,2026,"25,314",84.3551,19,821,0,"24,697",,신임로32번길 35,0,00035,00000,4286463,0,12300,12300,신안동,,북구,12300,아파트,전월세,202605,아파트 전월세,,,,,
힐스테이트연제,29170-795,2020,26.07~28.07,신규,28,5,2026,"29,000",84.9934,23,1119,0,,,양일1로 31,0,00031,00000,3286003,0,12300,12300,연제동,,북구,12300,아파트,전월세,202605,아파트 전월세,,,,,
모아엘가더스카이,29170-798,2020,26.07~28.07,갱신,17,5,2026,"23,890",84.3551,4,821,0,"23,308",,신임로32번길 35,0,00035,00000,4286463,0,12300,12300,신안동,,북구,12300,아파트,전월세,202605,아파트 전월세,,,,,
모아엘가더스카이,29170-798,2020,26.07~28.07,갱신,17,5,2026,"25,314",84.3551,18,821,0,"24,697",,신임로32번길 35,0,00035,00000,4286463,0,12300,12300,신안동,,북구,12300,아파트,전월세,202605,아파트 전월세,,,,,
센트럴시티서희스타힐스,29170-886,2024,26.07~28.07,갱신,24,5,2026,"23,000",84.928,17,1130,0,"23,000",,임방울대로1041번길 32-19,0,00032,00019,4286609,0,12300,12300,용두동,,북구,12300,아파트,전월세,202605,아파트 전월세,,,,,
연제첨단광신프로그레스,29170-1383,2025,26.08~28.08,신규,30,5,2026,"14,250",84.885,7,583-6,40,,,신촌마을길 67-14,0,00067,00014,4286467,0,12300,12300,연제동,,북구,12300,아파트,전월세,202605,아파트 전월세,,,,,
연제첨단광신프로그레스,29170-1383,2025,26.08~28.08,신규,30,5,2026,"14,250",84.885,7,583-6,40,,,신촌마을길 67-14,0,00067,00014,4286467,0,12300,12300,연제동,,북구,12300,아파트,전월세,202605,아파트 전월세,,,,,
모아엘가더스카이,29170-798,2020,26.07~28.07,갱신,17,5,2026,"25,314",84.3551,9,821,0,"24,697",,신임로32번길 35,0,00035,00000,4286463,0,12300,12300,신안동,,북구,12300,아파트,전월세,202605,아파트 전월세,,,,,
모아엘가더스카이,29170-798,2020,26.07~28.07,갱신,17,5,2026,"25,314",84.3551,17,821,0,"24,697",,신임로32번길 35,0,00035,00000,4286463,0,12300,12300,신안동,,북구,12300,아파트,전월세,202605,아파트 전월세,,,,,
벽산블루밍메가씨티1단지,29170-566,2008,26.07~28.07,신규,15,5,2026,"27,000",84.9957,6,67,0,,,서강로54번길 55,0,00055,00000,4286341,1,12300,12300,운암동,,북구,12300,아파트,전월세,202605,아파트 전월세,,,,,
무등산자이앤어울림1단지,29170-873,2025,26.06~28.06,신규,2,5,2026,"21,200",39.9687,16,835,0,,,서양로 155,0,00155,00000,3162030,3,12300,12300,우산동,,북구,12300,아파트,전월세,202605,아파트 전월세,,,,,
벽산블루밍메가씨티1단지,29170-566,2008,26.06~28.06,신규,27,5,2026,"3,000",120.6054,23,67,130,,,서강로54번길 55,0,00055,00000,4286341,1,12300,12300,운암동,,북구,12300,아파트,전월세,202605,아파트 전월세,,,,,
호반,29170-258,1997,26.06~28.06,신규,7,5,2026,"14,000",59.95,14,288-15,0,,,양산제로137번길 7,0,00007,00000,4286477,1,12300,12300,양산동,,북구,12300,아파트,전월세,202605,아파트 전월세,,,,,
모아엘가더스카이,29170-798,2020,26.07~28.07,갱신,17,5,2026,"25,314",84.3551,10,821,0,"24,697",,신임로32번길 35,0,00035,00000,4286463,0,12300,12300,신안동,,북구,12300,아파트,전월세,202605,아파트 전월세,,,,,
한국,29170-60,1994,26.06~26.10,신규,7,5,2026,"1,000",59.88,16,110-80,65,,,금호로40번길 33,0,00033,00000,4286094,2,12300,12300,운암동,,북구,12300,아파트,전월세,202605,아파트 전월세,,,,,
라인,29170-123,1994,26.06~28.06,신규,22,5,2026,"11,000",59.965,12,996-3,20,,,문산로 61,0,00061,00000,3162017,1,12300,12300,문흥동,,북구,12300,아파트,전월세,202605,아파트 전월세,,,,,
모아엘가더스카이,29170-798,2020,26.07~28.07,갱신,17,5,2026,"25,314",84.3551,18,821,0,"24,697",,신임로32번길 35,0,00035,00000,4286463,0,12300,12300,신안동,,북구,12300,아파트,전월세,202605,아파트 전월세,,,,,
벽산블루밍메가씨티1단지,29170-566,2008,26.07~28.07,신규,15,5,2026,"27,000",84.9957,6,67,0,,,서강로54번길 55,0,00055,00000,4286341,1,12300,12300,운암동,,북구,12300,아파트,전월세,202605,아파트 전월세,,,,,
무등산자이앤어울림1단지,29170-873,2025,26.06~28.06,신규,2,5,2026,"21,200",39.9687,16,835,0,,,서양로 155,0,00155,00000,3162030,3,12300,12300,우산동,,북구,12300,아파트,전월세,202605,아파트 전월세,,,,,
S-클래스더제니스,29170-887,2024,26.08~28.08,신규,30,5,2026,"30,000",59.787,2,887,0,,,천변우로 227,,00227,00000,3009025,0,12300,12300,임동,,북구,12300,아파트,전월세,202605,아파트 전월세,,,,,
삼익,29170-11,1980,26.07~28.07,신규,23,5,2026,"13,000",84.47,2,478-18,0,,,자미로 45,0,00045,00000,3162065,1,12300,12300,신안동,,북구,12300,아파트,전월세,202605,아파트 전월세,,,,,
모아엘가더스카이,29170-798,2020,26.07~28.07,갱신,16,5,2026,"25,314",84.3551,6,821,0,"24,697",,신임로32번길 35,0,00035,00000,4286463,0,12300,12300,신안동,,북구,12300,아파트,전월세,202605,아파트 전월세,,,,,
힐스테이트연제,29170-795,2020,26.07~28.07,신규,28,5,2026,"29,000",84.9934,23,1119,0,,,양일1로 31,0,00031,00000,3286003,0,12300,12300,연제동,,북구,12300,아파트,전월세,202605,아파트 전월세,,,,,
호반2,29170-252,1995,26.07~27.07,신규,27,5,2026,"1,000",59.95,4,214-10,60,,,매곡로 64,0,00064,00000,3162014,2,12300,12300,매곡동,,북구,12300,아파트,전월세,202605,아파트 전월세,,,,,
일신2,29170-55,1991,26.05~28.05,신규,25,5,2026,"1,000",59.82,11,1038-1,55,,,북문대로159번길 39,0,00039,00000,4286290,1,12300,12300,운암동,,북구,12300,아파트,전월세,202605,아파트 전월세,,,,,
모아엘가더스카이,29170-798,2020,26.07~28.07,갱신,17,5,2026,"25,314",84.3551,9,821,0,"24,697",,신임로32번길 35,0,00035,00000,4286463,0,12300,12300,신안동,,북구,12300,아파트,전월세,202605,아파트 전월세,,,,,
모아엘가더스카이,29170-798,2020,26.07~28.07,갱신,16,5,2026,"23,890",84.3551,3,821,0,"23,308",,신임로32번길 35,0,00035,00000,4286463,0,12300,12300,신안동,,북구,12300,아파트,전월세,202605,아파트 전월세,,,,,
모아엘가더스카이,29170-798,2020,26.12~28.12,갱신,17,5,2026,"25,314",84.9819,21,821,0,"24,697",,신임로32번길 35,0,00035,00000,4286463,0,12300,12300,신안동,,북구,12300,아파트,전월세,202605,아파트 전월세,,,,,
모아엘가더스카이,29170-798,2020,26.12~28.12,갱신,17,5,2026,"25,314",84.9819,21,821,0,"24,697",,신임로32번길 35,0,00035,00000,4286463,0,12300,12300,신안동,,북구,12300,아파트,전월세,202605,아파트 전월세,,,,,
모아엘가더스카이,29170-798,2020,26.09~28.09,갱신,16,5,2026,"25,314",84.3551,20,821,0,"24,697",,신임로32번길 35,0,00035,00000,4286463,0,12300,12300,신안동,,북구,12300,아파트,전월세,202605,아파트 전월세,,,,,
각화센트럴파크서희스타힐스,29170-818,2020,26.07~28.07,신규,16,5,2026,"26,000",72.9796,11,608,0,,,동문대로249번길 19,0,00019,00000,4286159,0,12300,12300,각화동,,북구,12300,아파트,전월세,202605,아파트 전월세,,,,,
모아엘가더스카이,29170-798,2020,26.08~28.08,갱신,16,5,2026,"25,314",84.3551,17,821,0,"24,697",,신임로32번길 35,0,00035,00000,4286463,0,12300,12300,신안동,,북구,12300,아파트,전월세,202605,아파트 전월세,,,,,
모아엘가더스카이,29170-798,2020,26.07~28.07,갱신,16,5,2026,"25,314",84.3551,6,821,0,"24,697",,신임로32번길 35,0,00035,00000,4286463,0,12300,12300,신안동,,북구,12300,아파트,전월세,202605,아파트 전월세,,,,,
모아엘가더스카이,29170-798,2020,26.07~28.07,갱신,16,5,2026,"25,314",84.3551,12,821,0,"24,697",,신임로32번길 35,0,00035,00000,4286463,0,12300,12300,신안동,,북구,12300,아파트,전월세,202605,아파트 전월세,,,,,
첨단용두산이고운아파트,29170-757,2018,26.05~26.11,신규,2,5,2026,"1,000",84.9607,5,1116,100,,,임방울대로1042번길 17,0,00017,00000,4286610,0,12300,12300,용두동,,북구,12300,아파트,전월세,202605,아파트 전월세,,,,,
청솔4차,29170-254,2001,26.06~28.06,신규,13,5,2026,"9,000",48.45,10,819-3,20,,,일곡마을로 10,0,00010,00000,3162061,1,12300,12300,일곡동,,북구,12300,아파트,전월세,202605,아파트 전월세,,,,,
모아엘가더스카이,29170-798,2020,26.07~28.07,갱신,16,5,2026,"23,890",84.3551,3,821,0,"23,308",,신임로32번길 35,0,00035,00000,4286463,0,12300,12300,신안동,,북구,12300,아파트,전월세,202605,아파트 전월세,,,,,
제일풍경채센트럴파크1단지,29170-841,2022,26.05~28.05,갱신,14,5,2026,"36,000",84.92,21,836,0,"35,000",,우치로40번길 25,,00025,00000,4286577,1,12300,12300,중흥동,,북구,12300,아파트,전월세,202605,아파트 전월세,,,,,
모아엘가더스카이,29170-798,2020,26.07~28.07,갱신,17,5,2026,"23,890",84.3551,4,821,0,"23,308",,신임로32번길 35,0,00035,00000,4286463,0,12300,12300,신안동,,북구,12300,아파트,전월세,202605,아파트 전월세,,,,,
연제동고운하이플러스아파트,29170-748,2017,26.08~28.08,갱신,18,5,2026,"23,000",84.9497,6,1111,0,"23,000",,양산제로 76,0,00076,00000,3162044,0,12300,12300,연제동,,북구,12300,아파트,전월세,202605,아파트 전월세,,,,,
삼각동그린타운,29170-165,1997,26.07~28.07,신규,9,5,2026,"11,000",59.82,20,533,0,,,설죽로389번길 70,0,00070,00000,4286436,1,12300,12300,삼각동,,북구,12300,아파트,전월세,202605,아파트 전월세,,,,,
연제동고운하이플러스아파트,29170-748,2017,26.08~28.08,갱신,18,5,2026,"23,000",84.9497,6,1111,0,"23,000",,양산제로 76,0,00076,00000,3162044,0,12300,12300,연제동,,북구,12300,아파트,전월세,202605,아파트 전월세,,,,,
모아엘가더스카이,29170-798,2020,26.07~28.07,갱신,18,5,2026,"25,314",84.3551,19,821,0,"24,697",,신임로32번길 35,0,00035,00000,4286463,0,12300,12300,신안동,,북구,12300,아파트,전월세,202605,아파트 전월세,,,,,
광주첨단2지구사랑으로부영,29170-646,2013,26.06~28.06,신규,16,5,2026,"21,000",60.4624,19,737,0,,,첨단연신로 166,0,00166,00000,3162094,2,12300,12300,신용동,,북구,12300,아파트,전월세,202605,아파트 전월세,,,,,
모아엘가더스카이,29170-798,2020,26.07~28.07,갱신,16,5,2026,"25,314",84.3551,12,821,0,"24,697",,신임로32번길 35,0,00035,00000,4286463,0,12300,12300,신안동,,북구,12300,아파트,전월세,202605,아파트 전월세,,,,,
임동중흥에스클래스센텀파크,29170-838,2021,26.06~28.06,신규,17,5,2026,"34,000",84.9506,9,637,0,,,임동로 7,0,00007,00000,3162063,0,12300,12300,임동,,북구,12300,아파트,전월세,202605,아파트 전월세,,,,,
각화센트럴파크서희스타힐스,29170-818,2020,26.07~28.07,신규,16,5,2026,"26,000",72.9796,11,608,0,,,동문대로249번길 19,0,00019,00000,4286159,0,12300,12300,각화동,,북구,12300,아파트,전월세,202605,아파트 전월세,,,,,
제일풍경채센트럴파크1단지,29170-841,2022,26.05~28.05,갱신,14,5,2026,"36,000",84.92,21,836,0,"35,000",,우치로40번길 25,,00025,00000,4286577,1,12300,12300,중흥동,,북구,12300,아파트,전월세,202605,아파트 전월세,,,,,
한국,29170-60,1994,26.06~26.10,신규,7,5,2026,"1,000",59.88,16,110-80,65,,,금호로40번길 33,0,00033,00000,4286094,2,12300,12300,운암동,,북구,12300,아파트,전월세,202605,아파트 전월세,,,,,
청솔4차,29170-254,2001,26.06~28.06,신규,13,5,2026,"9,000",48.45,10,819-3,20,,,일곡마을로 10,0,00010,00000,3162061,1,12300,12300,일곡동,,북구,12300,아파트,전월세,202605,아파트 전월세,,,,,
산이고운신용PARK,29170-1368,2025,26.07~28.07,신규,1,5,2026,"30,000",84.8826,16,823,0,,,청계로 13,0,00013,00000,3162075,0,12300,12300,신안동,,북구,12300,아파트,전월세,202605,아파트 전월세,,,,,
힐스테이트신용더리버,29170-885,2024,26.07~28.07,신규,2,5,2026,"35,000",84.6,8,869,0,,,빛고을대로 615,0,00615,00000,2009010,0,12300,12300,신용동,,북구,12300,아파트,전월세,202605,아파트 전월세,,,,,
호반,29170-258,1997,26.06~28.06,신규,7,5,2026,"14,000",59.95,14,288-15,0,,,양산제로137번길 7,0,00007,00000,4286477,1,12300,12300,양산동,,북구,12300,아파트,전월세,202605,아파트 전월세,,,,,
첨단용두산이고운아파트,29170-757,2018,26.05~26.11,신규,2,5,2026,"1,000",84.9607,5,1116,100,,,임방울대로1042번길 17,0,00017,00000,4286610,0,12300,12300,용두동,,북구,12300,아파트,전월세,202605,아파트 전월세,,,,,
청솔4차,29170-254,2001,26.07~28.07,신규,5,5,2026,"8,000",48.45,10,819-3,0,,,일곡마을로 10,0,00010,00000,3162061,1,12300,12300,일곡동,,북구,12300,아파트,전월세,202605,아파트 전월세,,,,,
힐스테이트신용더리버,29170-885,2024,26.07~28.07,신규,2,5,2026,"35,000",84.6,8,869,0,,,빛고을대로 615,0,00615,00000,2009010,0,12300,12300,신용동,,북구,12300,아파트,전월세,202605,아파트 전월세,,,,,
모아드림타운1차,29200-105,2000,,,4,5,2026,"5,000",36.3544,11,286-1,0,,,소촌로86번길 17,0,00017,00000,4289285,1,12330,12330,소촌동,,광산구,12330,아파트,전월세,202605,아파트 전월세,,,,,
모아드림타운1차,29200-105,2000,,,4,5,2026,"5,000",36.3544,11,286-1,0,,,소촌로86번길 17,0,00017,00000,4289285,1,12330,12330,소촌동,,광산구,12330,아파트,전월세,202605,아파트 전월세,,,,,
호반,29200-116,1998,26.08~28.08,신규,22,5,2026,"1,000",59.88,7,152-5,50,,,비아로 185,0,00185,00000,3163012,1,12330,12330,비아동,,광산구,12330,아파트,전월세,202605,아파트 전월세,,,,,
호반,29200-116,1998,26.08~28.08,신규,22,5,2026,"1,000",59.88,7,152-5,50,,,비아로 185,0,00185,00000,3163012,1,12330,12330,비아동,,광산구,12330,아파트,전월세,202605,아파트 전월세,,,,,
수완지구호반베르디움1차,29200-277,2012,26.08~28.08,신규,19,5,2026,"45,000",84.9173,11,1058,0,,,수등로123번길 21,0,00021,00000,4289327,1,12330,12330,신가동,,광산구,12330,아파트,전월세,202605,아파트 전월세,,,,,
우방아이유쉘,29200-373,2016,26.08~28.08,신규,7,5,2026,"17,500",59.8407,3,1314,0,,,평동로1098번길 185,0,00185,00000,4289630,0,12330,12330,도산동,,광산구,12330,아파트,전월세,202605,아파트 전월세,,,,,
우방아이유쉘,29200-373,2016,26.08~28.08,신규,7,5,2026,"17,500",59.8407,3,1314,0,,,평동로1098번길 185,0,00185,00000,4289630,0,12330,12330,도산동,,광산구,12330,아파트,전월세,202605,아파트 전월세,,,,,
토담휴로스,29200-305,2013,26.07~27.07,신규,13,5,2026,500,25.663,8,1576-4,45,,,무진대로231번길 13-5,0,00013,00005,4289119,1,12330,12330,우산동,,광산구,12330,아파트,전월세,202605,아파트 전월세,,,,,
운남주공5단지,29200-78,1997,26.06~28.06,신규,14,5,2026,"18,000",84.77,2,769-1,0,,,하남대로 248-10,0,00248,00010,2009008,2,12330,12330,운남동,,광산구,12330,아파트,전월세,202605,아파트 전월세,,,,,
첨단라인1,29200-59,1995,26.06~28.06,신규,4,5,2026,"1,000",60,4,765-2,60,,,월계로 117-32,0,00117,00032,3163039,1,12330,12330,월계동,,광산구,12330,아파트,전월세,202605,아파트 전월세,,,,,
하남주공(2단지),29200-39,1991,26.05~28.05,신규,20,5,2026,200,38.64,13,1571-1,42,,,월곡산정로 12,0,00012,00000,3163042,1,12330,12330,우산동,,광산구,12330,아파트,전월세,202605,아파트 전월세,,,,,
수완지구호반베르디움1차,29200-277,2012,26.08~28.08,신규,19,5,2026,"45,000",84.9173,11,1058,0,,,수등로123번길 21,0,00021,00000,4289327,1,12330,12330,신가동,,광산구,12330,아파트,전월세,202605,아파트 전월세,,,,,
소촌2차국제미소래아파트,29200-435,2020,26.06~28.06,갱신,7,5,2026,"22,290",81.8996,7,산83,0,"22,290",,소촌로42번길 163,0,00163,00000,4289281,0,12330,12330,소촌동,,광산구,12330,아파트,전월세,202605,아파트 전월세,,,,,
국제미소래,29200-384,2017,26.06~28.06,신규,15,5,2026,"15,410",59.4918,6,1620,0,,,용아로 175,0,00175,00000,3163035,2,12330,12330,우산동,,광산구,12330,아파트,전월세,202605,아파트 전월세,,,,,
우산동동부센트레빌,29200-418,2019,26.07~28.07,신규,27,5,2026,"21,000",84.8136,5,1588-1,0,,,무진대로 279,0,00279,00000,2009009,0,12330,12330,우산동,,광산구,12330,아파트,전월세,202605,아파트 전월세,,,,,
운남주공4단지,29200-77,1996,26.06~28.06,신규,18,5,2026,"11,000",59.76,13,771-1,20,,,목련로273번안길 30,0,00030,00000,4289109,1,12330,12330,운남동,,광산구,12330,아파트,전월세,202605,아파트 전월세,,,,,
광주선운지구EGthe12단지,29200-326,2014,26.06~28.06,신규,18,5,2026,"26,000",84.9827,16,560,0,,,선운중앙로 43,0,00043,00000,3163082,1,12330,12330,선암동,,광산구,12330,아파트,전월세,202605,아파트 전월세,,,,,
광주선운지구이지더원3단지,29200-361,2016,26.07~28.07,신규,30,5,2026,"25,000",72.6814,12,549,0,,,선운로 55,0,00055,00000,3163081,2,12330,12330,선암동,,광산구,12330,아파트,전월세,202605,아파트 전월세,,,,,
하남주공(2단지),29200-39,1991,26.05~28.05,신규,20,5,2026,200,38.64,13,1571-1,42,,,월곡산정로 12,0,00012,00000,3163042,1,12330,12330,우산동,,광산구,12330,아파트,전월세,202605,아파트 전월세,,,,,
우산동동부센트레빌,29200-418,2019,26.07~28.07,신규,27,5,2026,"21,000",84.8136,5,1588-1,0,,,무진대로 279,0,00279,00000,2009009,0,12330,12330,우산동,,광산구,12330,아파트,전월세,202605,아파트 전월세,,,,,
하남주공(2단지),29200-39,1991,26.05~28.05,신규,9,5,2026,300,44.52,5,1571-1,50,,,월곡산정로 12,0,00012,00000,3163042,1,12330,12330,우산동,,광산구,12330,아파트,전월세,202605,아파트 전월세,,,,,
호반,29200-116,1998,26.05~28.05,신규,16,5,2026,500,37.83,7,152-5,40,,,비아로 185,0,00185,00000,3163012,1,12330,12330,비아동,,광산구,12330,아파트,전월세,202605,아파트 전월세,,,,,
소촌2차국제미소래아파트,29200-435,2020,26.06~28.06,갱신,6,5,2026,"22,260",83.8351,2,산83,0,"22,260",,소촌로42번길 163,0,00163,00000,4289281,0,12330,12330,소촌동,,광산구,12330,아파트,전월세,202605,아파트 전월세,,,,,
이지더원1단지,29200-322,2014,26.08~28.08,신규,31,5,2026,"29,000",84.9827,15,582,0,,,선운로20번길 47,0,00047,00000,4289711,1,12330,12330,선암동,,광산구,12330,아파트,전월세,202605,아파트 전월세,,,,,
평동역광신프로그레스,29200-471,2022,26.06~30.08,신규,19,5,2026,"20,248",84.9723,17,1265,0,,,평동로752번길 8,0,00008,00000,4861435,0,12330,12330,옥동,,광산구,12330,아파트,전월세,202605,아파트 전월세,,,,,
소촌2차국제미소래아파트,29200-435,2020,26.06~28.06,갱신,8,5,2026,"22,290",81.8996,9,산83,0,"22,290",,소촌로42번길 163,0,00163,00000,4289281,0,12330,12330,소촌동,,광산구,12330,아파트,전월세,202605,아파트 전월세,,,,,
삼라극동마이다스,29200-99,1998,26.06~28.06,신규,20,5,2026,500,39.69,10,1298-3,35,,,남동길 18-10,0,00018,00010,4289050,1,12330,12330,도산동,,광산구,12330,아파트,전월세,202605,아파트 전월세,,,,,
소촌2차국제미소래아파트,29200-435,2020,26.06~28.06,갱신,7,5,2026,"22,660",83.8351,15,산83,0,"22,660",,소촌로42번길 163,0,00163,00000,4289281,0,12330,12330,소촌동,,광산구,12330,아파트,전월세,202605,아파트 전월세,,,,,
소촌2차국제미소래아파트,29200-435,2020,26.06~28.06,갱신,7,5,2026,"22,660",83.8351,9,산83,0,"22,660",,소촌로42번길 163,0,00163,00000,4289281,0,12330,12330,소촌동,,광산구,12330,아파트,전월세,202605,아파트 전월세,,,,,
소촌2차국제미소래아파트,29200-435,2020,26.06~28.06,갱신,6,5,2026,"22,660",83.8351,12,산83,0,"22,660",,소촌로42번길 163,0,00163,00000,4289281,0,12330,12330,소촌동,,광산구,12330,아파트,전월세,202605,아파트 전월세,,,,,
소촌2차국제미소래아파트,29200-435,2020,26.06~28.06,갱신,6,5,2026,"22,290",81.8996,9,산83,0,"22,290",,소촌로42번길 163,0,00163,00000,4289281,0,12330,12330,소촌동,,광산구,12330,아파트,전월세,202605,아파트 전월세,,,,,
소촌2차국제미소래아파트,29200-435,2020,26.06~28.06,갱신,7,5,2026,"22,660",83.8351,12,산83,0,"22,660",,소촌로42번길 163,0,00163,00000,4289281,0,12330,12330,소촌동,,광산구,12330,아파트,전월세,202605,아파트 전월세,,,,,
이지더원1단지,29200-322,2014,26.08~28.08,신규,31,5,2026,"29,000",84.9827,15,582,0,,,선운로20번길 47,0,00047,00000,4289711,1,12330,12330,선암동,,광산구,12330,아파트,전월세,202605,아파트 전월세,,,,,
토담휴로스,29200-305,2013,26.07~27.07,신규,13,5,2026,500,25.663,8,1576-4,45,,,무진대로231번길 13-5,0,00013,00005,4289119,1,12330,12330,우산동,,광산구,12330,아파트,전월세,202605,아파트 전월세,,,,,
소촌2차국제미소래아파트,29200-435,2020,26.06~28.06,갱신,6,5,2026,"22,590",83.6727,5,산83,0,"22,590",,소촌로42번길 163,0,00163,00000,4289281,0,12330,12330,소촌동,,광산구,12330,아파트,전월세,202605,아파트 전월세,,,,,
하남우미,29200-38,1992,26.05~28.05,신규,3,5,2026,500,49.92,10,1572-2,50,,,월곡산정로 40,0,00040,00000,3163042,1,12330,12330,우산동,,광산구,12330,아파트,전월세,202605,아파트 전월세,,,,,
첨단라인1,29200-59,1995,26.06~28.06,신규,4,5,2026,"1,000",60,4,765-2,60,,,월계로 117-32,0,00117,00032,3163039,1,12330,12330,월계동,,광산구,12330,아파트,전월세,202605,아파트 전월세,,,,,
광주선운지구이지더원3단지,29200-361,2016,26.07~28.07,신규,30,5,2026,"25,000",72.6814,12,549,0,,,선운로 55,0,00055,00000,3163081,2,12330,12330,선암동,,광산구,12330,아파트,전월세,202605,아파트 전월세,,,,,
하남주공(2단지),29200-39,1991,26.05~28.05,신규,9,5,2026,300,44.52,5,1571-1,50,,,월곡산정로 12,0,00012,00000,3163042,1,12330,12330,우산동,,광산구,12330,아파트,전월세,202605,아파트 전월세,,,,,
쌍용더플래티넘광산,29200-447,2021,26.06~28.06,신규,27,5,2026,"35,000",84.9784,14,1625,0,,,우산로107번길 67,0,00067,00000,4289471,1,12330,12330,우산동,,광산구,12330,아파트,전월세,202605,아파트 전월세,,,,,
첨단대라수3차주상복합,29200-419,2019,26.06~27.12,신규,29,5,2026,"24,380",84.4289,22,687-5,0,,,임방울대로825번길 22-77,,00022,00077,4289554,0,12330,12330,쌍암동,,광산구,12330,아파트,전월세,202605,아파트 전월세,,,,,
첨단대라수3차주상복합,29200-419,2019,26.06~27.12,신규,29,5,2026,"24,380",84.4289,10,687-5,0,,,임방울대로825번길 22-77,,00022,00077,4289554,0,12330,12330,쌍암동,,광산구,12330,아파트,전월세,202605,아파트 전월세,,,,,
첨단대라수3차주상복합,29200-419,2019,26.06~27.12,신규,29,5,2026,"24,380",84.4289,18,687-5,0,,,임방울대로825번길 22-77,,00022,00077,4289554,0,12330,12330,쌍암동,,광산구,12330,아파트,전월세,202605,아파트 전월세,,,,,
첨단대라수3차주상복합,29200-419,2019,26.06~27.12,신규,29,5,2026,"24,380",84.4289,10,687-5,0,,,임방울대로825번길 22-77,,00022,00077,4289554,0,12330,12330,쌍암동,,광산구,12330,아파트,전월세,202605,아파트 전월세,,,,,
첨단대라수3차주상복합,29200-419,2019,26.06~27.12,신규,29,5,2026,"24,380",84.4289,22,687-5,0,,,임방울대로825번길 22-77,,00022,00077,4289554,0,12330,12330,쌍암동,,광산구,12330,아파트,전월세,202605,아파트 전월세,,,,,
첨단대라수3차주상복합,29200-419,2019,26.06~27.12,신규,29,5,2026,"24,380",84.4289,18,687-5,0,,,임방울대로825번길 22-77,,00022,00077,4289554,0,12330,12330,쌍암동,,광산구,12330,아파트,전월세,202605,아파트 전월세,,,,,
중흥2차,29200-117,1995,26.05~28.05,신규,9,5,2026,"1,000",59.76,3,628-1,40,,,비아로62번길 12,0,00012,00000,4289176,2,12330,12330,도천동,,광산구,12330,아파트,전월세,202605,아파트 전월세,,,,,
중흥2차,29200-117,1995,26.05~28.05,신규,9,5,2026,"1,000",59.76,3,628-1,40,,,비아로62번길 12,0,00012,00000,4289176,2,12330,12330,도천동,,광산구,12330,아파트,전월세,202605,아파트 전월세,,,,,
우산동동부센트레빌,29200-418,2019,26.07~28.07,신규,27,5,2026,"21,000",84.8136,5,1588-1,0,,,무진대로 279,0,00279,00000,2009009,0,12330,12330,우산동,,광산구,12330,아파트,전월세,202605,아파트 전월세,,,,,
소촌2차국제미소래아파트,29200-435,2020,26.06~28.06,갱신,7,5,2026,"22,660",83.8351,10,산83,0,"22,660",,소촌로42번길 163,0,00163,00000,4289281,0,12330,12330,소촌동,,광산구,12330,아파트,전월세,202605,아파트 전월세,,,,,
소촌2차국제미소래아파트,29200-435,2020,26.06~28.06,갱신,6,5,2026,"22,660",83.8351,15,산83,0,"22,660",,소촌로42번길 163,0,00163,00000,4289281,0,12330,12330,소촌동,,광산구,12330,아파트,전월세,202605,아파트 전월세,,,,,
쌍용더플래티넘광산,29200-447,2021,26.06~28.06,신규,27,5,2026,"35,000",84.9784,14,1625,0,,,우산로107번길 67,0,00067,00000,4289471,1,12330,12330,우산동,,광산구,12330,아파트,전월세,202605,아파트 전월세,,,,,
소촌2차국제미소래아파트,29200-435,2020,26.06~28.06,갱신,6,5,2026,"22,660",83.8351,8,산83,0,"22,660",,소촌로42번길 163,0,00163,00000,4289281,0,12330,12330,소촌동,,광산구,12330,아파트,전월세,202605,아파트 전월세,,,,,
소촌2차국제미소래아파트,29200-435,2020,26.06~28.06,갱신,7,5,2026,"22,290",81.8996,4,산83,0,"22,290",,소촌로42번길 163,0,00163,00000,4289281,0,12330,12330,소촌동,,광산구,12330,아파트,전월세,202605,아파트 전월세,,,,,
다사로움1단지,29200-253,2009,26.06~28.06,신규,15,5,2026,"3,088",49.9618,13,1023,18,,,목련로21번길 45,0,00045,00000,4289105,1,12330,12330,산정동,,광산구,12330,아파트,전월세,202605,아파트 전월세,,,,,
소촌2차국제미소래아파트,29200-435,2020,26.06~28.06,갱신,7,5,2026,"22,660",83.8351,9,산83,0,"22,660",,소촌로42번길 163,0,00163,00000,4289281,0,12330,12330,소촌동,,광산구,12330,아파트,전월세,202605,아파트 전월세,,,,,
소촌3차국제미소래,29200-464,2021,26.06~28.06,갱신,15,5,2026,"17,280",59.9832,15,179-1,0,"17,280",,소촌로42번길 195,0,00195,00000,4289281,1,12330,12330,소촌동,,광산구,12330,아파트,전월세,202605,아파트 전월세,,,,,
소촌2차국제미소래아파트,29200-435,2020,26.06~28.06,갱신,6,5,2026,"22,290",81.8996,5,산83,0,"22,290",,소촌로42번길 163,0,00163,00000,4289281,0,12330,12330,소촌동,,광산구,12330,아파트,전월세,202605,아파트 전월세,,,,,
소촌2차국제미소래아파트,29200-435,2020,26.06~28.06,갱신,6,5,2026,"22,660",83.8351,14,산83,0,"22,660",,소촌로42번길 163,0,00163,00000,4289281,0,12330,12330,소촌동,,광산구,12330,아파트,전월세,202605,아파트 전월세,,,,,
소촌2차국제미소래아파트,29200-435,2020,26.06~28.06,갱신,21,5,2026,"22,660",83.8351,9,산83,0,"22,660",,소촌로42번길 163,0,00163,00000,4289281,0,12330,12330,소촌동,,광산구,12330,아파트,전월세,202605,아파트 전월세,,,,,
소촌2차국제미소래아파트,29200-435,2020,26.06~28.06,갱신,21,5,2026,"22,660",83.8351,9,산83,0,"22,660",,소촌로42번길 163,0,00163,00000,4289281,0,12330,12330,소촌동,,광산구,12330,아파트,전월세,202605,아파트 전월세,,,,,
소촌2차국제미소래아파트,29200-435,2020,26.06~28.06,갱신,6,5,2026,"21,490",81.8996,1,산83,0,"21,490",,소촌로42번길 163,0,00163,00000,4289281,0,12330,12330,소촌동,,광산구,12330,아파트,전월세,202605,아파트 전월세,,,,,
소촌2차국제미소래아파트,29200-435,2020,26.06~28.06,갱신,6,5,2026,"22,290",81.8996,14,산83,0,"22,290",,소촌로42번길 163,0,00163,00000,4289281,0,12330,12330,소촌동,,광산구,12330,아파트,전월세,202605,아파트 전월세,,,,,
삼라극동마이다스,29200-99,1998,26.06~28.06,신규,20,5,2026,500,39.69,10,1298-3,35,,,남동길 18-10,0,00018,00010,4289050,1,12330,12330,도산동,,광산구,12330,아파트,전월세,202605,아파트 전월세,,,,,
소촌2차국제미소래아파트,29200-435,2020,26.06~28.06,갱신,6,5,2026,"22,660",83.8351,15,산83,0,"22,660",,소촌로42번길 163,0,00163,00000,4289281,0,12330,12330,소촌동,,광산구,12330,아파트,전월세,202605,아파트 전월세,,,,,
소촌2차국제미소래아파트,29200-435,2020,26.06~28.06,갱신,6,5,2026,"22,660",83.8351,4,산83,0,"22,660",,소촌로42번길 163,0,00163,00000,4289281,0,12330,12330,소촌동,,광산구,12330,아파트,전월세,202605,아파트 전월세,,,,,
소촌2차국제미소래아파트,29200-435,2020,26.06~28.06,갱신,6,5,2026,"22,290",81.8996,9,산83,0,"22,290",,소촌로42번길 163,0,00163,00000,4289281,0,12330,12330,소촌동,,광산구,12330,아파트,전월세,202605,아파트 전월세,,,,,
광주선운지구EGthe12단지,29200-326,2014,26.06~28.06,신규,18,5,2026,"26,000",84.9827,16,560,0,,,선운중앙로 43,0,00043,00000,3163082,1,12330,12330,선암동,,광산구,12330,아파트,전월세,202605,아파트 전월세,,,,,
다사로움1단지,29200-253,2009,26.06~28.06,신규,15,5,2026,"3,088",49.9618,13,1023,18,,,목련로21번길 45,0,00045,00000,4289105,1,12330,12330,산정동,,광산구,12330,아파트,전월세,202605,아파트 전월세,,,,,
평동역광신프로그레스,29200-471,2022,26.06~30.08,신규,19,5,2026,"20,248",84.9723,17,1265,0,,,평동로752번길 8,0,00008,00000,4861435,0,12330,12330,옥동,,광산구,12330,아파트,전월세,202605,아파트 전월세,,,,,
운남주공4단지,29200-77,1996,26.06~28.06,신규,18,5,2026,"11,000",59.76,13,771-1,20,,,목련로273번안길 30,0,00030,00000,4289109,1,12330,12330,운남동,,광산구,12330,아파트,전월세,202605,아파트 전월세,,,,,
호반,29200-116,1998,26.05~28.05,신규,16,5,2026,500,37.83,7,152-5,40,,,비아로 185,0,00185,00000,3163012,1,12330,12330,비아동,,광산구,12330,아파트,전월세,202605,아파트 전월세,,,,,
소촌2차국제미소래아파트,29200-435,2020,26.06~28.06,갱신,7,5,2026,"21,860",83.8351,1,산83,0,"21,860",,소촌로42번길 163,0,00163,00000,4289281,0,12330,12330,소촌동,,광산구,12330,아파트,전월세,202605,아파트 전월세,,,,,
소촌2차국제미소래아파트,29200-435,2020,26.06~28.06,갱신,7,5,2026,"22,290",81.8996,10,산83,0,"22,290",,소촌로42번길 163,0,00163,00000,4289281,0,12330,12330,소촌동,,광산구,12330,아파트,전월세,202605,아파트 전월세,,,,,
소촌2차국제미소래아파트,29200-435,2020,26.06~28.06,갱신,8,5,2026,"22,290",81.8996,9,산83,0,"22,290",,소촌로42번길 163,0,00163,00000,4289281,0,12330,12330,소촌동,,광산구,12330,아파트,전월세,202605,아파트 전월세,,,,,
소촌2차국제미소래아파트,29200-435,2020,26.06~28.06,갱신,8,5,2026,"22,290",81.8996,9,산83,0,"22,290",,소촌로42번길 163,0,00163,00000,4289281,0,12330,12330,소촌동,,광산구,12330,아파트,전월세,202605,아파트 전월세,,,,,
소촌2차국제미소래아파트,29200-435,2020,26.06~28.06,갱신,6,5,2026,"22,660",83.8351,5,산83,0,"22,660",,소촌로42번길 163,0,00163,00000,4289281,0,12330,12330,소촌동,,광산구,12330,아파트,전월세,202605,아파트 전월세,,,,,
소촌2차국제미소래아파트,29200-435,2020,26.06~28.06,갱신,6,5,2026,"22,660",83.8351,11,산83,0,"22,660",,소촌로42번길 163,0,00163,00000,4289281,0,12330,12330,소촌동,,광산구,12330,아파트,전월세,202605,아파트 전월세,,,,,
국제미소래,29200-384,2017,26.06~28.06,신규,15,5,2026,"15,410",59.4918,6,1620,0,,,용아로 175,0,00175,00000,3163035,2,12330,12330,우산동,,광산구,12330,아파트,전월세,202605,아파트 전월세,,,,,
운남주공5단지,29200-78,1997,26.06~28.06,신규,14,5,2026,"18,000",84.77,2,769-1,0,,,하남대로 248-10,0,00248,00010,2009008,2,12330,12330,운남동,,광산구,12330,아파트,전월세,202605,아파트 전월세,,,,,
소촌2차국제미소래아파트,29200-435,2020,26.06~28.06,갱신,6,5,2026,"22,660",83.8351,11,산83,0,"22,660",,소촌로42번길 163,0,00163,00000,4289281,0,12330,12330,소촌동,,광산구,12330,아파트,전월세,202605,아파트 전월세,,,,,
소촌3차국제미소래,29200-464,2021,26.06~28.06,갱신,15,5,2026,"17,280",59.9832,15,179-1,0,"17,280",,소촌로42번길 195,0,00195,00000,4289281,1,12330,12330,소촌동,,광산구,12330,아파트,전월세,202605,아파트 전월세,,,,,
소촌2차국제미소래아파트,29200-435,2020,26.06~28.06,갱신,6,5,2026,"22,260",83.8351,2,산83,0,"22,260",,소촌로42번길 163,0,00163,00000,4289281,0,12330,12330,소촌동,,광산구,12330,아파트,전월세,202605,아파트 전월세,,,,,
소촌2차국제미소래아파트,29200-435,2020,26.06~28.06,갱신,7,5,2026,"22,290",81.8996,5,산83,0,"22,290",,소촌로42번길 163,0,00163,00000,4289281,0,12330,12330,소촌동,,광산구,12330,아파트,전월세,202605,아파트 전월세,,,,,
소촌2차국제미소래아파트,29200-435,2020,26.06~28.06,갱신,7,5,2026,"22,290",81.8996,7,산83,0,"22,290",,소촌로42번길 163,0,00163,00000,4289281,0,12330,12330,소촌동,,광산구,12330,아파트,전월세,202605,아파트 전월세,,,,,
우미,29200-13,1997,26.05~28.05,신규,6,5,2026,"2,000",60,7,1077-1,50,,,도산로 26,0,00026,00000,3163007,2,12330,12330,도산동,,광산구,12330,아파트,전월세,202605,아파트 전월세,,,,,
소촌2차국제미소래아파트,29200-435,2020,26.06~28.06,갱신,6,5,2026,"22,660",83.8351,10,산83,0,"22,660",,소촌로42번길 163,0,00163,00000,4289281,0,12330,12330,소촌동,,광산구,12330,아파트,전월세,202605,아파트 전월세,,,,,
우미,29200-13,1997,26.05~28.05,신규,6,5,2026,"2,000",60,7,1077-1,50,,,도산로 26,0,00026,00000,3163007,2,12330,12330,도산동,,광산구,12330,아파트,전월세,202605,아파트 전월세,,,,,
소촌2차국제미소래아파트,29200-435,2020,26.06~28.06,갱신,7,5,2026,"22,660",83.8351,9,산83,0,"22,660",,소촌로42번길 163,0,00163,00000,4289281,0,12330,12330,소촌동,,광산구,12330,아파트,전월세,202605,아파트 전월세,,,,,
하남우미,29200-38,1992,26.05~28.05,신규,3,5,2026,500,49.92,10,1572-2,50,,,월곡산정로 40,0,00040,00000,3163042,1,12330,12330,우산동,,광산구,12330,아파트,전월세,202605,아파트 전월세,,,,,
소촌2차국제미소래아파트,29200-435,2020,26.06~28.06,갱신,7,5,2026,"21,490",81.8996,1,산83,0,"21,490",,소촌로42번길 163,0,00163,00000,4289281,0,12330,12330,소촌동,,광산구,12330,아파트,전월세,202605,아파트 전월세,,,,,
소촌2차국제미소래아파트,29200-435,2020,26.06~28.06,갱신,7,5,2026,"22,290",81.8996,8,산83,0,"22,290",,소촌로42번길 163,0,00163,00000,4289281,0,12330,12330,소촌동,,광산구,12330,아파트,전월세,202605,아파트 전월세,,,,,
소촌2차국제미소래아파트,29200-435,2020,26.06~28.06,신규,6,5,2026,"22,660",83.8351,5,산83,0,,,소촌로42번길 163,0,00163,00000,4289281,0,12330,12330,소촌동,,광산구,12330,아파트,전월세,202605,아파트 전월세,,,,,
소촌2차국제미소래아파트,29200-435,2020,26.06~28.06,갱신,6,5,2026,"22,290",81.8996,5,산83,0,"22,290",,소촌로42번길 163,0,00163,00000,4289281,0,12330,12330,소촌동,,광산구,12330,아파트,전월세,202605,아파트 전월세,,,,,
소촌2차국제미소래아파트,29200-435,2020,26.06~28.06,갱신,7,5,2026,"22,660",83.8351,10,산83,0,"22,660",,소촌로42번길 163,0,00163,00000,4289281,0,12330,12330,소촌동,,광산구,12330,아파트,전월세,202605,아파트 전월세,,,,,
소촌2차국제미소래아파트,29200-435,2020,26.06~28.06,갱신,6,5,2026,"22,290",81.8996,15,산83,0,"22,290",,소촌로42번길 163,0,00163,00000,4289281,0,12330,12330,소촌동,,광산구,12330,아파트,전월세,202605,아파트 전월세,,,,,
소촌2차국제미소래아파트,29200-435,2020,26.06~28.06,갱신,7,5,2026,"22,660",83.8351,9,산83,0,"22,660",,소촌로42번길 163,0,00163,00000,4289281,0,12330,12330,소촌동,,광산구,12330,아파트,전월세,202605,아파트 전월세,,,,,
우방아이유쉘,29200-373,2016,26.08~28.08,신규,7,5,2026,"17,500",59.8407,3,1314,0,,,평동로1098번길 185,0,00185,00000,4289630,0,12330,12330,도산동,,광산구,12330,아파트,전월세,202605,아파트 전월세,,,,,
첨단두산1차,29200-57,1996,26.06~28.06,신규,11,5,2026,"12,000",59.857,4,764-4,0,,,월계로 117-21,0,00117,00021,3163039,1,12330,12330,월계동,,광산구,12330,아파트,전월세,202605,아파트 전월세,,,,,
소촌2차국제미소래아파트,29200-435,2020,26.06~28.06,갱신,6,5,2026,"22,660",83.8351,9,산83,0,"22,660",,소촌로42번길 163,0,00163,00000,4289281,0,12330,12330,소촌동,,광산구,12330,아파트,전월세,202605,아파트 전월세,,,,,
소촌2차국제미소래아파트,29200-435,2020,26.06~28.06,갱신,6,5,2026,"16,330",59.9227,6,산83,0,"16,330",,소촌로42번길 163,0,00163,00000,4289281,0,12330,12330,소촌동,,광산구,12330,아파트,전월세,202605,아파트 전월세,,,,,
소촌2차국제미소래아파트,29200-435,2020,26.06~28.06,갱신,6,5,2026,"22,660",83.8351,8,산83,0,"22,660",,소촌로42번길 163,0,00163,00000,4289281,0,12330,12330,소촌동,,광산구,12330,아파트,전월세,202605,아파트 전월세,,,,,
소촌2차국제미소래아파트,29200-435,2020,26.06~28.06,갱신,7,5,2026,"22,290",81.8996,10,산83,0,"22,290",,소촌로42번길 163,0,00163,00000,4289281,0,12330,12330,소촌동,,광산구,12330,아파트,전월세,202605,아파트 전월세,,,,,
소촌2차국제미소래아파트,29200-435,2020,26.06~28.06,신규,6,5,2026,"22,660",83.8351,7,산83,0,,,소촌로42번길 163,0,00163,00000,4289281,0,12330,12330,소촌동,,광산구,12330,아파트,전월세,202605,아파트 전월세,,,,,
소촌2차국제미소래아파트,29200-435,2020,26.06~28.06,갱신,6,5,2026,"22,290",81.8996,9,산83,0,"22,290",,소촌로42번길 163,0,00163,00000,4289281,0,12330,12330,소촌동,,광산구,12330,아파트,전월세,202605,아파트 전월세,,,,,
소촌2차국제미소래아파트,29200-435,2020,26.06~28.06,갱신,7,5,2026,"21,860",83.8351,1,산83,0,"21,860",,소촌로42번길 163,0,00163,00000,4289281,0,12330,12330,소촌동,,광산구,12330,아파트,전월세,202605,아파트 전월세,,,,,
소촌2차국제미소래아파트,29200-435,2020,26.06~28.06,갱신,7,5,2026,"22,660",83.8351,12,산83,0,"22,660",,소촌로42번길 163,0,00163,00000,4289281,0,12330,12330,소촌동,,광산구,12330,아파트,전월세,202605,아파트 전월세,,,,,
첨단두산1차,29200-57,1996,26.06~28.06,신규,11,5,2026,"12,000",59.857,4,764-4,0,,,월계로 117-21,0,00117,00021,3163039,1,12330,12330,월계동,,광산구,12330,아파트,전월세,202605,아파트 전월세,,,,,
소촌2차국제미소래아파트,29200-435,2020,26.06~28.06,갱신,6,5,2026,"22,290",81.8996,13,산83,0,"22,290",,소촌로42번길 163,0,00163,00000,4289281,0,12330,12330,소촌동,,광산구,12330,아파트,전월세,202605,아파트 전월세,,,,,
소촌2차국제미소래아파트,29200-435,2020,26.06~28.06,신규,7,5,2026,"22,660",83.8351,6,산83,0,,,소촌로42번길 163,0,00163,00000,4289281,0,12330,12330,소촌동,,광산구,12330,아파트,전월세,202605,아파트 전월세,,,,,
소촌2차국제미소래아파트,29200-435,2020,26.06~28.06,갱신,6,5,2026,"22,660",83.8351,11,산83,0,"22,660",,소촌로42번길 163,0,00163,00000,4289281,0,12330,12330,소촌동,,광산구,12330,아파트,전월세,202605,아파트 전월세,,,,,
소촌2차국제미소래아파트,29200-435,2020,26.06~28.06,갱신,7,5,2026,"22,290",81.8996,5,산83,0,"22,290",,소촌로42번길 163,0,00163,00000,4289281,0,12330,12330,소촌동,,광산구,12330,아파트,전월세,202605,아파트 전월세,,,,,
소촌2차국제미소래아파트,29200-435,2020,26.06~28.06,갱신,6,5,2026,"22,260",83.8351,2,산83,0,"22,260",,소촌로42번길 163,0,00163,00000,4289281,0,12330,12330,소촌동,,광산구,12330,아파트,전월세,202605,아파트 전월세,,,,,
소촌2차국제미소래아파트,29200-435,2020,26.06~28.06,갱신,6,5,2026,"22,260",83.8351,2,산83,0,"22,260",,소촌로42번길 163,0,00163,00000,4289281,0,12330,12330,소촌동,,광산구,12330,아파트,전월세,202605,아파트 전월세,,,,,
소촌2차국제미소래아파트,29200-435,2020,26.06~28.06,갱신,6,5,2026,"22,290",81.8996,6,산83,0,"22,290",,소촌로42번길 163,0,00163,00000,4289281,0,12330,12330,소촌동,,광산구,12330,아파트,전월세,202605,아파트 전월세,,,,,
소촌2차국제미소래아파트,29200-435,2020,26.06~28.06,갱신,6,5,2026,"22,290",81.8996,14,산83,0,"22,290",,소촌로42번길 163,0,00163,00000,4289281,0,12330,12330,소촌동,,광산구,12330,아파트,전월세,202605,아파트 전월세,,,,,
소촌2차국제미소래아파트,29200-435,2020,26.06~28.06,갱신,6,5,2026,"22,660",83.8351,13,산83,0,"22,660",,소촌로42번길 163,0,00163,00000,4289281,0,12330,12330,소촌동,,광산구,12330,아파트,전월세,202605,아파트 전월세,,,,,
소촌2차국제미소래아파트,29200-435,2020,26.06~28.06,갱신,7,5,2026,"22,290",81.8996,15,산83,0,"22,290",,소촌로42번길 163,0,00163,00000,4289281,0,12330,12330,소촌동,,광산구,12330,아파트,전월세,202605,아파트 전월세,,,,,
소촌2차국제미소래아파트,29200-435,2020,26.06~28.06,갱신,4,5,2026,"22,290",81.8996,12,산83,0,"22,290",,소촌로42번길 163,0,00163,00000,4289281,0,12330,12330,소촌동,,광산구,12330,아파트,전월세,202605,아파트 전월세,,,,,
소촌2차국제미소래아파트,29200-435,2020,26.06~28.06,갱신,7,5,2026,"22,290",81.8996,10,산83,0,"22,290",,소촌로42번길 163,0,00163,00000,4289281,0,12330,12330,소촌동,,광산구,12330,아파트,전월세,202605,아파트 전월세,,,,,
소촌2차국제미소래아파트,29200-435,2020,26.06~28.06,갱신,7,5,2026,"22,290",81.8996,5,산83,0,"22,290",,소촌로42번길 163,0,00163,00000,4289281,0,12330,12330,소촌동,,광산구,12330,아파트,전월세,202605,아파트 전월세,,,,,
소촌2차국제미소래아파트,29200-435,2020,26.06~28.06,갱신,6,5,2026,"22,660",83.8351,6,산83,0,"22,660",,소촌로42번길 163,0,00163,00000,4289281,0,12330,12330,소촌동,,광산구,12330,아파트,전월세,202605,아파트 전월세,,,,,
소촌2차국제미소래아파트,29200-435,2020,26.06~28.06,갱신,6,5,2026,"22,660",83.8351,4,산83,0,"22,660",,소촌로42번길 163,0,00163,00000,4289281,0,12330,12330,소촌동,,광산구,12330,아파트,전월세,202605,아파트 전월세,,,,,
소촌2차국제미소래아파트,29200-435,2020,26.06~28.06,갱신,6,5,2026,"21,890",81.8996,3,산83,0,"21,890",,소촌로42번길 163,0,00163,00000,4289281,0,12330,12330,소촌동,,광산구,12330,아파트,전월세,202605,아파트 전월세,,,,,
소촌2차국제미소래아파트,29200-435,2020,26.06~28.06,갱신,7,5,2026,"22,290",81.8996,13,산83,0,"22,290",,소촌로42번길 163,0,00163,00000,4289281,0,12330,12330,소촌동,,광산구,12330,아파트,전월세,202605,아파트 전월세,,,,,
소촌2차국제미소래아파트,29200-435,2020,26.06~28.06,갱신,7,5,2026,"21,860",83.8351,1,산83,0,"21,860",,소촌로42번길 163,0,00163,00000,4289281,0,12330,12330,소촌동,,광산구,12330,아파트,전월세,202605,아파트 전월세,,,,,
소촌2차국제미소래아파트,29200-435,2020,26.06~28.06,갱신,7,5,2026,"22,660",83.8351,6,산83,0,"22,660",,소촌로42번길 163,0,00163,00000,4289281,0,12330,12330,소촌동,,광산구,12330,아파트,전월세,202605,아파트 전월세,,,,,
소촌2차국제미소래아파트,29200-435,2020,26.06~28.06,갱신,4,5,2026,"21,890",81.8996,2,산83,0,"21,890",,소촌로42번길 163,0,00163,00000,4289281,0,12330,12330,소촌동,,광산구,12330,아파트,전월세,202605,아파트 전월세,,,,,
소촌2차국제미소래아파트,29200-435,2020,26.06~28.06,갱신,6,5,2026,"22,660",83.8351,12,산83,0,"22,660",,소촌로42번길 163,0,00163,00000,4289281,0,12330,12330,소촌동,,광산구,12330,아파트,전월세,202605,아파트 전월세,,,,,
소촌2차국제미소래아파트,29200-435,2020,26.06~28.06,갱신,7,5,2026,"22,660",83.8351,10,산83,0,"22,660",,소촌로42번길 163,0,00163,00000,4289281,0,12330,12330,소촌동,,광산구,12330,아파트,전월세,202605,아파트 전월세,,,,,
소촌2차국제미소래아파트,29200-435,2020,26.06~28.06,갱신,7,5,2026,"22,290",81.8996,13,산83,0,"22,290",,소촌로42번길 163,0,00163,00000,4289281,0,12330,12330,소촌동,,광산구,12330,아파트,전월세,202605,아파트 전월세,,,,,
소촌2차국제미소래아파트,29200-435,2020,26.06~28.06,갱신,7,5,2026,"22,660",83.8351,4,산83,0,"22,660",,소촌로42번길 163,0,00163,00000,4289281,0,12330,12330,소촌동,,광산구,12330,아파트,전월세,202605,아파트 전월세,,,,,
소촌2차국제미소래아파트,29200-435,2020,26.06~28.06,갱신,7,5,2026,"22,660",83.8351,15,산83,0,"22,660",,소촌로42번길 163,0,00163,00000,4289281,0,12330,12330,소촌동,,광산구,12330,아파트,전월세,202605,아파트 전월세,,,,,
소촌2차국제미소래아파트,29200-435,2020,26.06~28.06,갱신,7,5,2026,"22,290",81.8996,5,산83,0,"22,290",,소촌로42번길 163,0,00163,00000,4289281,0,12330,12330,소촌동,,광산구,12330,아파트,전월세,202605,아파트 전월세,,,,,
소촌2차국제미소래아파트,29200-435,2020,26.06~28.06,갱신,7,5,2026,"22,290",81.8996,15,산83,0,"22,290",,소촌로42번길 163,0,00163,00000,4289281,0,12330,12330,소촌동,,광산구,12330,아파트,전월세,202605,아파트 전월세,,,,,
소촌2차국제미소래아파트,29200-435,2020,26.06~28.06,갱신,7,5,2026,"22,260",83.8351,2,산83,0,"22,260",,소촌로42번길 163,0,00163,00000,4289281,0,12330,12330,소촌동,,광산구,12330,아파트,전월세,202605,아파트 전월세,,,,,
소촌2차국제미소래아파트,29200-435,2020,26.06~28.06,갱신,6,5,2026,"22,290",81.8996,6,산83,0,"22,290",,소촌로42번길 163,0,00163,00000,4289281,0,12330,12330,소촌동,,광산구,12330,아파트,전월세,202605,아파트 전월세,,,,,
소촌2차국제미소래아파트,29200-435,2020,26.06~28.06,갱신,7,5,2026,"22,290",81.8996,8,산83,0,"22,290",,소촌로42번길 163,0,00163,00000,4289281,0,12330,12330,소촌동,,광산구,12330,아파트,전월세,202605,아파트 전월세,,,,,
소촌2차국제미소래아파트,29200-435,2020,26.06~28.06,갱신,7,5,2026,"21,890",81.8996,2,산83,0,"21,890",,소촌로42번길 163,0,00163,00000,4289281,0,12330,12330,소촌동,,광산구,12330,아파트,전월세,202605,아파트 전월세,,,,,
소촌2차국제미소래아파트,29200-435,2020,26.06~28.06,신규,6,5,2026,"22,660",83.8351,7,산83,0,,,소촌로42번길 163,0,00163,00000,4289281,0,12330,12330,소촌동,,광산구,12330,아파트,전월세,202605,아파트 전월세,,,,,
소촌2차국제미소래아파트,29200-435,2020,26.06~28.06,갱신,6,5,2026,"22,290",81.8996,8,산83,0,"22,290",,소촌로42번길 163,0,00163,00000,4289281,0,12330,12330,소촌동,,광산구,12330,아파트,전월세,202605,아파트 전월세,,,,,
소촌2차국제미소래아파트,29200-435,2020,26.06~28.06,갱신,7,5,2026,"22,660",83.8351,4,산83,0,"22,660",,소촌로42번길 163,0,00163,00000,4289281,0,12330,12330,소촌동,,광산구,12330,아파트,전월세,202605,아파트 전월세,,,,,
소촌2차국제미소래아파트,29200-435,2020,26.06~28.06,갱신,7,5,2026,"21,860",83.8351,1,산83,0,"21,860",,소촌로42번길 163,0,00163,00000,4289281,0,12330,12330,소촌동,,광산구,12330,아파트,전월세,202605,아파트 전월세,,,,,
소촌2차국제미소래아파트,29200-435,2020,26.06~28.06,갱신,7,5,2026,"22,660",83.8351,11,산83,0,"22,660",,소촌로42번길 163,0,00163,00000,4289281,0,12330,12330,소촌동,,광산구,12330,아파트,전월세,202605,아파트 전월세,,,,,
소촌2차국제미소래아파트,29200-435,2020,26.06~28.06,갱신,6,5,2026,"22,660",83.8351,12,산83,0,"22,660",,소촌로42번길 163,0,00163,00000,4289281,0,12330,12330,소촌동,,광산구,12330,아파트,전월세,202605,아파트 전월세,,,,,
소촌2차국제미소래아파트,29200-435,2020,26.06~28.06,갱신,7,5,2026,"22,290",81.8996,4,산83,0,"22,290",,소촌로42번길 163,0,00163,00000,4289281,0,12330,12330,소촌동,,광산구,12330,아파트,전월세,202605,아파트 전월세,,,,,
소촌2차국제미소래아파트,29200-435,2020,26.06~28.06,갱신,7,5,2026,"21,490",81.8996,1,산83,0,"21,490",,소촌로42번길 163,0,00163,00000,4289281,0,12330,12330,소촌동,,광산구,12330,아파트,전월세,202605,아파트 전월세,,,,,
소촌2차국제미소래아파트,29200-435,2020,26.06~28.06,갱신,7,5,2026,"22,660",83.8351,10,산83,0,"22,660",,소촌로42번길 163,0,00163,00000,4289281,0,12330,12330,소촌동,,광산구,12330,아파트,전월세,202605,아파트 전월세,,,,,
소촌2차국제미소래아파트,29200-435,2020,26.06~28.06,갱신,7,5,2026,"21,490",81.8996,1,산83,0,"21,490",,소촌로42번길 163,0,00163,00000,4289281,0,12330,12330,소촌동,,광산구,12330,아파트,전월세,202605,아파트 전월세,,,,,
소촌2차국제미소래아파트,29200-435,2020,26.06~28.06,갱신,7,5,2026,"22,290",81.8996,10,산83,0,"22,290",,소촌로42번길 163,0,00163,00000,4289281,0,12330,12330,소촌동,,광산구,12330,아파트,전월세,202605,아파트 전월세,,,,,
소촌2차국제미소래아파트,29200-435,2020,26.06~28.06,갱신,7,5,2026,"22,660",83.8351,15,산83,0,"22,660",,소촌로42번길 163,0,00163,00000,4289281,0,12330,12330,소촌동,,광산구,12330,아파트,전월세,202605,아파트 전월세,,,,,
소촌2차국제미소래아파트,29200-435,2020,26.06~28.06,갱신,6,5,2026,"22,660",83.8351,10,산83,0,"22,660",,소촌로42번길 163,0,00163,00000,4289281,0,12330,12330,소촌동,,광산구,12330,아파트,전월세,202605,아파트 전월세,,,,,
소촌2차국제미소래아파트,29200-435,2020,26.06~28.06,갱신,7,5,2026,"21,860",83.8351,1,산83,0,"21,860",,소촌로42번길 163,0,00163,00000,4289281,0,12330,12330,소촌동,,광산구,12330,아파트,전월세,202605,아파트 전월세,,,,,
소촌2차국제미소래아파트,29200-435,2020,26.06~28.06,갱신,7,5,2026,"21,890",81.8996,2,산83,0,"21,890",,소촌로42번길 163,0,00163,00000,4289281,0,12330,12330,소촌동,,광산구,12330,아파트,전월세,202605,아파트 전월세,,,,,
소촌2차국제미소래아파트,29200-435,2020,26.06~28.06,갱신,7,5,2026,"22,290",81.8996,13,산83,0,"22,290",,소촌로42번길 163,0,00163,00000,4289281,0,12330,12330,소촌동,,광산구,12330,아파트,전월세,202605,아파트 전월세,,,,,
소촌2차국제미소래아파트,29200-435,2020,26.06~28.06,갱신,7,5,2026,"22,260",83.8351,2,산83,0,"22,260",,소촌로42번길 163,0,00163,00000,4289281,0,12330,12330,소촌동,,광산구,12330,아파트,전월세,202605,아파트 전월세,,,,,
소촌2차국제미소래아파트,29200-435,2020,26.06~28.06,갱신,7,5,2026,"22,660",83.8351,12,산83,0,"22,660",,소촌로42번길 163,0,00163,00000,4289281,0,12330,12330,소촌동,,광산구,12330,아파트,전월세,202605,아파트 전월세,,,,,
소촌2차국제미소래아파트,29200-435,2020,26.06~28.06,갱신,7,5,2026,"22,660",83.8351,6,산83,0,"22,660",,소촌로42번길 163,0,00163,00000,4289281,0,12330,12330,소촌동,,광산구,12330,아파트,전월세,202605,아파트 전월세,,,,,
소촌2차국제미소래아파트,29200-435,2020,26.06~28.06,신규,6,5,2026,"21,890",81.8996,3,산83,0,,,소촌로42번길 163,0,00163,00000,4289281,0,12330,12330,소촌동,,광산구,12330,아파트,전월세,202605,아파트 전월세,,,,,
소촌2차국제미소래아파트,29200-435,2020,26.06~28.06,신규,7,5,2026,"22,260",83.8351,3,산83,0,,,소촌로42번길 163,0,00163,00000,4289281,0,12330,12330,소촌동,,광산구,12330,아파트,전월세,202605,아파트 전월세,,,,,
소촌2차국제미소래아파트,29200-435,2020,26.06~28.06,신규,7,5,2026,"22,660",83.8351,7,산83,0,,,소촌로42번길 163,0,00163,00000,4289281,0,12330,12330,소촌동,,광산구,12330,아파트,전월세,202605,아파트 전월세,,,,,
소촌2차국제미소래아파트,29200-435,2020,26.06~28.06,신규,7,5,2026,"22,660",83.8351,7,산83,0,,,소촌로42번길 163,0,00163,00000,4289281,0,12330,12330,소촌동,,광산구,12330,아파트,전월세,202605,아파트 전월세,,,,,
소촌2차국제미소래아파트,29200-435,2020,26.06~28.06,신규,7,5,2026,"22,660",83.8351,6,산83,0,,,소촌로42번길 163,0,00163,00000,4289281,0,12330,12330,소촌동,,광산구,12330,아파트,전월세,202605,아파트 전월세,,,,,
소촌2차국제미소래아파트,29200-435,2020,26.06~28.06,신규,6,5,2026,"22,660",83.8351,4,산83,0,,,소촌로42번길 163,0,00163,00000,4289281,0,12330,12330,소촌동,,광산구,12330,아파트,전월세,202605,아파트 전월세,,,,,
소촌2차국제미소래아파트,29200-435,2020,26.06~28.06,신규,6,5,2026,"22,660",83.8351,5,산83,0,,,소촌로42번길 163,0,00163,00000,4289281,0,12330,12330,소촌동,,광산구,12330,아파트,전월세,202605,아파트 전월세,,,,,
소촌2차국제미소래아파트,29200-435,2020,26.06~28.06,신규,7,5,2026,"22,260",83.8351,3,산83,0,,,소촌로42번길 163,0,00163,00000,4289281,0,12330,12330,소촌동,,광산구,12330,아파트,전월세,202605,아파트 전월세,,,,,
소촌2차국제미소래아파트,29200-435,2020,26.06~28.06,갱신,7,5,2026,"22,660",83.8351,11,산83,0,"22,660",,소촌로42번길 163,0,00163,00000,4289281,0,12330,12330,소촌동,,광산구,12330,아파트,전월세,202605,아파트 전월세,,,,,
소촌2차국제미소래아파트,29200-435,2020,26.06~28.06,갱신,7,5,2026,"22,660",83.8351,12,산83,0,"22,660",,소촌로42번길 163,0,00163,00000,4289281,0,12330,12330,소촌동,,광산구,12330,아파트,전월세,202605,아파트 전월세,,,,,
소촌2차국제미소래아파트,29200-435,2020,26.06~28.06,갱신,6,5,2026,"22,660",83.8351,15,산83,0,"22,660",,소촌로42번길 163,0,00163,00000,4289281,0,12330,12330,소촌동,,광산구,12330,아파트,전월세,202605,아파트 전월세,,,,,
소촌2차국제미소래아파트,29200-435,2020,26.06~28.06,갱신,4,5,2026,"22,290",81.8996,6,산83,0,"22,290",,소촌로42번길 163,0,00163,00000,4289281,0,12330,12330,소촌동,,광산구,12330,아파트,전월세,202605,아파트 전월세,,,,,
소촌2차국제미소래아파트,29200-435,2020,26.06~28.06,신규,6,5,2026,"21,890",81.8996,3,산83,0,,,소촌로42번길 163,0,00163,00000,4289281,0,12330,12330,소촌동,,광산구,12330,아파트,전월세,202605,아파트 전월세,,,,,
소촌2차국제미소래아파트,29200-435,2020,26.06~28.06,갱신,6,5,2026,"22,290",81.8996,14,산83,0,"22,290",,소촌로42번길 163,0,00163,00000,4289281,0,12330,12330,소촌동,,광산구,12330,아파트,전월세,202605,아파트 전월세,,,,,
소촌2차국제미소래아파트,29200-435,2020,26.06~28.06,갱신,6,5,2026,"22,660",83.8351,4,산83,0,"22,660",,소촌로42번길 163,0,00163,00000,4289281,0,12330,12330,소촌동,,광산구,12330,아파트,전월세,202605,아파트 전월세,,,,,
소촌2차국제미소래아파트,29200-435,2020,26.06~28.06,갱신,6,5,2026,"22,290",81.8996,10,산83,0,"22,290",,소촌로42번길 163,0,00163,00000,4289281,0,12330,12330,소촌동,,광산구,12330,아파트,전월세,202605,아파트 전월세,,,,,
소촌2차국제미소래아파트,29200-435,2020,26.06~28.06,신규,6,5,2026,"22,660",83.8351,5,산83,0,,,소촌로42번길 163,0,00163,00000,4289281,0,12330,12330,소촌동,,광산구,12330,아파트,전월세,202605,아파트 전월세,,,,,
소촌2차국제미소래아파트,29200-435,2020,26.06~28.06,갱신,6,5,2026,"22,660",83.8351,4,산83,0,"22,660",,소촌로42번길 163,0,00163,00000,4289281,0,12330,12330,소촌동,,광산구,12330,아파트,전월세,202605,아파트 전월세,,,,,
소촌2차국제미소래아파트,29200-435,2020,26.06~28.06,갱신,6,5,2026,"22,660",83.8351,12,산83,0,"22,660",,소촌로42번길 163,0,00163,00000,4289281,0,12330,12330,소촌동,,광산구,12330,아파트,전월세,202605,아파트 전월세,,,,,
소촌2차국제미소래아파트,29200-435,2020,26.06~28.06,갱신,6,5,2026,"22,660",83.8351,6,산83,0,"22,660",,소촌로42번길 163,0,00163,00000,4289281,0,12330,12330,소촌동,,광산구,12330,아파트,전월세,202605,아파트 전월세,,,,,
소촌2차국제미소래아파트,29200-435,2020,26.06~28.06,갱신,6,5,2026,"22,290",81.8996,11,산83,0,"22,290",,소촌로42번길 163,0,00163,00000,4289281,0,12330,12330,소촌동,,광산구,12330,아파트,전월세,202605,아파트 전월세,,,,,
소촌2차국제미소래아파트,29200-435,2020,26.06~28.06,갱신,6,5,2026,"22,290",81.8996,15,산83,0,"22,290",,소촌로42번길 163,0,00163,00000,4289281,0,12330,12330,소촌동,,광산구,12330,아파트,전월세,202605,아파트 전월세,,,,,
소촌2차국제미소래아파트,29200-435,2020,26.06~28.06,갱신,6,5,2026,"22,660",83.8351,7,산83,0,"22,660",,소촌로42번길 163,0,00163,00000,4289281,0,12330,12330,소촌동,,광산구,12330,아파트,전월세,202605,아파트 전월세,,,,,
소촌2차국제미소래아파트,29200-435,2020,26.06~28.06,갱신,6,5,2026,"22,290",81.8996,13,산83,0,"22,290",,소촌로42번길 163,0,00163,00000,4289281,0,12330,12330,소촌동,,광산구,12330,아파트,전월세,202605,아파트 전월세,,,,,
소촌2차국제미소래아파트,29200-435,2020,26.06~28.06,갱신,6,5,2026,"22,290",81.8996,10,산83,0,"22,290",,소촌로42번길 163,0,00163,00000,4289281,0,12330,12330,소촌동,,광산구,12330,아파트,전월세,202605,아파트 전월세,,,,,
소촌2차국제미소래아파트,29200-435,2020,26.06~28.06,갱신,6,5,2026,"22,660",83.8351,10,산83,0,"22,660",,소촌로42번길 163,0,00163,00000,4289281,0,12330,12330,소촌동,,광산구,12330,아파트,전월세,202605,아파트 전월세,,,,,
소촌2차국제미소래아파트,29200-435,2020,26.06~28.06,갱신,6,5,2026,"22,290",81.8996,14,산83,0,"22,290",,소촌로42번길 163,0,00163,00000,4289281,0,12330,12330,소촌동,,광산구,12330,아파트,전월세,202605,아파트 전월세,,,,,
소촌2차국제미소래아파트,29200-435,2020,26.06~28.06,갱신,4,5,2026,"21,890",81.8996,2,산83,0,"21,890",,소촌로42번길 163,0,00163,00000,4289281,0,12330,12330,소촌동,,광산구,12330,아파트,전월세,202605,아파트 전월세,,,,,
소촌2차국제미소래아파트,29200-435,2020,26.06~28.06,갱신,6,5,2026,"21,890",81.8996,2,산83,0,"21,890",,소촌로42번길 163,0,00163,00000,4289281,0,12330,12330,소촌동,,광산구,12330,아파트,전월세,202605,아파트 전월세,,,,,
소촌2차국제미소래아파트,29200-435,2020,26.06~28.06,갱신,6,5,2026,"21,890",81.8996,3,산83,0,"21,890",,소촌로42번길 163,0,00163,00000,4289281,0,12330,12330,소촌동,,광산구,12330,아파트,전월세,202605,아파트 전월세,,,,,
소촌2차국제미소래아파트,29200-435,2020,26.06~28.06,갱신,6,5,2026,"22,660",83.8351,5,산83,0,"22,660",,소촌로42번길 163,0,00163,00000,4289281,0,12330,12330,소촌동,,광산구,12330,아파트,전월세,202605,아파트 전월세,,,,,
소촌2차국제미소래아파트,29200-435,2020,26.06~28.06,갱신,6,5,2026,"21,890",81.8996,2,산83,0,"21,890",,소촌로42번길 163,0,00163,00000,4289281,0,12330,12330,소촌동,,광산구,12330,아파트,전월세,202605,아파트 전월세,,,,,
소촌2차국제미소래아파트,29200-435,2020,26.06~28.06,갱신,6,5,2026,"22,290",81.8996,14,산83,0,"22,290",,소촌로42번길 163,0,00163,00000,4289281,0,12330,12330,소촌동,,광산구,12330,아파트,전월세,202605,아파트 전월세,,,,,
소촌2차국제미소래아파트,29200-435,2020,26.06~28.06,갱신,6,5,2026,"22,660",83.8351,8,산83,0,"22,660",,소촌로42번길 163,0,00163,00000,4289281,0,12330,12330,소촌동,,광산구,12330,아파트,전월세,202605,아파트 전월세,,,,,
소촌2차국제미소래아파트,29200-435,2020,26.06~28.06,갱신,6,5,2026,"22,660",83.8351,7,산83,0,"22,660",,소촌로42번길 163,0,00163,00000,4289281,0,12330,12330,소촌동,,광산구,12330,아파트,전월세,202605,아파트 전월세,,,,,
소촌2차국제미소래아파트,29200-435,2020,26.06~28.06,갱신,6,5,2026,"22,660",83.8351,10,산83,0,"22,660",,소촌로42번길 163,0,00163,00000,4289281,0,12330,12330,소촌동,,광산구,12330,아파트,전월세,202605,아파트 전월세,,,,,
소촌2차국제미소래아파트,29200-435,2020,26.06~28.06,갱신,6,5,2026,"22,660",83.8351,13,산83,0,"22,660",,소촌로42번길 163,0,00163,00000,4289281,0,12330,12330,소촌동,,광산구,12330,아파트,전월세,202605,아파트 전월세,,,,,
소촌2차국제미소래아파트,29200-435,2020,26.06~28.06,갱신,6,5,2026,"22,660",83.8351,9,산83,0,"22,660",,소촌로42번길 163,0,00163,00000,4289281,0,12330,12330,소촌동,,광산구,12330,아파트,전월세,202605,아파트 전월세,,,,,
소촌2차국제미소래아파트,29200-435,2020,26.06~28.06,갱신,6,5,2026,"22,290",81.8996,10,산83,0,"22,290",,소촌로42번길 163,0,00163,00000,4289281,0,12330,12330,소촌동,,광산구,12330,아파트,전월세,202605,아파트 전월세,,,,,
소촌2차국제미소래아파트,29200-435,2020,26.06~28.06,갱신,6,5,2026,"22,660",83.8351,11,산83,0,"22,660",,소촌로42번길 163,0,00163,00000,4289281,0,12330,12330,소촌동,,광산구,12330,아파트,전월세,202605,아파트 전월세,,,,,
소촌2차국제미소래아파트,29200-435,2020,26.06~28.06,갱신,6,5,2026,"22,660",83.8351,8,산83,0,"22,660",,소촌로42번길 163,0,00163,00000,4289281,0,12330,12330,소촌동,,광산구,12330,아파트,전월세,202605,아파트 전월세,,,,,
소촌2차국제미소래아파트,29200-435,2020,26.06~28.06,갱신,6,5,2026,"22,660",83.8351,13,산83,0,"22,660",,소촌로42번길 163,0,00163,00000,4289281,0,12330,12330,소촌동,,광산구,12330,아파트,전월세,202605,아파트 전월세,,,,,
소촌2차국제미소래아파트,29200-435,2020,26.06~28.06,갱신,6,5,2026,"22,660",83.8351,13,산83,0,"22,660",,소촌로42번길 163,0,00163,00000,4289281,0,12330,12330,소촌동,,광산구,12330,아파트,전월세,202605,아파트 전월세,,,,,
소촌2차국제미소래아파트,29200-435,2020,26.06~28.06,갱신,6,5,2026,"22,660",83.8351,8,산83,0,"22,660",,소촌로42번길 163,0,00163,00000,4289281,0,12330,12330,소촌동,,광산구,12330,아파트,전월세,202605,아파트 전월세,,,,,
소촌2차국제미소래아파트,29200-435,2020,26.06~28.06,갱신,6,5,2026,"22,660",83.8351,8,산83,0,"22,660",,소촌로42번길 163,0,00163,00000,4289281,0,12330,12330,소촌동,,광산구,12330,아파트,전월세,202605,아파트 전월세,,,,,
소촌2차국제미소래아파트,29200-435,2020,26.06~28.06,갱신,6,5,2026,"22,660",83.8351,15,산83,0,"22,660",,소촌로42번길 163,0,00163,00000,4289281,0,12330,12330,소촌동,,광산구,12330,아파트,전월세,202605,아파트 전월세,,,,,
소촌2차국제미소래아파트,29200-435,2020,26.06~28.06,신규,6,5,2026,"22,660",83.8351,4,산83,0,,,소촌로42번길 163,0,00163,00000,4289281,0,12330,12330,소촌동,,광산구,12330,아파트,전월세,202605,아파트 전월세,,,,,
소촌2차국제미소래아파트,29200-435,2020,26.06~28.06,갱신,6,5,2026,"22,290",81.8996,15,산83,0,"22,290",,소촌로42번길 163,0,00163,00000,4289281,0,12330,12330,소촌동,,광산구,12330,아파트,전월세,202605,아파트 전월세,,,,,
소촌2차국제미소래아파트,29200-435,2020,26.06~28.06,갱신,6,5,2026,"22,290",81.8996,8,산83,0,"22,290",,소촌로42번길 163,0,00163,00000,4289281,0,12330,12330,소촌동,,광산구,12330,아파트,전월세,202605,아파트 전월세,,,,,
소촌2차국제미소래아파트,29200-435,2020,26.06~28.06,갱신,6,5,2026,"22,590",83.6727,5,산83,0,"22,590",,소촌로42번길 163,0,00163,00000,4289281,0,12330,12330,소촌동,,광산구,12330,아파트,전월세,202605,아파트 전월세,,,,,
소촌2차국제미소래아파트,29200-435,2020,26.06~28.06,갱신,6,5,2026,"22,660",83.8351,8,산83,0,"22,660",,소촌로42번길 163,0,00163,00000,4289281,0,12330,12330,소촌동,,광산구,12330,아파트,전월세,202605,아파트 전월세,,,,,
소촌2차국제미소래아파트,29200-435,2020,26.06~28.06,갱신,6,5,2026,"21,890",81.8996,3,산83,0,"21,890",,소촌로42번길 163,0,00163,00000,4289281,0,12330,12330,소촌동,,광산구,12330,아파트,전월세,202605,아파트 전월세,,,,,
소촌2차국제미소래아파트,29200-435,2020,26.06~28.06,갱신,6,5,2026,"22,290",81.8996,13,산83,0,"22,290",,소촌로42번길 163,0,00163,00000,4289281,0,12330,12330,소촌동,,광산구,12330,아파트,전월세,202605,아파트 전월세,,,,,
소촌2차국제미소래아파트,29200-435,2020,26.06~28.06,갱신,6,5,2026,"22,660",83.8351,8,산83,0,"22,660",,소촌로42번길 163,0,00163,00000,4289281,0,12330,12330,소촌동,,광산구,12330,아파트,전월세,202605,아파트 전월세,,,,,
소촌2차국제미소래아파트,29200-435,2020,26.06~28.06,갱신,6,5,2026,"22,290",81.8996,6,산83,0,"22,290",,소촌로42번길 163,0,00163,00000,4289281,0,12330,12330,소촌동,,광산구,12330,아파트,전월세,202605,아파트 전월세,,,,,
소촌2차국제미소래아파트,29200-435,2020,26.06~28.06,갱신,6,5,2026,"22,290",81.8996,15,산83,0,"22,290",,소촌로42번길 163,0,00163,00000,4289281,0,12330,12330,소촌동,,광산구,12330,아파트,전월세,202605,아파트 전월세,,,,,
소촌2차국제미소래아파트,29200-435,2020,26.06~28.06,갱신,6,5,2026,"22,290",81.8996,14,산83,0,"22,290",,소촌로42번길 163,0,00163,00000,4289281,0,12330,12330,소촌동,,광산구,12330,아파트,전월세,202605,아파트 전월세,,,,,
소촌2차국제미소래아파트,29200-435,2020,26.06~28.06,갱신,6,5,2026,"16,330",59.9227,6,산83,0,"16,330",,소촌로42번길 163,0,00163,00000,4289281,0,12330,12330,소촌동,,광산구,12330,아파트,전월세,202605,아파트 전월세,,,,,
소촌2차국제미소래아파트,29200-435,2020,26.06~28.06,갱신,6,5,2026,"22,290",81.8996,8,산83,0,"22,290",,소촌로42번길 163,0,00163,00000,4289281,0,12330,12330,소촌동,,광산구,12330,아파트,전월세,202605,아파트 전월세,,,,,
소촌2차국제미소래아파트,29200-435,2020,26.06~28.06,갱신,6,5,2026,"22,290",81.8996,11,산83,0,"22,290",,소촌로42번길 163,0,00163,00000,4289281,0,12330,12330,소촌동,,광산구,12330,아파트,전월세,202605,아파트 전월세,,,,,
소촌2차국제미소래아파트,29200-435,2020,26.06~28.06,갱신,6,5,2026,"21,490",81.8996,1,산83,0,"21,490",,소촌로42번길 163,0,00163,00000,4289281,0,12330,12330,소촌동,,광산구,12330,아파트,전월세,202605,아파트 전월세,,,,,
소촌2차국제미소래아파트,29200-435,2020,26.06~28.06,갱신,6,5,2026,"21,890",81.8996,3,산83,0,"21,890",,소촌로42번길 163,0,00163,00000,4289281,0,12330,12330,소촌동,,광산구,12330,아파트,전월세,202605,아파트 전월세,,,,,
소촌2차국제미소래아파트,29200-435,2020,26.06~28.06,갱신,6,5,2026,"22,660",83.8351,5,산83,0,"22,660",,소촌로42번길 163,0,00163,00000,4289281,0,12330,12330,소촌동,,광산구,12330,아파트,전월세,202605,아파트 전월세,,,,,
소촌2차국제미소래아파트,29200-435,2020,26.06~28.06,갱신,6,5,2026,"22,660",83.8351,15,산83,0,"22,660",,소촌로42번길 163,0,00163,00000,4289281,0,12330,12330,소촌동,,광산구,12330,아파트,전월세,202605,아파트 전월세,,,,,
소촌2차국제미소래아파트,29200-435,2020,26.06~28.06,갱신,6,5,2026,"22,660",83.8351,14,산83,0,"22,660",,소촌로42번길 163,0,00163,00000,4289281,0,12330,12330,소촌동,,광산구,12330,아파트,전월세,202605,아파트 전월세,,,,,
소촌2차국제미소래아파트,29200-435,2020,26.06~28.06,갱신,6,5,2026,"22,290",81.8996,14,산83,0,"22,290",,소촌로42번길 163,0,00163,00000,4289281,0,12330,12330,소촌동,,광산구,12330,아파트,전월세,202605,아파트 전월세,,,,,
소촌2차국제미소래아파트,29200-435,2020,26.06~28.06,갱신,6,5,2026,"22,660",83.8351,6,산83,0,"22,660",,소촌로42번길 163,0,00163,00000,4289281,0,12330,12330,소촌동,,광산구,12330,아파트,전월세,202605,아파트 전월세,,,,,
소촌2차국제미소래아파트,29200-435,2020,26.06~28.06,갱신,6,5,2026,"22,660",83.8351,11,산83,0,"22,660",,소촌로42번길 163,0,00163,00000,4289281,0,12330,12330,소촌동,,광산구,12330,아파트,전월세,202605,아파트 전월세,,,,,
소촌2차국제미소래아파트,29200-435,2020,26.06~28.06,갱신,6,5,2026,"22,660",83.8351,12,산83,0,"22,660",,소촌로42번길 163,0,00163,00000,4289281,0,12330,12330,소촌동,,광산구,12330,아파트,전월세,202605,아파트 전월세,,,,,
소촌2차국제미소래아파트,29200-435,2020,26.06~28.06,갱신,6,5,2026,"22,660",83.8351,7,산83,0,"22,660",,소촌로42번길 163,0,00163,00000,4289281,0,12330,12330,소촌동,,광산구,12330,아파트,전월세,202605,아파트 전월세,,,,,
소촌2차국제미소래아파트,29200-435,2020,26.06~28.06,갱신,4,5,2026,"22,660",83.8351,13,산83,0,"22,660",,소촌로42번길 163,0,00163,00000,4289281,0,12330,12330,소촌동,,광산구,12330,아파트,전월세,202605,아파트 전월세,,,,,
소촌2차국제미소래아파트,29200-435,2020,26.06~28.06,갱신,4,5,2026,"22,660",83.8351,14,산83,0,"22,660",,소촌로42번길 163,0,00163,00000,4289281,0,12330,12330,소촌동,,광산구,12330,아파트,전월세,202605,아파트 전월세,,,,,
소촌2차국제미소래아파트,29200-435,2020,26.06~28.06,갱신,4,5,2026,"21,890",81.8996,2,산83,0,"21,890",,소촌로42번길 163,0,00163,00000,4289281,0,12330,12330,소촌동,,광산구,12330,아파트,전월세,202605,아파트 전월세,,,,,
소촌2차국제미소래아파트,29200-435,2020,26.06~28.06,갱신,4,5,2026,"22,290",81.8996,8,산83,0,"22,290",,소촌로42번길 163,0,00163,00000,4289281,0,12330,12330,소촌동,,광산구,12330,아파트,전월세,202605,아파트 전월세,,,,,
소촌2차국제미소래아파트,29200-435,2020,26.06~28.06,갱신,4,5,2026,"22,290",81.8996,8,산83,0,"22,290",,소촌로42번길 163,0,00163,00000,4289281,0,12330,12330,소촌동,,광산구,12330,아파트,전월세,202605,아파트 전월세,,,,,
소촌2차국제미소래아파트,29200-435,2020,26.06~28.06,갱신,4,5,2026,"22,660",83.8351,14,산83,0,"22,660",,소촌로42번길 163,0,00163,00000,4289281,0,12330,12330,소촌동,,광산구,12330,아파트,전월세,202605,아파트 전월세,,,,,
소촌2차국제미소래아파트,29200-435,2020,26.06~28.06,갱신,4,5,2026,"22,290",81.8996,6,산83,0,"22,290",,소촌로42번길 163,0,00163,00000,4289281,0,12330,12330,소촌동,,광산구,12330,아파트,전월세,202605,아파트 전월세,,,,,
소촌2차국제미소래아파트,29200-435,2020,26.06~28.06,갱신,4,5,2026,"22,660",83.8351,13,산83,0,"22,660",,소촌로42번길 163,0,00163,00000,4289281,0,12330,12330,소촌동,,광산구,12330,아파트,전월세,202605,아파트 전월세,,,,,
소촌2차국제미소래아파트,29200-435,2020,26.06~28.06,갱신,4,5,2026,"22,660",83.8351,14,산83,0,"22,660",,소촌로42번길 163,0,00163,00000,4289281,0,12330,12330,소촌동,,광산구,12330,아파트,전월세,202605,아파트 전월세,,,,,
소촌2차국제미소래아파트,29200-435,2020,26.06~28.06,갱신,4,5,2026,"22,290",81.8996,12,산83,0,"22,290",,소촌로42번길 163,0,00163,00000,4289281,0,12330,12330,소촌동,,광산구,12330,아파트,전월세,202605,아파트 전월세,,,,,
소촌2차국제미소래아파트,29200-435,2020,26.06~28.06,갱신,4,5,2026,"22,660",83.8351,14,산83,0,"22,660",,소촌로42번길 163,0,00163,00000,4289281,0,12330,12330,소촌동,,광산구,12330,아파트,전월세,202605,아파트 전월세,,,,,
소촌2차국제미소래아파트,29200-435,2020,26.06~28.06,갱신,4,5,2026,"22,290",81.8996,7,산83,0,"22,290",,소촌로42번길 163,0,00163,00000,4289281,0,12330,12330,소촌동,,광산구,12330,아파트,전월세,202605,아파트 전월세,,,,,
소촌2차국제미소래아파트,29200-435,2020,26.06~28.06,갱신,4,5,2026,"22,290",81.8996,7,산83,0,"22,290",,소촌로42번길 163,0,00163,00000,4289281,0,12330,12330,소촌동,,광산구,12330,아파트,전월세,202605,아파트 전월세,,,,,
무등산아이파크,29110-346,2017,26.08~28.08,신규,6,6,2026,"10,000",101.8981,2,1022,160,,,남문로753번길 20,0,00020,00000,4277055,0,12210,12210,학동,,동구,12210,아파트,전월세,202606,아파트 전월세,,,,,
두산위브2차,29110-352,2018,26.07~28.07,신규,7,6,2026,"30,000",84.5628,16,1815,0,,,계림로30번길 15,0,00015,00000,4277025,0,12210,12210,계림동,,동구,12210,아파트,전월세,202606,아파트 전월세,,,,,
두산위브2차,29110-352,2018,26.07~28.07,신규,7,6,2026,"30,000",84.5628,16,1815,0,,,계림로30번길 15,0,00015,00000,4277025,0,12210,12210,계림동,,동구,12210,아파트,전월세,202606,아파트 전월세,,,,,
선교2차우방아이유쉘리포레,29110-471,2023,26.07~28.07,신규,19,6,2026,"17,000",59.9314,2,488,0,,,선교로 38-33,0,00038,00033,3159009,0,12210,12210,선교동,,동구,12210,아파트,전월세,202606,아파트 전월세,,,,,
내남지구2차진아리채,29110-369,2020,26.07~28.07,갱신,9,6,2026,"21,211",84.9994,5,904,5,"20,694",5,육판서길 17,0,00017,00000,4277158,0,12210,12210,내남동,,동구,12210,아파트,전월세,202606,아파트 전월세,,,,,
내남지구2차진아리채,29110-369,2020,26.07~28.06,갱신,10,6,2026,"17,145",59.9156,2,904,4,"16,727",4,육판서길 17,0,00017,00000,4277158,0,12210,12210,내남동,,동구,12210,아파트,전월세,202606,아파트 전월세,,,,,
내남지구2차진아리채,29110-369,2020,26.07~28.06,갱신,9,6,2026,"21,211",84.9994,8,904,5,"20,694",5,육판서길 17,0,00017,00000,4277158,0,12210,12210,내남동,,동구,12210,아파트,전월세,202606,아파트 전월세,,,,,
내남지구2차진아리채,29110-369,2020,26.07~28.06,갱신,10,6,2026,"17,364",59.9081,7,904,4,"16,941",4,육판서길 17,0,00017,00000,4277158,0,12210,12210,내남동,,동구,12210,아파트,전월세,202606,아파트 전월세,,,,,
내남지구2차진아리채,29110-369,2020,26.07~28.06,갱신,10,6,2026,"17,364",59.9156,14,904,4,"16,941",4,육판서길 17,0,00017,00000,4277158,0,12210,12210,내남동,,동구,12210,아파트,전월세,202606,아파트 전월세,,,,,
내남지구2차진아리채,29110-369,2020,26.07~28.06,갱신,10,6,2026,"17,364",59.9156,4,904,4,"16,941",4,육판서길 17,0,00017,00000,4277158,0,12210,12210,내남동,,동구,12210,아파트,전월세,202606,아파트 전월세,,,,,
선교2차우방아이유쉘리포레,29110-471,2023,26.07~28.07,신규,19,6,2026,"17,000",59.9314,2,488,0,,,선교로 38-33,0,00038,00033,3159009,0,12210,12210,선교동,,동구,12210,아파트,전월세,202606,아파트 전월세,,,,,
내남지구2차진아리채,29110-369,2020,26.07~28.06,갱신,9,6,2026,"21,211",84.9994,8,904,5,"20,694",5,육판서길 17,0,00017,00000,4277158,0,12210,12210,내남동,,동구,12210,아파트,전월세,202606,아파트 전월세,,,,,
내남지구2차진아리채,29110-369,2020,26.07~28.06,갱신,9,6,2026,"21,211",84.9994,8,904,5,"20,694",5,육판서길 17,0,00017,00000,4277158,0,12210,12210,내남동,,동구,12210,아파트,전월세,202606,아파트 전월세,,,,,
내남지구2차진아리채,29110-369,2020,26.07~28.06,갱신,10,6,2026,"21,211",84.9994,15,904,5,"20,694",5,육판서길 17,0,00017,00000,4277158,0,12210,12210,내남동,,동구,12210,아파트,전월세,202606,아파트 전월세,,,,,
내남지구2차진아리채,29110-369,2020,26.07~28.06,갱신,9,6,2026,"17,364",59.9156,13,904,4,"16,941",4,육판서길 17,0,00017,00000,4277158,0,12210,12210,내남동,,동구,12210,아파트,전월세,202606,아파트 전월세,,,,,
내남지구2차진아리채,29110-369,2020,26.07~28.06,갱신,9,6,2026,"21,211",84.9994,8,904,5,"20,694",5,육판서길 17,0,00017,00000,4277158,0,12210,12210,내남동,,동구,12210,아파트,전월세,202606,아파트 전월세,,,,,
내남지구2차진아리채,29110-369,2020,26.07~28.06,갱신,9,6,2026,"21,211",84.9994,6,904,5,"20,694",5,육판서길 17,0,00017,00000,4277158,0,12210,12210,내남동,,동구,12210,아파트,전월세,202606,아파트 전월세,,,,,
내남지구2차진아리채,29110-369,2020,26.07~28.06,갱신,11,6,2026,"17,364",59.9156,12,904,4,"16,941",4,육판서길 17,0,00017,00000,4277158,0,12210,12210,내남동,,동구,12210,아파트,전월세,202606,아파트 전월세,,,,,
무등산아이파크,29110-346,2017,26.08~28.08,신규,6,6,2026,"10,000",101.8981,2,1022,160,,,남문로753번길 20,0,00020,00000,4277055,0,12210,12210,학동,,동구,12210,아파트,전월세,202606,아파트 전월세,,,,,
내남지구2차진아리채,29110-369,2020,26.07~28.06,갱신,12,6,2026,"21,211",84.9994,14,904,5,"20,694",5,육판서길 17,0,00017,00000,4277158,0,12210,12210,내남동,,동구,12210,아파트,전월세,202606,아파트 전월세,,,,,
내남지구2차진아리채,29110-369,2020,26.07~28.06,갱신,12,6,2026,"21,211",84.9994,9,904,5,"20,694",5,육판서길 17,0,00017,00000,4277158,0,12210,12210,내남동,,동구,12210,아파트,전월세,202606,아파트 전월세,,,,,
내남지구2차진아리채,29110-369,2020,26.07~28.06,갱신,11,6,2026,"21,211",84.9994,9,904,5,"20,694",5,육판서길 17,0,00017,00000,4277158,0,12210,12210,내남동,,동구,12210,아파트,전월세,202606,아파트 전월세,,,,,
내남지구2차진아리채,29110-369,2020,26.07~28.06,갱신,12,6,2026,"21,211",84.9994,9,904,5,"20,694",5,육판서길 17,0,00017,00000,4277158,0,12210,12210,내남동,,동구,12210,아파트,전월세,202606,아파트 전월세,,,,,
내남지구2차진아리채,29110-369,2020,26.07~28.06,갱신,12,6,2026,"21,211",84.9994,14,904,5,"20,694",5,육판서길 17,0,00017,00000,4277158,0,12210,12210,내남동,,동구,12210,아파트,전월세,202606,아파트 전월세,,,,,
용산지구대성베르힐,29110-360,2019,26.07~28.07,신규,10,6,2026,"20,200",59.606,14,668,10,,,용산2길 8,,00008,00000,4855762,0,12210,12210,용산동,,동구,12210,아파트,전월세,202606,아파트 전월세,,,,,
내남지구2차진아리채,29110-369,2020,26.07~28.06,갱신,9,6,2026,"21,211",84.9994,14,904,5,"20,694",5,육판서길 17,0,00017,00000,4277158,0,12210,12210,내남동,,동구,12210,아파트,전월세,202606,아파트 전월세,,,,,
내남지구2차진아리채,29110-369,2020,26.07~28.06,갱신,11,6,2026,"21,211",84.9994,3,904,5,"20,694",5,육판서길 17,0,00017,00000,4277158,0,12210,12210,내남동,,동구,12210,아파트,전월세,202606,아파트 전월세,,,,,
내남지구2차진아리채,29110-369,2020,26.07~28.06,갱신,11,6,2026,"21,211",84.9994,10,904,5,"20,694",5,육판서길 17,0,00017,00000,4277158,0,12210,12210,내남동,,동구,12210,아파트,전월세,202606,아파트 전월세,,,,,
내남지구2차진아리채,29110-369,2020,26.07~28.06,갱신,11,6,2026,"21,211",84.9994,8,904,5,"20,694",5,육판서길 17,0,00017,00000,4277158,0,12210,12210,내남동,,동구,12210,아파트,전월세,202606,아파트 전월세,,,,,
내남지구2차진아리채,29110-369,2020,26.07~28.06,갱신,11,6,2026,"20,990",84.9994,2,904,5,"20,479",5,육판서길 17,0,00017,00000,4277158,0,12210,12210,내남동,,동구,12210,아파트,전월세,202606,아파트 전월세,,,,,
내남지구2차진아리채,29110-369,2020,26.07~28.06,갱신,11,6,2026,"20,990",84.9994,2,904,5,"20,479",5,육판서길 17,0,00017,00000,4277158,0,12210,12210,내남동,,동구,12210,아파트,전월세,202606,아파트 전월세,,,,,
내남지구2차진아리채,29110-369,2020,26.07~28.06,갱신,11,6,2026,"21,211",84.9994,10,904,5,"20,694",5,육판서길 17,0,00017,00000,4277158,0,12210,12210,내남동,,동구,12210,아파트,전월세,202606,아파트 전월세,,,,,
내남지구2차진아리채,29110-369,2020,26.07~28.06,갱신,11,6,2026,"17,364",59.9156,12,904,4,"16,941",4,육판서길 17,0,00017,00000,4277158,0,12210,12210,내남동,,동구,12210,아파트,전월세,202606,아파트 전월세,,,,,
내남지구2차진아리채,29110-369,2020,26.07~28.06,갱신,11,6,2026,"21,211",84.9994,7,904,5,"20,694",5,육판서길 17,0,00017,00000,4277158,0,12210,12210,내남동,,동구,12210,아파트,전월세,202606,아파트 전월세,,,,,
내남지구2차진아리채,29110-369,2020,26.07~28.06,갱신,4,6,2026,"21,211",84.9994,14,904,5,"20,694",5,육판서길 17,0,00017,00000,4277158,0,12210,12210,내남동,,동구,12210,아파트,전월세,202606,아파트 전월세,,,,,
내남지구2차진아리채,29110-369,2020,26.07~28.06,갱신,11,6,2026,"21,211",84.9994,6,904,5,"20,694",5,육판서길 17,0,00017,00000,4277158,0,12210,12210,내남동,,동구,12210,아파트,전월세,202606,아파트 전월세,,,,,
내남지구2차진아리채,29110-369,2020,26.07~28.06,갱신,10,6,2026,"17,364",59.9156,4,904,4,"16,941",4,육판서길 17,0,00017,00000,4277158,0,12210,12210,내남동,,동구,12210,아파트,전월세,202606,아파트 전월세,,,,,
내남지구2차진아리채,29110-369,2020,26.07~28.06,갱신,11,6,2026,"21,211",84.9994,6,904,5,"20,694",5,육판서길 17,0,00017,00000,4277158,0,12210,12210,내남동,,동구,12210,아파트,전월세,202606,아파트 전월세,,,,,
내남지구2차진아리채,29110-369,2020,26.07~28.06,갱신,11,6,2026,"21,211",84.9994,7,904,5,"20,694",5,육판서길 17,0,00017,00000,4277158,0,12210,12210,내남동,,동구,12210,아파트,전월세,202606,아파트 전월세,,,,,
내남지구2차진아리채,29110-369,2020,26.07~28.06,갱신,11,6,2026,"21,211",84.9994,3,904,5,"20,694",5,육판서길 17,0,00017,00000,4277158,0,12210,12210,내남동,,동구,12210,아파트,전월세,202606,아파트 전월세,,,,,
내남지구2차진아리채,29110-369,2020,26.07~28.06,갱신,11,6,2026,"21,211",84.9994,9,904,5,"20,694",5,육판서길 17,0,00017,00000,4277158,0,12210,12210,내남동,,동구,12210,아파트,전월세,202606,아파트 전월세,,,,,
내남지구2차진아리채,29110-369,2020,26.07~28.06,갱신,11,6,2026,"21,211",84.9994,8,904,5,"20,694",5,육판서길 17,0,00017,00000,4277158,0,12210,12210,내남동,,동구,12210,아파트,전월세,202606,아파트 전월세,,,,,
내남지구2차진아리채,29110-369,2020,26.07~28.06,갱신,11,6,2026,"21,211",84.9994,8,904,5,"20,694",5,육판서길 17,0,00017,00000,4277158,0,12210,12210,내남동,,동구,12210,아파트,전월세,202606,아파트 전월세,,,,,
용산지구대성베르힐,29110-360,2019,26.07~28.07,신규,10,6,2026,"20,200",59.606,14,668,10,,,용산2길 8,,00008,00000,4855762,0,12210,12210,용산동,,동구,12210,아파트,전월세,202606,아파트 전월세,,,,,
내남지구2차진아리채,29110-369,2020,26.07~28.06,갱신,10,6,2026,"21,211",84.9994,15,904,5,"20,694",5,육판서길 17,0,00017,00000,4277158,0,12210,12210,내남동,,동구,12210,아파트,전월세,202606,아파트 전월세,,,,,
내남지구2차진아리채,29110-369,2020,26.07~28.06,갱신,10,6,2026,"17,145",59.9156,2,904,4,"16,727",4,육판서길 17,0,00017,00000,4277158,0,12210,12210,내남동,,동구,12210,아파트,전월세,202606,아파트 전월세,,,,,
내남지구2차진아리채,29110-369,2020,26.07~28.06,갱신,10,6,2026,"17,364",59.9156,14,904,4,"16,941",4,육판서길 17,0,00017,00000,4277158,0,12210,12210,내남동,,동구,12210,아파트,전월세,202606,아파트 전월세,,,,,
내남지구2차진아리채,29110-369,2020,26.07~28.06,갱신,10,6,2026,"17,364",59.9081,7,904,4,"16,941",4,육판서길 17,0,00017,00000,4277158,0,12210,12210,내남동,,동구,12210,아파트,전월세,202606,아파트 전월세,,,,,
내남지구2차진아리채,29110-369,2020,26.07~28.06,갱신,10,6,2026,"17,145",59.9156,2,904,4,"16,727",4,육판서길 17,0,00017,00000,4277158,0,12210,12210,내남동,,동구,12210,아파트,전월세,202606,아파트 전월세,,,,,
내남지구2차진아리채,29110-369,2020,26.07~28.06,갱신,9,6,2026,"21,211",84.9994,14,904,5,"20,694",5,육판서길 17,0,00017,00000,4277158,0,12210,12210,내남동,,동구,12210,아파트,전월세,202606,아파트 전월세,,,,,
내남지구2차진아리채,29110-369,2020,26.07~28.06,갱신,9,6,2026,"21,211",84.9994,16,904,5,"20,694",5,육판서길 17,0,00017,00000,4277158,0,12210,12210,내남동,,동구,12210,아파트,전월세,202606,아파트 전월세,,,,,
내남지구2차진아리채,29110-369,2020,26.07~28.06,갱신,9,6,2026,"21,211",84.9994,16,904,5,"20,694",5,육판서길 17,0,00017,00000,4277158,0,12210,12210,내남동,,동구,12210,아파트,전월세,202606,아파트 전월세,,,,,
내남지구2차진아리채,29110-369,2020,26.07~28.06,갱신,9,6,2026,"21,211",84.9994,6,904,5,"20,694",5,육판서길 17,0,00017,00000,4277158,0,12210,12210,내남동,,동구,12210,아파트,전월세,202606,아파트 전월세,,,,,
내남지구2차진아리채,29110-369,2020,26.07~28.06,갱신,9,6,2026,"17,364",59.9156,13,904,4,"16,941",4,육판서길 17,0,00017,00000,4277158,0,12210,12210,내남동,,동구,12210,아파트,전월세,202606,아파트 전월세,,,,,
내남지구2차진아리채,29110-369,2020,26.07~28.06,갱신,9,6,2026,"21,211",84.9994,16,904,5,"20,694",5,육판서길 17,0,00017,00000,4277158,0,12210,12210,내남동,,동구,12210,아파트,전월세,202606,아파트 전월세,,,,,
내남지구2차진아리채,29110-369,2020,26.07~28.07,갱신,9,6,2026,"21,211",84.9994,5,904,5,"20,694",5,육판서길 17,0,00017,00000,4277158,0,12210,12210,내남동,,동구,12210,아파트,전월세,202606,아파트 전월세,,,,,
내남지구2차진아리채,29110-369,2020,26.07~28.06,갱신,4,6,2026,"21,211",84.9994,14,904,5,"20,694",5,육판서길 17,0,00017,00000,4277158,0,12210,12210,내남동,,동구,12210,아파트,전월세,202606,아파트 전월세,,,,,
유니버시아드힐스테이트2단지,29140-369,2016,26.08~28.08,신규,24,6,2026,"31,000",84.97,24,1610,0,,,화정로 211,,00211,00000,3160058,0,12240,12240,화정동,,서구,12240,아파트,전월세,202606,아파트 전월세,,,,,
우미광장,29140-132,2000,26.08~28.08,신규,12,6,2026,"15,000",59.955,15,1132,0,,,풍암순환로 183,0,00183,00000,3160050,1,12240,12240,풍암동,,서구,12240,아파트,전월세,202606,아파트 전월세,,,,,
해광샹그릴라센트럴337,29140-379,2017,26.07~28.07,신규,12,6,2026,"23,000",80.6131,19,23-20,0,,,내방로 337,0,00337,00000,3160004,0,12240,12240,화정동,,서구,12240,아파트,전월세,202606,아파트 전월세,,,,,
더샵염주센트럴파크,29140-414,2022,26.08~28.08,갱신,18,6,2026,"4,841",59.9828,9,1712,26,"4,611",25,월드컵4강로 27,,00027,00000,3160036,0,12240,12240,화정동,,서구,12240,아파트,전월세,202606,아파트 전월세,,,,,
더샵염주센트럴파크,29140-414,2022,26.08~28.08,갱신,18,6,2026,"4,841",59.9828,9,1712,26,"4,611",25,월드컵4강로 27,,00027,00000,3160036,0,12240,12240,화정동,,서구,12240,아파트,전월세,202606,아파트 전월세,,,,,
금호2지구도개공1단지,29140-155,1998,26.08~28.08,신규,9,6,2026,"13,000",49.92,7,770,0,,,금화로115번길 12,0,00012,00000,4280062,1,12240,12240,금호동,,서구,12240,아파트,전월세,202606,아파트 전월세,,,,,
라인동산,29140-74,1992,26.07~28.07,신규,24,6,2026,"1,000",59.85,3,930-1,54,,,염화로45번길 17,0,00017,00000,4280295,1,12240,12240,화정동,,서구,12240,아파트,전월세,202606,아파트 전월세,,,,,
대주,29140-29,1998,26.07~28.07,신규,2,6,2026,"17,000",59.955,9,1168-11,0,,,상무공원로 94,0,00094,00000,3160015,1,12240,12240,치평동,,서구,12240,아파트,전월세,202606,아파트 전월세,,,,,
라인동산,29140-74,1992,26.07~28.07,신규,24,6,2026,"1,000",59.85,3,930-1,54,,,염화로45번길 17,0,00017,00000,4280295,1,12240,12240,화정동,,서구,12240,아파트,전월세,202606,아파트 전월세,,,,,
상무리채2,29140-357,2014,26.06~27.06,신규,10,6,2026,500,20.7189,8,1258-5,43,,,시청로 13,0,00013,00000,3160029,1,12240,12240,치평동,,서구,12240,아파트,전월세,202606,아파트 전월세,,,,,
종원팰리스빌,29140-153,2002,26.07~28.07,신규,25,6,2026,"23,000",84.9831,18,240-2,0,,,화개1로 59-2,0,00059,00002,3160055,1,12240,12240,금호동,,서구,12240,아파트,전월세,202606,아파트 전월세,,,,,
중흥,29140-112,2000,26.07~28.07,신규,16,6,2026,"2,000",59.55,8,787,60,,,마재로 21,0,00021,00000,3160007,1,12240,12240,금호동,,서구,12240,아파트,전월세,202606,아파트 전월세,,,,,
내방마을주공,29140-146,2002,26.08~28.08,신규,20,6,2026,"12,000",49.94,17,848,0,,,화운로193번길 25,0,00025,00000,4280504,2,12240,12240,내방동,,서구,12240,아파트,전월세,202606,아파트 전월세,,,,,
상무센트럴자이,29140-893,2025,26.07~28.07,신규,19,6,2026,"95,000",125.26,12,1393,0,,,상무민주로32번길 10,0,00010,00000,4280198,0,12240,12240,쌍촌동,,서구,12240,아파트,전월세,202606,아파트 전월세,,,,,
유니버시아드힐스테이트2단지,29140-369,2016,26.08~28.08,신규,24,6,2026,"31,000",84.97,24,1610,0,,,화정로 211,,00211,00000,3160058,0,12240,12240,화정동,,서구,12240,아파트,전월세,202606,아파트 전월세,,,,,
내방마을주공,29140-146,2002,26.08~28.08,신규,20,6,2026,"12,000",49.94,17,848,0,,,화운로193번길 25,0,00025,00000,4280504,2,12240,12240,내방동,,서구,12240,아파트,전월세,202606,아파트 전월세,,,,,
금호대우,29140-27,1998,26.08~28.08,신규,26,6,2026,"15,000",59.94,1,1166-2,0,,,치평로 107,0,00107,00000,3160042,1,12240,12240,치평동,,서구,12240,아파트,전월세,202606,아파트 전월세,,,,,
금호대우,29140-27,1998,26.08~28.08,신규,26,6,2026,"15,000",59.94,1,1166-2,0,,,치평로 107,0,00107,00000,3160042,1,12240,12240,치평동,,서구,12240,아파트,전월세,202606,아파트 전월세,,,,,
종원팰리스빌,29140-153,2002,26.07~28.07,신규,25,6,2026,"23,000",84.9831,18,240-2,0,,,화개1로 59-2,0,00059,00002,3160055,1,12240,12240,금호동,,서구,12240,아파트,전월세,202606,아파트 전월세,,,,,
상무리채2,29140-357,2014,26.06~27.06,신규,10,6,2026,500,20.7189,8,1258-5,43,,,시청로 13,0,00013,00000,3160029,1,12240,12240,치평동,,서구,12240,아파트,전월세,202606,아파트 전월세,,,,,
금호2지구도개공1단지,29140-155,1998,26.08~28.08,신규,9,6,2026,"13,000",49.92,7,770,0,,,금화로115번길 12,0,00012,00000,4280062,1,12240,12240,금호동,,서구,12240,아파트,전월세,202606,아파트 전월세,,,,,
상무센트럴자이,29140-893,2025,26.07~28.07,신규,19,6,2026,"95,000",125.26,12,1393,0,,,상무민주로32번길 10,0,00010,00000,4280198,0,12240,12240,쌍촌동,,서구,12240,아파트,전월세,202606,아파트 전월세,,,,,
해광샹그릴라센트럴337,29140-379,2017,26.07~28.07,신규,12,6,2026,"23,000",80.6131,19,23-20,0,,,내방로 337,0,00337,00000,3160004,0,12240,12240,화정동,,서구,12240,아파트,전월세,202606,아파트 전월세,,,,,
상무1차우미,29140-129,1998,26.06~28.06,신규,13,6,2026,"1,000",59.88,3,1159,65,,,상무공원로 35,0,00035,00000,3160015,1,12240,12240,치평동,,서구,12240,아파트,전월세,202606,아파트 전월세,,,,,
중흥,29140-112,2000,26.07~28.07,신규,16,6,2026,"2,000",59.55,8,787,60,,,마재로 21,0,00021,00000,3160007,1,12240,12240,금호동,,서구,12240,아파트,전월세,202606,아파트 전월세,,,,,
상무1차우미,29140-129,1998,26.06~28.06,신규,13,6,2026,"1,000",59.88,3,1159,65,,,상무공원로 35,0,00035,00000,3160015,1,12240,12240,치평동,,서구,12240,아파트,전월세,202606,아파트 전월세,,,,,
유니버시아드힐스테이트3단지,29140-370,2016,26.07~28.07,신규,12,6,2026,"30,000",84.97,20,1612,0,,,화운로 24,,00024,00000,3160065,0,12240,12240,화정동,,서구,12240,아파트,전월세,202606,아파트 전월세,,,,,
유니버시아드힐스테이트3단지,29140-370,2016,26.07~28.07,신규,12,6,2026,"30,000",84.97,20,1612,0,,,화운로 24,,00024,00000,3160065,0,12240,12240,화정동,,서구,12240,아파트,전월세,202606,아파트 전월세,,,,,
신천힐탑맨션,29140-323,2011,26.07~28.07,신규,9,6,2026,"10,000",59.99,21,137-4,0,,,상무오월로51번길 2,0,00002,00000,4280214,1,12240,12240,쌍촌동,,서구,12240,아파트,전월세,202606,아파트 전월세,,,,,
우미광장,29140-132,2000,26.08~28.08,신규,12,6,2026,"15,000",59.955,15,1132,0,,,풍암순환로 183,0,00183,00000,3160050,1,12240,12240,풍암동,,서구,12240,아파트,전월세,202606,아파트 전월세,,,,,
대주,29140-29,1998,26.07~28.07,신규,2,6,2026,"17,000",59.955,9,1168-11,0,,,상무공원로 94,0,00094,00000,3160015,1,12240,12240,치평동,,서구,12240,아파트,전월세,202606,아파트 전월세,,,,,
신천힐탑맨션,29140-323,2011,26.07~28.07,신규,9,6,2026,"10,000",59.99,21,137-4,0,,,상무오월로51번길 2,0,00002,00000,4280214,1,12240,12240,쌍촌동,,서구,12240,아파트,전월세,202606,아파트 전월세,,,,,
금호2,29155-27,1995,26.09~28.09,신규,10,6,2026,"27,000",84.83,8,490-1,0,,,봉선로 134,0,00134,00000,3161009,2,12270,12270,봉선동,,남구,12270,아파트,전월세,202606,아파트 전월세,,,,,
포스코더샵,29155-131,2004,26.08~28.08,신규,27,6,2026,"27,000",59.89,16,1076,0,,,효사랑길 14,0,00014,00000,4283737,1,12270,12270,봉선동,,남구,12270,아파트,전월세,202606,아파트 전월세,,,,,
e편한세상봉선셀레스티지,29155-460,2024,26.07~28.07,신규,3,6,2026,"5,000",84.9995,17,1168,150,,,대남대로159번길 24,,00024,00000,4283154,0,12270,12270,봉선동,,남구,12270,아파트,전월세,202606,아파트 전월세,,,,,
라인2,29155-32,1997,26.08~28.08,신규,1,6,2026,"26,000",84.99,11,518,0,,,제석로80번길 22-10,0,00022,00010,4283570,1,12270,12270,봉선동,,남구,12270,아파트,전월세,202606,아파트 전월세,,,,,
진월아파트,29155-107,1986,26.07~28.07,신규,3,6,2026,"1,500",79.65,2,250-3,50,,,서문대로 668,0,00668,00000,2161001,2,12270,12270,진월동,,남구,12270,아파트,전월세,202606,아파트 전월세,,,,,
일진스위트포레,29155-409,2020,26.07~28.07,신규,10,6,2026,"18,000",78.4538,5,444,0,,,고싸움로164번길 22,0,00022,00000,4283018,0,12270,12270,지석동,,남구,12270,아파트,전월세,202606,아파트 전월세,,,,,
금호타운,29155-48,1996,26.07~28.07,신규,9,6,2026,"13,500",84.895,11,43-28,0,,,효덕로 291,0,00291,00000,3161020,4,12270,12270,송하동,,남구,12270,아파트,전월세,202606,아파트 전월세,,,,,
포스코더샵,29155-131,2004,26.08~28.08,신규,27,6,2026,"27,000",59.89,16,1076,0,,,효사랑길 14,0,00014,00000,4283737,1,12270,12270,봉선동,,남구,12270,아파트,전월세,202606,아파트 전월세,,,,,
진월3차삼익세라믹아파트,29155-95,2000,26.07~28.07,신규,11,6,2026,"12,000",59.4,20,484,0,,,화산로31번길 17,0,00017,00000,4283692,1,12270,12270,진월동,,남구,12270,아파트,전월세,202606,아파트 전월세,,,,,
중흥,29155-106,1992,26.08~28.08,신규,7,6,2026,"14,500",84.93,4,331-93,0,,,서문대로749번마길 30,0,00030,00000,4283394,2,12270,12270,진월동,,남구,12270,아파트,전월세,202606,아파트 전월세,,,,,
진월아파트,29155-107,1986,26.07~28.07,신규,3,6,2026,"1,500",79.65,2,250-3,50,,,서문대로 668,0,00668,00000,2161001,2,12270,12270,진월동,,남구,12270,아파트,전월세,202606,아파트 전월세,,,,,
일진스위트포레,29155-409,2020,26.07~28.07,신규,10,6,2026,"18,000",78.4538,5,444,0,,,고싸움로164번길 22,0,00022,00000,4283018,0,12270,12270,지석동,,남구,12270,아파트,전월세,202606,아파트 전월세,,,,,
신흥타운6,29155-100,1991,26.07~28.07,신규,15,6,2026,"1,000",59.76,6,508-10,55,,,서문대로622번길 4,0,00004,00000,4283377,1,12270,12270,진월동,,남구,12270,아파트,전월세,202606,아파트 전월세,,,,,
신흥타운6,29155-100,1991,26.07~28.07,신규,15,6,2026,"1,000",59.76,6,508-10,55,,,서문대로622번길 4,0,00004,00000,4283377,1,12270,12270,진월동,,남구,12270,아파트,전월세,202606,아파트 전월세,,,,,
진월3차삼익세라믹아파트,29155-95,2000,26.07~28.07,신규,11,6,2026,"12,000",59.4,20,484,0,,,화산로31번길 17,0,00017,00000,4283692,1,12270,12270,진월동,,남구,12270,아파트,전월세,202606,아파트 전월세,,,,,
금호2,29155-27,1995,26.09~28.09,신규,10,6,2026,"27,000",84.83,8,490-1,0,,,봉선로 134,0,00134,00000,3161009,2,12270,12270,봉선동,,남구,12270,아파트,전월세,202606,아파트 전월세,,,,,
금호타운,29155-48,1996,26.07~28.07,신규,9,6,2026,"13,500",84.895,11,43-28,0,,,효덕로 291,0,00291,00000,3161020,4,12270,12270,송하동,,남구,12270,아파트,전월세,202606,아파트 전월세,,,,,
중흥,29155-106,1992,26.08~28.08,신규,7,6,2026,"14,500",84.93,4,331-93,0,,,서문대로749번마길 30,0,00030,00000,4283394,2,12270,12270,진월동,,남구,12270,아파트,전월세,202606,아파트 전월세,,,,,
e편한세상봉선셀레스티지,29155-460,2024,26.07~28.07,신규,3,6,2026,"5,000",84.9995,17,1168,150,,,대남대로159번길 24,,00024,00000,4283154,0,12270,12270,봉선동,,남구,12270,아파트,전월세,202606,아파트 전월세,,,,,
라인2,29155-32,1997,26.08~28.08,신규,1,6,2026,"26,000",84.99,11,518,0,,,제석로80번길 22-10,0,00022,00010,4283570,1,12270,12270,봉선동,,남구,12270,아파트,전월세,202606,아파트 전월세,,,,,
우성,29170-133,1990,26.08~28.08,신규,24,6,2026,"2,000",96.64,15,787-6,60,,,호동로 99,0,00099,00000,3162084,4,12300,12300,문흥동,,북구,12300,아파트,전월세,202606,아파트 전월세,,,,,
문흥제일파크,29170-129,1994,26.07~28.07,신규,18,6,2026,"8,500",49.95,13,1010-7,0,,,천지인로 191,0,00191,00000,3162097,1,12300,12300,문흥동,,북구,12300,아파트,전월세,202606,아파트 전월세,,,,,
프라임시티서희스타힐스,29170-890,2024,26.09~28.09,신규,20,6,2026,"26,000",72.9899,3,1135,0,,,거진길 46,0,00046,00000,4286011,0,12300,12300,용두동,,북구,12300,아파트,전월세,202606,아파트 전월세,,,,,
프라임시티서희스타힐스,29170-890,2024,26.08~28.08,신규,18,6,2026,"30,000",84.9385,4,1135,0,,,거진길 46,0,00046,00000,4286011,0,12300,12300,용두동,,북구,12300,아파트,전월세,202606,아파트 전월세,,,,,
운암신성포레힐아파트,29170-728,2016,26.06~28.09,신규,25,6,2026,"14,890",74.99,6,1766,16,,,서강로 38,0,00038,00000,3162027,0,12300,12300,운암동,,북구,12300,아파트,전월세,202606,아파트 전월세,,,,,
모아엘가더스카이,29170-798,2020,26.08~28.08,갱신,2,6,2026,"25,314",84.3551,16,821,0,"24,697",,신임로32번길 35,0,00035,00000,4286463,0,12300,12300,신안동,,북구,12300,아파트,전월세,202606,아파트 전월세,,,,,
모아엘가더스카이,29170-798,2020,26.08~28.08,갱신,2,6,2026,"25,314",84.3551,16,821,0,"24,697",,신임로32번길 35,0,00035,00000,4286463,0,12300,12300,신안동,,북구,12300,아파트,전월세,202606,아파트 전월세,,,,,
산이고운신용PARK,29170-1368,2025,26.08~28.08,신규,22,6,2026,"29,000",84.8826,14,823,0,,,청계로 13,0,00013,00000,3162075,0,12300,12300,신안동,,북구,12300,아파트,전월세,202606,아파트 전월세,,,,,
문흥제일파크,29170-129,1994,26.07~28.07,신규,18,6,2026,"8,500",49.95,13,1010-7,0,,,천지인로 191,0,00191,00000,3162097,1,12300,12300,문흥동,,북구,12300,아파트,전월세,202606,아파트 전월세,,,,,
힐스테이트신용더리버,29170-885,2024,26.08~28.08,신규,26,6,2026,"35,000",84.99,16,869,0,,,빛고을대로 615,0,00615,00000,2009010,0,12300,12300,신용동,,북구,12300,아파트,전월세,202606,아파트 전월세,,,,,
중외공원모아미래도,29170-844,2022,26.08~28.08,신규,5,6,2026,"26,500",68.1704,19,1783,0,,,서강로 171,0,00171,00000,3162027,1,12300,12300,운암동,,북구,12300,아파트,전월세,202606,아파트 전월세,,,,,
운암신성포레힐아파트,29170-728,2016,26.06~28.09,신규,25,6,2026,"14,890",74.99,6,1766,16,,,서강로 38,0,00038,00000,3162027,0,12300,12300,운암동,,북구,12300,아파트,전월세,202606,아파트 전월세,,,,,
중외공원모아미래도,29170-844,2022,26.08~28.08,신규,5,6,2026,"26,500",68.1704,19,1783,0,,,서강로 171,0,00171,00000,3162027,1,12300,12300,운암동,,북구,12300,아파트,전월세,202606,아파트 전월세,,,,,
힐스테이트신용더리버,29170-885,2024,26.07~28.07,신규,1,6,2026,"43,000",104.51,19,869,0,,,빛고을대로 615,0,00615,00000,2009010,0,12300,12300,신용동,,북구,12300,아파트,전월세,202606,아파트 전월세,,,,,
힐스테이트신용더리버,29170-885,2024,26.07~28.07,신규,1,6,2026,"43,000",104.51,19,869,0,,,빛고을대로 615,0,00615,00000,2009010,0,12300,12300,신용동,,북구,12300,아파트,전월세,202606,아파트 전월세,,,,,
힐스테이트신용더리버,29170-885,2024,26.08~28.08,신규,26,6,2026,"35,000",84.99,16,869,0,,,빛고을대로 615,0,00615,00000,2009010,0,12300,12300,신용동,,북구,12300,아파트,전월세,202606,아파트 전월세,,,,,
우성,29170-133,1990,26.08~28.08,신규,24,6,2026,"2,000",96.64,15,787-6,60,,,호동로 99,0,00099,00000,3162084,4,12300,12300,문흥동,,북구,12300,아파트,전월세,202606,아파트 전월세,,,,,
모아맨션,29170-127,1994,26.07~28.07,신규,16,6,2026,"16,000",84.96,2,995-6,0,,,문산로 40,0,00040,00000,3162017,1,12300,12300,문흥동,,북구,12300,아파트,전월세,202606,아파트 전월세,,,,,
현대,29170-74,1991,26.07~28.07,신규,13,6,2026,"21,000",135.37,2,631-1,0,,,호동로 100,0,00100,00000,3162084,3,12300,12300,우산동,,북구,12300,아파트,전월세,202606,아파트 전월세,,,,,
산이고운신용PARK,29170-1368,2025,26.08~28.08,신규,22,6,2026,"29,000",84.8826,14,823,0,,,청계로 13,0,00013,00000,3162075,0,12300,12300,신안동,,북구,12300,아파트,전월세,202606,아파트 전월세,,,,,
프라임시티서희스타힐스,29170-890,2024,26.08~28.08,신규,18,6,2026,"30,000",84.9385,4,1135,0,,,거진길 46,0,00046,00000,4286011,0,12300,12300,용두동,,북구,12300,아파트,전월세,202606,아파트 전월세,,,,,
삼호,29170-48,1990,26.07~28.07,신규,18,6,2026,"2,000",84.865,6,363,70,,,황계로55번길 11,0,00011,00000,4286809,1,12300,12300,운암동,,북구,12300,아파트,전월세,202606,아파트 전월세,,,,,
프라임시티서희스타힐스,29170-890,2024,26.09~28.09,신규,20,6,2026,"26,000",72.9899,3,1135,0,,,거진길 46,0,00046,00000,4286011,0,12300,12300,용두동,,북구,12300,아파트,전월세,202606,아파트 전월세,,,,,
호반2,29170-252,1995,26.07~28.07,신규,19,6,2026,"11,000",59.95,17,214-10,0,,,매곡로 64,0,00064,00000,3162014,2,12300,12300,매곡동,,북구,12300,아파트,전월세,202606,아파트 전월세,,,,,
호반2,29170-252,1995,26.07~28.07,신규,19,6,2026,"11,000",59.95,17,214-10,0,,,매곡로 64,0,00064,00000,3162014,2,12300,12300,매곡동,,북구,12300,아파트,전월세,202606,아파트 전월세,,,,,
삼호,29170-48,1990,26.07~28.07,신규,18,6,2026,"2,000",84.865,6,363,70,,,황계로55번길 11,0,00011,00000,4286809,1,12300,12300,운암동,,북구,12300,아파트,전월세,202606,아파트 전월세,,,,,
현대,29170-74,1991,26.07~28.07,신규,13,6,2026,"21,000",135.37,2,631-1,0,,,호동로 100,0,00100,00000,3162084,3,12300,12300,우산동,,북구,12300,아파트,전월세,202606,아파트 전월세,,,,,
모아맨션,29170-127,1994,26.07~28.07,신규,16,6,2026,"16,000",84.96,2,995-6,0,,,문산로 40,0,00040,00000,3162017,1,12300,12300,문흥동,,북구,12300,아파트,전월세,202606,아파트 전월세,,,,,
블루시안2차,29170-558,2007,26.06~28.06,신규,4,6,2026,"15,000",84.8051,3,781-1,0,,,동운로 222,0,00222,00000,3162012,2,12300,12300,운암동,,북구,12300,아파트,전월세,202606,아파트 전월세,,,,,
중외공원모아미래도,29170-844,2022,26.08~28.08,신규,5,6,2026,"26,500",68.1704,19,1783,0,,,서강로 171,0,00171,00000,3162027,1,12300,12300,운암동,,북구,12300,아파트,전월세,202606,아파트 전월세,,,,,
중외공원모아미래도,29170-844,2022,26.08~28.08,신규,5,6,2026,"26,500",68.1704,19,1783,0,,,서강로 171,0,00171,00000,3162027,1,12300,12300,운암동,,북구,12300,아파트,전월세,202606,아파트 전월세,,,,,
블루시안2차,29170-558,2007,26.06~28.06,신규,4,6,2026,"15,000",84.8051,3,781-1,0,,,동운로 222,0,00222,00000,3162012,2,12300,12300,운암동,,북구,12300,아파트,전월세,202606,아파트 전월세,,,,,
선운지구다사로움,29200-339,2015,26.08~28.08,신규,12,6,2026,"24,500",84.8497,3,586,0,,,선운로 34,0,00034,00000,3163081,0,12330,12330,선암동,,광산구,12330,아파트,전월세,202606,아파트 전월세,,,,,
토담휴로스,29200-305,2013,26.07~27.07,신규,20,6,2026,300,19.9163,9,1576-4,35,,,무진대로231번길 13-5,0,00013,00005,4289119,1,12330,12330,우산동,,광산구,12330,아파트,전월세,202606,아파트 전월세,,,,,
힐스테이트리버파크,29200-412,2019,26.08~28.08,신규,19,6,2026,"44,000",84.94,21,695-1,0,,,첨단강변로 100,0,00100,00000,3163075,0,12330,12330,쌍암동,,광산구,12330,아파트,전월세,202606,아파트 전월세,,,,,
첨단라인1,29200-59,1995,26.07~28.07,신규,9,6,2026,"10,000",60,5,765-2,0,,,월계로 117-32,0,00117,00032,3163039,1,12330,12330,월계동,,광산구,12330,아파트,전월세,202606,아파트 전월세,,,,,
부영1차,29200-121,2003,26.07~28.07,신규,4,6,2026,"22,000",84.9763,8,882-1,0,,,월계로 170,0,00170,00000,3163039,3,12330,12330,산월동,,광산구,12330,아파트,전월세,202606,아파트 전월세,,,,,
소촌2차국제미소래아파트,29200-435,2020,26.07~28.07,신규,22,6,2026,"22,590",83.6727,10,산83,0,,,소촌로42번길 163,0,00163,00000,4289281,0,12330,12330,소촌동,,광산구,12330,아파트,전월세,202606,아파트 전월세,,,,,
휴먼빌,29200-274,2012,26.06~28.06,신규,17,6,2026,"8,900",48.01,2,677-12,0,,,첨단중앙로182번길 60-5,0,00060,00005,4289616,1,12330,12330,쌍암동,,광산구,12330,아파트,전월세,202606,아파트 전월세,,,,,
휴먼빌,29200-274,2012,26.07~28.07,갱신,16,6,2026,"9,390",46.71,4,677-12,0,"9,390",,첨단중앙로182번길 60-5,0,00060,00005,4289616,1,12330,12330,쌍암동,,광산구,12330,아파트,전월세,202606,아파트 전월세,,,,,
소촌2차국제미소래아파트,29200-435,2020,26.07~28.07,신규,26,6,2026,"22,660",83.8351,13,산83,0,,,소촌로42번길 163,0,00163,00000,4289281,0,12330,12330,소촌동,,광산구,12330,아파트,전월세,202606,아파트 전월세,,,,,
선운지구다사로움,29200-339,2015,26.10~26.11,신규,23,6,2026,"2,600",84.8497,15,586,120,,,선운로 34,0,00034,00000,3163081,0,12330,12330,선암동,,광산구,12330,아파트,전월세,202606,아파트 전월세,,,,,
운남주공4단지,29200-77,1996,26.07~28.07,신규,16,6,2026,"11,500",58.14,2,771-1,0,,,목련로273번안길 30,0,00030,00000,4289109,1,12330,12330,운남동,,광산구,12330,아파트,전월세,202606,아파트 전월세,,,,,
토담휴로스,29200-305,2013,26.07~27.07,신규,20,6,2026,300,19.9163,9,1576-4,35,,,무진대로231번길 13-5,0,00013,00005,4289119,1,12330,12330,우산동,,광산구,12330,아파트,전월세,202606,아파트 전월세,,,,,
소촌2차국제미소래아파트,29200-435,2020,26.07~28.07,신규,26,6,2026,"22,660",83.8351,13,산83,0,,,소촌로42번길 163,0,00163,00000,4289281,0,12330,12330,소촌동,,광산구,12330,아파트,전월세,202606,아파트 전월세,,,,,
휴먼빌,29200-274,2012,26.06~28.06,신규,17,6,2026,"8,900",48.01,2,677-12,0,,,첨단중앙로182번길 60-5,0,00060,00005,4289616,1,12330,12330,쌍암동,,광산구,12330,아파트,전월세,202606,아파트 전월세,,,,,
선운지구다사로움,29200-339,2015,26.10~26.11,신규,23,6,2026,"2,600",84.8497,15,586,120,,,선운로 34,0,00034,00000,3163081,0,12330,12330,선암동,,광산구,12330,아파트,전월세,202606,아파트 전월세,,,,,
휴먼빌,29200-274,2012,26.07~28.07,갱신,16,6,2026,"9,390",46.71,4,677-12,0,"9,390",,첨단중앙로182번길 60-5,0,00060,00005,4289616,1,12330,12330,쌍암동,,광산구,12330,아파트,전월세,202606,아파트 전월세,,,,,
펠릭스골드,29200-378,2017,26.06~27.06,신규,15,6,2026,300,21.3604,10,763-12,37,,,광산로 61,0,00061,00000,3163002,0,12330,12330,송정동,,광산구,12330,아파트,전월세,202606,아파트 전월세,,,,,
미르채아파트,29200-364,2016,26.06~28.06,갱신,1,6,2026,"16,365",72.1397,8,1313,0,"16,065",,송도로212번길 40,0,00040,00000,4289295,2,12330,12330,도산동,사용,광산구,12330,아파트,전월세,202606,아파트 전월세,,,,,
소촌2차국제미소래아파트,29200-435,2020,26.07~28.07,신규,22,6,2026,"22,590",83.6727,10,산83,0,,,소촌로42번길 163,0,00163,00000,4289281,0,12330,12330,소촌동,,광산구,12330,아파트,전월세,202606,아파트 전월세,,,,,
미르채아파트,29200-364,2016,26.06~28.06,갱신,1,6,2026,"16,365",72.1397,8,1313,0,"16,065",,송도로212번길 40,0,00040,00000,4289295,2,12330,12330,도산동,사용,광산구,12330,아파트,전월세,202606,아파트 전월세,,,,,
힐스테이트리버파크,29200-412,2019,26.08~28.08,신규,19,6,2026,"44,000",84.94,21,695-1,0,,,첨단강변로 100,0,00100,00000,3163075,0,12330,12330,쌍암동,,광산구,12330,아파트,전월세,202606,아파트 전월세,,,,,
선운지구해광샹그릴라,29200-335,2014,26.07~28.07,신규,17,6,2026,"14,000",82.2457,2,783,45,,,선운로 17,0,00017,00000,3163081,2,12330,12330,선암동,,광산구,12330,아파트,전월세,202606,아파트 전월세,,,,,
선운지구해광샹그릴라,29200-335,2014,26.07~28.07,신규,17,6,2026,"14,000",82.2457,2,783,45,,,선운로 17,0,00017,00000,3163081,2,12330,12330,선암동,,광산구,12330,아파트,전월세,202606,아파트 전월세,,,,,
코오롱하늘채,29200-232,2008,26.07~28.07,신규,5,6,2026,"60,000",128.79,9,913,0,,,장덕로137번길 39,0,00039,00000,4289556,1,12330,12330,수완동,,광산구,12330,아파트,전월세,202606,아파트 전월세,,,,,
운남주공4단지,29200-77,1996,26.06~28.06,신규,17,6,2026,500,49.69,7,771-1,40,,,목련로273번안길 30,0,00030,00000,4289109,1,12330,12330,운남동,,광산구,12330,아파트,전월세,202606,아파트 전월세,,,,,
운남주공4단지,29200-77,1996,26.06~28.06,신규,17,6,2026,500,49.69,7,771-1,40,,,목련로273번안길 30,0,00030,00000,4289109,1,12330,12330,운남동,,광산구,12330,아파트,전월세,202606,아파트 전월세,,,,,
신안실크밸리,29200-244,2009,26.06~28.06,신규,5,6,2026,"25,000",84.9129,15,1110,0,,,풍영로330번길 34,0,00034,00000,4289682,1,12330,12330,장덕동,,광산구,12330,아파트,전월세,202606,아파트 전월세,,,,,
운남주공4단지,29200-77,1996,26.07~28.07,신규,16,6,2026,"11,500",58.14,2,771-1,0,,,목련로273번안길 30,0,00030,00000,4289109,1,12330,12330,운남동,,광산구,12330,아파트,전월세,202606,아파트 전월세,,,,,
펠릭스골드,29200-378,2017,26.06~27.06,신규,15,6,2026,300,21.3604,10,763-12,37,,,광산로 61,0,00061,00000,3163002,0,12330,12330,송정동,,광산구,12330,아파트,전월세,202606,아파트 전월세,,,,,
미르채아파트,29200-364,2016,26.06~27.06,갱신,6,6,2026,"16,365",72.1397,6,1313,0,"16,065",,송도로212번길 40,0,00040,00000,4289295,2,12330,12330,도산동,,광산구,12330,아파트,전월세,202606,아파트 전월세,,,,,
선운지구다사로움,29200-339,2015,26.08~28.08,신규,12,6,2026,"24,500",84.8497,3,586,0,,,선운로 34,0,00034,00000,3163081,0,12330,12330,선암동,,광산구,12330,아파트,전월세,202606,아파트 전월세,,,,,
첨단라인1,29200-59,1995,26.07~28.07,신규,9,6,2026,"10,000",60,5,765-2,0,,,월계로 117-32,0,00117,00032,3163039,1,12330,12330,월계동,,광산구,12330,아파트,전월세,202606,아파트 전월세,,,,,
부영1차,29200-121,2003,26.07~28.07,신규,4,6,2026,"22,000",84.9763,8,882-1,0,,,월계로 170,0,00170,00000,3163039,3,12330,12330,산월동,,광산구,12330,아파트,전월세,202606,아파트 전월세,,,,,
미르채아파트,29200-364,2016,26.06~27.06,갱신,6,6,2026,"16,365",72.1397,6,1313,0,"16,065",,송도로212번길 40,0,00040,00000,4289295,2,12330,12330,도산동,,광산구,12330,아파트,전월세,202606,아파트 전월세,,,,,
신안실크밸리,29200-244,2009,26.06~28.06,신규,5,6,2026,"25,000",84.9129,15,1110,0,,,풍영로330번길 34,0,00034,00000,4289682,1,12330,12330,장덕동,,광산구,12330,아파트,전월세,202606,아파트 전월세,,,,,
코오롱하늘채,29200-232,2008,26.07~28.07,신규,5,6,2026,"60,000",128.79,9,913,0,,,장덕로137번길 39,0,00039,00000,4289556,1,12330,12330,수완동,,광산구,12330,아파트,전월세,202606,아파트 전월세,,,,,
신안실크밸리,29200-244,2009,26.06~28.06,신규,5,6,2026,"25,000",84.9129,15,1110,0,,,풍영로330번길 34,0,00034,00000,4289682,1,12330,12330,장덕동,,광산구,12330,아파트,전월세,202606,아파트 전월세,,,,,
,,2021,25.07~27.07,신규,1,7,2025,500,20.67,14,845-10,40,,,,,,,,,,12330,송정동,,광산구,12330,오피스텔,전월세,202507,오피스텔 전월세,송정역 한국아델리움 더 씨티,광산구,,,
,,2021,25.07~27.07,신규,1,7,2025,500,20.67,14,845-10,40,,,,,,,,,,12330,송정동,,광산구,12330,오피스텔,전월세,202507,오피스텔 전월세,송정역 한국아델리움 더 씨티,광산구,,,
,,2023,25.09~26.05,신규,30,8,2025,"9,800",23.61,11,1230,0,,,,,,,,,,12240,치평동,,서구,12240,오피스텔,전월세,202508,오피스텔 전월세,상무 대라수 오피스텔,서구,,,
,,2023,25.09~26.05,신규,30,8,2025,"9,800",23.61,11,1230,0,,,,,,,,,,12240,치평동,,서구,12240,오피스텔,전월세,202508,오피스텔 전월세,상무 대라수 오피스텔,서구,,,
,,2014,25.08~26.08,신규,22,8,2025,500,29.94,23,1203-1,40,,,,,,,,,,12240,치평동,,서구,12240,오피스텔,전월세,202508,오피스텔 전월세,중흥에스-클래스스카이31,서구,,,
,,2014,25.08~26.08,신규,22,8,2025,500,29.94,23,1203-1,40,,,,,,,,,,12240,치평동,,서구,12240,오피스텔,전월세,202508,오피스텔 전월세,중흥에스-클래스스카이31,서구,,,
,,2021,25.09~27.09,신규,25,8,2025,"17,200",49.12,6,860,5,,,,,,,,,,12300,신용동,,북구,12300,오피스텔,전월세,202508,오피스텔 전월세,첨단2지구 대성베르힐,북구,,,
,,2021,25.09~27.09,신규,25,8,2025,"17,200",49.12,6,860,5,,,,,,,,,,12300,신용동,,북구,12300,오피스텔,전월세,202508,오피스텔 전월세,첨단2지구 대성베르힐,북구,,,
,,2025,25.10~27.08,신규,29,9,2025,"10,440",27.8,10,70,0,,,,,,,,,,12210,서석동,,동구,12210,오피스텔,전월세,202509,오피스텔 전월세,고운 디아르떼 문화전당,동구,,,
,,2025,25.09~27.08,신규,20,9,2025,"10,440",27.8,7,70,0,,,,,,,,,,12210,서석동,,동구,12210,오피스텔,전월세,202509,오피스텔 전월세,고운 디아르떼 문화전당,동구,,,
,,2025,25.10~27.08,신규,29,9,2025,"10,440",27.8,10,70,0,,,,,,,,,,12210,서석동,,동구,12210,오피스텔,전월세,202509,오피스텔 전월세,고운 디아르떼 문화전당,동구,,,
,,2025,25.09~27.08,신규,23,9,2025,"10,440",27.8,8,70,0,,,,,,,,,,12210,서석동,,동구,12210,오피스텔,전월세,202509,오피스텔 전월세,고운 디아르떼 문화전당,동구,,,
,,2025,25.09~27.08,신규,23,9,2025,"10,440",27.8,8,70,0,,,,,,,,,,12210,서석동,,동구,12210,오피스텔,전월세,202509,오피스텔 전월세,고운 디아르떼 문화전당,동구,,,
,,2025,25.09~27.08,신규,20,9,2025,"10,440",27.8,7,70,0,,,,,,,,,,12210,서석동,,동구,12210,오피스텔,전월세,202509,오피스텔 전월세,고운 디아르떼 문화전당,동구,,,
,,2025,25.09~27.08,신규,19,9,2025,"10,440",27.8,9,70,0,,,,,,,,,,12210,서석동,,동구,12210,오피스텔,전월세,202509,오피스텔 전월세,고운 디아르떼 문화전당,동구,,,
,,2025,25.09~27.08,신규,19,9,2025,"10,440",27.8,9,70,0,,,,,,,,,,12210,서석동,,동구,12210,오피스텔,전월세,202509,오피스텔 전월세,고운 디아르떼 문화전당,동구,,,
,,2025,25.09~27.08,신규,17,9,2025,"10,440",27.8,9,70,0,,,,,,,,,,12210,서석동,,동구,12210,오피스텔,전월세,202509,오피스텔 전월세,고운 디아르떼 문화전당,동구,,,
,,2025,25.09~27.08,신규,17,9,2025,"10,440",27.8,9,70,0,,,,,,,,,,12210,서석동,,동구,12210,오피스텔,전월세,202509,오피스텔 전월세,고운 디아르떼 문화전당,동구,,,
,,2025,25.09~27.08,신규,16,9,2025,"10,440",27.8,12,70,0,,,,,,,,,,12210,서석동,,동구,12210,오피스텔,전월세,202509,오피스텔 전월세,고운 디아르떼 문화전당,동구,,,
,,2025,25.09~27.08,신규,16,9,2025,"10,440",27.8,12,70,0,,,,,,,,,,12210,서석동,,동구,12210,오피스텔,전월세,202509,오피스텔 전월세,고운 디아르떼 문화전당,동구,,,
,,2025,25.09~27.08,신규,16,9,2025,"10,440",27.8,9,70,0,,,,,,,,,,12210,서석동,,동구,12210,오피스텔,전월세,202509,오피스텔 전월세,고운 디아르떼 문화전당,동구,,,
,,2025,25.09~27.08,신규,16,9,2025,"10,440",27.8,9,70,0,,,,,,,,,,12210,서석동,,동구,12210,오피스텔,전월세,202509,오피스텔 전월세,고운 디아르떼 문화전당,동구,,,
,,2014,25.09~26.09,신규,2,9,2025,500,29.94,8,1203-1,45,,,,,,,,,,12240,치평동,,서구,12240,오피스텔,전월세,202509,오피스텔 전월세,중흥에스-클래스스카이31,서구,,,
,,2014,25.09~26.09,신규,2,9,2025,500,29.94,8,1203-1,45,,,,,,,,,,12240,치평동,,서구,12240,오피스텔,전월세,202509,오피스텔 전월세,중흥에스-클래스스카이31,서구,,,
,,2023,25.09~27.09,신규,1,9,2025,"9,500",20.54,7,1230,0,,,,,,,,,,12240,치평동,,서구,12240,오피스텔,전월세,202509,오피스텔 전월세,상무 대라수 오피스텔,서구,,,
,,2023,25.09~27.09,신규,1,9,2025,"9,500",20.54,7,1230,0,,,,,,,,,,12240,치평동,,서구,12240,오피스텔,전월세,202509,오피스텔 전월세,상무 대라수 오피스텔,서구,,,
,,2021,25.09~27.09,신규,17,9,2025,"13,000",49.12,14,860,15,,,,,,,,,,12300,신용동,,북구,12300,오피스텔,전월세,202509,오피스텔 전월세,첨단2지구 대성베르힐,북구,,,
,,2021,25.09~27.09,신규,17,9,2025,"13,000",49.12,14,860,15,,,,,,,,,,12300,신용동,,북구,12300,오피스텔,전월세,202509,오피스텔 전월세,첨단2지구 대성베르힐,북구,,,
,,2014,25.11~27.11,신규,16,10,2025,"7,000",28.16,3,1259-4,0,,,,,,,,,,12240,치평동,,서구,12240,오피스텔,전월세,202510,오피스텔 전월세,상무e-다움골드,서구,,,
,,2014,25.11~27.11,신규,16,10,2025,"7,000",28.16,3,1259-4,0,,,,,,,,,,12240,치평동,,서구,12240,오피스텔,전월세,202510,오피스텔 전월세,상무e-다움골드,서구,,,
,,2014,25.11~26.11,신규,30,10,2025,500,29.94,23,1203-1,45,,,,,,,,,,12240,치평동,,서구,12240,오피스텔,전월세,202510,오피스텔 전월세,중흥에스-클래스스카이31,서구,,,
,,2014,25.11~26.11,신규,30,10,2025,500,29.94,23,1203-1,45,,,,,,,,,,12240,치평동,,서구,12240,오피스텔,전월세,202510,오피스텔 전월세,중흥에스-클래스스카이31,서구,,,
,,2013,25.11~26.10,신규,13,10,2025,"2,000",33.58,4,694-115,31,,,,,,,,,,12330,쌍암동,,광산구,12330,오피스텔,전월세,202510,오피스텔 전월세,에드가,광산구,,,
,,2020,25.11~27.11,신규,31,10,2025,"9,700",30,12,872-4,13,,,,,,,,,,12330,월계동,,광산구,12330,오피스텔,전월세,202510,오피스텔 전월세,더허브,광산구,,,
,,2013,25.11~26.10,신규,13,10,2025,"2,000",33.58,4,694-115,31,,,,,,,,,,12330,쌍암동,,광산구,12330,오피스텔,전월세,202510,오피스텔 전월세,에드가,광산구,,,
,,2020,25.11~27.11,신규,31,10,2025,"9,700",30,12,872-4,13,,,,,,,,,,12330,월계동,,광산구,12330,오피스텔,전월세,202510,오피스텔 전월세,더허브,광산구,,,
,,2021,25.12~27.11,신규,28,10,2025,500,20.67,6,845-10,45,,,,,,,,,,12330,송정동,,광산구,12330,오피스텔,전월세,202510,오피스텔 전월세,송정역 한국아델리움 더 씨티,광산구,,,
,,2021,25.12~27.11,신규,28,10,2025,500,20.67,6,845-10,45,,,,,,,,,,12330,송정동,,광산구,12330,오피스텔,전월세,202510,오피스텔 전월세,송정역 한국아델리움 더 씨티,광산구,,,
,,2022,25.11~26.11,신규,20,11,2025,"1,000",42.6,14,68-1,76,,,,,,,,,,12210,수기동,,동구,12210,오피스텔,전월세,202511,오피스텔 전월세,금남로 유탑유블레스 원시티,동구,,,
,,2022,25.11~26.11,신규,20,11,2025,"1,000",42.6,14,68-1,76,,,,,,,,,,12210,수기동,,동구,12210,오피스텔,전월세,202511,오피스텔 전월세,금남로 유탑유블레스 원시티,동구,,,
,,2014,25.11~26.11,신규,21,11,2025,500,36.27,6,689-5,42,,,,,,,,,,12330,쌍암동,,광산구,12330,오피스텔,전월세,202511,오피스텔 전월세,(689-5),광산구,,,
,,2014,25.11~26.11,신규,21,11,2025,500,36.27,6,689-5,42,,,,,,,,,,12330,쌍암동,,광산구,12330,오피스텔,전월세,202511,오피스텔 전월세,(689-5),광산구,,,
,,2025,26.02~28.02,신규,23,12,2025,"10,440",27.8,6,70,0,,,,,,,,,,12210,서석동,,동구,12210,오피스텔,전월세,202512,오피스텔 전월세,고운 디아르떼 문화전당,동구,,,
,,2025,26.01~28.01,신규,20,12,2025,"10,440",27.8,4,70,0,,,,,,,,,,12210,서석동,,동구,12210,오피스텔,전월세,202512,오피스텔 전월세,고운 디아르떼 문화전당,동구,,,
,,2025,26.01~28.01,신규,20,12,2025,"10,440",27.8,4,70,0,,,,,,,,,,12210,서석동,,동구,12210,오피스텔,전월세,202512,오피스텔 전월세,고운 디아르떼 문화전당,동구,,,
,,2025,26.01~28.01,신규,23,12,2025,"10,440",27.8,8,70,0,,,,,,,,,,12210,서석동,,동구,12210,오피스텔,전월세,202512,오피스텔 전월세,고운 디아르떼 문화전당,동구,,,
,,2025,26.01~28.01,신규,23,12,2025,"10,440",27.8,8,70,0,,,,,,,,,,12210,서석동,,동구,12210,오피스텔,전월세,202512,오피스텔 전월세,고운 디아르떼 문화전당,동구,,,
,,2025,26.02~28.02,신규,23,12,2025,"10,440",27.8,6,70,0,,,,,,,,,,12210,서석동,,동구,12210,오피스텔,전월세,202512,오피스텔 전월세,고운 디아르떼 문화전당,동구,,,
,,2025,26.01~28.01,신규,9,12,2025,"10,440",27.8,6,70,0,,,,,,,,,,12210,서석동,,동구,12210,오피스텔,전월세,202512,오피스텔 전월세,고운 디아르떼 문화전당,동구,,,
,,2025,26.01~28.01,신규,9,12,2025,"10,440",27.8,6,70,0,,,,,,,,,,12210,서석동,,동구,12210,오피스텔,전월세,202512,오피스텔 전월세,고운 디아르떼 문화전당,동구,,,
,,2015,26.01~27.01,신규,12,12,2025,300,27.36,14,1006-18,40,,,,,,,,,,12240,쌍촌동,,서구,12240,오피스텔,전월세,202512,오피스텔 전월세,에드가리움 1차,서구,,,
,,2015,26.01~27.01,신규,12,12,2025,300,27.36,14,1006-18,40,,,,,,,,,,12240,쌍촌동,,서구,12240,오피스텔,전월세,202512,오피스텔 전월세,에드가리움 1차,서구,,,
,,2021,26.01~28.01,신규,22,12,2025,"13,000",49.12,13,860,15,,,,,,,,,,12300,신용동,,북구,12300,오피스텔,전월세,202512,오피스텔 전월세,첨단2지구 대성베르힐,북구,,,
,,2021,26.01~28.01,신규,22,12,2025,"13,000",49.12,13,860,15,,,,,,,,,,12300,신용동,,북구,12300,오피스텔,전월세,202512,오피스텔 전월세,첨단2지구 대성베르힐,북구,,,
,,2023,25.12~26.12,신규,9,12,2025,"2,800",64.54,11,1264,84,,,,,,,,,,12330,하남동,,광산구,12330,오피스텔,전월세,202512,오피스텔 전월세,센테니엘수완,광산구,,,
,,2023,25.12~26.12,신규,9,12,2025,"2,800",64.54,11,1264,84,,,,,,,,,,12330,하남동,,광산구,12330,오피스텔,전월세,202512,오피스텔 전월세,센테니엘수완,광산구,,,
,,2025,26.01~28.01,신규,8,1,2026,"10,440",27.8,16,70,0,,,,,,,,,,12210,서석동,,동구,12210,오피스텔,전월세,202601,오피스텔 전월세,고운 디아르떼 문화전당,동구,,,
,,2025,26.01~28.01,신규,8,1,2026,"10,440",27.8,16,70,0,,,,,,,,,,12210,서석동,,동구,12210,오피스텔,전월세,202601,오피스텔 전월세,고운 디아르떼 문화전당,동구,,,
,,2025,26.01~28.01,신규,8,1,2026,"10,440",27.8,16,70,0,,,,,,,,,,12210,서석동,,동구,12210,오피스텔,전월세,202601,오피스텔 전월세,고운 디아르떼 문화전당,동구,,,
,,2014,26.01~27.01,신규,16,1,2026,500,29.94,6,1203-1,45,,,,,,,,,,12240,치평동,,서구,12240,오피스텔,전월세,202601,오피스텔 전월세,중흥에스-클래스스카이31,서구,,,
,,2014,26.01~27.01,신규,16,1,2026,500,29.94,6,1203-1,45,,,,,,,,,,12240,치평동,,서구,12240,오피스텔,전월세,202601,오피스텔 전월세,중흥에스-클래스스카이31,서구,,,
,,,26.02~27.02,신규,30,1,2026,300,32.16,2,571-7,42,,,,,,,,,,12270,진월동,,남구,12270,오피스텔,전월세,202601,오피스텔 전월세,(571-7),남구,,,
,,,26.02~27.02,신규,30,1,2026,300,32.16,2,571-7,42,,,,,,,,,,12270,진월동,,남구,12270,오피스텔,전월세,202601,오피스텔 전월세,(571-7),남구,,,
,,2021,26.02~28.02,신규,6,1,2026,"13,000",49.12,6,860,15,,,,,,,,,,12300,신용동,,북구,12300,오피스텔,전월세,202601,오피스텔 전월세,첨단2지구 대성베르힐,북구,,,
,,2021,26.02~28.02,신규,6,1,2026,"13,000",49.12,6,860,15,,,,,,,,,,12300,신용동,,북구,12300,오피스텔,전월세,202601,오피스텔 전월세,첨단2지구 대성베르힐,북구,,,
,,,26.02~27.02,신규,12,2,2026,300,22.23,13,417-18,35,,,,,,,,,,12240,농성동,,서구,12240,오피스텔,전월세,202602,오피스텔 전월세,골든힐스타워,서구,,,
,,,26.02~27.02,신규,12,2,2026,300,22.23,13,417-18,35,,,,,,,,,,12240,농성동,,서구,12240,오피스텔,전월세,202602,오피스텔 전월세,골든힐스타워,서구,,,
,,2020,26.03~28.03,갱신,8,2,2026,"17,609",84.71,17,686-2,0,"17,609",,,,,,,,,12330,쌍암동,,광산구,12330,오피스텔,전월세,202602,오피스텔 전월세,첨단중해마루힐1차 주상복합,광산구,,,
,,2020,26.03~28.03,갱신,7,2,2026,"17,609",84.71,25,686-2,0,"17,609",,,,,,,,,12330,쌍암동,,광산구,12330,오피스텔,전월세,202602,오피스텔 전월세,첨단중해마루힐1차 주상복합,광산구,,,
,,2020,26.03~28.03,갱신,6,2,2026,"17,609",84.71,12,686-2,0,"17,609",,,,,,,,,12330,쌍암동,,광산구,12330,오피스텔,전월세,202602,오피스텔 전월세,첨단중해마루힐1차 주상복합,광산구,,,
,,2017,26.04~28.04,신규,23,2,2026,"7,000",29.98,3,694-74,0,,,,,,,,,,12330,쌍암동,,광산구,12330,오피스텔,전월세,202602,오피스텔 전월세,윤진리안채,광산구,,,
,,2017,26.04~28.04,신규,23,2,2026,"7,000",29.98,3,694-74,0,,,,,,,,,,12330,쌍암동,,광산구,12330,오피스텔,전월세,202602,오피스텔 전월세,윤진리안채,광산구,,,
,,2020,26.03~28.03,갱신,6,2,2026,"17,609",84.71,24,686-2,0,"17,609",,,,,,,,,12330,쌍암동,,광산구,12330,오피스텔,전월세,202602,오피스텔 전월세,첨단중해마루힐1차 주상복합,광산구,,,
,,2020,26.03~28.03,갱신,8,2,2026,"17,609",84.71,17,686-2,0,"17,609",,,,,,,,,12330,쌍암동,,광산구,12330,오피스텔,전월세,202602,오피스텔 전월세,첨단중해마루힐1차 주상복합,광산구,,,
,,2020,26.03~28.03,갱신,7,2,2026,"17,609",84.71,5,686-2,0,"17,609",,,,,,,,,12330,쌍암동,,광산구,12330,오피스텔,전월세,202602,오피스텔 전월세,첨단중해마루힐1차 주상복합,광산구,,,
,,2020,26.03~28.03,갱신,7,2,2026,"17,609",84.71,29,686-2,0,"17,609",,,,,,,,,12330,쌍암동,,광산구,12330,오피스텔,전월세,202602,오피스텔 전월세,첨단중해마루힐1차 주상복합,광산구,,,
,,2020,26.03~28.03,갱신,7,2,2026,"17,609",84.71,25,686-2,0,"17,609",,,,,,,,,12330,쌍암동,,광산구,12330,오피스텔,전월세,202602,오피스텔 전월세,첨단중해마루힐1차 주상복합,광산구,,,
,,2020,26.03~28.03,갱신,7,2,2026,"17,609",84.71,5,686-2,0,"17,609",,,,,,,,,12330,쌍암동,,광산구,12330,오피스텔,전월세,202602,오피스텔 전월세,첨단중해마루힐1차 주상복합,광산구,,,
,,2020,26.03~28.03,갱신,7,2,2026,"17,609",84.71,29,686-2,0,"17,609",,,,,,,,,12330,쌍암동,,광산구,12330,오피스텔,전월세,202602,오피스텔 전월세,첨단중해마루힐1차 주상복합,광산구,,,
,,2020,26.03~28.03,갱신,6,2,2026,"17,609",84.71,23,686-2,0,"17,609",,,,,,,,,12330,쌍암동,,광산구,12330,오피스텔,전월세,202602,오피스텔 전월세,첨단중해마루힐1차 주상복합,광산구,,,
,,2020,26.03~28.03,갱신,6,2,2026,"17,609",84.71,24,686-2,0,"17,609",,,,,,,,,12330,쌍암동,,광산구,12330,오피스텔,전월세,202602,오피스텔 전월세,첨단중해마루힐1차 주상복합,광산구,,,
,,2020,26.03~28.03,갱신,6,2,2026,"17,609",84.71,20,686-2,0,"17,609",,,,,,,,,12330,쌍암동,,광산구,12330,오피스텔,전월세,202602,오피스텔 전월세,첨단중해마루힐1차 주상복합,광산구,,,
,,2020,26.03~28.03,갱신,6,2,2026,"17,609",84.71,12,686-2,0,"17,609",,,,,,,,,12330,쌍암동,,광산구,12330,오피스텔,전월세,202602,오피스텔 전월세,첨단중해마루힐1차 주상복합,광산구,,,
,,2020,26.03~28.03,갱신,6,2,2026,"17,609",84.71,23,686-2,0,"17,609",,,,,,,,,12330,쌍암동,,광산구,12330,오피스텔,전월세,202602,오피스텔 전월세,첨단중해마루힐1차 주상복합,광산구,,,
,,2020,26.03~28.03,갱신,5,2,2026,"17,609",84.71,8,686-2,0,"17,609",,,,,,,,,12330,쌍암동,,광산구,12330,오피스텔,전월세,202602,오피스텔 전월세,첨단중해마루힐1차 주상복합,광산구,,,
,,2020,26.03~28.03,갱신,6,2,2026,"17,609",84.71,24,686-2,0,"17,609",,,,,,,,,12330,쌍암동,,광산구,12330,오피스텔,전월세,202602,오피스텔 전월세,첨단중해마루힐1차 주상복합,광산구,,,
,,2020,26.03~28.03,갱신,6,2,2026,"17,609",84.71,20,686-2,0,"17,609",,,,,,,,,12330,쌍암동,,광산구,12330,오피스텔,전월세,202602,오피스텔 전월세,첨단중해마루힐1차 주상복합,광산구,,,
,,2020,26.03~28.03,갱신,5,2,2026,"17,609",84.71,20,686-2,0,"17,609",,,,,,,,,12330,쌍암동,,광산구,12330,오피스텔,전월세,202602,오피스텔 전월세,첨단중해마루힐1차 주상복합,광산구,,,
,,2020,26.03~28.03,갱신,5,2,2026,"17,609",84.71,10,686-2,0,"17,609",,,,,,,,,12330,쌍암동,,광산구,12330,오피스텔,전월세,202602,오피스텔 전월세,첨단중해마루힐1차 주상복합,광산구,,,
,,2020,26.03~28.03,갱신,5,2,2026,"17,609",84.71,10,686-2,0,"17,609",,,,,,,,,12330,쌍암동,,광산구,12330,오피스텔,전월세,202602,오피스텔 전월세,첨단중해마루힐1차 주상복합,광산구,,,
,,2020,26.03~28.03,갱신,5,2,2026,"17,609",84.71,21,686-2,0,"17,609",,,,,,,,,12330,쌍암동,,광산구,12330,오피스텔,전월세,202602,오피스텔 전월세,첨단중해마루힐1차 주상복합,광산구,,,
,,2020,26.03~28.03,갱신,5,2,2026,"17,609",84.71,9,686-2,0,"17,609",,,,,,,,,12330,쌍암동,,광산구,12330,오피스텔,전월세,202602,오피스텔 전월세,첨단중해마루힐1차 주상복합,광산구,,,
,,2020,26.03~28.03,갱신,5,2,2026,"17,609",84.71,8,686-2,0,"17,609",,,,,,,,,12330,쌍암동,,광산구,12330,오피스텔,전월세,202602,오피스텔 전월세,첨단중해마루힐1차 주상복합,광산구,,,
,,2020,26.03~28.03,갱신,5,2,2026,"17,609",84.71,21,686-2,0,"17,609",,,,,,,,,12330,쌍암동,,광산구,12330,오피스텔,전월세,202602,오피스텔 전월세,첨단중해마루힐1차 주상복합,광산구,,,
,,2020,26.03~28.03,갱신,5,2,2026,"17,609",84.71,6,686-2,0,"17,609",,,,,,,,,12330,쌍암동,,광산구,12330,오피스텔,전월세,202602,오피스텔 전월세,첨단중해마루힐1차 주상복합,광산구,,,
,,2020,26.03~28.03,갱신,5,2,2026,"17,609",84.71,20,686-2,0,"17,609",,,,,,,,,12330,쌍암동,,광산구,12330,오피스텔,전월세,202602,오피스텔 전월세,첨단중해마루힐1차 주상복합,광산구,,,
,,2020,26.03~28.03,갱신,5,2,2026,"17,609",84.71,6,686-2,0,"17,609",,,,,,,,,12330,쌍암동,,광산구,12330,오피스텔,전월세,202602,오피스텔 전월세,첨단중해마루힐1차 주상복합,광산구,,,
,,2020,26.03~28.03,갱신,5,2,2026,"17,609",84.71,9,686-2,0,"17,609",,,,,,,,,12330,쌍암동,,광산구,12330,오피스텔,전월세,202602,오피스텔 전월세,첨단중해마루힐1차 주상복합,광산구,,,
,,2022,26.04~28.04,신규,16,3,2026,"9,500",25.21,10,19-3,0,,,,,,,,,,12210,금동,,동구,12210,오피스텔,전월세,202603,오피스텔 전월세,문화전당역 오펠리움,동구,,,
,,2022,26.04~28.04,신규,16,3,2026,"9,500",25.21,10,19-3,0,,,,,,,,,,12210,금동,,동구,12210,오피스텔,전월세,202603,오피스텔 전월세,문화전당역 오펠리움,동구,,,
,,2024,26.03~27.03,신규,2,3,2026,200,25.07,5,1228,35,,,,,,,,,,12330,연산동,,광산구,12330,오피스텔,전월세,202603,오피스텔 전월세,도화로얄파크,광산구,,,
,,2022,26.03~27.03,신규,5,3,2026,400,24.27,3,888-6,55,,,,,,,,,,12330,월계동,,광산구,12330,오피스텔,전월세,202603,오피스텔 전월세,첨단트레비엔 H-CITY,광산구,,,
,,2022,26.03~27.03,신규,5,3,2026,400,24.27,3,888-6,55,,,,,,,,,,12330,월계동,,광산구,12330,오피스텔,전월세,202603,오피스텔 전월세,첨단트레비엔 H-CITY,광산구,,,
,,2024,26.03~27.03,신규,2,3,2026,200,25.07,5,1228,35,,,,,,,,,,12330,연산동,,광산구,12330,오피스텔,전월세,202603,오피스텔 전월세,도화로얄파크,광산구,,,
,,2024,26.05~28.05,신규,29,4,2026,"22,600",46.81,16,153,0,,,,,,,,,,12210,금동,,동구,12210,오피스텔,전월세,202604,오피스텔 전월세,금동 비테라 인 테라스,동구,,,
,,2024,26.05~28.05,신규,29,4,2026,"22,600",46.81,16,153,0,,,,,,,,,,12210,금동,,동구,12210,오피스텔,전월세,202604,오피스텔 전월세,금동 비테라 인 테라스,동구,,,
,,2014,26.04~27.04,신규,25,4,2026,500,29.94,18,1203-1,45,,,,,,,,,,12240,치평동,,서구,12240,오피스텔,전월세,202604,오피스텔 전월세,중흥에스-클래스스카이31,서구,,,
,,2014,26.04~27.04,신규,25,4,2026,500,29.94,18,1203-1,45,,,,,,,,,,12240,치평동,,서구,12240,오피스텔,전월세,202604,오피스텔 전월세,중흥에스-클래스스카이31,서구,,,
,,2016,26.04~27.04,신규,3,4,2026,500,31.61,25,1210-3,55,,,,,,,,,,12240,치평동,,서구,12240,오피스텔,전월세,202604,오피스텔 전월세,샌트럴시티오피스텔,서구,,,
,,2015,26.04~27.04,신규,2,4,2026,300,27.36,19,1006-18,42,,,,,,,,,,12240,쌍촌동,,서구,12240,오피스텔,전월세,202604,오피스텔 전월세,에드가리움 1차,서구,,,
,,2015,26.04~27.04,신규,2,4,2026,300,27.36,19,1006-18,42,,,,,,,,,,12240,쌍촌동,,서구,12240,오피스텔,전월세,202604,오피스텔 전월세,에드가리움 1차,서구,,,
,,2016,26.04~27.04,신규,3,4,2026,500,31.61,25,1210-3,55,,,,,,,,,,12240,치평동,,서구,12240,오피스텔,전월세,202604,오피스텔 전월세,샌트럴시티오피스텔,서구,,,
,,2016,26.04~28.04,신규,25,4,2026,"15,500",55.54,7,480,0,,,,,,,,,,12270,봉선동,,남구,12270,오피스텔,전월세,202604,오피스텔 전월세,더플레이스 봉선,남구,,,
,,2016,26.04~28.04,신규,25,4,2026,"15,500",55.54,7,480,0,,,,,,,,,,12270,봉선동,,남구,12270,오피스텔,전월세,202604,오피스텔 전월세,더플레이스 봉선,남구,,,
,,2020,26.04~27.04,신규,22,4,2026,500,24.68,7,574,66,,,,,,,,,,12330,선암동,,광산구,12330,오피스텔,전월세,202604,오피스텔 전월세,라움오피스텔,광산구,,,
,,2020,26.04~27.04,신규,22,4,2026,500,24.68,8,574,66,,,,,,,,,,12330,선암동,,광산구,12330,오피스텔,전월세,202604,오피스텔 전월세,라움오피스텔,광산구,,,
,,2020,26.04~27.04,신규,22,4,2026,500,24.68,7,574,66,,,,,,,,,,12330,선암동,,광산구,12330,오피스텔,전월세,202604,오피스텔 전월세,라움오피스텔,광산구,,,
,,2020,26.04~27.04,신규,22,4,2026,500,24.68,8,574,66,,,,,,,,,,12330,선암동,,광산구,12330,오피스텔,전월세,202604,오피스텔 전월세,라움오피스텔,광산구,,,
,,2020,26.04~27.04,신규,22,4,2026,500,24.68,8,574,66,,,,,,,,,,12330,선암동,,광산구,12330,오피스텔,전월세,202604,오피스텔 전월세,라움오피스텔,광산구,,,
,,2024,26.09~28.09,갱신,1,5,2026,"21,910",46.61,14,153,0,"21,910",,,,,,,,,12210,금동,,동구,12210,오피스텔,전월세,202605,오피스텔 전월세,금동 비테라 인 테라스,동구,,,
,,2024,26.09~28.09,갱신,8,5,2026,"21,080",46.61,6,153,0,"21,080",,,,,,,,,12210,금동,,동구,12210,오피스텔,전월세,202605,오피스텔 전월세,금동 비테라 인 테라스,동구,,,
,,2024,26.09~28.09,갱신,1,5,2026,"21,910",46.61,14,153,0,"21,910",,,,,,,,,12210,금동,,동구,12210,오피스텔,전월세,202605,오피스텔 전월세,금동 비테라 인 테라스,동구,,,
,,2024,26.09~28.09,갱신,6,5,2026,"19,900",46.61,4,153,0,"19,900",,,,,,,,,12210,금동,,동구,12210,오피스텔,전월세,202605,오피스텔 전월세,금동 비테라 인 테라스,동구,,,
,,2024,26.09~28.09,갱신,6,5,2026,"19,900",46.61,4,153,0,"19,900",,,,,,,,,12210,금동,,동구,12210,오피스텔,전월세,202605,오피스텔 전월세,금동 비테라 인 테라스,동구,,,
,,2024,26.09~28.09,갱신,4,5,2026,"21,080",46.61,7,153,0,"21,080",,,,,,,,,12210,금동,,동구,12210,오피스텔,전월세,202605,오피스텔 전월세,금동 비테라 인 테라스,동구,,,
,,2024,26.09~28.09,갱신,4,5,2026,"21,080",46.61,7,153,0,"21,080",,,,,,,,,12210,금동,,동구,12210,오피스텔,전월세,202605,오피스텔 전월세,금동 비테라 인 테라스,동구,,,
,,2024,26.09~28.09,갱신,8,5,2026,"21,080",46.61,6,153,0,"21,080",,,,,,,,,12210,금동,,동구,12210,오피스텔,전월세,202605,오피스텔 전월세,금동 비테라 인 테라스,동구,,,
,,2020,26.06~28.06,신규,6,5,2026,"16,500",52.44,18,957-1,0,,,,,,,,,,12270,주월동,,남구,12270,오피스텔,전월세,202605,오피스텔 전월세,주월동 홀리어스 오피스텔,남구,,,
,,2020,26.06~28.06,신규,6,5,2026,"16,500",52.44,18,957-1,0,,,,,,,,,,12270,주월동,,남구,12270,오피스텔,전월세,202605,오피스텔 전월세,주월동 홀리어스 오피스텔,남구,,,
,,2021,26.07~27.07,갱신,26,6,2026,"9,500",29.8,10,79-1,0,"10,000",,,,,,,,,12210,금남로4가,,동구,12210,오피스텔,전월세,202606,오피스텔 전월세,로머스파크,동구,,,
,,2021,26.07~27.07,갱신,26,6,2026,"9,500",29.8,10,79-1,0,"10,000",,,,,,,,,12210,금남로4가,,동구,12210,오피스텔,전월세,202606,오피스텔 전월세,로머스파크,동구,,,
,,2009,25.07~27.07,신규,2,7,2025,300,,,,38,,,,,,,,,,12210,계림동,,동구,12210,단독/다가구,전월세,202507,단독/다가구 전월세,,,다가구,46,
,,2009,25.07~27.07,신규,2,7,2025,300,,,,38,,,,,,,,,,12210,계림동,,동구,12210,단독/다가구,전월세,202507,단독/다가구 전월세,,,다가구,46,
,,2020,25.07~26.07,신규,31,7,2025,300,,,,38,,,,,,,,,,12240,농성동,,서구,12240,단독/다가구,전월세,202507,단독/다가구 전월세,,,다가구,24.22,
,,2021,25.07~26.07,신규,8,7,2025,300,,,,55,,,,,,,,,,12240,쌍촌동,,서구,12240,단독/다가구,전월세,202507,단독/다가구 전월세,,,다가구,22.98,
,,2003,25.07~26.07,신규,21,7,2025,200,,,,35,,,,,,,,,,12240,쌍촌동,,서구,12240,단독/다가구,전월세,202507,단독/다가구 전월세,,,다가구,32,
,,2003,25.07~26.07,신규,21,7,2025,200,,,,35,,,,,,,,,,12240,쌍촌동,,서구,12240,단독/다가구,전월세,202507,단독/다가구 전월세,,,다가구,32,
,,2020,25.07~26.07,신규,31,7,2025,300,,,,38,,,,,,,,,,12240,농성동,,서구,12240,단독/다가구,전월세,202507,단독/다가구 전월세,,,다가구,24.22,
,,2021,25.07~26.07,신규,8,7,2025,300,,,,55,,,,,,,,,,12240,쌍촌동,,서구,12240,단독/다가구,전월세,202507,단독/다가구 전월세,,,다가구,22.98,
,,2005,25.08~27.08,신규,31,7,2025,"1,000",,,,45,,,,,,,,,,12270,백운동,,남구,12270,단독/다가구,전월세,202507,단독/다가구 전월세,,,다가구,65,
,,2005,25.08~27.08,신규,31,7,2025,"1,000",,,,45,,,,,,,,,,12270,백운동,,남구,12270,단독/다가구,전월세,202507,단독/다가구 전월세,,,다가구,65,
,,2022,25.07~26.07,신규,8,7,2025,200,,,,45,,,,,,,,,,12300,용봉동,,북구,12300,단독/다가구,전월세,202507,단독/다가구 전월세,,,다가구,26.7,
,,2022,25.07~26.07,신규,8,7,2025,200,,,,45,,,,,,,,,,12300,용봉동,,북구,12300,단독/다가구,전월세,202507,단독/다가구 전월세,,,다가구,26.7,
,,2012,25.08~27.08,신규,22,7,2025,"3,500",,,,0,,,,,,,,,,12330,신창동,,광산구,12330,단독/다가구,전월세,202507,단독/다가구 전월세,,,다가구,38,
,,2012,25.08~27.08,신규,22,7,2025,"3,500",,,,0,,,,,,,,,,12330,신창동,,광산구,12330,단독/다가구,전월세,202507,단독/다가구 전월세,,,다가구,38,
,,1976,25.09~27.09,신규,8,8,2025,"2,000",,,,40,,,,,,,,,,12210,지산동,,동구,12210,단독/다가구,전월세,202508,단독/다가구 전월세,,,단독,99.7,
,,1976,25.09~27.09,신규,8,8,2025,"2,000",,,,40,,,,,,,,,,12210,지산동,,동구,12210,단독/다가구,전월세,202508,단독/다가구 전월세,,,단독,99.7,
,,1999,25.10~27.10,신규,14,8,2025,"2,000",,,,50,,,,,,,,,,12240,풍암동,,서구,12240,단독/다가구,전월세,202508,단독/다가구 전월세,,,다가구,103.24,
,,1999,25.10~27.10,신규,14,8,2025,"2,000",,,,50,,,,,,,,,,12240,풍암동,,서구,12240,단독/다가구,전월세,202508,단독/다가구 전월세,,,다가구,103.24,
,,2021,25.08~26.08,신규,7,8,2025,300,,,,45,,,,,,,,,,12270,백운동,,남구,12270,단독/다가구,전월세,202508,단독/다가구 전월세,,,다가구,22.08,
,,2021,25.08~26.08,신규,7,8,2025,300,,,,45,,,,,,,,,,12270,백운동,,남구,12270,단독/다가구,전월세,202508,단독/다가구 전월세,,,다가구,22.08,
,,2011,25.08~26.08,신규,19,8,2025,200,,,,44,,,,,,,,,,12300,신안동,,북구,12300,단독/다가구,전월세,202508,단독/다가구 전월세,,,다가구,33,
,,2011,25.08~26.08,신규,19,8,2025,200,,,,44,,,,,,,,,,12300,신안동,,북구,12300,단독/다가구,전월세,202508,단독/다가구 전월세,,,다가구,33,
,,2013,25.08~26.08,신규,13,8,2025,300,,,,39,,,,,,,,,,12330,선암동,,광산구,12330,단독/다가구,전월세,202508,단독/다가구 전월세,,,다가구,32,
,,2013,25.08~26.08,신규,13,8,2025,300,,,,39,,,,,,,,,,12330,선암동,,광산구,12330,단독/다가구,전월세,202508,단독/다가구 전월세,,,다가구,32,
,,1998,25.08~26.06,신규,10,8,2025,900,,,,70,,,,,,,,,,12330,월계동,,광산구,12330,단독/다가구,전월세,202508,단독/다가구 전월세,,,단독,108.3,
,,1998,25.08~26.06,신규,10,8,2025,900,,,,70,,,,,,,,,,12330,월계동,,광산구,12330,단독/다가구,전월세,202508,단독/다가구 전월세,,,단독,108.3,
,,1979,25.09~26.09,신규,13,9,2025,500,,,,25,,,,,,,,,,12240,농성동,,서구,12240,단독/다가구,전월세,202509,단독/다가구 전월세,,,단독,107.91,
,,1979,25.09~26.09,신규,13,9,2025,500,,,,25,,,,,,,,,,12240,농성동,,서구,12240,단독/다가구,전월세,202509,단독/다가구 전월세,,,단독,107.91,
,,2019,25.09~26.09,신규,17,9,2025,200,,,,38,,,,,,,,,,12330,신가동,,광산구,12330,단독/다가구,전월세,202509,단독/다가구 전월세,,,단독,22.55,
,,2022,25.09~26.09,신규,28,9,2025,300,,,,55,,,,,,,,,,12330,하남동,,광산구,12330,단독/다가구,전월세,202509,단독/다가구 전월세,,,단독,28.61,
,,1972,25.09~27.09,신규,17,9,2025,500,,,,65,,,,,,,,,,12330,송정동,,광산구,12330,단독/다가구,전월세,202509,단독/다가구 전월세,,,단독,54.88,
,,2022,25.09~26.09,신규,28,9,2025,300,,,,55,,,,,,,,,,12330,하남동,,광산구,12330,단독/다가구,전월세,202509,단독/다가구 전월세,,,단독,28.61,
,,2003,25.09~26.03,신규,12,9,2025,300,,,,40,,,,,,,,,,12330,월계동,,광산구,12330,단독/다가구,전월세,202509,단독/다가구 전월세,,,다가구,28,
,,2003,25.09~26.03,신규,12,9,2025,300,,,,40,,,,,,,,,,12330,월계동,,광산구,12330,단독/다가구,전월세,202509,단독/다가구 전월세,,,다가구,28,
,,2019,25.09~26.09,신규,17,9,2025,200,,,,38,,,,,,,,,,12330,신가동,,광산구,12330,단독/다가구,전월세,202509,단독/다가구 전월세,,,단독,22.55,
,,1972,25.09~27.09,신규,17,9,2025,500,,,,65,,,,,,,,,,12330,송정동,,광산구,12330,단독/다가구,전월세,202509,단독/다가구 전월세,,,단독,54.88,
,,2003,25.10~26.10,신규,22,10,2025,500,,,,50,,,,,,,,,,12240,금호동,,서구,12240,단독/다가구,전월세,202510,단독/다가구 전월세,,,다가구,39.6,
,,2003,25.10~26.10,신규,22,10,2025,500,,,,50,,,,,,,,,,12240,금호동,,서구,12240,단독/다가구,전월세,202510,단독/다가구 전월세,,,다가구,39.6,
,,2022,25.10~27.10,신규,2,10,2025,"10,000",,,,0,,,,,,,,,,12240,농성동,,서구,12240,단독/다가구,전월세,202510,단독/다가구 전월세,,,다가구,28.92,
,,2022,25.10~27.10,신규,2,10,2025,"10,000",,,,0,,,,,,,,,,12240,농성동,,서구,12240,단독/다가구,전월세,202510,단독/다가구 전월세,,,다가구,28.92,
,,2023,25.10~26.09,신규,1,10,2025,500,,,,60,,,,,,,,,,12270,월산동,,남구,12270,단독/다가구,전월세,202510,단독/다가구 전월세,,,다가구,25.0595,
,,2023,25.10~26.09,신규,1,10,2025,500,,,,60,,,,,,,,,,12270,월산동,,남구,12270,단독/다가구,전월세,202510,단독/다가구 전월세,,,다가구,25.0595,
,,1999,25.11~27.11,신규,24,10,2025,500,,,,35,,,,,,,,,,12300,일곡동,,북구,12300,단독/다가구,전월세,202510,단독/다가구 전월세,,,다가구,60,
,,1999,25.11~27.11,신규,24,10,2025,500,,,,35,,,,,,,,,,12300,일곡동,,북구,12300,단독/다가구,전월세,202510,단독/다가구 전월세,,,다가구,60,
,,2023,25.11~26.11,신규,14,10,2025,"3,000",,,,150,,,,,,,,,,12330,흑석동,,광산구,12330,단독/다가구,전월세,202510,단독/다가구 전월세,,,단독,84.8,
,,2023,25.11~26.11,신규,14,10,2025,"3,000",,,,150,,,,,,,,,,12330,흑석동,,광산구,12330,단독/다가구,전월세,202510,단독/다가구 전월세,,,단독,84.8,
,,1988,25.12~27.12,신규,10,11,2025,"15,000",,,,0,,,,,,,,,,12210,계림동,,동구,12210,단독/다가구,전월세,202511,단독/다가구 전월세,,,단독,97.05,
,,1988,25.12~27.12,신규,10,11,2025,"15,000",,,,0,,,,,,,,,,12210,계림동,,동구,12210,단독/다가구,전월세,202511,단독/다가구 전월세,,,단독,97.05,
,,2007,25.11~26.11,신규,11,11,2025,300,,,,42,,,,,,,,,,12240,금호동,,서구,12240,단독/다가구,전월세,202511,단독/다가구 전월세,,,다가구,30,
,,2007,25.11~26.11,신규,11,11,2025,300,,,,42,,,,,,,,,,12240,금호동,,서구,12240,단독/다가구,전월세,202511,단독/다가구 전월세,,,다가구,30,
,,,25.11~27.11,신규,25,11,2025,300,,,,55,,,,,,,,,,12270,방림동,,남구,12270,단독/다가구,전월세,202511,단독/다가구 전월세,,,단독,61,
,,2022,25.11~26.11,신규,7,11,2025,300,,,,54,,,,,,,,,,12270,월산동,,남구,12270,단독/다가구,전월세,202511,단독/다가구 전월세,,,다가구,26.89,
,,,25.11~27.11,신규,25,11,2025,300,,,,55,,,,,,,,,,12270,방림동,,남구,12270,단독/다가구,전월세,202511,단독/다가구 전월세,,,단독,61,
,,2022,25.11~26.11,신규,7,11,2025,300,,,,54,,,,,,,,,,12270,월산동,,남구,12270,단독/다가구,전월세,202511,단독/다가구 전월세,,,다가구,26.89,
,,2001,25.11~27.10,신규,1,11,2025,200,,,,32,,,,,,,,,,12300,용봉동,,북구,12300,단독/다가구,전월세,202511,단독/다가구 전월세,,,다가구,84,
,,2001,25.11~27.10,신규,1,11,2025,200,,,,32,,,,,,,,,,12300,용봉동,,북구,12300,단독/다가구,전월세,202511,단독/다가구 전월세,,,다가구,84,
,,2022,25.11~26.11,신규,15,11,2025,300,,,,55,,,,,,,,,,12330,하남동,,광산구,12330,단독/다가구,전월세,202511,단독/다가구 전월세,,,다가구,28.14,
,,2022,25.11~26.11,신규,15,11,2025,300,,,,55,,,,,,,,,,12330,하남동,,광산구,12330,단독/다가구,전월세,202511,단독/다가구 전월세,,,다가구,28.14,
,,2013,25.11~27.11,신규,5,11,2025,"9,000",,,,0,,,,,,,,,,12330,신가동,,광산구,12330,단독/다가구,전월세,202511,단독/다가구 전월세,,,다가구,61.23,
,,2011,25.11~26.11,신규,8,11,2025,200,,,,38,,,,,,,,,,12330,신창동,,광산구,12330,단독/다가구,전월세,202511,단독/다가구 전월세,,,다가구,40,
,,2011,25.11~26.11,신규,8,11,2025,200,,,,38,,,,,,,,,,12330,신창동,,광산구,12330,단독/다가구,전월세,202511,단독/다가구 전월세,,,다가구,40,
,,2013,25.11~27.11,신규,5,11,2025,"9,000",,,,0,,,,,,,,,,12330,신가동,,광산구,12330,단독/다가구,전월세,202511,단독/다가구 전월세,,,다가구,61.23,
,,2020,26.02~27.01,신규,21,12,2025,300,,,,51,,,,,,,,,,12210,지산동,,동구,12210,단독/다가구,전월세,202512,단독/다가구 전월세,,,다가구,49,
,,2020,26.02~27.01,신규,21,12,2025,300,,,,51,,,,,,,,,,12210,지산동,,동구,12210,단독/다가구,전월세,202512,단독/다가구 전월세,,,다가구,49,
,,2017,26.01~28.01,신규,5,12,2025,"8,000",,,,0,,,,,,,,,,12240,농성동,,서구,12240,단독/다가구,전월세,202512,단독/다가구 전월세,,,다가구,39.18,
,,2017,26.01~28.01,신규,5,12,2025,"8,000",,,,0,,,,,,,,,,12240,농성동,,서구,12240,단독/다가구,전월세,202512,단독/다가구 전월세,,,다가구,39.18,
,,1986,25.12~26.12,신규,12,12,2025,500,,,,50,,,,,,,,,,12270,월산동,,남구,12270,단독/다가구,전월세,202512,단독/다가구 전월세,,,단독,99.4,
,,1986,25.12~26.12,신규,12,12,2025,500,,,,50,,,,,,,,,,12270,월산동,,남구,12270,단독/다가구,전월세,202512,단독/다가구 전월세,,,단독,99.4,
,,2018,26.01~29.01,신규,28,12,2025,"8,500",,,,0,,,,,,,,,,12300,오치동,,북구,12300,단독/다가구,전월세,202512,단독/다가구 전월세,,,다가구,33,
,,2018,26.01~29.01,신규,28,12,2025,"8,500",,,,0,,,,,,,,,,12300,오치동,,북구,12300,단독/다가구,전월세,202512,단독/다가구 전월세,,,다가구,33,
,,2022,25.12~26.12,신규,2,12,2025,200,,,,45,,,,,,,,,,12300,용봉동,,북구,12300,단독/다가구,전월세,202512,단독/다가구 전월세,,,다가구,17.61,
,,2022,25.12~26.12,신규,2,12,2025,200,,,,45,,,,,,,,,,12300,용봉동,,북구,12300,단독/다가구,전월세,202512,단독/다가구 전월세,,,다가구,17.61,
,,1997,26.01~28.01,신규,19,12,2025,"7,000",,,,0,,,,,,,,,,12330,월계동,,광산구,12330,단독/다가구,전월세,202512,단독/다가구 전월세,,,단독,38,
,,1997,26.01~28.01,신규,19,12,2025,"7,000",,,,0,,,,,,,,,,12330,월계동,,광산구,12330,단독/다가구,전월세,202512,단독/다가구 전월세,,,단독,38,
,,2022,25.12~27.12,신규,2,12,2025,"2,500",,,,25,,,,,,,,,,12330,하남동,,광산구,12330,단독/다가구,전월세,202512,단독/다가구 전월세,,,다가구,21.15,
,,2022,25.12~27.12,신규,2,12,2025,"2,500",,,,25,,,,,,,,,,12330,하남동,,광산구,12330,단독/다가구,전월세,202512,단독/다가구 전월세,,,다가구,21.15,
,,2020,26.01~27.01,신규,27,1,2026,300,,,,41,,,,,,,,,,12210,지산동,,동구,12210,단독/다가구,전월세,202601,단독/다가구 전월세,,,다가구,25,
,,2020,26.01~27.01,신규,27,1,2026,300,,,,41,,,,,,,,,,12210,지산동,,동구,12210,단독/다가구,전월세,202601,단독/다가구 전월세,,,다가구,25,
,,2019,26.01~27.01,신규,28,1,2026,300,,,,50,,,,,,,,,,12240,쌍촌동,,서구,12240,단독/다가구,전월세,202601,단독/다가구 전월세,,,다가구,18.85,
,,2019,26.01~27.01,신규,28,1,2026,300,,,,50,,,,,,,,,,12240,쌍촌동,,서구,12240,단독/다가구,전월세,202601,단독/다가구 전월세,,,다가구,18.85,
,,2022,26.01~27.01,신규,24,1,2026,400,,,,65,,,,,,,,,,12240,쌍촌동,,서구,12240,단독/다가구,전월세,202601,단독/다가구 전월세,,,다가구,21.4,
,,2004,26.02~28.02,신규,23,1,2026,"9,500",,,,0,,,,,,,,,,12240,풍암동,,서구,12240,단독/다가구,전월세,202601,단독/다가구 전월세,,,다가구,32.63,
,,2022,26.01~27.01,신규,24,1,2026,400,,,,65,,,,,,,,,,12240,쌍촌동,,서구,12240,단독/다가구,전월세,202601,단독/다가구 전월세,,,다가구,21.4,
,,2004,26.02~28.02,신규,23,1,2026,"9,500",,,,0,,,,,,,,,,12240,풍암동,,서구,12240,단독/다가구,전월세,202601,단독/다가구 전월세,,,다가구,32.63,
,,1989,26.01~28.01,신규,3,1,2026,500,,,,40,,,,,,,,,,12240,화정동,,서구,12240,단독/다가구,전월세,202601,단독/다가구 전월세,,,단독,157.7,
,,1989,26.01~28.01,신규,3,1,2026,500,,,,40,,,,,,,,,,12240,화정동,,서구,12240,단독/다가구,전월세,202601,단독/다가구 전월세,,,단독,157.7,
,,2014,26.01~27.01,신규,14,1,2026,200,,,,41,,,,,,,,,,12270,백운동,,남구,12270,단독/다가구,전월세,202601,단독/다가구 전월세,,,다가구,33.438,
,,2023,26.04~27.04,신규,22,1,2026,300,,,,46,,,,,,,,,,12270,월산동,,남구,12270,단독/다가구,전월세,202601,단독/다가구 전월세,,,다가구,34.56,
,,2014,26.01~27.01,신규,14,1,2026,200,,,,41,,,,,,,,,,12270,백운동,,남구,12270,단독/다가구,전월세,202601,단독/다가구 전월세,,,다가구,33.438,
,,2023,26.04~27.04,신규,22,1,2026,300,,,,46,,,,,,,,,,12270,월산동,,남구,12270,단독/다가구,전월세,202601,단독/다가구 전월세,,,다가구,34.56,
,,2015,26.04~28.04,신규,23,1,2026,"14,000",,,,0,,,,,,,,,,12300,일곡동,,북구,12300,단독/다가구,전월세,202601,단독/다가구 전월세,,,다가구,96.4,
,,2018,26.02~28.02,신규,31,1,2026,200,,,,38,,,,,,,,,,12300,용봉동,,북구,12300,단독/다가구,전월세,202601,단독/다가구 전월세,,,다가구,26.7,
,,2015,26.04~28.04,신규,23,1,2026,"14,000",,,,0,,,,,,,,,,12300,일곡동,,북구,12300,단독/다가구,전월세,202601,단독/다가구 전월세,,,다가구,96.4,
,,2015,26.01~27.01,신규,30,1,2026,200,,,,39,,,,,,,,,,12300,신안동,,북구,12300,단독/다가구,전월세,202601,단독/다가구 전월세,,,다가구,25,
,,2017,26.02~28.02,신규,20,1,2026,"9,000",,,,0,,,,,,,,,,12300,용봉동,,북구,12300,단독/다가구,전월세,202601,단독/다가구 전월세,,,다가구,34.75,
,,2020,26.02~27.02,신규,16,1,2026,500,,,,63,,,,,,,,,,12300,용봉동,,북구,12300,단독/다가구,전월세,202601,단독/다가구 전월세,,,다가구,34,
,,2015,26.01~27.01,신규,30,1,2026,200,,,,39,,,,,,,,,,12300,신안동,,북구,12300,단독/다가구,전월세,202601,단독/다가구 전월세,,,다가구,25,
,,2020,26.02~27.02,신규,16,1,2026,500,,,,63,,,,,,,,,,12300,용봉동,,북구,12300,단독/다가구,전월세,202601,단독/다가구 전월세,,,다가구,34,
,,2018,26.02~28.02,신규,31,1,2026,200,,,,38,,,,,,,,,,12300,용봉동,,북구,12300,단독/다가구,전월세,202601,단독/다가구 전월세,,,다가구,26.7,
,,2011,26.01~27.01,신규,9,1,2026,200,,,,43,,,,,,,,,,12300,신안동,,북구,12300,단독/다가구,전월세,202601,단독/다가구 전월세,,,다가구,30,
,,2020,26.02~27.02,신규,16,1,2026,500,,,,63,,,,,,,,,,12300,용봉동,,북구,12300,단독/다가구,전월세,202601,단독/다가구 전월세,,,다가구,34,
,,2017,26.02~28.02,신규,20,1,2026,"9,000",,,,0,,,,,,,,,,12300,용봉동,,북구,12300,단독/다가구,전월세,202601,단독/다가구 전월세,,,다가구,34.75,
,,2011,26.01~27.01,신규,9,1,2026,200,,,,43,,,,,,,,,,12300,신안동,,북구,12300,단독/다가구,전월세,202601,단독/다가구 전월세,,,다가구,30,
,,2013,26.01~27.01,신규,26,1,2026,300,,,,36,,,,,,,,,,12330,장덕동,,광산구,12330,단독/다가구,전월세,202601,단독/다가구 전월세,,,다가구,31.54,
,,2018,26.02~27.02,신규,24,1,2026,200,,,,34,,,,,,,,,,12330,송정동,,광산구,12330,단독/다가구,전월세,202601,단독/다가구 전월세,,,단독,27,
,,2018,26.02~27.02,신규,24,1,2026,200,,,,34,,,,,,,,,,12330,송정동,,광산구,12330,단독/다가구,전월세,202601,단독/다가구 전월세,,,단독,27,
,,2013,26.01~27.01,신규,26,1,2026,300,,,,36,,,,,,,,,,12330,장덕동,,광산구,12330,단독/다가구,전월세,202601,단독/다가구 전월세,,,다가구,31.54,
,,2022,26.01~27.01,신규,10,1,2026,300,,,,43,,,,,,,,,,12330,하남동,,광산구,12330,단독/다가구,전월세,202601,단독/다가구 전월세,,,다가구,18.72,
,,2022,26.01~27.01,신규,10,1,2026,300,,,,43,,,,,,,,,,12330,하남동,,광산구,12330,단독/다가구,전월세,202601,단독/다가구 전월세,,,다가구,18.72,
,,2012,26.02~28.02,신규,5,1,2026,"11,000",,,,0,,,,,,,,,,12330,흑석동,,광산구,12330,단독/다가구,전월세,202601,단독/다가구 전월세,,,다가구,90.84,
,,2012,26.02~28.02,신규,5,1,2026,"11,000",,,,0,,,,,,,,,,12330,흑석동,,광산구,12330,단독/다가구,전월세,202601,단독/다가구 전월세,,,다가구,90.84,
,,,26.02~27.01,신규,19,2,2026,500,,,,36,,,,,,,,,,12210,서석동,,동구,12210,단독/다가구,전월세,202602,단독/다가구 전월세,,,다가구,24.05,
,,,26.02~27.01,신규,19,2,2026,500,,,,36,,,,,,,,,,12210,서석동,,동구,12210,단독/다가구,전월세,202602,단독/다가구 전월세,,,다가구,24.05,
,,2022,26.02~27.02,신규,22,2,2026,500,,,,80,,,,,,,,,,12240,쌍촌동,,서구,12240,단독/다가구,전월세,202602,단독/다가구 전월세,,,다가구,28.6,
,,2022,26.02~27.02,신규,22,2,2026,500,,,,80,,,,,,,,,,12240,쌍촌동,,서구,12240,단독/다가구,전월세,202602,단독/다가구 전월세,,,다가구,28.6,
,,1975,26.03~28.03,신규,3,2,2026,"11,080",,,,15,,,,,,,,,,12240,내방동,,서구,12240,단독/다가구,전월세,202602,단독/다가구 전월세,,,단독,63.36,
,,1975,26.03~28.03,신규,3,2,2026,"11,080",,,,15,,,,,,,,,,12240,내방동,,서구,12240,단독/다가구,전월세,202602,단독/다가구 전월세,,,단독,63.36,
,,2018,26.02~27.02,신규,3,2,2026,200,,,,35,,,,,,,,,,12300,용봉동,,북구,12300,단독/다가구,전월세,202602,단독/다가구 전월세,,,다가구,23,
,,2021,26.02~27.01,신규,1,2,2026,200,,,,36,,,,,,,,,,12300,신안동,,북구,12300,단독/다가구,전월세,202602,단독/다가구 전월세,,,다가구,20,
,,2012,26.02~27.02,신규,20,2,2026,100,,,,28,,,,,,,,,,12300,두암동,,북구,12300,단독/다가구,전월세,202602,단독/다가구 전월세,,,다가구,39.6,
,,2018,26.02~27.02,신규,5,2,2026,200,,,,38,,,,,,,,,,12300,용봉동,,북구,12300,단독/다가구,전월세,202602,단독/다가구 전월세,,,다가구,20,
,,2012,26.02~27.02,신규,20,2,2026,100,,,,28,,,,,,,,,,12300,두암동,,북구,12300,단독/다가구,전월세,202602,단독/다가구 전월세,,,다가구,39.6,
,,2018,26.02~27.02,신규,5,2,2026,200,,,,38,,,,,,,,,,12300,용봉동,,북구,12300,단독/다가구,전월세,202602,단독/다가구 전월세,,,다가구,20,
,,2018,26.02~27.02,신규,3,2,2026,200,,,,35,,,,,,,,,,12300,용봉동,,북구,12300,단독/다가구,전월세,202602,단독/다가구 전월세,,,다가구,23,
,,2021,26.02~27.01,신규,1,2,2026,200,,,,36,,,,,,,,,,12300,신안동,,북구,12300,단독/다가구,전월세,202602,단독/다가구 전월세,,,다가구,20,
,,2011,26.02~27.02,신규,24,2,2026,200,,,,35,,,,,,,,,,12330,신창동,,광산구,12330,단독/다가구,전월세,202602,단독/다가구 전월세,,,다가구,36,
,,2008,26.02~27.02,신규,20,2,2026,100,,,,23,,,,,,,,,,12330,신창동,,광산구,12330,단독/다가구,전월세,202602,단독/다가구 전월세,,,다가구,30,
,,2011,26.02~27.02,신규,24,2,2026,200,,,,35,,,,,,,,,,12330,신창동,,광산구,12330,단독/다가구,전월세,202602,단독/다가구 전월세,,,다가구,36,
,,2008,26.02~27.02,신규,20,2,2026,100,,,,23,,,,,,,,,,12330,신창동,,광산구,12330,단독/다가구,전월세,202602,단독/다가구 전월세,,,다가구,30,
,,2015,26.03~27.03,신규,8,3,2026,100,,,,28,,,,,,,,,,12240,쌍촌동,,서구,12240,단독/다가구,전월세,202603,단독/다가구 전월세,,,다가구,30,
,,2015,26.03~27.03,신규,8,3,2026,100,,,,28,,,,,,,,,,12240,쌍촌동,,서구,12240,단독/다가구,전월세,202603,단독/다가구 전월세,,,다가구,30,
,,1992,26.04~27.04,신규,20,3,2026,"2,000",,,,70,,,,,,,,,,12240,내방동,,서구,12240,단독/다가구,전월세,202603,단독/다가구 전월세,,,단독,92.01,
,,2021,26.03~27.03,신규,14,3,2026,200,,,,36,,,,,,,,,,12240,화정동,,서구,12240,단독/다가구,전월세,202603,단독/다가구 전월세,,,다가구,15.52,
,,2021,26.03~27.03,신규,14,3,2026,200,,,,36,,,,,,,,,,12240,화정동,,서구,12240,단독/다가구,전월세,202603,단독/다가구 전월세,,,다가구,15.52,
,,2015,26.03~27.03,신규,23,3,2026,300,,,,36,,,,,,,,,,12240,치평동,,서구,12240,단독/다가구,전월세,202603,단독/다가구 전월세,,,다가구,36.075,
,,2015,26.03~27.03,신규,23,3,2026,300,,,,36,,,,,,,,,,12240,치평동,,서구,12240,단독/다가구,전월세,202603,단독/다가구 전월세,,,다가구,36.075,
,,1992,26.04~27.04,신규,20,3,2026,"2,000",,,,70,,,,,,,,,,12240,내방동,,서구,12240,단독/다가구,전월세,202603,단독/다가구 전월세,,,단독,92.01,
,,2019,26.03~27.03,신규,3,3,2026,300,,,,41,,,,,,,,,,12240,쌍촌동,,서구,12240,단독/다가구,전월세,202603,단독/다가구 전월세,,,다가구,23.16,
,,2019,26.03~27.03,신규,3,3,2026,300,,,,41,,,,,,,,,,12240,쌍촌동,,서구,12240,단독/다가구,전월세,202603,단독/다가구 전월세,,,다가구,23.16,
,,1990,26.03~27.03,신규,21,3,2026,100,,,,20,,,,,,,,,,12300,두암동,,북구,12300,단독/다가구,전월세,202603,단독/다가구 전월세,,,단독,112.27,
,,2015,26.04~28.04,신규,14,3,2026,"1,000",,,,45,,,,,,,,,,12300,일곡동,,북구,12300,단독/다가구,전월세,202603,단독/다가구 전월세,,,다가구,60,
,,2011,26.03~27.02,신규,8,3,2026,200,,,,29,,,,,,,,,,12300,문흥동,,북구,12300,단독/다가구,전월세,202603,단독/다가구 전월세,,,다가구,25,
,,2015,26.04~28.04,신규,14,3,2026,"1,000",,,,45,,,,,,,,,,12300,일곡동,,북구,12300,단독/다가구,전월세,202603,단독/다가구 전월세,,,다가구,60,
,,2014,26.04~28.04,신규,20,3,2026,"11,000",,,,0,,,,,,,,,,12300,용두동,,북구,12300,단독/다가구,전월세,202603,단독/다가구 전월세,,,다가구,64.66,
,,2015,26.05~28.05,신규,23,3,2026,"9,000",,,,10,,,,,,,,,,12300,용봉동,,북구,12300,단독/다가구,전월세,202603,단독/다가구 전월세,,,다가구,55.37,
,,2015,26.05~28.05,신규,23,3,2026,"9,000",,,,10,,,,,,,,,,12300,용봉동,,북구,12300,단독/다가구,전월세,202603,단독/다가구 전월세,,,다가구,55.37,
,,2014,26.04~28.04,신규,20,3,2026,"11,000",,,,0,,,,,,,,,,12300,용두동,,북구,12300,단독/다가구,전월세,202603,단독/다가구 전월세,,,다가구,64.66,
,,1990,26.03~27.03,신규,21,3,2026,100,,,,20,,,,,,,,,,12300,두암동,,북구,12300,단독/다가구,전월세,202603,단독/다가구 전월세,,,단독,112.27,
,,2011,26.03~27.02,신규,8,3,2026,200,,,,29,,,,,,,,,,12300,문흥동,,북구,12300,단독/다가구,전월세,202603,단독/다가구 전월세,,,다가구,25,
,,2007,26.03~26.09,신규,4,3,2026,100,,,,31,,,,,,,,,,12330,월계동,,광산구,12330,단독/다가구,전월세,202603,단독/다가구 전월세,,,다가구,26.26,
,,2007,26.03~26.09,신규,4,3,2026,100,,,,31,,,,,,,,,,12330,월계동,,광산구,12330,단독/다가구,전월세,202603,단독/다가구 전월세,,,다가구,26.26,
,,2022,26.03~27.03,신규,20,3,2026,500,,,,60,,,,,,,,,,12330,송정동,,광산구,12330,단독/다가구,전월세,202603,단독/다가구 전월세,,,단독,27.46,
,,2022,26.03~27.03,신규,20,3,2026,500,,,,60,,,,,,,,,,12330,송정동,,광산구,12330,단독/다가구,전월세,202603,단독/다가구 전월세,,,단독,27.46,
,,1990,26.05~28.05,갱신,30,4,2026,"8,000",,,,0,"8,000",,,,,,,,,12210,산수동,,동구,12210,단독/다가구,전월세,202604,단독/다가구 전월세,,,단독,111.1,
,,1990,26.05~28.05,갱신,30,4,2026,"8,000",,,,0,"8,000",,,,,,,,,12210,산수동,,동구,12210,단독/다가구,전월세,202604,단독/다가구 전월세,,,단독,111.1,
,,2022,26.05~28.05,신규,29,4,2026,"9,500",,,,0,,,,,,,,,,12270,월산동,,남구,12270,단독/다가구,전월세,202604,단독/다가구 전월세,,,다가구,25.5,
,,2020,26.04~27.04,신규,18,4,2026,400,,,,50,,,,,,,,,,12270,봉선동,,남구,12270,단독/다가구,전월세,202604,단독/다가구 전월세,,,다가구,23.87,
,,2022,26.05~28.05,신규,29,4,2026,"9,500",,,,0,,,,,,,,,,12270,월산동,,남구,12270,단독/다가구,전월세,202604,단독/다가구 전월세,,,다가구,25.5,
,,2020,26.04~27.04,신규,18,4,2026,400,,,,50,,,,,,,,,,12270,봉선동,,남구,12270,단독/다가구,전월세,202604,단독/다가구 전월세,,,다가구,23.87,
,,2011,26.04~28.04,신규,12,4,2026,"1,500",,,,87,,,,,,,,,,12300,신안동,,북구,12300,단독/다가구,전월세,202604,단독/다가구 전월세,,,다가구,72,
,,2020,26.05~28.05,신규,27,4,2026,"7,000",,,,5,,,,,,,,,,12300,신안동,,북구,12300,단독/다가구,전월세,202604,단독/다가구 전월세,,,다가구,16,
,,2011,26.04~28.04,신규,12,4,2026,"1,500",,,,87,,,,,,,,,,12300,신안동,,북구,12300,단독/다가구,전월세,202604,단독/다가구 전월세,,,다가구,72,
,,2015,26.04~28.04,신규,2,4,2026,"8,000",,,,0,,,,,,,,,,12300,용봉동,,북구,12300,단독/다가구,전월세,202604,단독/다가구 전월세,,,다가구,26.11,
,,2020,26.05~28.05,신규,27,4,2026,"7,000",,,,5,,,,,,,,,,12300,신안동,,북구,12300,단독/다가구,전월세,202604,단독/다가구 전월세,,,다가구,16,
,,2015,26.04~28.04,신규,2,4,2026,"8,000",,,,0,,,,,,,,,,12300,용봉동,,북구,12300,단독/다가구,전월세,202604,단독/다가구 전월세,,,다가구,26.11,
,,2013,26.05~28.05,신규,9,4,2026,"8,000",,,,0,,,,,,,,,,12330,장덕동,,광산구,12330,단독/다가구,전월세,202604,단독/다가구 전월세,,,다가구,53.64,
,,2008,26.05~28.04,신규,20,4,2026,"2,000",,,,50,,,,,,,,,,12330,신창동,,광산구,12330,단독/다가구,전월세,202604,단독/다가구 전월세,,,다가구,66,
,,2008,26.05~28.04,신규,20,4,2026,"2,000",,,,50,,,,,,,,,,12330,신창동,,광산구,12330,단독/다가구,전월세,202604,단독/다가구 전월세,,,다가구,66,
,,2013,26.05~28.05,신규,9,4,2026,"8,000",,,,0,,,,,,,,,,12330,장덕동,,광산구,12330,단독/다가구,전월세,202604,단독/다가구 전월세,,,다가구,53.64,
,,2012,26.04~27.04,신규,3,4,2026,400,,,,50,,,,,,,,,,12330,신창동,,광산구,12330,단독/다가구,전월세,202604,단독/다가구 전월세,,,다가구,46,
,,2012,26.04~27.04,신규,3,4,2026,400,,,,50,,,,,,,,,,12330,신창동,,광산구,12330,단독/다가구,전월세,202604,단독/다가구 전월세,,,다가구,46,
,,1991,,,18,5,2026,"5,500",,,,12,,,,,,,,,,12240,화정동,,서구,12240,단독/다가구,전월세,202605,단독/다가구 전월세,,,단독,69,
,,1991,,,18,5,2026,"5,500",,,,12,,,,,,,,,,12240,화정동,,서구,12240,단독/다가구,전월세,202605,단독/다가구 전월세,,,단독,69,
,,2021,26.06~27.06,신규,26,5,2026,500,,,,60,,,,,,,,,,12240,쌍촌동,,서구,12240,단독/다가구,전월세,202605,단독/다가구 전월세,,,다가구,24.91,
,,2021,26.06~27.06,신규,26,5,2026,500,,,,60,,,,,,,,,,12240,쌍촌동,,서구,12240,단독/다가구,전월세,202605,단독/다가구 전월세,,,다가구,24.91,
,,2010,26.05~27.05,신규,5,5,2026,300,,,,45,,,,,,,,,,12240,치평동,,서구,12240,단독/다가구,전월세,202605,단독/다가구 전월세,,,다가구,24.5,
,,2010,26.05~27.05,신규,5,5,2026,300,,,,45,,,,,,,,,,12240,치평동,,서구,12240,단독/다가구,전월세,202605,단독/다가구 전월세,,,다가구,24.5,
,,,26.08~28.08,신규,27,5,2026,"9,000",,,,3,,,,,,,,,,12270,주월동,,남구,12270,단독/다가구,전월세,202605,단독/다가구 전월세,,,단독,72.93,
,,,26.08~28.08,신규,27,5,2026,"9,000",,,,3,,,,,,,,,,12270,주월동,,남구,12270,단독/다가구,전월세,202605,단독/다가구 전월세,,,단독,72.93,
,,2012,26.05~27.04,신규,1,5,2026,200,,,,41,,,,,,,,,,12270,월산동,,남구,12270,단독/다가구,전월세,202605,단독/다가구 전월세,,,다가구,30,
,,2012,26.05~27.04,신규,1,5,2026,200,,,,41,,,,,,,,,,12270,월산동,,남구,12270,단독/다가구,전월세,202605,단독/다가구 전월세,,,다가구,30,
,,1997,26.06~28.06,신규,15,5,2026,"2,000",,,,50,,,,,,,,,,12300,문흥동,,북구,12300,단독/다가구,전월세,202605,단독/다가구 전월세,,,다가구,88.225,
,,1997,26.06~28.06,신규,15,5,2026,"2,000",,,,50,,,,,,,,,,12300,문흥동,,북구,12300,단독/다가구,전월세,202605,단독/다가구 전월세,,,다가구,88.225,
,,2013,26.06~28.06,신규,13,5,2026,"9,500",,,,0,,,,,,,,,,12300,용봉동,,북구,12300,단독/다가구,전월세,202605,단독/다가구 전월세,,,다가구,43.91,
,,2013,26.06~28.06,신규,13,5,2026,"9,500",,,,0,,,,,,,,,,12300,용봉동,,북구,12300,단독/다가구,전월세,202605,단독/다가구 전월세,,,다가구,43.91,
,,2010,26.05~27.05,신규,1,5,2026,300,,,,40,,,,,,,,,,12300,양산동,,북구,12300,단독/다가구,전월세,202605,단독/다가구 전월세,,,다가구,30,
,,2010,26.05~27.05,신규,1,5,2026,300,,,,40,,,,,,,,,,12300,양산동,,북구,12300,단독/다가구,전월세,202605,단독/다가구 전월세,,,다가구,30,
,,2023,26.06~27.06,신규,23,6,2026,500,,,,48,,,,,,,,,,12270,월산동,,남구,12270,단독/다가구,전월세,202606,단독/다가구 전월세,,,다가구,22.845,
,,2023,26.06~27.06,신규,23,6,2026,500,,,,48,,,,,,,,,,12270,월산동,,남구,12270,단독/다가구,전월세,202606,단독/다가구 전월세,,,다가구,22.845,
,,2013,26.06~27.06,신규,8,6,2026,300,,,,40,,,,,,,,,,12270,월산동,,남구,12270,단독/다가구,전월세,202606,단독/다가구 전월세,,,다가구,35.36,
,,2013,26.06~27.06,신규,8,6,2026,300,,,,40,,,,,,,,,,12270,월산동,,남구,12270,단독/다가구,전월세,202606,단독/다가구 전월세,,,다가구,35.36,
,,,26.06~27.06,신규,13,6,2026,500,,,,48,,,,,,,,,,12330,신창동,,광산구,12330,단독/다가구,전월세,202606,단독/다가구 전월세,,,다가구,46,
,,,26.06~27.06,신규,13,6,2026,500,,,,48,,,,,,,,,,12330,신창동,,광산구,12330,단독/다가구,전월세,202606,단독/다가구 전월세,,,다가구,46,
,,2018,25.09~26.09,갱신,25,7,2025,"18,956",59.9337,3,765-1,0,"18,676",,,,,,,,,12240,화정동,사용,서구,12240,연립다세대,전월세,202507,연립다세대 전월세,,,연립,,더브이테라스
,,2018,25.09~26.09,갱신,25,7,2025,"18,956",59.9337,3,765-1,0,"18,676",,,,,,,,,12240,화정동,사용,서구,12240,연립다세대,전월세,202507,연립다세대 전월세,,,연립,,더브이테라스
,,2018,25.09~26.09,갱신,25,7,2025,"18,956",59.9337,3,765-1,0,"18,676",,,,,,,,,12240,화정동,사용,서구,12240,연립다세대,전월세,202507,연립다세대 전월세,,,연립,,더브이테라스
,,2013,25.07~26.07,신규,16,7,2025,200,21.43,5,710-25,38,,,,,,,,,,12300,중흥동,,북구,12300,연립다세대,전월세,202507,연립다세대 전월세,,,연립,,(710-25)
,,2022,25.07~27.09,신규,22,7,2025,828,59.91,4,190-1,21,,,,,,,,,,12300,임동,,북구,12300,연립다세대,전월세,202507,연립다세대 전월세,,,연립,,대원빌
,,2013,25.07~26.07,신규,16,7,2025,200,21.43,5,710-25,38,,,,,,,,,,12300,중흥동,,북구,12300,연립다세대,전월세,202507,연립다세대 전월세,,,연립,,(710-25)
,,2013,25.07~26.07,신규,9,7,2025,300,21.43,6,710-25,32,,,,,,,,,,12300,중흥동,,북구,12300,연립다세대,전월세,202507,연립다세대 전월세,,,연립,,(710-25)
,,2013,25.07~26.07,신규,9,7,2025,300,21.43,6,710-25,32,,,,,,,,,,12300,중흥동,,북구,12300,연립다세대,전월세,202507,연립다세대 전월세,,,연립,,(710-25)
,,2013,25.07~26.07,신규,16,7,2025,200,21.43,5,710-25,38,,,,,,,,,,12300,중흥동,,북구,12300,연립다세대,전월세,202507,연립다세대 전월세,,,연립,,(710-25)
,,2013,25.07~26.07,신규,16,7,2025,200,21.43,5,710-25,38,,,,,,,,,,12300,중흥동,,북구,12300,연립다세대,전월세,202507,연립다세대 전월세,,,연립,,(710-25)
,,2022,25.07~27.09,신규,22,7,2025,828,59.91,4,190-1,21,,,,,,,,,,12300,임동,,북구,12300,연립다세대,전월세,202507,연립다세대 전월세,,,연립,,대원빌
,,2018,25.10~26.09,갱신,22,8,2025,"18,507",59.9337,2,765-1,0,"18,397",,,,,,,,,12240,화정동,사용,서구,12240,연립다세대,전월세,202508,연립다세대 전월세,,,연립,,더브이테라스
,,2018,25.10~26.09,갱신,22,8,2025,"21,243",59.9337,5,765-1,0,"21,117",,,,,,,,,12240,화정동,사용,서구,12240,연립다세대,전월세,202508,연립다세대 전월세,,,연립,,더브이테라스
,,2018,25.10~26.09,갱신,22,8,2025,"18,507",59.9337,2,765-1,0,"18,397",,,,,,,,,12240,화정동,사용,서구,12240,연립다세대,전월세,202508,연립다세대 전월세,,,연립,,더브이테라스
,,2018,25.10~26.09,갱신,22,8,2025,"18,507",59.9337,4,765-1,0,"18,397",,,,,,,,,12240,화정동,사용,서구,12240,연립다세대,전월세,202508,연립다세대 전월세,,,연립,,더브이테라스
,,2018,25.10~26.09,갱신,22,8,2025,"21,243",59.9337,5,765-1,0,"21,117",,,,,,,,,12240,화정동,사용,서구,12240,연립다세대,전월세,202508,연립다세대 전월세,,,연립,,더브이테라스
,,2018,25.10~26.09,갱신,22,8,2025,"18,507",59.9337,4,765-1,0,"18,397",,,,,,,,,12240,화정동,사용,서구,12240,연립다세대,전월세,202508,연립다세대 전월세,,,연립,,더브이테라스
,,2018,25.10~26.09,갱신,22,8,2025,"18,507",59.9337,3,765-1,0,"18,397",,,,,,,,,12240,화정동,사용,서구,12240,연립다세대,전월세,202508,연립다세대 전월세,,,연립,,더브이테라스
,,2018,25.10~26.09,갱신,22,8,2025,"19,282",59.9337,1,765-1,0,"19,167",,,,,,,,,12240,화정동,사용,서구,12240,연립다세대,전월세,202508,연립다세대 전월세,,,연립,,더브이테라스
,,2018,25.10~26.09,갱신,22,8,2025,"21,243",59.9337,5,765-1,0,"21,117",,,,,,,,,12240,화정동,사용,서구,12240,연립다세대,전월세,202508,연립다세대 전월세,,,연립,,더브이테라스
,,2018,25.10~26.09,갱신,22,8,2025,"21,243",59.9337,5,765-1,0,"21,117",,,,,,,,,12240,화정동,사용,서구,12240,연립다세대,전월세,202508,연립다세대 전월세,,,연립,,더브이테라스
,,2018,25.10~26.09,갱신,22,8,2025,"21,243",59.9337,5,765-1,0,"21,117",,,,,,,,,12240,화정동,사용,서구,12240,연립다세대,전월세,202508,연립다세대 전월세,,,연립,,더브이테라스
,,2018,25.10~26.09,갱신,22,8,2025,"18,507",59.9337,4,765-1,0,"18,397",,,,,,,,,12240,화정동,사용,서구,12240,연립다세대,전월세,202508,연립다세대 전월세,,,연립,,더브이테라스
,,2018,25.10~26.09,갱신,22,8,2025,"18,507",59.9337,2,765-1,0,"18,397",,,,,,,,,12240,화정동,사용,서구,12240,연립다세대,전월세,202508,연립다세대 전월세,,,연립,,더브이테라스
,,2018,25.10~26.09,갱신,22,8,2025,"21,243",59.9337,5,765-1,0,"21,117",,,,,,,,,12240,화정동,사용,서구,12240,연립다세대,전월세,202508,연립다세대 전월세,,,연립,,더브이테라스
,,2018,25.10~26.09,갱신,22,8,2025,"18,507",59.9337,2,765-1,0,"18,397",,,,,,,,,12240,화정동,사용,서구,12240,연립다세대,전월세,202508,연립다세대 전월세,,,연립,,더브이테라스
,,2018,25.10~26.09,갱신,22,8,2025,"18,507",59.9337,3,765-1,0,"18,397",,,,,,,,,12240,화정동,사용,서구,12240,연립다세대,전월세,202508,연립다세대 전월세,,,연립,,더브이테라스
,,2018,25.10~26.09,갱신,22,8,2025,"21,243",59.9337,5,765-1,0,"21,117",,,,,,,,,12240,화정동,사용,서구,12240,연립다세대,전월세,202508,연립다세대 전월세,,,연립,,더브이테라스
,,2018,25.10~26.09,갱신,22,8,2025,"21,243",59.9337,5,765-1,0,"21,117",,,,,,,,,12240,화정동,사용,서구,12240,연립다세대,전월세,202508,연립다세대 전월세,,,연립,,더브이테라스
,,2018,25.10~26.09,갱신,22,8,2025,"19,282",59.9337,1,765-1,0,"19,167",,,,,,,,,12240,화정동,사용,서구,12240,연립다세대,전월세,202508,연립다세대 전월세,,,연립,,더브이테라스
,,2018,25.10~26.09,갱신,22,8,2025,"18,507",59.9337,3,765-1,0,"18,397",,,,,,,,,12240,화정동,사용,서구,12240,연립다세대,전월세,202508,연립다세대 전월세,,,연립,,더브이테라스
,,2018,25.10~26.09,갱신,22,8,2025,"19,282",59.9337,1,765-1,0,"19,167",,,,,,,,,12240,화정동,사용,서구,12240,연립다세대,전월세,202508,연립다세대 전월세,,,연립,,더브이테라스
,,2018,25.10~26.09,갱신,22,8,2025,"19,282",59.9337,1,765-1,0,"19,167",,,,,,,,,12240,화정동,사용,서구,12240,연립다세대,전월세,202508,연립다세대 전월세,,,연립,,더브이테라스
,,2018,25.10~26.09,갱신,22,8,2025,"18,507",59.9337,3,765-1,0,"18,397",,,,,,,,,12240,화정동,사용,서구,12240,연립다세대,전월세,202508,연립다세대 전월세,,,연립,,더브이테라스
,,2018,25.10~26.09,갱신,22,8,2025,"19,282",59.9337,1,765-1,0,"19,167",,,,,,,,,12240,화정동,사용,서구,12240,연립다세대,전월세,202508,연립다세대 전월세,,,연립,,더브이테라스
,,2018,25.10~26.09,갱신,22,8,2025,"18,507",59.9337,2,765-1,0,"18,397",,,,,,,,,12240,화정동,사용,서구,12240,연립다세대,전월세,202508,연립다세대 전월세,,,연립,,더브이테라스
,,2018,25.10~26.09,갱신,22,8,2025,"19,282",59.9337,1,765-1,0,"19,167",,,,,,,,,12240,화정동,사용,서구,12240,연립다세대,전월세,202508,연립다세대 전월세,,,연립,,더브이테라스
,,2018,25.10~26.09,갱신,22,8,2025,"19,282",59.9337,1,765-1,0,"19,167",,,,,,,,,12240,화정동,사용,서구,12240,연립다세대,전월세,202508,연립다세대 전월세,,,연립,,더브이테라스
,,2018,25.10~26.09,갱신,22,8,2025,"18,507",59.9337,3,765-1,0,"18,397",,,,,,,,,12240,화정동,사용,서구,12240,연립다세대,전월세,202508,연립다세대 전월세,,,연립,,더브이테라스
,,2018,25.10~26.09,갱신,22,8,2025,"21,243",59.9337,5,765-1,0,"21,117",,,,,,,,,12240,화정동,사용,서구,12240,연립다세대,전월세,202508,연립다세대 전월세,,,연립,,더브이테라스
,,2012,25.08~26.08,신규,6,8,2025,200,17.57,1,565-8,36,,,,,,,,,,12270,진월동,,남구,12270,연립다세대,전월세,202508,연립다세대 전월세,,,다세대,,해든하우스
,,2012,25.08~26.08,신규,6,8,2025,200,17.57,1,565-8,36,,,,,,,,,,12270,진월동,,남구,12270,연립다세대,전월세,202508,연립다세대 전월세,,,다세대,,해든하우스
,,1992,25.08~27.08,신규,5,8,2025,"3,000",130.845,1,937,115,,,,,,,,,,12300,두암동,,북구,12300,연립다세대,전월세,202508,연립다세대 전월세,,,연립,,대주빌라
,,2013,25.08~26.08,신규,11,8,2025,300,21.43,5,710-25,40,,,,,,,,,,12300,중흥동,,북구,12300,연립다세대,전월세,202508,연립다세대 전월세,,,연립다세대,,(710-25)
,,2013,25.08~26.08,신규,11,8,2025,300,21.43,5,710-25,40,,,,,,,,,,12300,중흥동,,북구,12300,연립다세대,전월세,202508,연립다세대 전월세,,,연립다세대,,(710-25)
,,1992,25.08~27.08,신규,5,8,2025,"3,000",130.845,1,937,115,,,,,,,,,,12300,두암동,,북구,12300,연립다세대,전월세,202508,연립다세대 전월세,,,연립,,대주빌라
,,2018,25.11~26.09,갱신,19,9,2025,"21,322",59.9337,5,765-1,0,"21,322",,,,,,,,,12240,화정동,사용,서구,12240,연립다세대,전월세,202509,연립다세대 전월세,,,연립,,더브이테라스
,,2018,25.11~26.09,갱신,19,9,2025,"21,322",59.9337,5,765-1,0,"21,322",,,,,,,,,12240,화정동,사용,서구,12240,연립다세대,전월세,202509,연립다세대 전월세,,,연립,,더브이테라스
,,2018,25.11~26.09,갱신,19,9,2025,"21,322",59.9337,5,765-1,0,"21,322",,,,,,,,,12240,화정동,사용,서구,12240,연립다세대,전월세,202509,연립다세대 전월세,,,연립,,더브이테라스
,,2021,25.11~27.11,신규,30,9,2025,"30,000",84.9317,1,1146,0,,,,,,,,,,12330,산정동,,광산구,12330,연립다세대,전월세,202509,연립다세대 전월세,,,연립,,어등산한양수자인테라스플러스
,,2025,25.09~27.09,신규,1,9,2025,"236,400",265.1156,1,188-4,0,,,,,,,,,,12330,수완동,,광산구,12330,연립다세대,전월세,202509,연립다세대 전월세,,,연립,,수완디-프리마
,,2021,25.11~27.11,신규,30,9,2025,"30,000",84.9317,1,1146,0,,,,,,,,,,12330,산정동,,광산구,12330,연립다세대,전월세,202509,연립다세대 전월세,,,연립,,어등산한양수자인테라스플러스
,,2025,25.09~27.09,신규,1,9,2025,"172,600",208.9682,1,188-4,0,,,,,,,,,,12330,수완동,,광산구,12330,연립다세대,전월세,202509,연립다세대 전월세,,,연립,,수완디-프리마
,,2025,25.09~27.09,신규,1,9,2025,"172,600",208.9682,1,188-4,0,,,,,,,,,,12330,수완동,,광산구,12330,연립다세대,전월세,202509,연립다세대 전월세,,,연립,,수완디-프리마
,,2025,25.09~27.09,신규,1,9,2025,"170,700",214.8638,3,188-4,0,,,,,,,,,,12330,수완동,,광산구,12330,연립다세대,전월세,202509,연립다세대 전월세,,,연립,,수완디-프리마
,,2025,25.09~27.09,신규,1,9,2025,"188,200",227.9776,1,188-4,0,,,,,,,,,,12330,수완동,,광산구,12330,연립다세대,전월세,202509,연립다세대 전월세,,,연립,,수완디-프리마
,,2025,25.09~27.09,신규,1,9,2025,"172,600",208.9682,1,188-4,0,,,,,,,,,,12330,수완동,,광산구,12330,연립다세대,전월세,202509,연립다세대 전월세,,,연립,,수완디-프리마
,,2025,25.09~27.09,신규,1,9,2025,"172,600",208.9682,1,188-4,0,,,,,,,,,,12330,수완동,,광산구,12330,연립다세대,전월세,202509,연립다세대 전월세,,,연립,,수완디-프리마
,,2025,25.09~27.09,신규,1,9,2025,"188,200",227.9776,1,188-4,0,,,,,,,,,,12330,수완동,,광산구,12330,연립다세대,전월세,202509,연립다세대 전월세,,,연립,,수완디-프리마
,,2025,25.09~27.09,신규,1,9,2025,"182,500",229.694,2,188-4,0,,,,,,,,,,12330,수완동,,광산구,12330,연립다세대,전월세,202509,연립다세대 전월세,,,연립,,수완디-프리마
,,2025,25.09~27.09,신규,1,9,2025,"182,500",229.694,2,188-4,0,,,,,,,,,,12330,수완동,,광산구,12330,연립다세대,전월세,202509,연립다세대 전월세,,,연립,,수완디-프리마
,,2025,25.09~27.09,신규,1,9,2025,"182,500",229.694,2,188-4,0,,,,,,,,,,12330,수완동,,광산구,12330,연립다세대,전월세,202509,연립다세대 전월세,,,연립,,수완디-프리마
,,2025,25.09~27.09,신규,1,9,2025,"182,500",229.694,2,188-4,0,,,,,,,,,,12330,수완동,,광산구,12330,연립다세대,전월세,202509,연립다세대 전월세,,,연립,,수완디-프리마
,,2025,25.09~27.09,신규,1,9,2025,"170,700",214.8638,3,188-4,0,,,,,,,,,,12330,수완동,,광산구,12330,연립다세대,전월세,202509,연립다세대 전월세,,,연립,,수완디-프리마
,,2025,25.09~27.09,신규,1,9,2025,"190,300",223.8769,4,188-4,0,,,,,,,,,,12330,수완동,,광산구,12330,연립다세대,전월세,202509,연립다세대 전월세,,,연립,,수완디-프리마
,,2025,25.09~27.09,신규,1,9,2025,"236,400",265.1156,1,188-4,0,,,,,,,,,,12330,수완동,,광산구,12330,연립다세대,전월세,202509,연립다세대 전월세,,,연립,,수완디-프리마
,,2025,25.09~27.09,신규,1,9,2025,"170,700",214.8638,3,188-4,0,,,,,,,,,,12330,수완동,,광산구,12330,연립다세대,전월세,202509,연립다세대 전월세,,,연립,,수완디-프리마
,,2025,25.09~27.09,신규,1,9,2025,"190,300",223.8769,4,188-4,0,,,,,,,,,,12330,수완동,,광산구,12330,연립다세대,전월세,202509,연립다세대 전월세,,,연립,,수완디-프리마
,,2002,25.11~26.11,신규,27,10,2025,400,52.63,3,480-2,40,,,,,,,,,,12210,산수동,,동구,12210,연립다세대,전월세,202510,연립다세대 전월세,,,다세대,,황금빌라
,,2002,25.11~26.11,신규,27,10,2025,400,52.63,3,480-2,40,,,,,,,,,,12210,산수동,,동구,12210,연립다세대,전월세,202510,연립다세대 전월세,,,다세대,,황금빌라
,,2025,25.10~27.10,신규,10,10,2025,"182,500",229.694,2,188-4,0,,,,,,,,,,12330,수완동,,광산구,12330,연립다세대,전월세,202510,연립다세대 전월세,,,연립,,수완디-프리마
,,2025,25.10~27.10,신규,10,10,2025,"182,500",229.694,2,188-4,0,,,,,,,,,,12330,수완동,,광산구,12330,연립다세대,전월세,202510,연립다세대 전월세,,,연립,,수완디-프리마
,,2013,25.11~26.01,신규,11,11,2025,0,17.0895,2,722-9,40,,,,,,,,,,12210,지산동,,동구,12210,연립다세대,전월세,202511,연립다세대 전월세,,,연립,,가을동화
,,2013,25.11~26.01,신규,11,11,2025,0,17.0895,2,722-9,40,,,,,,,,,,12210,지산동,,동구,12210,연립다세대,전월세,202511,연립다세대 전월세,,,연립,,가을동화
,,2012,25.12~26.11,신규,19,11,2025,200,16.0712,2,1004-10,35,,,,,,,,,,12240,쌍촌동,,서구,12240,연립다세대,전월세,202511,연립다세대 전월세,,,연립,,가도스타디움
,,2012,25.12~26.11,신규,19,11,2025,200,16.0712,2,1004-10,35,,,,,,,,,,12240,쌍촌동,,서구,12240,연립다세대,전월세,202511,연립다세대 전월세,,,연립,,가도스타디움
,,1992,26.01~28.01,신규,25,11,2025,"2,000",118.71,2,937,80,,,,,,,,,,12300,두암동,,북구,12300,연립다세대,전월세,202511,연립다세대 전월세,,,연립다세대,,대주빌라
,,1985,26.01~28.01,신규,25,11,2025,300,62.82,2,477-5,35,,,,,,,,,,12300,신안동,,북구,12300,연립다세대,전월세,202511,연립다세대 전월세,,,연립,,동진주택
,,1985,26.01~28.01,신규,25,11,2025,300,62.82,2,477-5,35,,,,,,,,,,12300,신안동,,북구,12300,연립다세대,전월세,202511,연립다세대 전월세,,,연립,,동진주택
,,1992,26.01~28.01,신규,25,11,2025,"2,000",118.71,2,937,80,,,,,,,,,,12300,두암동,,북구,12300,연립다세대,전월세,202511,연립다세대 전월세,,,연립다세대,,대주빌라
,,2021,26.02~28.02,신규,18,11,2025,"5,000",75.23,5,596-7,35,,,,,,,,,,12330,신가동,,광산구,12330,연립다세대,전월세,202511,연립다세대 전월세,,,연립,,스타파크
,,2021,26.02~28.02,신규,18,11,2025,"5,000",75.23,5,596-7,35,,,,,,,,,,12330,신가동,,광산구,12330,연립다세대,전월세,202511,연립다세대 전월세,,,연립,,스타파크
,,2022,25.11~27.11,신규,12,11,2025,"36,000",84.39,4,328,0,,,,,,,,,,12330,수완동,,광산구,12330,연립다세대,전월세,202511,연립다세대 전월세,,,연립,,수완한국아델리움57트리니티1단지
,,2022,25.11~27.11,신규,12,11,2025,"36,000",84.39,4,328,0,,,,,,,,,,12330,수완동,,광산구,12330,연립다세대,전월세,202511,연립다세대 전월세,,,연립,,수완한국아델리움57트리니티1단지
,,2023,25.12~28.03,신규,31,12,2025,"16,719",72.4809,2,729-1,0,,,,,,,,,,12210,소태동,,동구,12210,연립다세대,전월세,202512,연립다세대 전월세,,,연립,,(729-1)
,,2023,25.12~28.03,신규,31,12,2025,"16,719",72.4809,2,729-1,0,,,,,,,,,,12210,소태동,,동구,12210,연립다세대,전월세,202512,연립다세대 전월세,,,연립,,(729-1)
,,2005,26.01~27.01,신규,26,12,2025,500,53.06,3,535,56,,,,,,,,,,12240,쌍촌동,,서구,12240,연립다세대,전월세,202512,연립다세대 전월세,,,다세대,,메리어트빌
,,2012,26.01~27.01,신규,20,12,2025,300,16.0712,3,1004-10,35,,,,,,,,,,12240,쌍촌동,,서구,12240,연립다세대,전월세,202512,연립다세대 전월세,,,연립,,가도스타디움
,,2005,26.01~27.01,신규,26,12,2025,500,53.06,3,535,56,,,,,,,,,,12240,쌍촌동,,서구,12240,연립다세대,전월세,202512,연립다세대 전월세,,,다세대,,메리어트빌
,,2012,26.01~27.01,신규,20,12,2025,300,16.0712,3,1004-10,35,,,,,,,,,,12240,쌍촌동,,서구,12240,연립다세대,전월세,202512,연립다세대 전월세,,,연립,,가도스타디움
,,2017,26.01~28.01,신규,11,12,2025,"9,790",39.8,4,564-59,0,,,,,,,,,,12240,쌍촌동,,서구,12240,연립다세대,전월세,202512,연립다세대 전월세,,,연립,,휴먼파크빌
,,2017,26.01~28.01,신규,11,12,2025,"9,790",39.8,4,564-59,0,,,,,,,,,,12240,쌍촌동,,서구,12240,연립다세대,전월세,202512,연립다세대 전월세,,,연립,,휴먼파크빌
,,2020,26.01~27.01,신규,28,12,2025,300,23.92,5,1012-8,52,,,,,,,,,,12270,월산동,,남구,12270,연립다세대,전월세,202512,연립다세대 전월세,,,다세대,,골든캐슬
,,2020,26.01~27.01,신규,28,12,2025,300,23.92,5,1012-8,52,,,,,,,,,,12270,월산동,,남구,12270,연립다세대,전월세,202512,연립다세대 전월세,,,다세대,,골든캐슬
,,2014,25.12~27.12,신규,10,12,2025,"12,000",59.86,3,323-4,0,,,,,,,,,,12270,지석동,,남구,12270,연립다세대,전월세,202512,연립다세대 전월세,,,다세대,,(323-4)
,,2014,25.12~27.12,신규,10,12,2025,"12,000",59.86,3,323-4,0,,,,,,,,,,12270,지석동,,남구,12270,연립다세대,전월세,202512,연립다세대 전월세,,,다세대,,(323-4)
,,2014,25.12~26.12,신규,23,12,2025,"1,000",25.175,3,694-23,41,,,,,,,,,,12330,쌍암동,,광산구,12330,연립다세대,전월세,202512,연립다세대 전월세,,,연립,,샤넬타운
,,2014,25.12~26.12,신규,23,12,2025,"1,000",25.175,3,694-23,41,,,,,,,,,,12330,쌍암동,,광산구,12330,연립다세대,전월세,202512,연립다세대 전월세,,,연립,,샤넬타운
,,2021,26.01~28.01,신규,4,12,2025,"30,000",84.9317,1,1146,0,,,,,,,,,,12330,산정동,,광산구,12330,연립다세대,전월세,202512,연립다세대 전월세,,,연립,,어등산한양수자인테라스플러스
,,2015,26.02~28.02,신규,15,12,2025,"35,000",84.7694,2,937,0,,,,,,,,,,12330,수완동,,광산구,12330,연립다세대,전월세,202512,연립다세대 전월세,,,연립,,수완아뜨리움연립주택
,,2015,26.02~28.02,신규,15,12,2025,"35,000",84.7694,2,937,0,,,,,,,,,,12330,수완동,,광산구,12330,연립다세대,전월세,202512,연립다세대 전월세,,,연립,,수완아뜨리움연립주택
,,2019,26.02~30.02,신규,6,12,2025,"50,000",192.1656,1,389-1,0,,,,,,,,,,12330,수완동,,광산구,12330,연립다세대,전월세,202512,연립다세대 전월세,,,연립,,수완동라루체더테라스
,,2019,26.02~30.02,신규,6,12,2025,"50,000",192.1656,1,389-1,0,,,,,,,,,,12330,수완동,,광산구,12330,연립다세대,전월세,202512,연립다세대 전월세,,,연립,,수완동라루체더테라스
,,2021,26.01~28.01,신규,4,12,2025,"30,000",84.9317,1,1146,0,,,,,,,,,,12330,산정동,,광산구,12330,연립다세대,전월세,202512,연립다세대 전월세,,,연립,,어등산한양수자인테라스플러스
,,2001,26.01~27.01,신규,18,1,2026,"2,800",26.24,3,29-10,0,,,,,,,,,,12210,학동,,동구,12210,연립다세대,전월세,202601,연립다세대 전월세,,,다세대,,대성하이빌
,,2001,26.01~27.01,신규,18,1,2026,"2,800",26.24,3,29-10,0,,,,,,,,,,12210,학동,,동구,12210,연립다세대,전월세,202601,연립다세대 전월세,,,다세대,,대성하이빌
,,2005,26.01~27.01,신규,13,1,2026,300,47.39,4,540-1,67,,,,,,,,,,12240,쌍촌동,,서구,12240,연립다세대,전월세,202601,연립다세대 전월세,,,다세대,,들꽃마을
,,2005,26.01~27.01,신규,13,1,2026,300,47.39,4,540-1,67,,,,,,,,,,12240,쌍촌동,,서구,12240,연립다세대,전월세,202601,연립다세대 전월세,,,다세대,,들꽃마을
,,2012,26.02~27.02,신규,29,1,2026,200,17.57,2,565-8,37,,,,,,,,,,12270,진월동,,남구,12270,연립다세대,전월세,202601,연립다세대 전월세,,,다세대,,해든하우스
,,2012,26.02~27.02,신규,29,1,2026,200,17.57,2,565-8,37,,,,,,,,,,12270,진월동,,남구,12270,연립다세대,전월세,202601,연립다세대 전월세,,,다세대,,해든하우스
,,2020,26.02~28.02,신규,19,1,2026,"2,000",72.5698,3,753-2,50,,,,,,,,,,12300,삼각동,,북구,12300,연립다세대,전월세,202601,연립다세대 전월세,,,연립,,아이엔유주택
,,2020,26.02~28.02,신규,19,1,2026,"2,000",72.5698,3,753-2,50,,,,,,,,,,12300,삼각동,,북구,12300,연립다세대,전월세,202601,연립다세대 전월세,,,연립,,아이엔유주택
,,2013,26.01~28.01,신규,10,1,2026,"5,000",27.5563,3,710-25,0,,,,,,,,,,12300,중흥동,,북구,12300,연립다세대,전월세,202601,연립다세대 전월세,,,연립,,(710-25)
,,2013,26.01~28.01,신규,10,1,2026,"5,000",27.5563,3,710-25,0,,,,,,,,,,12300,중흥동,,북구,12300,연립다세대,전월세,202601,연립다세대 전월세,,,연립,,(710-25)
,,2007,26.02~27.02,신규,27,2,2026,300,19.82,3,119,36,,,,,,,,,,12210,서석동,,동구,12210,연립다세대,전월세,202602,연립다세대 전월세,,,다세대,,(119-0)
,,2007,26.02~27.02,신규,27,2,2026,300,19.82,3,119,36,,,,,,,,,,12210,서석동,,동구,12210,연립다세대,전월세,202602,연립다세대 전월세,,,다세대,,(119-0)
,,2012,26.02~27.02,신규,12,2,2026,200,16.0712,2,1004-10,35,,,,,,,,,,12240,쌍촌동,,서구,12240,연립다세대,전월세,202602,연립다세대 전월세,,,연립,,가도스타디움
,,2012,26.02~27.02,신규,12,2,2026,200,16.0712,2,1004-10,35,,,,,,,,,,12240,쌍촌동,,서구,12240,연립다세대,전월세,202602,연립다세대 전월세,,,연립,,가도스타디움
,,2021,26.02~28.02,신규,1,2,2026,"8,000",84.9317,1,1146,90,,,,,,,,,,12330,산정동,,광산구,12330,연립다세대,전월세,202602,연립다세대 전월세,,,연립,,어등산한양수자인테라스플러스
,,2021,26.02~28.02,신규,1,2,2026,"8,000",84.9317,1,1146,90,,,,,,,,,,12330,산정동,,광산구,12330,연립다세대,전월세,202602,연립다세대 전월세,,,연립,,어등산한양수자인테라스플러스
,,2016,26.04~28.04,신규,18,3,2026,"26,000",84.3857,2,1140,0,,,,,,,,,,12330,산정동,,광산구,12330,연립다세대,전월세,202603,연립다세대 전월세,,,연립,,어등산한국아델리움1단지
,,2016,26.04~28.04,신규,18,3,2026,"26,000",84.3857,2,1140,0,,,,,,,,,,12330,산정동,,광산구,12330,연립다세대,전월세,202603,연립다세대 전월세,,,연립,,어등산한국아델리움1단지
,,2014,26.05~28.05,신규,1,4,2026,"9,000",59.955,4,325-18,20,,,,,,,,,,12270,지석동,,남구,12270,연립다세대,전월세,202604,연립다세대 전월세,,,연립,,중우하나린1차
,,2014,26.05~28.05,신규,1,4,2026,"9,000",59.955,4,325-18,20,,,,,,,,,,12270,지석동,,남구,12270,연립다세대,전월세,202604,연립다세대 전월세,,,연립,,중우하나린1차
,,2013,26.04~27.04,신규,8,4,2026,300,31.36,4,867-17,38,,,,,,,,,,12330,송정동,,광산구,12330,연립다세대,전월세,202604,연립다세대 전월세,,,다세대,,스칸디나(Scandyna)
,,2013,26.04~27.04,신규,8,4,2026,300,31.36,4,867-17,38,,,,,,,,,,12330,송정동,,광산구,12330,연립다세대,전월세,202604,연립다세대 전월세,,,다세대,,스칸디나(Scandyna)
,,2016,26.04~28.04,신규,2,4,2026,"25,000",84.3857,2,1141,0,,,,,,,,,,12330,산정동,,광산구,12330,연립다세대,전월세,202604,연립다세대 전월세,,,연립,,어등산한국아델리움2단지
,,2016,26.04~28.04,신규,2,4,2026,"25,000",84.3857,2,1141,0,,,,,,,,,,12330,산정동,,광산구,12330,연립다세대,전월세,202604,연립다세대 전월세,,,연립,,어등산한국아델리움2단지
,,2016,26.07~28.07,신규,30,5,2026,"30,000",129.17,1,163-1,0,,,,,,,,,,12330,도천동,,광산구,12330,연립다세대,전월세,202605,연립다세대 전월세,,,다세대,,"윤슬의아침(제3동,제4동,제6동)"
,,2016,26.07~28.07,신규,30,5,2026,"30,000",129.17,1,163-1,0,,,,,,,,,,12330,도천동,,광산구,12330,연립다세대,전월세,202605,연립다세대 전월세,,,다세대,,"윤슬의아침(제3동,제4동,제6동)"
,,2016,26.07~28.07,신규,30,5,2026,"30,000",129.17,1,163-1,0,,,,,,,,,,12330,도천동,,광산구,12330,연립다세대,전월세,202605,연립다세대 전월세,,,다세대,,"윤슬의아침(제3동,제4동,제6동)"
,,2018,26.08~26.09,신규,30,6,2026,"18,695",59.9337,4,765-1,0,,,,,,,,,,12240,화정동,,서구,12240,연립다세대,전월세,202606,연립다세대 전월세,,,연립,,더브이테라스
,,2018,26.08~26.09,신규,30,6,2026,"18,695",59.9337,4,765-1,0,,,,,,,,,,12240,화정동,,서구,12240,연립다세대,전월세,202606,연립다세대 전월세,,,연립,,더브이테라스
,,1998,26.07~28.07,신규,12,6,2026,"4,000",49.19,2,990-10,0,,,,,,,,,,12240,쌍촌동,,서구,12240,연립다세대,전월세,202606,연립다세대 전월세,,,다세대,,거평하이빌
,,1998,26.07~28.07,신규,12,6,2026,"4,000",49.19,2,990-10,0,,,,,,,,,,12240,쌍촌동,,서구,12240,연립다세대,전월세,202606,연립다세대 전월세,,,다세대,,거평하이빌
,,1984,26.07~28.07,신규,14,6,2026,"1,000",82.28,1,1114-3,50,,,,,,,,,,12270,봉선동,,남구,12270,연립다세대,전월세,202606,연립다세대 전월세,,,연립,,삼진맨션
,,1984,26.07~28.07,신규,14,6,2026,"1,000",82.28,1,1114-3,50,,,,,,,,,,12270,봉선동,,남구,12270,연립다세대,전월세,202606,연립다세대 전월세,,,연립,,삼진맨션
,,2000,26.07~28.07,신규,19,6,2026,"11,000",103.32,3,274-3,0,,,,,,,,,,12270,양림동,,남구,12270,연립다세대,전월세,202606,연립다세대 전월세,,,연립,,양림하이빌
,,2000,26.07~28.07,신규,19,6,2026,"11,000",103.32,3,274-3,0,,,,,,,,,,12270,양림동,,남구,12270,연립다세대,전월세,202606,연립다세대 전월세,,,연립,,양림하이빌
,,1985,26.07~28.07,신규,23,6,2026,"1,500",64.62,1,753-39,45,,,,,,,,,,12300,일곡동,,북구,12300,연립다세대,전월세,202606,연립다세대 전월세,,,연립,,(753-39)
,,1985,26.07~28.07,신규,23,6,2026,"1,500",64.62,1,753-39,45,,,,,,,,,,12300,일곡동,,북구,12300,연립다세대,전월세,202606,연립다세대 전월세,,,연립,,(753-39)
